Activo,SMA,Banda,Semanas,X,Y,Logica,Sharpe_completo,CAGR_completo,MaxDD_completo,Rotacion,PeorAnio,Sharpe_2000-2009,CAGR_2000-2009,MaxDD_2000-2009,Sharpe_2010-2019,CAGR_2010-2019,MaxDD_2010-2019,Sharpe_ultimos10,CAGR_ultimos10,MaxDD_ultimos10
QQQ,100,0.01,26,8,2,AND,0.5386795047593268,0.0790513483992514,-0.2481745098334365,3.522091974752029,-0.1191628280523753,0.4943590150564229,0.0752804362437302,-0.1164993636994616,0.3316311512691853,0.0383500949014641,-0.2481745098334379,0.7245974534489414,0.1184798008625955,-0.2481745098334368
QQQ,100,0.01,26,8,4,AND,0.4824456833501436,0.0742297779162219,-0.2461859621457242,4.355275022542831,-0.1163937658029327,0.2537428485371393,0.0499181274822697,-0.2191665160126312,0.3900533471359838,0.0470039681116101,-0.2461859621457233,0.7730589322905848,0.1290091291053057,-0.2047389128968335
QQQ,100,0.01,26,8,6,AND,0.4571191184675521,0.07226895154544,-0.3149124780770622,5.3399458972046885,-0.117446811368655,0.1161202632837777,0.0340453197328733,-0.3149124780770622,0.4286430877222906,0.0527591340991979,-0.2425690958438351,0.7819833631344181,0.1327095369753967,-0.209718134713963
QQQ,100,0.01,26,8,8,AND,0.5007271520196702,0.0791598551840699,-0.2529223909026558,7.119927862939585,-0.0988822356688331,0.179704419266346,0.0419027482285876,-0.2529223909026558,0.4731685516746449,0.0589029359409694,-0.2326727550511084,0.8162863192492326,0.1405339744113038,-0.1846289185646431
QQQ,100,0.01,26,10,2,AND,0.5293112839407518,0.0789956769862383,-0.2576065068966995,3.787195671776375,-0.0930218205174693,0.5424067711808862,0.0815452726184544,-0.1144826014256545,0.3798286833902682,0.044438474057888,-0.2576065068967011,0.6129522053581501,0.1041254796056878,-0.2576065068966991
QQQ,100,0.01,26,10,4,AND,0.4604485300930459,0.072393584337798,-0.2325534274122845,4.54463480613165,-0.100413972281625,0.310941038125453,0.0573321225564082,-0.2191665160126303,0.3659521727305584,0.0442053713555898,-0.2325534274122845,0.6859594359878992,0.1178030045292846,-0.2097783695499993
QQQ,100,0.01,26,10,6,AND,0.4342092329222459,0.0701368228948911,-0.2887421742771795,5.074842200180343,-0.1373353978869831,0.1631981501148767,0.0399052567240851,-0.2887421742771795,0.4209545364986025,0.0520742743259445,-0.234556809621536,0.6949436760934454,0.1212972711617292,-0.209718134713963
QQQ,100,0.01,26,10,8,AND,0.4601318297816134,0.0744786935781156,-0.2569928550516571,5.605049594229035,-0.1358241379439259,0.207834154128002,0.0456404039038038,-0.2569928550516571,0.4509819968521188,0.0563194350024094,-0.2345568096215355,0.734051346009979,0.1298378616949103,-0.1809856005635733
QQQ,100,0.01,26,12,2,AND,0.4875497374167715,0.0753875626952451,-0.2395812433031191,4.468890892696122,-0.1105082903699372,0.2642924646603176,0.0510961756606549,-0.2395812433031191,0.4537486622010306,0.0551630979098061,-0.191659741346526,0.723755152780929,0.1238625950690615,-0.1881422101473679
QQQ,100,0.01,26,12,4,AND,0.4597095951347165,0.0735931553834288,-0.2516992254748741,4.84761045987376,-0.1142708803190794,0.1655641684894453,0.0400978908150164,-0.2516992254748741,0.4142611293586479,0.0510502945150963,-0.2325534274122844,0.7677349008596495,0.1340904544356478,-0.1990178876437647
QQQ,100,0.01,26,12,6,AND,0.4547759852708811,0.0737189286681734,-0.3032612008314429,5.074842200180343,-0.1588370155250231,0.1399442478829448,0.0370383468196979,-0.3032612008314429,0.4496454233723246,0.0559665204054642,-0.234556809621536,0.7614116684744053,0.1343078817436394,-0.1990440614193463
QQQ,100,0.01,26,12,8,AND,0.4622855357801894,0.0755781636357213,-0.2755120518448015,5.2263300270513975,-0.157363423214748,0.1805973556556087,0.0422628981680732,-0.2755120518448015,0.4509819968521188,0.0563194350024094,-0.2345568096215355,0.7565199846368512,0.1364795015476489,-0.2291861489826616
QQQ,100,0.01,26,15,2,AND,0.4548626307763732,0.0730755748017515,-0.2359596162426585,4.696122633002705,-0.1105082903699354,0.1751492693968241,0.0412189065279859,-0.2359596162426585,0.4237020287031829,0.0513502711074571,-0.1916597413465272,0.7378483831031333,0.1319059525837218,-0.1988887595260821
QQQ,100,0.01,26,15,4,AND,0.3933286097925476,0.0655954550510218,-0.2753495791766881,5.2263300270513975,-0.1373984773088687,0.0141615999692182,0.0208912689867939,-0.2753495791766881,0.384546971568499,0.047187437155173,-0.2325534274122844,0.7590846054627586,0.136435619171565,-0.1986014200821962
QQQ,100,0.01,26,15,6,AND,0.4147077149138227,0.0690950744751643,-0.2915404625961645,5.2263300270513975,-0.1552065715857351,0.0361066144485911,0.023457718763493,-0.2915404625961645,0.4200559855328534,0.0520855947575984,-0.2345568096215363,0.778064466188967,0.140123604906887,-0.2254152425918435
QQQ,100,0.01,26,15,8,AND,0.4396669550398179,0.0731183243493132,-0.2731098752497464,5.2263300270513975,-0.1545695025318085,0.0639045112500979,0.0270350021412701,-0.2731098752497464,0.4617534505843855,0.0577852624276744,-0.2345568096215369,0.7947040836624075,0.1443499945378277,-0.2214355807317148
QQQ,100,0.01,26,18,2,AND,0.4699574660844778,0.0758899071034977,-0.2359596162426571,4.84761045987376,-0.1079179789245259,0.2121223353955416,0.0459165134786117,-0.2359596162426571,0.4352357779225424,0.0540260448564484,-0.2345568096215369,0.7378483831031333,0.1319059525837218,-0.1988887595260821
QQQ,100,0.01,26,18,4,AND,0.4242042645032583,0.0703731816638757,-0.2541131834041947,5.2263300270513975,-0.1373984773088691,0.0645218467283409,0.0272042781157866,-0.2541131834041947,0.4291296488953335,0.0533058405579682,-0.2345568096215369,0.7590846054627586,0.136435619171565,-0.1986014200821962
QQQ,100,0.01,26,18,6,AND,0.4318425722938078,0.0717890304583737,-0.291540462596163,5.2263300270513975,-0.155206571585734,0.0675793679619444,0.0274769625702993,-0.291540462596163,0.4422985650335405,0.0550752509178458,-0.2345568096215369,0.778064466188967,0.140123604906887,-0.2254152425918435
QQQ,100,0.01,26,18,8,AND,0.4390685305096394,0.0731694624511305,-0.2731098752497463,5.2263300270513975,-0.1545695025318083,0.0655462392623104,0.0271678759755331,-0.2731098752497463,0.4617534505843855,0.0577852624276744,-0.2345568096215369,0.7947040836624075,0.1443499945378277,-0.2214355807317148
QQQ,100,0.01,39,8,2,AND,0.4627530608267989,0.0684361213029074,-0.2686163834603665,3.522091974752029,-0.1214302733285627,0.3592126130099417,0.0586988527955731,-0.1467805309340849,0.2912237903086085,0.0334155365971469,-0.268616383460366,0.6632452539263655,0.1084463202634975,-0.2686163834603661
QQQ,100,0.01,39,8,4,AND,0.4766758285576765,0.0721199056881072,-0.2483085610761264,4.1280432822362485,-0.1258012638361204,0.3049005872440153,0.0539293915363559,-0.2376708129311981,0.3688126464338766,0.0442635619959181,-0.2483085610761249,0.7212947562194918,0.1201829287802751,-0.2169412225574182
QQQ,100,0.01,39,8,6,AND,0.4784780890681503,0.073694111652252,-0.2437284849364857,4.961226330027051,-0.1218591068652945,0.2250284774268694,0.0460022676580285,-0.2437284849364857,0.4198114871458257,0.0515903642073007,-0.2425690958438351,0.7401138742047001,0.1252789672254706,-0.209718134713963
QQQ,100,0.01,39,8,8,AND,0.5268813037657653,0.0812412511431746,-0.2366822609737525,6.741208295761948,-0.1054006475062653,0.2547487533219945,0.0497329285086791,-0.2366822609737525,0.4731685516746449,0.0589029359409694,-0.2326727550511084,0.8048197570621963,0.1380280461917993,-0.1846289185646431
QQQ,100,0.01,39,10,2,AND,0.4546098186716288,0.0683809975604872,-0.2777919278034984,3.787195671776375,-0.1214302733285619,0.4122322687329063,0.0648670809705809,-0.1467805309340838,0.3398089289785062,0.0394749819073911,-0.2777919278034982,0.5518578943561514,0.0942207664673286,-0.2777919278034984
QQQ,100,0.01,39,10,4,AND,0.4501407275599248,0.069569640655096,-0.2376708129311994,4.317403065825068,-0.1099916025188467,0.3519366523814693,0.0594406935476357,-0.2376708129311994,0.3448817415192423,0.0414722902280539,-0.2347144130033092,0.6346050114800847,0.109064409784958,-0.2219033549058998
QQQ,100,0.01,39,10,6,AND,0.4537698385241434,0.0714758396653874,-0.2345568096215368,4.771866546438233,-0.0988822356688337,0.27125582559662,0.0517079530356294,-0.2191665160126304,0.4121937665836365,0.0509062647632216,-0.234556809621536,0.6533412795803382,0.1139415658270532,-0.209718134713963
QQQ,100,0.01,39,10,8,AND,0.4815964243001907,0.0761782995478659,-0.2359596162426575,5.45356176735798,-0.0988822356688332,0.2696751305337139,0.0518839143771647,-0.2359596162426575,0.4509819968521188,0.0563194350024094,-0.2345568096215355,0.7257280849423642,0.1280082218484926,-0.1809856005635735
QQQ,100,0.01,39,12,2,AND,0.4144764297023348,0.0648083782926411,-0.2695788131094833,4.468890892696122,-0.1214302733285627,0.1244458614917374,0.0348875305841762,-0.2695788131094833,0.4153499401042613,0.0501486390555461,-0.2102163411262592,0.6656006747266132,0.1137808273563312,-0.2102163411262592
QQQ,100,0.01,39,12,4,AND,0.4631667976298128,0.0724775396655943,-0.2376708129311994,4.620378719567178,-0.1095760356476008,0.2211960470029594,0.0455493041370602,-0.2376708129311994,0.4020779339211418,0.0494237617677197,-0.2325534274122844,0.7185419035148439,0.1252245300781653,-0.2060360142679933
QQQ,100,0.01,39,12,6,AND,0.4882774150208658,0.0767965518251514,-0.2345568096215362,4.771866546438233,-0.0988822356688331,0.2747345998047577,0.0522072214375637,-0.2191665160126304,0.4496454233723246,0.0559665204054642,-0.234556809621536,0.7210944188986742,0.1268668268588251,-0.1990440614193463
QQQ,100,0.01,39,12,8,AND,0.4844472928495429,0.0772493242627663,-0.2359596162426573,5.074842200180343,-0.0988822356688339,0.2588161970705445,0.0506243458755721,-0.2359596162426573,0.4509819968521188,0.0563194350024094,-0.2345568096215355,0.7354736237844299,0.1323038561273601,-0.2291861489826616
QQQ,100,0.01,39,15,2,AND,0.3969964080382311,0.0641739897703039,-0.2297365377614892,4.620378719567178,-0.1105082903699384,0.0765795887720692,0.0295030304756929,-0.2297365377614892,0.3852947048910087,0.0463539319762587,-0.2102163411262601,0.6828272532317801,0.121752030799445,-0.2102163411262592
QQQ,100,0.01,39,15,4,AND,0.4245254628305024,0.068585615722176,-0.2325534274122855,4.771866546438233,-0.1095760356475995,0.1418422960779042,0.0370016134985662,-0.2221842251561736,0.3723608958217961,0.0455668822986998,-0.2325534274122844,0.7114047345340656,0.1275513611326098,-0.2060360142679933
QQQ,100,0.01,39,15,6,AND,0.4574057140354877,0.073716018678108,-0.2345568096215359,4.84761045987376,-0.0988822356688335,0.187407438316885,0.0425258998249686,-0.2191665160126304,0.4200559855328534,0.0520855947575984,-0.2345568096215363,0.7388485156940082,0.1326443989028314,-0.2254152425918435
QQQ,100,0.01,39,15,8,AND,0.4820009296511909,0.0778846785083089,-0.2359596162426561,4.923354373309287,-0.0988822356688329,0.1611845519630097,0.0394662844631554,-0.2359596162426561,0.4617534505843855,0.0577852624276744,-0.2345568096215369,0.7947040836624075,0.1443499945378277,-0.2214355807317148
QQQ,100,0.01,39,18,2,AND,0.4196195017629722,0.0680089271582966,-0.2359596162426571,4.84761045987376,-0.1079179789245259,0.1223355344500044,0.0347676324238894,-0.2359596162426571,0.4136234889181904,0.0511198973532565,-0.2345568096215369,0.6828272532317801,0.121752030799445,-0.2102163411262592
QQQ,100,0.01,39,18,4,AND,0.4458355030179529,0.0719845273371109,-0.2359596162426578,4.84761045987376,-0.1079179789245259,0.1641409227076837,0.0397442180960609,-0.2359596162426578,0.4170427089255721,0.0516758172835245,-0.2345568096215369,0.7114047345340656,0.1275513611326098,-0.2060360142679933
QQQ,100,0.01,39,18,6,AND,0.4593496722887237,0.0741790933864978,-0.2359596162426562,4.923354373309287,-0.1079179789245259,0.1714753348496358,0.0407111162313857,-0.2359596162426562,0.4422985650335405,0.0550752509178458,-0.2345568096215369,0.7388485156940082,0.1326443989028314,-0.2254152425918435
QQQ,100,0.01,39,18,8,AND,0.4777173498891576,0.0773898582809948,-0.2359596162426566,4.923354373309287,-0.1079179789245259,0.1501749815650202,0.0381713312347151,-0.2359596162426566,0.4617534505843855,0.0577852624276744,-0.2345568096215369,0.7947040836624075,0.1443499945378277,-0.2214355807317148
QQQ,100,0.01,52,8,2,AND,0.3966040568711678,0.0597034716436959,-0.2686163834603666,3.522091974752029,-0.1214302733285618,0.1336166100919421,0.0353717287277444,-0.1533605272458039,0.2912237903086085,0.0334155365971469,-0.268616383460366,0.6632452539263655,0.1084463202634975,-0.2686163834603661
QQQ,100,0.01,52,8,4,AND,0.3975936500774013,0.0612096620423892,-0.2483085610761259,4.1280432822362485,-0.1258012638361201,0.0330165765640467,0.0257143796377232,-0.2376708129311977,0.3688126464338766,0.0442635619959181,-0.2483085610761249,0.7207217864097001,0.1194927099415337,-0.2169412225574182
QQQ,100,0.01,52,8,6,AND,0.4105798642440113,0.0638778714234051,-0.2437284849364863,4.809738503155996,-0.1218591068652955,-0.0392967764998321,0.0181868236051998,-0.2437284849364863,0.4198114871458257,0.0515903642073007,-0.2425690958438351,0.7575984566708971,0.1274948607332338,-0.209718134713963
QQQ,100,0.01,52,8,8,AND,0.4683076260772452,0.0720785125471112,-0.2366822609737519,6.0595130748422,-0.1054006475062636,0.034673386554372,0.0255222001411947,-0.2366822609737519,0.4731685516746449,0.0589029359409694,-0.2326727550511084,0.8120747152167653,0.1382829749393237,-0.1846289185646431
QQQ,100,0.01,52,10,2,AND,0.389668294086617,0.0596487984441966,-0.2777919278034961,3.787195671776375,-0.1214302733285622,0.1949759007095588,0.0414040475990467,-0.1533605272458037,0.3398089289785062,0.0394749819073911,-0.2777919278034982,0.5518578943561514,0.0942207664673286,-0.2777919278034984
QQQ,100,0.01,52,10,4,AND,0.3720027548345195,0.0586853493424368,-0.2376708129311993,4.317403065825068,-0.1099916025188465,0.0882824290294061,0.0310781371805839,-0.2376708129311993,0.3448817415192423,0.0414722902280539,-0.2347144130033092,0.6333634897779399,0.1083810418016189,-0.2219033549058998
QQQ,100,0.01,52,10,6,AND,0.3787983491728742,0.0605592726272872,-0.2345568096215355,4.696122633002705,-0.0988822356688323,-0.010001093509266,0.020809914604978,-0.219166516012632,0.4121937665836365,0.0509062647632216,-0.234556809621536,0.6697979942258052,0.1161351337827663,-0.209718134713963
QQQ,100,0.01,52,10,8,AND,0.4251902460937565,0.0672464302914659,-0.2359596162426578,5.15058611361587,-0.0988822356688349,0.0550403644189549,0.0274814167362751,-0.2359596162426578,0.4509819968521188,0.0563194350024094,-0.2345568096215355,0.7389060742607901,0.1289392793263162,-0.1809856005635736
QQQ,100,0.01,52,12,2,AND,0.3512193286228157,0.0561053792677825,-0.2848369885918379,4.468890892696122,-0.1214302733285612,-0.0998074212837908,0.0120850596469124,-0.2848369885918379,0.4153499401042613,0.0501486390555461,-0.2102163411262592,0.6656006747266132,0.1137808273563312,-0.2102163411262592
QQQ,100,0.01,52,12,4,AND,0.3871462120552868,0.0615636566192738,-0.2463182870614795,4.620378719567178,-0.1095760356476008,-0.0445169144705592,0.0175586376903917,-0.2463182870614795,0.4020779339211418,0.0494237617677197,-0.2325534274122844,0.7177149811752781,0.1245312047751994,-0.2060360142679933
QQQ,100,0.01,52,12,6,AND,0.4148717093770482,0.0658257755283522,-0.2345568096215361,4.696122633002705,-0.0988822356688329,-0.004676187963164,0.0212945150430297,-0.219166516012632,0.4496454233723246,0.0559665204054642,-0.234556809621536,0.7374536585840633,0.129085847171545,-0.1990440614193463
QQQ,100,0.01,52,12,8,AND,0.4282671513442871,0.0682124545595015,-0.2359596162426578,4.923354373309287,-0.0988822356688349,0.0550403644189549,0.0274814167362751,-0.2359596162426578,0.4509819968521188,0.0563194350024094,-0.2345568096215355,0.7393665931106499,0.1316459477285489,-0.2291861489826616
QQQ,100,0.01,52,15,2,AND,0.3361259371223182,0.055476175793576,-0.2598612891319924,4.620378719567178,-0.1105082903699373,-0.1372043657600674,0.0068192003603599,-0.2458270007510948,0.3852947048910087,0.0463539319762587,-0.2102163411262601,0.6828272532317801,0.121752030799445,-0.2102163411262592
QQQ,100,0.01,52,15,4,AND,0.3501096225476549,0.0577113381698382,-0.2327433828990722,4.771866546438233,-0.1095760356475991,-0.1137393583606025,0.0092397794528229,-0.2280056158301778,0.3723608958217961,0.0455668822986998,-0.2325534274122844,0.7104144746550641,0.1268566021150357,-0.2060360142679933
QQQ,100,0.01,52,15,6,AND,0.3850769426918658,0.0627766279201771,-0.2345568096215358,4.771866546438233,-0.0988822356688325,-0.0856860258642876,0.0118976201540148,-0.2191665160126317,0.4200559855328534,0.0520855947575984,-0.2345568096215363,0.7547238891927047,0.1348747963804641,-0.2254152425918435
QQQ,100,0.01,52,15,8,AND,0.4168112761321058,0.0673570383041632,-0.2359596162426581,4.84761045987376,-0.0988822356688322,-0.0414730682513857,0.0165691427221921,-0.2359596162426581,0.4617534505843855,0.0577852624276744,-0.2345568096215369,0.7782893923077827,0.1394829667745003,-0.2214355807317148
QQQ,100,0.01,52,18,2,AND,0.3645617542345888,0.059896912840337,-0.2359596162426572,4.84761045987376,-0.1079179789245259,-0.0678855146102929,0.013569199372496,-0.2359596162426572,0.4136234889181904,0.0511198973532565,-0.2345568096215369,0.6828272532317801,0.121752030799445,-0.2102163411262592
QQQ,100,0.01,52,18,4,AND,0.372439629320992,0.0610756613458751,-0.2359596162426572,4.84761045987376,-0.1079179789245259,-0.0828204720641271,0.0119089610848206,-0.2359596162426572,0.4170427089255721,0.0516758172835245,-0.2345568096215369,0.7104144746550641,0.1268566021150357,-0.2060360142679933
QQQ,100,0.01,52,18,6,AND,0.3873256137408609,0.063234984663018,-0.2359596162426581,4.84761045987376,-0.1079179789245259,-0.0987120106763837,0.0101361529331531,-0.2359596162426581,0.4422985650335405,0.0550752509178458,-0.2345568096215369,0.7547238891927047,0.1348747963804641,-0.2254152425918435
QQQ,100,0.01,52,18,8,AND,0.4125412776573259,0.0668670509587177,-0.235959616242657,4.84761045987376,-0.1079179789245259,-0.0513276110267516,0.0153027144474349,-0.235959616242657,0.4617534505843855,0.0577852624276744,-0.2345568096215369,0.7782893923077827,0.1394829667745003,-0.2214355807317148
QQQ,100,0.02,26,8,2,AND,0.5427879882912413,0.0800769940139591,-0.2649606333548743,2.6131650135256987,-0.1616332445082597,0.4790181577790968,0.0735270493695905,-0.1164993636994625,0.3177379683574661,0.0370475153316174,-0.2649606333548772,0.8362275919349839,0.1354383614265535,-0.2201368587942165
QQQ,100,0.02,26,8,4,AND,0.4819922602693458,0.0744863948309306,-0.2647772801440704,3.2948602344454465,-0.1386548177101109,0.2524363358557848,0.0498097214422597,-0.2250680630262829,0.3456746054310657,0.0416603330166271,-0.2647772801440704,0.8872092938960505,0.1466911845845855,-0.1750814283649756
QQQ,100,0.02,26,8,6,AND,0.4548067956144753,0.0721801538452158,-0.3002119460654456,4.203787195671777,-0.1463717607864321,0.134806213640327,0.0363049609901608,-0.3002119460654456,0.3606808106939723,0.0441674635218676,-0.2651275377760753,0.8796513427953246,0.1481484257164038,-0.1964578884019564
QQQ,100,0.02,26,8,8,AND,0.4959301563935526,0.0788457911103692,-0.2665540547263875,5.908025247971145,-0.1242441001489302,0.1769676531234583,0.0415797434907823,-0.2665540547263875,0.4341180642691186,0.0543560769962359,-0.2555259380981992,0.8989235209852771,0.1537520711772306,-0.1709476969012736
QQQ,100,0.02,26,10,2,AND,0.5544037988934389,0.0829966040186764,-0.2191673893822131,2.575293056807935,-0.1029306324642193,0.5316007004837617,0.0802278677647854,-0.1181693803189922,0.3946107021296443,0.0472400019808965,-0.2191673893822142,0.7507496465475467,0.1257321337783794,-0.2191673893822139
QQQ,100,0.02,26,10,4,AND,0.4914006020814879,0.0772296713215945,-0.2411963750953949,3.105500450856628,-0.1019904357821184,0.3489349731667066,0.0620862849066676,-0.2250680630262823,0.3733877353318848,0.0459612923541927,-0.2411963750953953,0.8033100499058152,0.1368887628434802,-0.1729621053801334
QQQ,100,0.02,26,10,6,AND,0.4611317747063872,0.0745383633320531,-0.2663759798624037,3.408476104598737,-0.161989645534718,0.2350774296983558,0.0490641427288618,-0.2663759798624037,0.3862865537299871,0.0483606935737694,-0.2471499839869747,0.7961175374520041,0.1381615865072278,-0.1852374110516387
QQQ,100,0.02,26,10,8,AND,0.4811925779645347,0.0780302982675849,-0.2471499839869735,3.787195671776375,-0.1613576916797954,0.2506984864217031,0.0512028354873403,-0.2386358991057886,0.4413581396633916,0.056027320992082,-0.2471499839869739,0.8202025510832786,0.1445218081120776,-0.1819161824663744
QQQ,100,0.02,26,12,2,AND,0.5287753579903682,0.0816554748139957,-0.2135670950836603,2.802524797114517,-0.1125085143525018,0.3170550633120176,0.0573189668617122,-0.2135670950836603,0.461846952636294,0.057462731181586,-0.2077295553879439,0.8549063541420867,0.1452870242736268,-0.1585494112444421
QQQ,100,0.02,26,12,4,AND,0.5017520022796281,0.0801669401136475,-0.2411963750953949,3.0297565374211,-0.1142708803190818,0.2500857559405458,0.0506342987199985,-0.2250680630262823,0.408713721431247,0.0513298311184013,-0.2411963750953937,0.885570982984037,0.1541115994240769,-0.199017887643765
QQQ,100,0.02,26,12,6,AND,0.489259150010821,0.0792846041118766,-0.276436162668907,3.181244364292155,-0.1828767645544334,0.2167699177883322,0.0469054396917787,-0.276436162668907,0.4323017614943715,0.0547246878913276,-0.2471499839869747,0.874928017937116,0.1538309266634121,-0.1990440614193462
QQQ,100,0.02,26,12,8,AND,0.4940297191077425,0.0807811144130994,-0.257612636693791,3.2569882777276824,-0.1822605619313578,0.2231224986592584,0.0478073626335557,-0.257612636693791,0.4592314129416344,0.0585217558579178,-0.2471499839869739,0.8661520312021385,0.1559081905193609,-0.2291861489826615
QQQ,100,0.02,26,15,2,AND,0.5152802360928811,0.0825560539078702,-0.2240399921767232,2.802524797114517,-0.1125085143525024,0.2386804869566984,0.0490194330243189,-0.2240399921767232,0.461846952636294,0.057462731181586,-0.2077295553879439,0.8705780441130936,0.1566653223783261,-0.1831800586255271
QQQ,100,0.02,26,15,4,AND,0.4487214668394194,0.0744001971297101,-0.2630878197859245,3.105500450856628,-0.1845314231273603,0.076898568397743,0.0289079428348966,-0.2630878197859245,0.408713721431247,0.0513298311184013,-0.2411963750953937,0.8904549819320665,0.1612940711291699,-0.183180058625527
QQQ,100,0.02,26,15,6,AND,0.4654349268072603,0.0773408989954125,-0.2928088286157863,3.105500450856628,-0.2013664749036008,0.0974998537884484,0.0314945459731057,-0.2928088286157863,0.4323017614943715,0.0547246878913276,-0.2471499839869747,0.9086945906591606,0.165062728056661,-0.1831800586255273
QQQ,100,0.02,26,15,8,AND,0.4764601435022982,0.0793622948601249,-0.274411237833715,3.105500450856628,-0.2007642155971796,0.099521191758791,0.0317402364289403,-0.274411237833715,0.4592314129416344,0.0585217558579178,-0.2471499839869739,0.923721619105335,0.1693815659546409,-0.1831800586255271
QQQ,100,0.02,26,18,2,AND,0.5066786960366143,0.0820072518360732,-0.2471499839869735,2.878268710550045,-0.1090891139435088,0.2475736299806042,0.0503320082839962,-0.2240399921767227,0.4332803710310149,0.054759920894351,-0.2471499839869739,0.8705780441130936,0.1566653223783261,-0.1831800586255271
QQQ,100,0.02,26,18,4,AND,0.4494189321873939,0.0747326115567463,-0.2551693227596914,3.105500450856628,-0.1845314231273589,0.0632805455096575,0.0270552909115777,-0.2551693227596914,0.427346906070702,0.0540392151465189,-0.2471499839869739,0.8904549819320665,0.1612940711291699,-0.183180058625527
QQQ,100,0.02,26,18,6,AND,0.4568224176708756,0.0761542268387314,-0.2928088286157867,3.105500450856628,-0.2013664749036006,0.0663605154793438,0.0273279358155402,-0.2928088286157867,0.440206617891412,0.0558098574758252,-0.2471499839869739,0.9086945906591606,0.165062728056661,-0.1831800586255273
QQQ,100,0.02,26,18,8,AND,0.4638196061637651,0.0775402810729617,-0.2744112378337134,3.105500450856628,-0.2007642155971782,0.0643295787512898,0.0270188940511442,-0.2744112378337134,0.4592314129416344,0.0585217558579178,-0.2471499839869739,0.923721619105335,0.1693815659546409,-0.1831800586255271
QQQ,100,0.02,39,8,2,AND,0.4675681944355249,0.0694516770723665,-0.2649606333548761,2.6131650135256987,-0.1616332445082613,0.3428001098607706,0.0569725043848805,-0.1452719532497931,0.2779223676452446,0.0321191472851569,-0.2649606333548772,0.7763810423540987,0.1252527516711885,-0.2413410664026825
QQQ,100,0.02,39,8,4,AND,0.4779085983845431,0.0726064483314483,-0.2668475294103435,3.067628494138864,-0.1386548177101099,0.3032528354805437,0.0538205713257162,-0.2307806072288913,0.3292161425562742,0.0395244245900854,-0.266847529410342,0.8364363326783427,0.1377267521055405,-0.1877387958875404
QQQ,100,0.02,39,8,6,AND,0.4720508132793483,0.0731183455172026,-0.2651275377760762,3.9008115419296665,-0.1463717607864318,0.22300080142159,0.0458048184829829,-0.2368930306550911,0.3606808106939723,0.0441674635218676,-0.2651275377760753,0.8385269657302943,0.1406165769219343,-0.1964578884019564
QQQ,100,0.02,39,8,8,AND,0.5241082203836255,0.0812546951132682,-0.2555259380982,5.45356176735798,-0.1022988252356589,0.2591849948205577,0.0502725139198099,-0.2350924942332928,0.4341180642691186,0.0543560769962359,-0.2555259380981992,0.8879194470584612,0.1512171007700868,-0.1709476969012736
QQQ,100,0.02,39,10,2,AND,0.4810716301242334,0.0723425652527895,-0.240397956526856,2.575293056807935,-0.1070849334203759,0.4005937607793649,0.0635699914298102,-0.1411163139612216,0.3557373510335993,0.0422631961099646,-0.2403979565268539,0.691601297328146,0.11563359510532,-0.2403979565268545
QQQ,100,0.02,39,10,4,AND,0.4717897460190752,0.0729719468592569,-0.2433330237669854,2.9540126239855726,-0.1019904357821187,0.3543657231343616,0.0597690512539135,-0.2270407061664632,0.3573075927506195,0.043816564876949,-0.2433330237669855,0.7531645764849522,0.1280009622850522,-0.1816156252096523
QQQ,100,0.02,39,10,6,AND,0.4861921869124143,0.0765765624098415,-0.2471499839869743,3.181244364292155,-0.1090891139435086,0.3547476141846362,0.061617687554329,-0.2250680630262823,0.3862865537299871,0.0483606935737694,-0.2471499839869747,0.755430793074069,0.1306952513355377,-0.1852374110516387
QQQ,100,0.02,39,10,8,AND,0.5208148676457243,0.0822578917624106,-0.2471499839869742,3.63570784490532,-0.1090891139435098,0.3728056794164593,0.0641996060420904,-0.2240399921767234,0.4413581396633916,0.056027320992082,-0.2471499839869739,0.8122824735713163,0.1426683893373921,-0.1819161824663738
QQQ,100,0.02,39,12,2,AND,0.457335302909459,0.0710146294805573,-0.2492128148183051,2.802524797114517,-0.1125085143525013,0.1804538893608053,0.0410143619517771,-0.2492128148183051,0.42451875515965,0.0524373437642973,-0.2077295553879439,0.7983610712461335,0.1350130657009411,-0.1814281601344747
QQQ,100,0.02,39,12,4,AND,0.4947744107002447,0.0773857888920579,-0.2411963750953946,2.878268710550045,-0.1115783560164865,0.2763933536087379,0.0517392562658138,-0.2270407061664632,0.3968448420248782,0.0497028657795097,-0.2411963750953937,0.8374654737941253,0.1450891567251144,-0.1990178876437649
QQQ,100,0.02,39,12,6,AND,0.525198234575626,0.0826212258774723,-0.2471499839869732,2.9540126239855726,-0.1090891139435082,0.364669759278035,0.0628662993796862,-0.2250680630262823,0.4323017614943715,0.0547246878913276,-0.2471499839869747,0.8355602341596602,0.1462618006868732,-0.1990440614193462
QQQ,100,0.02,39,12,8,AND,0.5344704849420092,0.0849890941347593,-0.2471499839869726,3.105500450856628,-0.1090891139435072,0.3619261900782334,0.0629252902313279,-0.224039992176724,0.4592314129416344,0.0585217558579178,-0.2471499839869739,0.8457478485015995,0.1516611603393678,-0.2291861489826615
QQQ,100,0.02,39,15,2,AND,0.4526594936380971,0.0726383642561681,-0.2304019251692116,2.802524797114517,-0.1125085143525022,0.1224734329101101,0.0347587938794158,-0.2304019251692116,0.42451875515965,0.0524373437642973,-0.2077295553879439,0.8175704333455781,0.1462892931797819,-0.1831800586255271
QQQ,100,0.02,39,15,4,AND,0.4737480861879099,0.0763322483555486,-0.241196375095394,2.878268710550045,-0.1115783560164862,0.187237035932049,0.0422956582643299,-0.2304019251692116,0.3968448420248782,0.0497028657795097,-0.2411963750953937,0.8444006881473334,0.152215478366879,-0.1831800586255273
QQQ,100,0.02,39,15,6,AND,0.5127316555748989,0.0825741925680012,-0.2471499839869737,2.878268710550045,-0.1090891139435096,0.2672512144075605,0.0522335417551513,-0.2250680630262824,0.4323017614943715,0.0547246878913276,-0.2471499839869747,0.8709008089893273,0.1574199215107037,-0.1831800586255273
QQQ,100,0.02,39,15,8,AND,0.5379476286120958,0.0869831771667117,-0.2471499839869746,2.878268710550045,-0.1090891139435087,0.2606843549340315,0.0516365877452569,-0.2240399921767227,0.4592314129416344,0.0585217558579178,-0.2471499839869739,0.923721619105335,0.1693815659546409,-0.1831800586255271
QQQ,100,0.02,39,18,2,AND,0.4576165424484309,0.0740814618495873,-0.2471499839869748,2.878268710550045,-0.1090891139435096,0.1592875707815947,0.0391360605411121,-0.2240399921767227,0.4121740291914636,0.0518517499572737,-0.2471499839869739,0.8175704333455781,0.1462892931797819,-0.1831800586255271
QQQ,100,0.02,39,18,4,AND,0.4832207540281231,0.0780796666802829,-0.2471499839869738,2.878268710550045,-0.1090891139435079,0.2009279002684072,0.0441336556226394,-0.2240399921767232,0.4155413959141704,0.0524080569522804,-0.2471499839869739,0.8444006881473334,0.152215478366879,-0.1831800586255273
QQQ,100,0.02,39,18,6,AND,0.5074176954751907,0.0819498812580306,-0.2471499839869739,2.878268710550045,-0.1090891139435087,0.2432788534195843,0.0494785485520667,-0.2240399921767227,0.440206617891412,0.0558098574758252,-0.2471499839869739,0.8709008089893273,0.1574199215107037,-0.1831800586255273
QQQ,100,0.02,39,18,8,AND,0.5250305616633422,0.0851838733527723,-0.247149983986974,2.878268710550045,-0.109089113943509,0.2214202818234837,0.0469173672305944,-0.2240399921767243,0.4592314129416344,0.0585217558579178,-0.2471499839869739,0.923721619105335,0.1693815659546409,-0.1831800586255271
QQQ,100,0.02,52,8,2,AND,0.4020812319859901,0.0607107269705107,-0.2649606333548762,2.6131650135256987,-0.1616332445082604,0.115715524108815,0.0336834182760563,-0.1583163541450111,0.2779223676452446,0.0321191472851569,-0.2649606333548772,0.7763810423540987,0.1252527516711885,-0.2413410664026825
QQQ,100,0.02,52,8,4,AND,0.399361530329922,0.0616912534682825,-0.2668475294103427,3.067628494138864,-0.1386548177101109,0.0321323751091973,0.0256084726806304,-0.2307806072288925,0.3292161425562742,0.0395244245900854,-0.266847529410342,0.8366517776549965,0.1370257233561571,-0.1877387958875404
QQQ,100,0.02,52,8,6,AND,0.4043825842428944,0.0633073692258552,-0.2651275377760754,3.7493237150586114,-0.1463717607864321,-0.0408959912052846,0.0179946250272622,-0.2383170526795075,0.3606808106939723,0.0441674635218676,-0.2651275377760753,0.8565914378402351,0.142862673171187,-0.1964578884019564
QQQ,100,0.02,52,8,8,AND,0.4658084367955923,0.0720918425892691,-0.2555259380981988,4.771866546438233,-0.1022988252356578,0.0399316074964333,0.0260493407147242,-0.2350924942332914,0.4341180642691186,0.0543560769962359,-0.2555259380981992,0.8959339876015889,0.1514749839871221,-0.1709476969012736
QQQ,100,0.02,52,10,2,AND,0.4173456601843283,0.0635779870526507,-0.2403979565268545,2.575293056807935,-0.1070849334203768,0.1820953851233203,0.0401355378272672,-0.1542241359937984,0.3557373510335993,0.0422631961099646,-0.2403979565268539,0.691601297328146,0.11563359510532,-0.2403979565268545
QQQ,100,0.02,52,10,4,AND,0.3949190720758944,0.0620530325632469,-0.2433330237669844,2.9540126239855726,-0.101990435782118,0.0914977735540102,0.0313977043391615,-0.2270407061664616,0.3573075927506195,0.043816564876949,-0.2433330237669855,0.7526665703723386,0.1273059262384528,-0.1816156252096523
QQQ,100,0.02,52,10,6,AND,0.4009424731860795,0.0639699775339568,-0.2471499839869736,3.181244364292155,-0.1090891139435088,0.0417401743684631,0.0261339938479896,-0.2250680630262828,0.3862865537299871,0.0483606935737694,-0.2471499839869747,0.7723413539890441,0.1329218105618872,-0.1852374110516387
QQQ,100,0.02,52,10,8,AND,0.4542270229483527,0.0716257277852034,-0.2471499839869744,3.408476104598737,-0.1090891139435084,0.127544578463525,0.0351790257265569,-0.2240399921767231,0.4413581396633916,0.056027320992082,-0.2471499839869739,0.8265258397312387,0.1436115473108523,-0.1819161824663737
QQQ,100,0.02,52,12,2,AND,0.3954864630411031,0.0622609048987465,-0.2606709260476467,2.802524797114517,-0.1125085143525026,-0.0394468130549365,0.0180768938384252,-0.2606709260476467,0.42451875515965,0.0524373437642973,-0.2077295553879439,0.7983610712461335,0.1350130657009411,-0.1814281601344747
QQQ,100,0.02,52,12,4,AND,0.4201795620559995,0.0664219578924816,-0.2411963750953947,2.878268710550045,-0.1115783560164869,0.0153392466081661,0.0235828770357588,-0.2270407061664616,0.3968448420248782,0.0497028657795097,-0.2411963750953937,0.8373367195371207,0.1443835915109839,-0.1990178876437649
QQQ,100,0.02,52,12,6,AND,0.4416612741028489,0.0699438587035963,-0.2471499839869735,2.9540126239855726,-0.1090891139435077,0.0534297767607968,0.0273408718551477,-0.2250680630262828,0.4323017614943715,0.0547246878913276,-0.2471499839869747,0.8524217877746203,0.1485190134814937,-0.1990440614193462
QQQ,100,0.02,52,12,8,AND,0.4685708017253856,0.0742334455847919,-0.2471499839869744,3.0297565374211,-0.1090891139435084,0.127544578463525,0.0351790257265569,-0.2240399921767231,0.4592314129416344,0.0585217558579178,-0.2471499839869739,0.8510556452072059,0.15099200466541,-0.2291861489826615
QQQ,100,0.02,52,15,2,AND,0.3935572579641002,0.0638713684018383,-0.2421471181044971,2.802524797114517,-0.112508514352502,-0.0880482150443414,0.0119591594967352,-0.2421471181044971,0.42451875515965,0.0524373437642973,-0.2077295553879439,0.8175704333455781,0.1462892931797819,-0.1831800586255271
QQQ,100,0.02,52,15,4,AND,0.4013658716660592,0.0653791385298654,-0.241196375095395,2.878268710550045,-0.1115783560164862,-0.0648039084154061,0.014392095999165,-0.2304019251692112,0.3968448420248782,0.0497028657795097,-0.2411963750953937,0.8440800901265294,0.1515055221543477,-0.1831800586255273
QQQ,100,0.02,52,15,6,AND,0.4312798447716985,0.0698973761486454,-0.2471499839869739,2.878268710550045,-0.1090891139435099,-0.0376254986209538,0.0170635053655066,-0.2250680630262832,0.4323017614943715,0.0547246878913276,-0.2471499839869747,0.8870688715250332,0.1596991068189965,-0.1831800586255273
QQQ,100,0.02,52,15,8,AND,0.4639330129780665,0.0747120843592554,-0.2471499839869743,2.878268710550045,-0.1090891139435086,0.0278121605518532,0.0241849999482213,-0.2240399921767233,0.4592314129416344,0.0585217558579178,-0.2471499839869739,0.9096337854982482,0.1644080765723794,-0.1831800586255271
QQQ,100,0.02,52,18,2,AND,0.4038559512502029,0.0659233238643908,-0.2471499839869738,2.878268710550045,-0.1090891139435071,-0.0291417021294734,0.0178481350973382,-0.224039992176723,0.4121740291914636,0.0518517499572737,-0.2471499839869739,0.8175704333455781,0.1462892931797819,-0.1831800586255271
QQQ,100,0.02,52,18,4,AND,0.41151170934394,0.0671087745528513,-0.2471499839869739,2.878268710550045,-0.1090891139435092,-0.0441201046164059,0.0161808878625429,-0.224039992176723,0.4155413959141704,0.0524080569522804,-0.2471499839869739,0.8440800901265294,0.1515055221543477,-0.1831800586255273
QQQ,100,0.02,52,18,6,AND,0.4260620741877477,0.0692803754506581,-0.247149983986974,2.878268710550045,-0.1090891139435076,-0.0600675653861803,0.0144005955330439,-0.2240399921767228,0.440206617891412,0.0558098574758252,-0.2471499839869739,0.8870688715250332,0.1596991068189965,-0.1831800586255273
QQQ,100,0.02,52,18,8,AND,0.4507666089722443,0.0729330931173535,-0.2471499839869747,2.878268710550045,-0.1090891139435094,-0.0127695246315381,0.0195889684684416,-0.2240399921767235,0.4592314129416344,0.0585217558579178,-0.2471499839869739,0.9096337854982482,0.1644080765723794,-0.1831800586255271
QQQ,100,0.03,26,8,2,AND,0.5483120782854871,0.0816298845088649,-0.2768521277102145,2.3859332732191163,-0.175196373223579,0.5410248768609184,0.0809408919247676,-0.1164993636994617,0.3440842760596188,0.0409521720160697,-0.2768521277102134,0.8050718430426067,0.1328532333450067,-0.2015398987568744
QQQ,100,0.03,26,8,4,AND,0.4776188652530481,0.0744486673594169,-0.2762583720854318,3.1433724075743914,-0.1525896922732891,0.322127032830807,0.0580267529279194,-0.205522841121745,0.3669098475079834,0.0449752586686131,-0.2762583720854304,0.8256013550171857,0.139392577919857,-0.1729621053801333
QQQ,100,0.03,26,8,6,AND,0.4431983196244042,0.0709078804987164,-0.2950316935708165,4.1280432822362485,-0.1821435310240848,0.1413626767446138,0.0370910855505244,-0.2950316935708165,0.4104188906245293,0.0511876568961764,-0.2708824697657676,0.8569266260551986,0.1466691296059423,-0.172364511743129
QQQ,100,0.03,26,8,8,AND,0.4980855791739013,0.079723504709845,-0.2766464072885406,6.286744815148783,-0.1306616632126406,0.1548159277438219,0.0388415008033271,-0.2766464072885406,0.5167481790398184,0.0662267692727345,-0.2613560621191324,0.902403084011319,0.1570298006760255,-0.1433090697327906
QQQ,100,0.03,26,10,2,AND,0.5607912579660016,0.0851475535944179,-0.234028899810904,2.272317403065825,-0.143992881964141,0.5833771944540771,0.087102372976517,-0.1144826014256545,0.4335587791700422,0.0534809265229507,-0.2340288998109034,0.7041512864063472,0.1208710833234896,-0.2150624075810913
QQQ,100,0.03,26,10,4,AND,0.5078954256672569,0.0804792034509893,-0.2505673857782784,2.802524797114517,-0.1430957216314439,0.4112055322745838,0.070084580308358,-0.2019222127307923,0.4246304187279885,0.0538684987079125,-0.2505673857782777,0.7578686111569153,0.1320926422674773,-0.172962105380133
QQQ,100,0.03,26,10,6,AND,0.4827569812487496,0.0783850499382206,-0.271751996644119,3.0297565374211,-0.1721008805193682,0.2881119318246223,0.0560214340551756,-0.271751996644119,0.4603370140642832,0.0593971190374906,-0.2609281169539307,0.7819914139039925,0.1381561106529323,-0.1819161824663742
QQQ,100,0.03,26,10,8,AND,0.5034946324213935,0.0821134635591041,-0.2609281169539312,3.484220018034265,-0.1721008805193687,0.2914751841142368,0.0566803553583383,-0.2493494923123834,0.5141492833920716,0.0671700678313091,-0.2609281169539316,0.8181089970870451,0.1467219709540081,-0.1819161824663741
QQQ,100,0.03,26,12,2,AND,0.5583496629835609,0.0869434640081738,-0.2500898779045228,2.196573489630297,-0.1599600201084117,0.3959249671596472,0.0672902350283577,-0.1949529652478314,0.5266088213034316,0.0673965349058991,-0.2500898779045235,0.8505831101099544,0.1474205751166732,-0.1349237851706877
QQQ,100,0.03,26,12,4,AND,0.5369365007100689,0.0863388120351638,-0.2505673857782773,2.42380522993688,-0.1590795945465704,0.3253915697688094,0.0605425257224028,-0.201922212730792,0.4894353845995103,0.0635117699858056,-0.2505673857782795,0.8812835156406674,0.15626158953462,-0.1990178876437648
QQQ,100,0.03,26,12,6,AND,0.5300016113746988,0.0862867979628427,-0.2684556553323866,2.499549143372408,-0.1888646658579662,0.2832045675761413,0.0558357290146254,-0.2684556553323866,0.5051321973236876,0.0658216324740035,-0.2609281169539311,0.8964138174065449,0.1605689005245087,-0.1990440614193462
QQQ,100,0.03,26,12,8,AND,0.5324492987479579,0.08751764183447,-0.2609281169539311,2.575293056807935,-0.18825297878448,0.283467462385283,0.0559932317282216,-0.2494245163183196,0.5315196767069145,0.0696843227630905,-0.2609281169539316,0.8879543563604047,0.1626862218526534,-0.2291861489826612
QQQ,100,0.03,26,15,2,AND,0.5545372858393063,0.0894148614545968,-0.2500898779045242,2.12082957619477,-0.1599600201084139,0.3087905840192251,0.058108711824955,-0.2019222127307923,0.5266088213034316,0.0673965349058991,-0.2500898779045235,0.8958729002128009,0.1641031712013934,-0.1831800586255273
QQQ,100,0.03,26,15,4,AND,0.4897259401820734,0.0814656558320177,-0.2505673857782784,2.42380522993688,-0.1905071990478469,0.1329111836719173,0.0361851087706928,-0.2469542539882805,0.4894353845995103,0.0635117699858056,-0.2505673857782795,0.915273355916051,0.1687616847707915,-0.1831800586255273
QQQ,100,0.03,26,15,6,AND,0.5017761940922929,0.083753010404598,-0.2850089026930485,2.42380522993688,-0.2072188831065837,0.1521295966638155,0.0387900061988606,-0.2850089026930485,0.5051321973236876,0.0658216324740035,-0.2609281169539311,0.9294084740359484,0.1718662917563134,-0.1831800586255271
QQQ,100,0.03,26,15,8,AND,0.5122536791248847,0.0857606963579189,-0.2664083967006868,2.42380522993688,-0.2066210371727476,0.1531525872293923,0.0389449661422842,-0.2664083967006868,0.5315196767069145,0.0696843227630905,-0.2609281169539316,0.944258032675914,0.1762386026636329,-0.1831800586255272
QQQ,100,0.03,26,18,2,AND,0.5487221228366427,0.0892864741637706,-0.2609281169539306,2.196573489630297,-0.1721008805193686,0.3159336113049115,0.0593383766911472,-0.201922212730793,0.5062348262948048,0.0658572361696698,-0.2609281169539316,0.8958729002128009,0.1641031712013934,-0.1831800586255273
QQQ,100,0.03,26,18,4,AND,0.4874904614194518,0.0813336165724816,-0.2609281169539318,2.42380522993688,-0.1905071990478458,0.1182218967351718,0.0342273052524053,-0.2469542539882798,0.5002961430650393,0.0651289477494725,-0.2609281169539316,0.915273355916051,0.1687616847707915,-0.1831800586255273
QQQ,100,0.03,26,18,6,AND,0.4930193360529406,0.0825237870813977,-0.2850089026930493,2.42380522993688,-0.2072188831065834,0.1204349449099754,0.0345018540588919,-0.2850089026930493,0.5128622684176084,0.0669182193192143,-0.2609281169539316,0.9294084740359484,0.1718662917563134,-0.1831800586255271
QQQ,100,0.03,26,18,8,AND,0.4997750815153414,0.0839278817712467,-0.2664083967006861,2.42380522993688,-0.2066210371727472,0.1181980489744329,0.0341906542296035,-0.2664083967006861,0.5315196767069145,0.0696843227630905,-0.2609281169539316,0.944258032675914,0.1762386026636329,-0.1831800586255272
QQQ,100,0.03,39,8,2,AND,0.4758060614063999,0.0711933539707638,-0.2768521277102131,2.3859332732191163,-0.1751963732235784,0.4097586732009858,0.064272020253868,-0.1452719532497931,0.3093883453377588,0.0365273811571587,-0.2768521277102134,0.7459008794691999,0.1226908138452302,-0.2232497512415792
QQQ,100,0.03,39,8,4,AND,0.4748407834530207,0.0727731508704654,-0.2762583720854314,2.916140667267809,-0.1525896922732893,0.3790928678088609,0.062068996385949,-0.2113794662929574,0.3547536265355108,0.0433581272265759,-0.2762583720854304,0.7752166484167988,0.1304852034068246,-0.172962105380133
QQQ,100,0.03,39,8,6,AND,0.4623906324741614,0.0721973949413428,-0.270882469765768,3.8250676284941383,-0.1821435310240848,0.2388465484992764,0.0475326730016154,-0.2481636070412833,0.4104188906245293,0.0511876568961764,-0.2708824697657676,0.8162596944415317,0.1391469849876718,-0.172364511743129
QQQ,100,0.03,39,8,8,AND,0.5281916054044972,0.0824713229562488,-0.2664193867433081,5.832281334535618,-0.1260520454429987,0.2422490848715114,0.0483971542930556,-0.2664193867433081,0.5167481790398184,0.0662267692727345,-0.2613560621191324,0.8915422961707634,0.1544876285940246,-0.1320926436378712
QQQ,100,0.03,39,10,2,AND,0.49055615203528,0.0746770814452724,-0.2364045877533774,2.272317403065825,-0.1439928819641429,0.4572792269812006,0.0703384869179473,-0.1335418004211077,0.3999971303299979,0.0490028795011669,-0.2364045877533783,0.6458483630866957,0.1108161513882484,-0.2364045877533782
QQQ,100,0.03,39,10,4,AND,0.4903824542323458,0.0764136928181162,-0.2505673857782784,2.6510369702434624,-0.1430957216314443,0.4228777667439614,0.067749896172029,-0.2087454840778629,0.4128813788522169,0.0522376047026282,-0.2505673857782777,0.7084369069082838,0.1232423361100198,-0.1764928007109523
QQQ,100,0.03,39,10,6,AND,0.5103175425719378,0.0807858045624538,-0.260928116953931,2.802524797114517,-0.1721008805193687,0.4193371732517557,0.0696124540713118,-0.2019222127307925,0.4603370140642832,0.0593971190374906,-0.2609281169539307,0.741960188222746,0.1306898114028234,-0.1819161824663742
QQQ,100,0.03,39,10,8,AND,0.5451473785834552,0.0866953388571618,-0.2609281169539319,3.33273219116321,-0.1721008805193701,0.4229090096614267,0.0706493839065467,-0.2019222127307929,0.5141492833920716,0.0671700678313091,-0.2609281169539316,0.8102738174338857,0.1448649892737581,-0.1819161824663744
QQQ,100,0.03,39,12,2,AND,0.4902347711367286,0.0764556633124107,-0.2500898779045233,2.196573489630297,-0.1599600201084129,0.2659943744706827,0.0508318661238256,-0.2314423857623959,0.4941636898564805,0.0628593366008729,-0.2500898779045235,0.7951602169894914,0.1371274772256254,-0.1485708398066476
QQQ,100,0.03,39,12,4,AND,0.5309547529173909,0.0835417698355254,-0.2505673857782788,2.272317403065825,-0.1590795945465686,0.3591856783301478,0.0616579038019899,-0.2087454840778629,0.4778885090663131,0.0618659527207998,-0.2505673857782795,0.83408877453172,0.1472223389614577,-0.1990178876437651
QQQ,100,0.03,39,12,6,AND,0.5687096384760955,0.0900033560465225,-0.2609281169539311,2.272317403065825,-0.172100880519369,0.4426875047388382,0.0728898828285502,-0.2019222127307925,0.5051321973236876,0.0658216324740035,-0.2609281169539311,0.8579776705618254,0.1529555734680694,-0.1990440614193462
QQQ,100,0.03,39,12,8,AND,0.5752779206502494,0.0920917990911702,-0.2609281169539315,2.42380522993688,-0.1721008805193701,0.4326385050260766,0.0721350569935181,-0.2019222127307938,0.5315196767069145,0.0696843227630905,-0.2609281169539316,0.8680143958202501,0.1584142878750494,-0.2291861489826612
QQQ,100,0.03,39,15,2,AND,0.4954788575609418,0.0796942178872206,-0.2500898779045232,2.12082957619477,-0.1599600201084119,0.1995298844513428,0.0438667908309025,-0.2169453804777523,0.4941636898564805,0.0628593366008729,-0.2500898779045235,0.844102989686987,0.153660419732311,-0.1831800586255272
QQQ,100,0.03,39,15,4,AND,0.5201535043419381,0.0840953291638852,-0.2505673857782792,2.196573489630297,-0.1590795945465687,0.2625814338866231,0.0514699950606649,-0.2169453804777519,0.4778885090663131,0.0618659527207998,-0.2505673857782795,0.8702652025187174,0.1596247128047792,-0.183180058625527
QQQ,100,0.03,39,15,6,AND,0.553843518980861,0.0897059127258963,-0.2609281169539316,2.196573489630297,-0.1721008805193695,0.3390619819260739,0.0614953522826342,-0.2019222127307933,0.5051321973236876,0.0658216324740035,-0.2609281169539311,0.8924400571805315,0.164178853861393,-0.1831800586255271
QQQ,100,0.03,39,15,8,AND,0.5779483422060736,0.0940989360639514,-0.2609281169539318,2.196573489630297,-0.1721008805193701,0.330734054963092,0.0607485430075229,-0.2019222127307919,0.5315196767069145,0.0696843227630905,-0.2609281169539316,0.944258032675914,0.1762386026636329,-0.1831800586255272
QQQ,100,0.03,39,18,2,AND,0.5010772918174343,0.0813073632893366,-0.2609281169539307,2.196573489630297,-0.1721008805193686,0.2319678609354686,0.0480464261327304,-0.201922212730793,0.4856374322351298,0.0629184678529199,-0.2609281169539316,0.844102989686987,0.153660419732311,-0.1831800586255272
QQQ,100,0.03,39,18,4,AND,0.525999098685594,0.0853324661115428,-0.2609281169539313,2.196573489630297,-0.1721008805193694,0.2725028260682843,0.0530868745045505,-0.201922212730793,0.4887753270322131,0.0634806278520001,-0.2609281169539316,0.8702652025187174,0.1596247128047792,-0.183180058625527
QQQ,100,0.03,39,18,6,AND,0.5479400883890369,0.0889871072959831,-0.260928116953931,2.196573489630297,-0.1721008805193699,0.3129846152663887,0.0584775987277397,-0.2019222127307935,0.5128622684176084,0.0669182193192143,-0.2609281169539316,0.8924400571805315,0.164178853861393,-0.1831800586255271
QQQ,100,0.03,39,18,8,AND,0.5649641587458518,0.0922520461405942,-0.260928116953931,2.196573489630297,-0.1721008805193687,0.2909618056225415,0.055894455833777,-0.2019222127307935,0.5315196767069145,0.0696843227630905,-0.2609281169539316,0.944258032675914,0.1762386026636329,-0.1831800586255272
QQQ,100,0.03,52,8,2,AND,0.4113919766248415,0.0624381686199586,-0.2768521277102135,2.3859332732191163,-0.1751963732235781,0.1901200937941498,0.0408220983116416,-0.1583163541450111,0.3093883453377588,0.0365273811571587,-0.2768521277102134,0.7459008794691999,0.1226908138452302,-0.2232497512415792
QQQ,100,0.03,52,8,4,AND,0.3971095624237473,0.0618562595876102,-0.2762583720854319,2.916140667267809,-0.1525896922732896,0.1142215219843398,0.0336360770548769,-0.2113794662929592,0.3547536265355108,0.0433581272265759,-0.2762583720854304,0.7749066310614303,0.1297886366548568,-0.172962105380133
QQQ,100,0.03,52,8,6,AND,0.395019233516434,0.0623948384336128,-0.2708824697657674,3.673579801623084,-0.1821435310240847,-0.0244833353068286,0.0196765321878626,-0.2481636070412841,0.4104188906245293,0.0511876568961764,-0.2708824697657676,0.8337767998090916,0.1413901873241072,-0.172364511743129
QQQ,100,0.03,52,8,8,AND,0.4705514290148643,0.0732981603900804,-0.266419386743309,5.15058611361587,-0.1260520454430005,0.0224909073012469,0.0242172338251958,-0.266419386743309,0.5167481790398184,0.0662267692727345,-0.2613560621191324,0.8992514521380102,0.1547462444393677,-0.1320926436378712
QQQ,100,0.03,52,10,2,AND,0.4283064136802378,0.0658934225423883,-0.2364045877533772,2.272317403065825,-0.1439928819641424,0.2468411457411003,0.0467548978614582,-0.1439083304935243,0.3999971303299979,0.0490028795011669,-0.2364045877533783,0.6458483630866957,0.1108161513882484,-0.2364045877533782
QQQ,100,0.03,52,10,4,AND,0.4152067012976241,0.0654597541868811,-0.2505673857782803,2.6510369702434624,-0.1430957216314429,0.1680403481388272,0.0391648920273575,-0.2087454840778629,0.4128813788522169,0.0522376047026282,-0.2505673857782777,0.7075619047877046,0.1225502321679437,-0.1764928007109523
QQQ,100,0.03,52,10,6,AND,0.4268301487659688,0.0681299299562212,-0.260928116953931,2.802524797114517,-0.1721008805193692,0.1151607887520122,0.033861541902368,-0.2019222127307922,0.4603370140642832,0.0593971190374906,-0.2609281169539307,0.7583446651624149,0.1329163599168854,-0.1819161824663743
QQQ,100,0.03,52,10,8,AND,0.4801208632067121,0.0760195811436457,-0.2609281169539316,3.105500450856628,-0.1721008805193694,0.1849916596253358,0.0414529190149717,-0.2019222127307932,0.5141492833920716,0.0671700678313091,-0.2609281169539316,0.8239375782282777,0.1458099603198157,-0.1819161824663739
QQQ,100,0.03,52,12,2,AND,0.4300435144530461,0.0676574675251713,-0.2500898779045227,2.196573489630297,-0.1599600201084118,0.0563540459245604,0.0276780814089647,-0.2431716997463076,0.4941636898564805,0.0628593366008729,-0.2500898779045235,0.7951602169894914,0.1371274772256254,-0.1485708398066476
QQQ,100,0.03,52,12,4,AND,0.4583770998828116,0.0725152935556814,-0.2505673857782788,2.272317403065825,-0.1590795945465689,0.1093626138199007,0.03323598993508,-0.2087454840778629,0.4778885090663131,0.0618659527207998,-0.2505673857782795,0.8338299424980908,0.1465154593525717,-0.1990178876437651
QQQ,100,0.03,52,12,6,AND,0.4875457279749503,0.0772395449969483,-0.2609281169539306,2.272317403065825,-0.1721008805193686,0.1441867633045827,0.0370294253124159,-0.2019222127307922,0.5051321973236876,0.0658216324740035,-0.2609281169539311,0.8744456065190286,0.1552259676053438,-0.1990440614193462
QQQ,100,0.03,52,12,8,AND,0.5114659599527949,0.0812657404341539,-0.2609281169539309,2.3480613165013526,-0.1721008805193691,0.2088325814950829,0.0441483836594915,-0.2019222127307932,0.5315196767069145,0.0696843227630905,-0.2609281169539316,0.8732327561846426,0.1577412083962759,-0.2291861489826612
QQQ,100,0.03,52,15,2,AND,0.4379921451229043,0.0708695524197262,-0.250089877904523,2.12082957619477,-0.1599600201084122,-0.002512730851434,0.0208664729636445,-0.2288959399787994,0.4941636898564805,0.0628593366008729,-0.2500898779045235,0.844102989686987,0.153660419732311,-0.1831800586255272
QQQ,100,0.03,52,15,4,AND,0.4498155024928297,0.0730632196828362,-0.2505673857782785,2.196573489630297,-0.1590795945465701,0.0199978528289667,0.0233208242908422,-0.2169453804777535,0.4778885090663131,0.0618659527207998,-0.2505673857782795,0.8699852802124817,0.158910191272551,-0.183180058625527
QQQ,100,0.03,52,15,6,AND,0.4745414959546596,0.0769455847026092,-0.2609281169539312,2.196573489630297,-0.172100880519369,0.045303775227531,0.0260157475316327,-0.2019222127307935,0.5051321973236876,0.0658216324740035,-0.2609281169539311,0.9082606510177004,0.1664713488242262,-0.1831800586255271
QQQ,100,0.03,52,15,8,AND,0.5061444996486328,0.0817475125396474,-0.2609281169539313,2.196573489630297,-0.17210088051937,0.1076665013839222,0.0330590996215898,-0.2019222127307929,0.5315196767069145,0.0696843227630905,-0.2609281169539316,0.9304778970327476,0.171235949661678,-0.1831800586255272
QQQ,100,0.03,52,18,2,AND,0.4487628516580532,0.0730943412910489,-0.2609281169539313,2.196573489630297,-0.1721008805193701,0.05083022812846,0.0265759613607654,-0.2019222127307931,0.4856374322351298,0.0629184678529199,-0.2609281169539316,0.844102989686987,0.153660419732311,-0.1831800586255272
QQQ,100,0.03,52,18,4,AND,0.4561731513273516,0.0742877671193296,-0.2609281169539307,2.196573489630297,-0.172100880519369,0.0360887684094029,0.0248944178437433,-0.2019222127307931,0.4887753270322131,0.0634806278520001,-0.2609281169539316,0.8699852802124817,0.158910191272551,-0.183180058625527
QQQ,100,0.03,52,18,6,AND,0.4687113773114065,0.0762351963997056,-0.2609281169539311,2.196573489630297,-0.1721008805193694,0.0203726542081871,0.0230988598949295,-0.2019222127307922,0.5128622684176084,0.0669182193192143,-0.2609281169539316,0.9082606510177004,0.1664713488242262,-0.1831800586255271
QQQ,100,0.03,52,18,8,AND,0.4929129860146349,0.0799214723940333,-0.2609281169539305,2.196573489630297,-0.1721008805193685,0.0664801354498022,0.0283317219992014,-0.2019222127307923,0.5315196767069145,0.0696843227630905,-0.2609281169539316,0.9304778970327476,0.171235949661678,-0.1831800586255272
QQQ,100,0.05,26,8,2,AND,0.5594790215149691,0.0829162208367597,-0.2499281625155103,2.158701532912534,-0.1175906711362086,0.5473140040078591,0.082156919522776,-0.1180441673655229,0.3887138146518893,0.0460212048046082,-0.2499281625155096,0.783442990422094,0.1296721344594427,-0.2015398987568744
QQQ,100,0.05,26,8,4,AND,0.5485818507960158,0.0831997286097692,-0.2293697724098786,2.6131650135256987,-0.0934051007560852,0.4357863699295832,0.0707397750295915,-0.1347488122833839,0.4817604468440187,0.0587658642326809,-0.2293697724098782,0.8004804928214734,0.135529717441097,-0.1729621053801333
QQQ,100,0.05,26,8,6,AND,0.5214938326612737,0.0809722195884778,-0.2883589322191503,3.522091974752029,-0.1124017762415665,0.3077213037995839,0.0570333430527341,-0.2883589322191503,0.4979445015639752,0.0613015199577717,-0.2094920159713327,0.810241969521172,0.139465898005487,-0.1723645117431288
QQQ,100,0.05,26,8,8,AND,0.5821355109056531,0.0908931613333312,-0.2547985683125975,5.605049594229035,-0.1044045682190991,0.3330958761250066,0.0608662225988743,-0.2547985683125975,0.6368607984434328,0.0807562860067099,-0.2094920159713315,0.8933154017817893,0.156423848064906,-0.1433090697327912
QQQ,100,0.05,26,10,2,AND,0.5575266808879953,0.0853709651767573,-0.2251538938204189,1.8935978358881875,-0.0984315549256072,0.5967680793676109,0.0901214272264105,-0.1494872013587317,0.5483513889627485,0.0684713135961074,-0.2251538938204194,0.6015836473126579,0.1057813663590849,-0.1932673219254146
QQQ,100,0.05,26,10,4,AND,0.5412596414235092,0.0849419970106963,-0.2251538938204188,2.196573489630297,-0.098431554925608,0.5284544503146504,0.0844646411382035,-0.1494872013587295,0.5472502607628226,0.0694397175550336,-0.2251538938204194,0.6535141782290828,0.1161997492719637,-0.1729621053801333
QQQ,100,0.05,26,10,6,AND,0.510264259784571,0.0820323105463329,-0.2901478532482671,2.42380522993688,-0.1891439854902916,0.3852294037704459,0.0684090164108217,-0.2901478532482671,0.5822281329260887,0.0748021953253565,-0.2251538938204199,0.6891300380176757,0.12422085789324,-0.1902284916778379
QQQ,100,0.05,26,10,8,AND,0.5472157858527471,0.0882642277842056,-0.2442860579441702,2.9540126239855726,-0.1618877659509863,0.4107227389163185,0.0721501365885091,-0.2442860579441702,0.655152682900594,0.0856224879913736,-0.2251538938204195,0.7710341482368216,0.1403782527887502,-0.1875111453610938
QQQ,100,0.05,26,12,2,AND,0.608698133450911,0.094658289006722,-0.2251538938204192,1.51487826871055,-0.0984315549256081,0.5309879556085073,0.0839017952312319,-0.1494872013587317,0.6782702910322784,0.0889003906825445,-0.2251538938204195,0.8245247791996855,0.1458785681100611,-0.1557891892939202
QQQ,100,0.05,26,12,4,AND,0.5940748841361475,0.0947537411907202,-0.2251538938204196,1.666366095581605,-0.1142708803190794,0.4373397478767797,0.07479435806647,-0.1785692020292268,0.6784039295275371,0.0895335592841455,-0.2251538938204194,0.8526696354887214,0.1541488012428884,-0.1990178876437643
QQQ,100,0.05,26,12,6,AND,0.5792183767960225,0.0935762396912327,-0.290396960538952,1.7421100090171324,-0.2131931540213546,0.3740986794311998,0.0676867079408567,-0.290396960538952,0.6910625635098551,0.0913638272775427,-0.2251538938204194,0.8674381058702487,0.1583348036315757,-0.1990440614193462
QQQ,100,0.05,26,12,8,AND,0.5761739582281018,0.0939994141286613,-0.2480304773907778,1.81785392245266,-0.1867453263611155,0.3965577970115961,0.0709169115892838,-0.2480304773907778,0.7007656717999747,0.0929102689431213,-0.2251538938204194,0.8389985059035164,0.1561116113013896,-0.2262671162678033
QQQ,100,0.05,26,15,2,AND,0.6118127378595646,0.0984380435628984,-0.2251538938204192,1.363390441839495,-0.098431554925608,0.4008037970053731,0.0694854830511511,-0.1525858659924884,0.6782702910322784,0.0889003906825445,-0.2251538938204195,0.9171746138422116,0.171575096031022,-0.1831800586255273
QQQ,100,0.05,26,15,4,AND,0.5604741892388808,0.0930934960806026,-0.2385118145493291,1.51487826871055,-0.181582527535513,0.2353757737786385,0.0502602804113703,-0.2385118145493291,0.6784039295275371,0.0895335592841455,-0.2251538938204194,0.9331060035456824,0.1756941774385405,-0.1831800586255271
QQQ,100,0.05,26,15,6,AND,0.5728463431586089,0.095518866337898,-0.2771261140256235,1.51487826871055,-0.1984784581872603,0.2588851422175664,0.0538334925923609,-0.2771261140256235,0.6910625635098551,0.0913638272775427,-0.2251538938204194,0.9463092815062562,0.1787017667447605,-0.1831800586255272
QQQ,100,0.05,26,15,8,AND,0.5695675386568246,0.0953421316760163,-0.2583205371472087,1.51487826871055,-0.1978740209921211,0.2561165805482694,0.0535164774012266,-0.2583205371472087,0.7007656717999747,0.0929102689431213,-0.2251538938204194,0.9395282341005896,0.1785441854295562,-0.183180058625527
QQQ,100,0.05,26,18,2,AND,0.6146451695591596,0.0992515300594205,-0.2251538938204191,1.363390441839495,-0.1079179789245259,0.4032930787358981,0.070246619297595,-0.1749594669874162,0.684806324215068,0.09027853450646,-0.2251538938204194,0.9171746138422116,0.171575096031022,-0.1831800586255273
QQQ,100,0.05,26,18,4,AND,0.5555050402873358,0.0925075754111486,-0.2432110134364892,1.51487826871055,-0.1815825275355129,0.2234821144041028,0.0487326499183009,-0.2432110134364892,0.6784039295275371,0.0895335592841455,-0.2251538938204194,0.9331060035456824,0.1756941774385405,-0.1831800586255271
QQQ,100,0.05,26,18,6,AND,0.5603241900102567,0.093669579506155,-0.2771261140256249,1.51487826871055,-0.1984784581872613,0.2241702573627094,0.0490110493532189,-0.2771261140256249,0.6910625635098551,0.0913638272775427,-0.2251538938204194,0.9463092815062562,0.1787017667447605,-0.1831800586255272
QQQ,100,0.05,26,18,8,AND,0.5571189886400005,0.0934931431806074,-0.258320537147209,1.51487826871055,-0.1978740209921216,0.2215693580509214,0.0486954848540346,-0.258320537147209,0.7007656717999747,0.0929102689431213,-0.2251538938204194,0.9395282341005896,0.1785441854295562,-0.183180058625527
QQQ,100,0.05,39,8,2,AND,0.4964489887217709,0.0736860794883276,-0.2499281625155097,2.158701532912534,-0.1175906711362099,0.4328690435037274,0.0671166716723812,-0.1452719532497931,0.3658713065283889,0.0431371281468606,-0.2499281625155096,0.7240906464172381,0.1195382514552985,-0.2232497512415792
QQQ,100,0.05,39,8,4,AND,0.5577692958472767,0.0829618439518065,-0.2293697724098776,2.3859332732191163,-0.0934051007560848,0.536698501151986,0.078750706144143,-0.1200302822485277,0.4693080599384211,0.0571273914032017,-0.2293697724098782,0.7499336660430943,0.1266525414264947,-0.1729621053801329
QQQ,100,0.05,39,8,6,AND,0.5442478076870646,0.0824154365407969,-0.2094920159713317,3.1433724075743914,-0.072649872372201,0.4261770151604555,0.068054943010237,-0.1847946305905632,0.4979445015639752,0.0613015199577717,-0.2094920159713327,0.7693382506335106,0.1319910065559106,-0.1723645117431288
QQQ,100,0.05,39,8,8,AND,0.6173159345812004,0.0939583309113356,-0.2094920159713315,5.074842200180343,-0.0906061583027867,0.4458780910436726,0.0713924914330328,-0.1748024496295426,0.6368607984434328,0.0807562860067099,-0.2094920159713315,0.8824472379742191,0.1538830073538086,-0.1304599741687878
QQQ,100,0.05,39,10,2,AND,0.4969150430205765,0.0761199010304245,-0.2251538938204194,1.8935978358881875,-0.0984315549256067,0.4886711926759695,0.0749704854759834,-0.1757442762783,0.5266027728799775,0.0655253377775857,-0.2251538938204194,0.5429266967590943,0.0958617988553618,-0.2152021028973395
QQQ,100,0.05,39,10,4,AND,0.5342554946713167,0.0823100992645333,-0.2251538938204191,2.0450856627592424,-0.0984315549256071,0.582835548707273,0.0860452076592808,-0.1514025082993509,0.5352973944823192,0.067784726608334,-0.2251538938204194,0.6038366811231648,0.1074736882190914,-0.1729621053801335
QQQ,100,0.05,39,10,6,AND,0.5444190188692102,0.0851383980835915,-0.2251538938204188,2.196573489630297,-0.0984315549256079,0.5451588143581813,0.0840493252696541,-0.1497866540373763,0.5822281329260887,0.0748021953253565,-0.2251538938204199,0.6490402871444383,0.1168459738420273,-0.190228491677836
QQQ,100,0.05,39,10,8,AND,0.5868153072912257,0.092237548871618,-0.2251538938204192,2.802524797114517,-0.0984315549256079,0.5430898975258465,0.0846120345863483,-0.1494872013587296,0.655152682900594,0.0856224879913736,-0.2251538938204195,0.7630719603487444,0.1385315440157233,-0.1857822169637419
QQQ,100,0.05,39,12,2,AND,0.5507051539608344,0.0853280651709782,-0.2251538938204191,1.51487826871055,-0.0984315549256079,0.4224016089601789,0.0688372964033219,-0.1757442762783,0.6574690963072175,0.0858980880667323,-0.2251538938204195,0.7700019594176882,0.1355993030100686,-0.1557891892939206
QQQ,100,0.05,39,12,4,AND,0.5990463120402864,0.0934002997147038,-0.2251538938204194,1.51487826871055,-0.0984315549256078,0.5139771790739049,0.0798488323261643,-0.1514025082993509,0.6668416154664392,0.0878474724976334,-0.2251538938204194,0.8062010957481681,0.1451260677130574,-0.1990178876437652
QQQ,100,0.05,39,12,6,AND,0.6264577596886693,0.0982256459944146,-0.2251538938204194,1.51487826871055,-0.0984315549256081,0.5671796719701566,0.087370990438548,-0.1494872013587294,0.6910625635098551,0.0913638272775427,-0.2251538938204194,0.8295309137316842,0.1507361322412612,-0.1990440614193462
QQQ,100,0.05,39,12,8,AND,0.6183845809037225,0.0981653154552939,-0.2262671162678041,1.666366095581605,-0.0984315549256069,0.5519524395970998,0.0861170827690789,-0.1494872013587299,0.7007656717999747,0.0929102689431213,-0.2251538938204194,0.8190946542622518,0.1518638337141129,-0.2262671162678033
QQQ,100,0.05,39,15,2,AND,0.5629612234530277,0.0900951472326241,-0.2251538938204196,1.363390441839495,-0.0984315549256076,0.3123541728114352,0.0573038030877726,-0.1551253940343842,0.6574690963072175,0.0858980880667323,-0.2251538938204195,0.8667162443891999,0.1610653166077837,-0.1831800586255272
QQQ,100,0.05,39,15,4,AND,0.5954114976033726,0.0954681325328128,-0.2251538938204191,1.363390441839495,-0.0984315549256069,0.3747338654673675,0.0650048783766821,-0.1551253940343818,0.6668416154664392,0.0878474724976334,-0.2251538938204194,0.8891932909340432,0.1665030096582869,-0.1831800586255272
QQQ,100,0.05,39,15,6,AND,0.6224164359469326,0.1000429143416998,-0.2251538938204194,1.363390441839495,-0.098431554925608,0.4329139377436584,0.0729085366233632,-0.1494872013587291,0.6910625635098551,0.0913638272775427,-0.2251538938204194,0.9102214595445226,0.1709694881629591,-0.1831800586255272
QQQ,100,0.05,39,15,8,AND,0.632145800250299,0.1022574641482796,-0.2251538938204191,1.363390441839495,-0.0984315549256082,0.4199365803830774,0.0716713064098115,-0.149487201358728,0.7007656717999747,0.0929102689431213,-0.2251538938204194,0.9395282341005896,0.1785441854295562,-0.183180058625527
QQQ,100,0.05,39,18,2,AND,0.5680483430464142,0.0911994243505263,-0.2251538938204189,1.363390441839495,-0.1079179789245259,0.3223158284197119,0.0588383930156688,-0.1749594669874162,0.6641277869793466,0.0872724320896349,-0.2251538938204194,0.8667162443891999,0.1610653166077837,-0.1831800586255272
QQQ,100,0.05,39,18,4,AND,0.5912122234291689,0.0950610282502384,-0.2251538938204195,1.363390441839495,-0.1079179789245259,0.3628141600821715,0.0639307440041545,-0.1749594669874162,0.6668416154664392,0.0878474724976334,-0.2251538938204194,0.8891932909340432,0.1665030096582869,-0.1831800586255272
QQQ,100,0.05,39,18,6,AND,0.612462164032989,0.0987077769839852,-0.2251538938204197,1.363390441839495,-0.1079179789245259,0.4021446975978604,0.0693769777122681,-0.1749594669874162,0.6910625635098551,0.0913638272775427,-0.2251538938204194,0.9102214595445226,0.1709694881629591,-0.1831800586255272
QQQ,100,0.05,39,18,8,AND,0.6190386569696678,0.1003968022498187,-0.2251538938204192,1.363390441839495,-0.1079179789245259,0.3791159755592875,0.0667672356220574,-0.1749594669874162,0.7007656717999747,0.0929102689431213,-0.2251538938204194,0.9395282341005896,0.1785441854295562,-0.183180058625527
QQQ,100,0.05,52,8,2,AND,0.4322153192890787,0.0649105203423963,-0.2499281625155083,2.158701532912534,-0.1175906711362082,0.2174096128268637,0.0436040713430061,-0.1583163541450111,0.3658713065283889,0.0431371281468606,-0.2499281625155096,0.7240906464172381,0.1195382514552985,-0.2232497512415792
QQQ,100,0.05,52,8,4,AND,0.4807154330582088,0.0719412691878791,-0.2293697724098778,2.3859332732191163,-0.0934051007560852,0.280229930543075,0.0498711965167035,-0.1296559151276854,0.4693080599384211,0.0571273914032017,-0.2293697724098782,0.7494532300405123,0.1259583362312279,-0.1729621053801329
QQQ,100,0.05,52,8,6,AND,0.4776663018098022,0.0725194616656568,-0.209492015971332,2.9918845807033363,-0.0726498723722014,0.1737523737362874,0.0396530710150984,-0.1991942669929718,0.4979445015639752,0.0613015199577717,-0.2094920159713327,0.7865229711637957,0.1342201173767214,-0.1723645117431288
QQQ,100,0.05,52,8,8,AND,0.5612196625281731,0.0846878242500988,-0.2094920159713311,4.393146979260595,-0.0906061583027877,0.2403620294443928,0.0466822133417292,-0.1775484535186339,0.6368607984434328,0.0807562860067099,-0.2094920159713315,0.8899704312465739,0.1541414877584341,-0.1304599741687885
QQQ,100,0.05,52,10,2,AND,0.4354449687270688,0.0673244495292677,-0.2251538938204194,1.8935978358881875,-0.0984315549256074,0.2860163333244743,0.0512848360415505,-0.1883236249275969,0.5266027728799775,0.0655253377775857,-0.2251538938204194,0.5429266967590943,0.0958617988553618,-0.2152021028973395
QQQ,100,0.05,52,10,4,AND,0.4597440327050182,0.0712961568682126,-0.2251538938204192,2.0450856627592424,-0.0984315549256075,0.339835838900268,0.0569704150757943,-0.1514025082993515,0.5352973944823192,0.067784726608334,-0.2251538938204194,0.6022992197258229,0.1067913003845864,-0.1729621053801335
QQQ,100,0.05,52,10,6,AND,0.4610504245389292,0.0724315551193524,-0.2251538938204195,2.196573489630297,-0.0984315549256079,0.2471152691158732,0.0478158726139743,-0.1682174978861677,0.5822281329260887,0.0748021953253565,-0.2251538938204199,0.664626491041705,0.119045261142944,-0.1902284916778375
QQQ,100,0.05,52,10,8,AND,0.5224999897390757,0.0815073441671225,-0.2251538938204205,2.575293056807935,-0.098431554925609,0.312256527106543,0.0550348100861708,-0.1521738805979634,0.655152682900594,0.0856224879913736,-0.2251538938204195,0.7757782244737303,0.1394712874389196,-0.1857822169637423
QQQ,100,0.05,52,12,2,AND,0.4918770165060154,0.0764573525757417,-0.2251538938204182,1.51487826871055,-0.0984315549256067,0.2227834554601089,0.0452867842291704,-0.1883236249275969,0.6574690963072175,0.0858980880667323,-0.2251538938204195,0.7700019594176882,0.1355993030100686,-0.1557891892939206
QQQ,100,0.05,52,12,4,AND,0.5278190826403919,0.0822734998027738,-0.2251538938204187,1.51487826871055,-0.0984315549256072,0.2748250563701915,0.0509399244833028,-0.1514025082993515,0.6668416154664392,0.0878474724976334,-0.2251538938204194,0.8056883566579571,0.1444204797556239,-0.1990178876437652
QQQ,100,0.05,52,12,6,AND,0.5463316714631261,0.0853655528969847,-0.2251538938204186,1.51487826871055,-0.0984315549256089,0.2746220704803484,0.0510265138701826,-0.1494872013587289,0.6910625635098551,0.0913638272775427,-0.2251538938204194,0.8454075750333406,0.1530021558663796,-0.1990440614193462
QQQ,100,0.05,52,12,8,AND,0.5554929121489992,0.0872790491816033,-0.2262671162678035,1.5906221821460775,-0.0984315549256079,0.3353652490587929,0.0577654270707723,-0.1494872013587312,0.7007656717999747,0.0929102689431213,-0.2251538938204194,0.8234232922556995,0.1511945602797901,-0.2262671162678033
QQQ,100,0.05,52,15,2,AND,0.5068402153350814,0.0811854718424092,-0.2251538938204198,1.363390441839495,-0.0984315549256086,0.1161506274620698,0.0340074172204516,-0.1680194170026329,0.6574690963072175,0.0858980880667323,-0.2251538938204195,0.8667162443891999,0.1610653166077837,-0.1831800586255272
QQQ,100,0.05,52,15,4,AND,0.5265102728004901,0.0843202896762045,-0.2251538938204189,1.363390441839495,-0.0984315549256084,0.1383562187996953,0.0364933618018421,-0.1652050392867594,0.6668416154664392,0.0878474724976334,-0.2251538938204194,0.8889009903253567,0.1657842499521453,-0.1831800586255272
QQQ,100,0.05,52,15,6,AND,0.5445110760544791,0.0871615412457424,-0.2251538938204191,1.363390441839495,-0.0984315549256077,0.1431208606928669,0.0370474556195563,-0.1654053094726272,0.6910625635098551,0.0913638272775427,-0.2251538938204194,0.9256202142569429,0.17327535520765,-0.1831800586255272
QQQ,100,0.05,52,15,8,AND,0.5617735997970074,0.0898139379517373,-0.225153893820419,1.363390441839495,-0.0984315549256074,0.201552434762468,0.0436967386738711,-0.1532253131886733,0.7007656717999747,0.0929102689431213,-0.2251538938204194,0.9256303984861124,0.1735317265680427,-0.183180058625527
QQQ,100,0.05,52,18,2,AND,0.5165769823658298,0.082911267642292,-0.2251538938204188,1.363390441839495,-0.1079179789245259,0.1437546511611666,0.0371468420980871,-0.1749594669874162,0.6641277869793466,0.0872724320896349,-0.2251538938204194,0.8667162443891999,0.1610653166077837,-0.1831800586255272
QQQ,100,0.05,52,18,4,AND,0.5224423657208195,0.0839173282202752,-0.2251538938204191,1.363390441839495,-0.1079179789245259,0.1287595173599386,0.0354479833538998,-0.1749594669874162,0.6668416154664392,0.0878474724976334,-0.2251538938204194,0.8889009903253567,0.1657842499521453,-0.1831800586255272
QQQ,100,0.05,52,18,6,AND,0.5345202172420602,0.0858420381893949,-0.225153893820419,1.363390441839495,-0.1079179789245259,0.1127508931998622,0.0336339361459878,-0.1749594669874162,0.6910625635098551,0.0913638272775427,-0.2251538938204194,0.9256202142569429,0.17327535520765,-0.1831800586255272
QQQ,100,0.05,52,18,8,AND,0.5484097566242231,0.0879742813046167,-0.2251538938204195,1.363390441839495,-0.1079179789245259,0.1591221068941947,0.0389206821938752,-0.1749594669874162,0.7007656717999747,0.0929102689431213,-0.2251538938204194,0.9256303984861124,0.1735317265680427,-0.183180058625527
QQQ,150,0.01,26,8,2,AND,0.6279525857237623,0.0922342165989551,-0.2015398987568739,2.310189359783589,-0.1228856647360061,0.5901056233385362,0.0870022304571809,-0.1164993636994614,0.4933518819560279,0.0598338452318545,-0.2015398987568747,0.821741697040351,0.1355531329395931,-0.2015398987568744
QQQ,150,0.01,26,8,4,AND,0.5925030868640513,0.0904835013067071,-0.2553716665483269,3.1433724075743914,-0.0913821885804001,0.3867696141762842,0.0661376946197567,-0.2024382969384858,0.5816212411782822,0.0734783476833076,-0.2553716665483269,0.8571221393319337,0.1447950299595548,-0.1729621053801333
QQQ,150,0.01,26,8,6,AND,0.5308480347976289,0.0841366029911272,-0.2883589322191497,4.582506762849413,-0.1124017762415658,0.2361625871495569,0.0489343718548811,-0.2883589322191497,0.5157741630492978,0.066704161819771,-0.2539765949381384,0.8469325202382307,0.1467999028980919,-0.1914203927455995
QQQ,150,0.01,26,8,8,AND,0.6060321700754292,0.0968489242286696,-0.2547985683125988,7.27141568981064,-0.1044045682191004,0.2997546914187708,0.0575918864467195,-0.2547985683125988,0.6629158663285227,0.0891183274988489,-0.2391987938344302,0.92587203150952,0.1637875523140914,-0.1563232042489785
QQQ,150,0.01,26,10,2,AND,0.6356889866625254,0.096160652243993,-0.2437946887328645,2.272317403065825,-0.1223592591181419,0.6629038402830292,0.0976892375393581,-0.1144826014256544,0.5895265063284263,0.0747515263864475,-0.243794688732866,0.6503561744277935,0.1136473472270276,-0.2437946887328653
QQQ,150,0.01,26,10,4,AND,0.5945687558757086,0.0935289713849742,-0.2520240398221308,2.9540126239855726,-0.0700314106023307,0.5020383797832696,0.0824531155704582,-0.2007135074119193,0.5838104577980817,0.0760536834714014,-0.2520240398221324,0.719887923863709,0.1274428257565469,-0.1950767354835682
QQQ,150,0.01,26,10,6,AND,0.5586350090083267,0.0906392287195807,-0.2901478532482674,3.408476104598737,-0.1891439854902918,0.335689193713126,0.06282438415329,-0.2901478532482674,0.6163030791425916,0.0829375257139193,-0.253976594938138,0.767180292008913,0.1378492712302474,-0.1819161824663741
QQQ,150,0.01,26,10,8,AND,0.603334338895666,0.0986567576908079,-0.2442860579441702,4.24165915238954,-0.1618877659509872,0.4048385945375896,0.0726086776466776,-0.2442860579441702,0.6752205067080393,0.0928586547917516,-0.2391987938344312,0.8451485250111859,0.1541237465246951,-0.1809856005635732
QQQ,150,0.01,26,12,2,AND,0.6842349434142811,0.1070472195125369,-0.1959717115765759,2.272317403065825,-0.0860323440971042,0.5386436115708227,0.0861306279897806,-0.1431943720690728,0.7459263622316186,0.1018199872445639,-0.1959717115765754,0.8808428642696737,0.1558459622138814,-0.1568109986260893
QQQ,150,0.01,26,12,4,AND,0.6617939831676565,0.1065764344444759,-0.2520240398221308,2.6510369702434624,-0.1142708803190795,0.4616313094257753,0.0792638044159896,-0.1785692020292267,0.7037843867491371,0.0966730929485573,-0.2520240398221305,0.91931939394312,0.1663648904198993,-0.1990178876437648
QQQ,150,0.01,26,12,6,AND,0.6328915843609069,0.1034404138963867,-0.2869347789304841,2.878268710550045,-0.2093542919532991,0.3647006689472767,0.0674362726903541,-0.2869347789304841,0.7286313348463199,0.1007944979663906,-0.2539765949381378,0.9181880900587452,0.1677156366934085,-0.1990440614193463
QQQ,150,0.01,26,12,8,AND,0.624275966670262,0.1033445962305612,-0.2443615880166798,3.181244364292155,-0.1827774242841853,0.3953294093896085,0.0719111963652838,-0.2443615880166798,0.697645713028228,0.0967829130830599,-0.2391987938344304,0.9056997131070056,0.1690439515022919,-0.2291861489826612
QQQ,150,0.01,26,15,2,AND,0.6459781014552408,0.1051280400740666,-0.201592626402185,2.499549143372408,-0.0860323440971034,0.4241945211938419,0.0736959930308851,-0.151504839082553,0.6787199203711763,0.0923503241968815,-0.2015926264021853,0.9294462637769306,0.1736337401810166,-0.183180058625527
QQQ,150,0.01,26,15,4,AND,0.5735020737963853,0.0959272692818533,-0.2520240398221322,3.0297565374211,-0.1661793130232403,0.2312045433821604,0.0496764030174914,-0.2365823146161479,0.637252559346073,0.0871802947843936,-0.2520240398221312,0.9483040649849857,0.1783303932263771,-0.1831800586255272
QQQ,150,0.01,26,15,6,AND,0.5899445121654249,0.0991459573489352,-0.2635210995854341,3.0297565374211,-0.1833932374287512,0.2481539666986069,0.0523152166227864,-0.2635210995854341,0.6622798200308996,0.0912660249359078,-0.253976594938138,0.9656840402205884,0.1821543367990739,-0.1831800586255272
QQQ,150,0.01,26,15,8,AND,0.5929434238489374,0.100177896834334,-0.2443615880166793,3.105500450856628,-0.1827774242841855,0.2460561453021313,0.0521001357846975,-0.2443615880166793,0.6705992226857544,0.0929577316216221,-0.239198793834431,0.97525089584671,0.1856164073525679,-0.1831800586255271
QQQ,150,0.01,26,18,2,AND,0.6370275424645638,0.1045255894542094,-0.239198793834431,2.802524797114517,-0.1079179789245259,0.4269724749822319,0.0745637701281816,-0.1749594669874162,0.6525782688121415,0.0899180448549696,-0.239198793834431,0.9294462637769306,0.1736337401810166,-0.183180058625527
QQQ,150,0.01,26,18,4,AND,0.5815804812097989,0.0976852181627812,-0.2421773318723066,3.105500450856628,-0.1661793130232421,0.2483761927755996,0.0522735429961382,-0.2421773318723066,0.6466559181269236,0.0891733159512329,-0.239198793834431,0.9483040649849857,0.1783303932263771,-0.1831800586255272
QQQ,150,0.01,26,18,6,AND,0.5879833807969512,0.0991371942768108,-0.2635210995854365,3.105500450856628,-0.1833932374287522,0.24872033480192,0.0525528824062082,-0.2635210995854365,0.658654593744029,0.0910029787848931,-0.239198793834431,0.9656840402205884,0.1821543367990739,-0.1831800586255272
QQQ,150,0.01,26,18,8,AND,0.5920241113520648,0.1002303244259881,-0.2443615880166795,3.105500450856628,-0.1827774242841847,0.2460312915757256,0.0522362524494453,-0.2443615880166795,0.6705992226857544,0.0929577316216221,-0.239198793834431,0.97525089584671,0.1856164073525679,-0.1831800586255271
QQQ,150,0.01,39,8,2,AND,0.555666640639109,0.0814893023103111,-0.2232497512415789,2.310189359783589,-0.1228856647360061,0.4627283140421622,0.0702398886669568,-0.1452719532497931,0.4546824081986734,0.0547971895529415,-0.2232497512415786,0.7628293526307574,0.1253664936102041,-0.2232497512415792
QQQ,150,0.01,39,8,4,AND,0.5896145895427625,0.088341705480597,-0.2574684002581828,2.916140667267809,-0.0913821885803992,0.4480341000051234,0.0702109263310619,-0.2083176603582457,0.5610882811337637,0.0706686480845943,-0.2574684002581825,0.807148573181052,0.1358454209572521,-0.1729621053801329
QQQ,150,0.01,39,8,6,AND,0.5536426520887854,0.0856608985245428,-0.2539765949381389,4.279531109107304,-0.0970983736492144,0.3447307493717866,0.0600752384946392,-0.2341479517953524,0.5157741630492978,0.066704161819771,-0.2539765949381384,0.806708158816196,0.1392769004075804,-0.1914203927455995
QQQ,150,0.01,39,8,8,AND,0.6382103682347812,0.0996618345562017,-0.2391987938344305,6.816952209197475,-0.1039894916131634,0.3976356084315917,0.0673766908842878,-0.2131837994511357,0.6629158663285227,0.0891183274988489,-0.2391987938344302,0.915259031058247,0.1612305324143923,-0.1563232042489785
QQQ,150,0.01,39,10,2,AND,0.5660891945911577,0.0853771114283419,-0.2643556481724165,2.272317403065825,-0.1223592591181432,0.5431479957485275,0.0807620945551659,-0.1424032265911783,0.5525402777393928,0.0696439773086856,-0.2643556481724155,0.5922907066282255,0.103657216833952,-0.2643556481724168
QQQ,150,0.01,39,10,4,AND,0.5766600571647057,0.0889728283000652,-0.2541301998209017,2.802524797114517,-0.0700314106023315,0.5217722462908683,0.0800914460690496,-0.2056605342214358,0.5639986132311785,0.0732372432430836,-0.2541301998209021,0.6708788691943214,0.1186288702458138,-0.2074272994504484
QQQ,150,0.01,39,10,6,AND,0.5950793492810585,0.0940719727131622,-0.2539765949381384,3.181244364292155,-0.0825109341152151,0.4906016752227787,0.079191334910617,-0.1960417699416489,0.6163030791425916,0.0829375257139193,-0.253976594938138,0.7277595643416542,0.1303849848454472,-0.1819161824663741
QQQ,150,0.01,39,10,8,AND,0.6452611049371235,0.1030278098781696,-0.2391987938344313,4.090171325518485,-0.0825109341152147,0.5379139545788243,0.0860373453566099,-0.151504839082553,0.6752205067080393,0.0928586547917516,-0.2391987938344312,0.837521279861984,0.1522547785374033,-0.1809856005635735
QQQ,150,0.01,39,12,2,AND,0.6185239260557123,0.0961565814915241,-0.1959717115765759,2.272317403065825,-0.0860323440971038,0.4188484636399981,0.0693817269249337,-0.1820297934881968,0.7114335281505391,0.0965838005339183,-0.1959717115765754,0.8269887117908474,0.1454772832011044,-0.1797370143506732
QQQ,150,0.01,39,12,4,AND,0.6596006364161577,0.1037272855878057,-0.2520240398221315,2.499549143372408,-0.0850744367281484,0.5081879329214343,0.0803988717615611,-0.1578736482439742,0.6926985587515666,0.0949759575135011,-0.2520240398221305,0.8734508084058383,0.1572466557577168,-0.1990178876437648
QQQ,150,0.01,39,12,6,AND,0.6809656356561133,0.1082333735646423,-0.2539765949381377,2.6510369702434624,-0.082510934115215,0.5504190478413516,0.0873865935782931,-0.1600258043194494,0.7286313348463199,0.1007944979663906,-0.2539765949381378,0.8806772727839997,0.160055427078066,-0.1990440614193463
QQQ,150,0.01,39,12,8,AND,0.6673333818241725,0.1077032613830861,-0.2391987938344304,3.0297565374211,-0.0825109341152144,0.5466384197338725,0.0875443713538177,-0.1515048390825532,0.697645713028228,0.0967829130830599,-0.2391987938344304,0.8861975865581783,0.1647486579967256,-0.2291861489826612
QQQ,150,0.01,39,15,2,AND,0.5881454876379786,0.0950035602494119,-0.201592626402185,2.499549143372408,-0.0860323440971047,0.3219323974880005,0.0590998944020932,-0.1739071470175553,0.644306326951008,0.0871591402311295,-0.2015926264021853,0.879019281669657,0.1631054934004567,-0.1831800586255271
QQQ,150,0.01,39,15,4,AND,0.6111084500897914,0.0992200777927634,-0.2520240398221302,2.72678088367899,-0.0850744367281485,0.3827414959462221,0.0668140518670026,-0.1739071470175557,0.6261914526666651,0.0854978497472747,-0.2520240398221312,0.9044298518900908,0.16911861642885,-0.1831800586255271
QQQ,150,0.01,39,15,6,AND,0.6486136505159869,0.105815149204232,-0.2539765949381379,2.72678088367899,-0.0825109341152143,0.4543062545345497,0.0769857086994603,-0.1526290118906057,0.6622798200308996,0.0912660249359078,-0.253976594938138,0.9296681756371068,0.174399409372385,-0.1831800586255272
QQQ,150,0.01,39,15,8,AND,0.6645719002971536,0.1093162591200647,-0.239198793834431,2.802524797114517,-0.082510934115213,0.443255905311388,0.0759942041299834,-0.1515048390825539,0.6705992226857544,0.0929577316216221,-0.239198793834431,0.97525089584671,0.1856164073525679,-0.1831800586255271
QQQ,150,0.01,39,18,2,AND,0.5916928245983222,0.0964348508368306,-0.2391987938344288,2.802524797114517,-0.1079179789245259,0.3491494501125349,0.0631095254494853,-0.1749594669874162,0.6329594546812465,0.0869129363757283,-0.239198793834431,0.879019281669657,0.1631054934004567,-0.1831800586255271
QQQ,150,0.01,39,18,4,AND,0.6155361169031104,0.1005162648383442,-0.2391987938344306,2.802524797114517,-0.1079179789245259,0.3882115965214468,0.0682224179158914,-0.1749594669874162,0.6356825268484572,0.0874877866523893,-0.239198793834431,0.9044298518900908,0.16911861642885,-0.1831800586255271
QQQ,150,0.01,39,18,6,AND,0.6380360652031297,0.1044670249007624,-0.2391987938344306,2.802524797114517,-0.1079179789245259,0.4260568260813756,0.0736906205907388,-0.1749594669874162,0.658654593744029,0.0910029787848931,-0.239198793834431,0.9296681756371068,0.174399409372385,-0.1831800586255272
QQQ,150,0.01,39,18,8,AND,0.6517664340080114,0.1074436816471753,-0.2391987938344307,2.802524797114517,-0.1079179789245259,0.4036836482291706,0.0710703513472266,-0.1749594669874162,0.6705992226857544,0.0929577316216221,-0.239198793834431,0.97525089584671,0.1856164073525679,-0.1831800586255271
QQQ,150,0.01,52,8,2,AND,0.4926740478317352,0.0726499650781105,-0.2232497512415786,2.310189359783589,-0.1228856647360059,0.2489897188878084,0.0466584721013776,-0.1583163541450111,0.4546824081986734,0.0547971895529415,-0.2232497512415786,0.7628293526307574,0.1253664936102041,-0.2232497512415792
QQQ,150,0.01,52,8,4,AND,0.5144814303834945,0.0772663834820106,-0.2574684002581833,2.916140667267809,-0.0913821885804,0.1925281166228709,0.0415600373218278,-0.2083176603582465,0.5610882811337637,0.0706686480845943,-0.2574684002581825,0.807029665703,0.1351455514205002,-0.1729621053801329
QQQ,150,0.01,52,8,6,AND,0.4891743531118487,0.0757352520379632,-0.2539765949381386,4.1280432822362485,-0.0970983736492151,0.0965414956369992,0.0318855639596535,-0.2341479517953528,0.5157741630492978,0.066704161819771,-0.2539765949381384,0.823838969125677,0.1415203585727873,-0.1914203927455995
QQQ,150,0.01,52,8,8,AND,0.584240226900288,0.0903429948213567,-0.2391987938344311,6.135256988277727,-0.1039894916131634,0.1971585591550144,0.0427590320236697,-0.2131837994511352,0.6629158663285227,0.0891183274988489,-0.2391987938344302,0.922840684050979,0.1614906587321989,-0.1563232042489785
QQQ,150,0.01,52,10,2,AND,0.5056381509387157,0.0765059979632964,-0.2643556481724162,2.272317403065825,-0.122359259118143,0.3425840134934133,0.0569488341545112,-0.1554914084536141,0.5525402777393928,0.0696439773086856,-0.2643556481724155,0.5922907066282255,0.103657216833952,-0.2643556481724168
QQQ,150,0.01,52,10,4,AND,0.5037999115307507,0.0778910837887592,-0.254130199820901,2.802524797114517,-0.0700314106023317,0.2797981454288051,0.0511760431519472,-0.2056605342214383,0.5639986132311785,0.0732372432430836,-0.2541301998209021,0.6697274355035474,0.1179396089653861,-0.2074272994504484
QQQ,150,0.01,52,10,6,AND,0.5147233114139497,0.0812605186411348,-0.2539765949381379,3.181244364292155,-0.0825109341152143,0.1989489592090763,0.0431202565672246,-0.1960417699416474,0.6163030791425916,0.0829375257139193,-0.253976594938138,0.7436565242982989,0.1326109330966334,-0.1819161824663741
QQQ,150,0.01,52,10,8,AND,0.5839886177890566,0.0921916010269257,-0.2391987938344313,3.8629395852119024,-0.0825109341152139,0.3151526751842506,0.0564212528231722,-0.152173880597963,0.6752205067080393,0.0928586547917516,-0.2391987938344312,0.850977411993219,0.1532058491121877,-0.1809856005635735
QQQ,150,0.01,52,12,2,AND,0.5616059352051652,0.0871973641766588,-0.195971711576576,2.272317403065825,-0.0860323440971045,0.2241705569515197,0.045819218895406,-0.1945132159459646,0.7114335281505391,0.0965838005339183,-0.1959717115765754,0.8269887117908474,0.1454772832011044,-0.1797370143506732
QQQ,150,0.01,52,12,4,AND,0.5906907141345147,0.0924953948820161,-0.2520240398221315,2.499549143372408,-0.0850744367281484,0.2747363760625159,0.0514752386730246,-0.1578736482439755,0.6926985587515666,0.0949759575135011,-0.2520240398221305,0.8732893951403209,0.1565335995038204,-0.1990178876437648
QQQ,150,0.01,52,12,6,AND,0.6036662223130886,0.0952560911548738,-0.253976594938137,2.6510369702434624,-0.0825109341152147,0.267483169466827,0.0510415954878795,-0.160025804319448,0.7286313348463199,0.1007944979663906,-0.2539765949381378,0.896748204042777,0.1623398022102569,-0.1990440614193463
QQQ,150,0.01,52,12,8,AND,0.6070533276462511,0.096722444118199,-0.2391987938344307,2.9540126239855726,-0.0825109341152147,0.3373317672395519,0.0591554581671807,-0.1515048390825532,0.697645713028228,0.0967829130830599,-0.2391987938344304,0.8912644785336583,0.1640718980259341,-0.2291861489826612
QQQ,150,0.01,52,15,2,AND,0.5332175151347236,0.0860537669238301,-0.2015926264021853,2.499549143372408,-0.0860323440971035,0.1312653908759952,0.0357639338768651,-0.1865145329480253,0.644306326951008,0.0871591402311295,-0.2015926264021853,0.879019281669657,0.1631054934004567,-0.1831800586255271
QQQ,150,0.01,52,15,4,AND,0.5436469094817448,0.0880340539111461,-0.2520240398221322,2.72678088367899,-0.0850744367281491,0.1528239377297723,0.0382541014483339,-0.1739071470175537,0.6261914526666651,0.0854978497472747,-0.2520240398221312,0.9042189387108802,0.1683982450742702,-0.1831800586255271
QQQ,150,0.01,52,15,6,AND,0.57277143588249,0.0928661839171955,-0.2539765949381387,2.72678088367899,-0.0825109341152139,0.1755638365065492,0.0409883515890734,-0.1526290118906061,0.6622798200308996,0.0912660249359078,-0.253976594938138,0.9451780574388382,0.1767120306001375,-0.1831800586255272
QQQ,150,0.01,52,15,8,AND,0.5964874903438568,0.0967930452797509,-0.2391987938344306,2.802524797114517,-0.0825109341152143,0.2336636657854323,0.0479067928436323,-0.1515048390825535,0.6705992226857544,0.0929577316216221,-0.239198793834431,0.9619297544103445,0.1805738696684808,-0.1831800586255271
QQQ,150,0.01,52,18,2,AND,0.5416388226438508,0.0881069286795097,-0.2391987938344317,2.802524797114517,-0.1079179789245259,0.1779530647816413,0.0413304753561325,-0.1749594669874162,0.6329594546812465,0.0869129363757283,-0.239198793834431,0.879019281669657,0.1631054934004567,-0.1831800586255271
QQQ,150,0.01,52,18,4,AND,0.5486487421751778,0.0893170505324072,-0.2391987938344307,2.802524797114517,-0.1079179789245259,0.1634934204633693,0.0396247637713886,-0.1749594669874162,0.6356825268484572,0.0874877866523893,-0.239198793834431,0.9042189387108802,0.1683982450742702,-0.1831800586255271
QQQ,150,0.01,52,18,6,AND,0.5622479497324149,0.0915338459906995,-0.2391987938344302,2.802524797114517,-0.1079179789245259,0.1480473540433401,0.0378033990767692,-0.1749594669874162,0.658654593744029,0.0910029787848931,-0.239198793834431,0.9451780574388382,0.1767120306001375,-0.1831800586255272
QQQ,150,0.01,52,18,8,AND,0.5834427957607534,0.0949416075746536,-0.2391987938344307,2.802524797114517,-0.1079179789245259,0.1926207618484645,0.0431114707515543,-0.1749594669874162,0.6705992226857544,0.0929577316216221,-0.239198793834431,0.9619297544103445,0.1805738696684808,-0.1831800586255271
QQQ,150,0.02,26,8,2,AND,0.5874422034286892,0.0872255700137871,-0.2801179143948227,2.234445446348061,-0.1789212444497285,0.5879327441608205,0.0867502155534953,-0.1164993636994619,0.4081941142459371,0.0494222182539401,-0.2801179143948227,0.8053044221141675,0.1332175480163471,-0.2015398987568744
QQQ,150,0.02,26,8,4,AND,0.5361116465159685,0.083108128155501,-0.2742146968142347,2.9918845807033363,-0.1536676229845905,0.3700602903739349,0.0641422512623972,-0.2150709911060304,0.4745124459625466,0.0599497280349625,-0.2742146968142347,0.8316702068005313,0.1408605270361893,-0.1729621053801333
QQQ,150,0.02,26,8,6,AND,0.4824064297067685,0.0772461756975242,-0.2883589322191495,4.279531109107304,-0.1638200465253546,0.20530804970857,0.0450601254594063,-0.2883589322191495,0.4445780745689721,0.0569028759640195,-0.2769576148675721,0.8506638092972086,0.1464651784664137,-0.1723645117431288
QQQ,150,0.02,26,8,8,AND,0.5567001217863305,0.0893797821264101,-0.2823327034868969,6.66546438232642,-0.1492325522613419,0.2148945853601154,0.0465438736530101,-0.2705800236933715,0.635287928018644,0.0849722478742098,-0.282332703486898,0.9364944540259316,0.1644885097029012,-0.1433090697327885
QQQ,150,0.02,26,10,2,AND,0.61669711268293,0.0938043566473509,-0.2112765349263199,1.969341749323715,-0.1185660919866276,0.6358213714866379,0.0947485292061209,-0.1385553718049443,0.589747116807941,0.0750625843183512,-0.2112765349263214,0.6750154887988886,0.1171201230265901,-0.1932673219254146
QQQ,150,0.02,26,10,4,AND,0.5542192796936486,0.0880522720838146,-0.2874702688112454,2.575293056807935,-0.1176422824510489,0.4639909670920796,0.077782549549336,-0.2342180701836447,0.5464265137253794,0.0714192608086972,-0.287470268811244,0.7349361114933894,0.1293945901569104,-0.1729621053801333
QQQ,150,0.02,26,10,6,AND,0.5154716232026381,0.0843832579938728,-0.2901478532482667,2.9540126239855726,-0.1891439854902913,0.2863173256503624,0.0563069444031256,-0.2901478532482667,0.5845189790455271,0.0787386189928378,-0.2882807097456556,0.7781568604472536,0.1391499822662425,-0.1819161824663741
QQQ,150,0.02,26,10,8,AND,0.5418538938684849,0.0892032207562878,-0.2882807097456555,3.63570784490532,-0.1877234864790721,0.2870950910529798,0.0565987335168223,-0.2675817615658757,0.6542988760265445,0.0897287293485882,-0.2882807097456555,0.8456103961450914,0.1533749111630979,-0.1809856005635735
QQQ,150,0.02,26,12,2,AND,0.6606958640880859,0.1037748079259548,-0.2372597148630453,1.7421100090171324,-0.151200180762653,0.4501682772530087,0.0749681023218729,-0.2372597148630453,0.7845038112582884,0.1080092741600142,-0.2241329358288524,0.9111871970860792,0.1604196628349852,-0.1349237851706873
QQQ,150,0.02,26,12,4,AND,0.6178499665751123,0.1001704895948756,-0.2874702688112445,2.0450856627592424,-0.1503105742253051,0.37854231464859,0.0681718513775837,-0.2342180701836457,0.6944368585093993,0.0960801045355264,-0.2874702688112441,0.9400828659302064,0.1693608367972434,-0.1990178876437643
QQQ,150,0.02,26,12,6,AND,0.5942147213892686,0.0977252595971238,-0.2903969605389522,2.196573489630297,-0.2131931540213554,0.27778118374867,0.055592817658493,-0.2903969605389522,0.7190628231560325,0.1000535967820961,-0.2882807097456561,0.95441498646869,0.1737169451632665,-0.1990440614193462
QQQ,150,0.02,26,12,8,AND,0.5670928528449751,0.0945017694625316,-0.288280709745656,2.3480613165013526,-0.211814785572785,0.275541485548141,0.0553833962913208,-0.2712107552133684,0.6660410597560873,0.0924564093403761,-0.2882807097456552,0.9306661477159164,0.17294883781879,-0.2291861489826615
QQQ,150,0.02,26,15,2,AND,0.62652839718682,0.1023111454169214,-0.2536238950218558,1.81785392245266,-0.1512001807626536,0.3285596252309304,0.0611825814425133,-0.2536238950218558,0.722448888343658,0.0992261876074429,-0.2351470520746856,0.968304302594709,0.1803583286735079,-0.1831800586255273
QQQ,150,0.02,26,15,4,AND,0.5312916399767288,0.0895373170007143,-0.2874702688112451,2.272317403065825,-0.1958064345163603,0.121473460878407,0.0346405024087703,-0.2536238950218552,0.6340007020961141,0.087391579402029,-0.2874702688112446,0.9869024886739663,0.1850818922088626,-0.1831800586255271
QQQ,150,0.02,26,15,6,AND,0.5464073682111595,0.0924401470878983,-0.2896894955013662,2.272317403065825,-0.2124087177888303,0.1404458582608456,0.0372415168037756,-0.2896894955013662,0.6586820209964734,0.0913335741448035,-0.288280709745656,1.0005820815875686,0.188229850914994,-0.1831800586255272
QQQ,150,0.02,26,15,8,AND,0.5489860121465835,0.0932116864127121,-0.2882807097456559,2.272317403065825,-0.2118147855727831,0.1381805345001797,0.0369294928265404,-0.2712107552133673,0.6660410597560873,0.0924564093403761,-0.2882807097456552,0.9998988776945524,0.1895766496340809,-0.1831800586255272
QQQ,150,0.02,26,18,2,AND,0.6045107727425834,0.0996137272549193,-0.288280709745656,1.969341749323715,-0.1503105742253067,0.3319546811737001,0.0619378086425375,-0.2536238950218559,0.6600007344558175,0.0913700300650635,-0.2882807097456552,0.968304302594709,0.1803583286735079,-0.1831800586255273
QQQ,150,0.02,26,18,4,AND,0.5431302521941621,0.0917154881524588,-0.2882807097456554,2.272317403065825,-0.1958064345163612,0.1394622611613739,0.0371003996116421,-0.253623895021855,0.6540951804135999,0.0906243090359477,-0.2882807097456552,0.9869024886739663,0.1850818922088626,-0.1831800586255271
QQQ,150,0.02,26,18,6,AND,0.5482516491625725,0.0929170854747027,-0.2896894955013651,2.272317403065825,-0.212408717788829,0.1413583880244995,0.037375711117608,-0.2896894955013651,0.6660410597560873,0.0924564093403761,-0.2882807097456552,1.0005820815875686,0.188229850914994,-0.1831800586255272
QQQ,150,0.02,26,18,8,AND,0.5481927615631974,0.0932637820383845,-0.2882807097456555,2.272317403065825,-0.2118147855727844,0.1391147883277777,0.0370636467719125,-0.2712107552133688,0.6660410597560873,0.0924564093403761,-0.2882807097456552,0.9998988776945524,0.1895766496340809,-0.1831800586255272
QQQ,150,0.02,39,8,2,AND,0.515356374856536,0.0766218784718528,-0.2801179143948245,2.234445446348061,-0.178921244449729,0.4627283140421622,0.0702398886669568,-0.1452719532497931,0.3698267300684429,0.0444350418215906,-0.2801179143948227,0.7462976024398772,0.1230518603804948,-0.2232497512415792
QQQ,150,0.02,39,8,4,AND,0.5339651687267263,0.0813054467844958,-0.2762583720854317,2.764652840396754,-0.1536676229845914,0.4320136879750695,0.0684555742572465,-0.2208572304456135,0.4586747813552821,0.0577763174863781,-0.276258372085431,0.7815347565470856,0.1319416766080079,-0.1729621053801329
QQQ,150,0.02,39,8,6,AND,0.5014036059975489,0.078431813490154,-0.2769576148675716,3.976555455365194,-0.1638200465253556,0.3037455213279301,0.0552856922257158,-0.2671468487719,0.4445780745689721,0.0569028759640195,-0.2769576148675721,0.810189230719602,0.1389443717667513,-0.1723645117431288
QQQ,150,0.02,39,8,8,AND,0.5909096237787028,0.0926710673728399,-0.2877479227760615,6.286744815148783,-0.1492325522613433,0.3169311969518816,0.057533215544868,-0.2877479227760615,0.635287928018644,0.0849722478742098,-0.282332703486898,0.925892105547666,0.1619299496922186,-0.1291082363275594
QQQ,150,0.02,39,10,2,AND,0.5476483261447879,0.0831365023170249,-0.2152021028973402,1.969341749323715,-0.1185660919866296,0.5172781315683256,0.0781166888650135,-0.1757442762783,0.5529219958283261,0.069953556997838,-0.215202102897339,0.616920343769667,0.1070988396090397,-0.2152021028973395
QQQ,150,0.02,39,10,4,AND,0.5373627960606918,0.0838443383022671,-0.2894766188781735,2.42380522993688,-0.1176422824510494,0.4816074678582601,0.0756804601932523,-0.2486348261960506,0.5310752864095228,0.0692223321602831,-0.2894766188781726,0.6857976079893092,0.1205653764315708,-0.1729621053801335
QQQ,150,0.02,39,10,6,AND,0.5507781052198453,0.0878509310753119,-0.2882807097456555,2.72678088367899,-0.1503105742253082,0.4372665951444009,0.0727197427538342,-0.2536238950218563,0.5845189790455271,0.0787386189928378,-0.2882807097456556,0.7386264910659441,0.131677163222573,-0.1819161824663739
QQQ,150,0.02,39,10,8,AND,0.5905629624415587,0.0948341647765806,-0.2882807097456566,3.484220018034265,-0.1503105742253064,0.4371207056397028,0.073276571100459,-0.2536238950218559,0.6542988760265445,0.0897287293485882,-0.2882807097456555,0.8379573621641373,0.1515071558268088,-0.1809856005635732
QQQ,150,0.02,39,12,2,AND,0.5953584852692657,0.0930097119626065,-0.2701875139037929,1.7421100090171324,-0.1512001807626541,0.3281475364096938,0.0586367738271311,-0.2701875139037929,0.7502280981190466,0.1027436740585512,-0.2241329358288524,0.8573939521682759,0.1500099547965505,-0.1349237851706874
QQQ,150,0.02,39,12,4,AND,0.6147932742607513,0.097431561574278,-0.2874702688112444,1.8935978358881875,-0.1503105742253054,0.4182516780079036,0.0695432203961885,-0.2486348261960506,0.6834491661540408,0.0943838867683288,-0.2874702688112441,0.894161692573285,0.1602191808692732,-0.1990178876437652
QQQ,150,0.02,39,12,6,AND,0.6424799812097663,0.1027520030693813,-0.2882807097456566,1.969341749323715,-0.1503105742253079,0.4599754003276723,0.0760066926392593,-0.2536238950218563,0.7190628231560325,0.1000535967820961,-0.2882807097456561,0.9170212378135764,0.1660173669898599,-0.1990440614193462
QQQ,150,0.02,39,12,8,AND,0.617910748555101,0.1003320852030964,-0.288280709745656,2.196573489630297,-0.1503105742253064,0.446601474523184,0.0747658897705378,-0.2536238950218573,0.6660410597560873,0.0924564093403761,-0.2882807097456552,0.9112087048202908,0.16863919700591,-0.2291861489826615
QQQ,150,0.02,39,15,2,AND,0.568829794816015,0.0922673134382201,-0.2735307516288682,1.81785392245266,-0.1512001807626544,0.2225138073167472,0.046899286809108,-0.2735307516288682,0.6882550362553722,0.0940023274286692,-0.2351470520746856,0.9180422305881424,0.1697697580246724,-0.1831800586255272
QQQ,150,0.02,39,15,4,AND,0.574648195357182,0.0939552315125746,-0.2874702688112449,1.969341749323715,-0.1503105742253054,0.2839904942191661,0.0545245788056729,-0.2735307516288674,0.6230384929816462,0.0857088073954477,-0.2874702688112446,0.9431430914986304,0.1758173345427167,-0.1831800586255272
QQQ,150,0.02,39,15,6,AND,0.6107580485265436,0.1002195084450328,-0.288280709745656,1.969341749323715,-0.1503105742253067,0.3583658055798073,0.0645790602949549,-0.2536238950218555,0.6586820209964734,0.0913335741448035,-0.288280709745656,0.9646698942688752,0.1804350681415181,-0.1831800586255272
QQQ,150,0.02,39,15,8,AND,0.6262265795467982,0.1033910162062228,-0.2882807097456551,1.969341749323715,-0.1503105742253062,0.3466191815006865,0.0633514352615511,-0.2536238950218553,0.6660410597560873,0.0924564093403761,-0.2882807097456552,0.9998988776945524,0.1895766496340809,-0.1831800586255272
QQQ,150,0.02,39,18,2,AND,0.5587707629931306,0.0915589684224893,-0.2882807097456561,1.969341749323715,-0.1503105742253062,0.2501662977593242,0.0506181496033171,-0.2536238950218559,0.6404703282007607,0.088360918190258,-0.2882807097456552,0.9180422305881424,0.1697697580246724,-0.1831800586255272
QQQ,150,0.02,39,18,4,AND,0.5827634748875209,0.0956222322395747,-0.2882807097456555,1.969341749323715,-0.1503105742253071,0.2897787284830114,0.0556709663579264,-0.2536238950218553,0.643171132283107,0.0889365342805539,-0.2882807097456552,0.9431430914986304,0.1758173345427167,-0.1831800586255272
QQQ,150,0.02,39,18,6,AND,0.6038632588491925,0.0993115221646032,-0.2882807097456558,1.969341749323715,-0.1503105742253065,0.3292472754569073,0.061074918479864,-0.2536238950218549,0.6660410597560873,0.0924564093403761,-0.2882807097456552,0.9646698942688752,0.1804350681415181,-0.1831800586255272
QQQ,150,0.02,39,18,8,AND,0.6135106919751926,0.1015284408191325,-0.288280709745656,1.969341749323715,-0.1503105742253067,0.3075920573802865,0.0584854370029508,-0.2536238950218568,0.6660410597560873,0.0924564093403761,-0.2882807097456552,0.9998988776945524,0.1895766496340809,-0.1831800586255272
QQQ,150,0.02,52,8,2,AND,0.4520377281427087,0.0678223241581408,-0.280117914394825,2.234445446348061,-0.1789212444497292,0.2489897188878084,0.0466584721013776,-0.1583163541450111,0.3698267300684429,0.0444350418215906,-0.2801179143948227,0.7462976024398772,0.1230518603804948,-0.2232497512415792
QQQ,150,0.02,52,8,4,AND,0.4582763686352787,0.0703017280611786,-0.2762583720854321,2.764652840396754,-0.1536676229845894,0.175569960244632,0.0398516782250055,-0.2208572304456145,0.4586747813552821,0.0577763174863781,-0.276258372085431,0.7812436471532654,0.1312442124265087,-0.1729621053801329
QQQ,150,0.02,52,8,6,AND,0.4359212240267543,0.0685722588583792,-0.2769576148675714,3.8250676284941383,-0.1638200465253559,0.0517687351385528,0.0272233819999683,-0.2671468487719012,0.4445780745689721,0.0569028759640195,-0.2769576148675721,0.8275173998305562,0.1411871751182829,-0.1723645117431288
QQQ,150,0.02,52,8,8,AND,0.5357433719236334,0.0834114693402694,-0.2877479227760618,5.605049594229035,-0.1492325522613422,0.1084216498472806,0.0331425836747945,-0.2877479227760618,0.635287928018644,0.0849722478742098,-0.282332703486898,0.9336875707155604,0.162190232685927,-0.1291082363275594
QQQ,150,0.02,52,10,2,AND,0.4871482732383394,0.0742837020239166,-0.2152021028973393,1.969341749323715,-0.1185660919866269,0.3161213215834859,0.0543617167175116,-0.1883236249275969,0.5529219958283261,0.069953556997838,-0.215202102897339,0.616920343769667,0.1070988396090397,-0.2152021028973395
QQQ,150,0.02,52,10,4,AND,0.4642070595717669,0.0728147829865111,-0.2894766188781733,2.42380522993688,-0.1176422824510499,0.2384427709459844,0.0468831449013462,-0.2486348261960491,0.5310752864095228,0.0692223321602831,-0.2894766188781726,0.6847509207784332,0.1198749219415196,-0.1729621053801335
QQQ,150,0.02,52,10,6,AND,0.4697719999225511,0.075112324668896,-0.2882807097456559,2.72678088367899,-0.1503105742253064,0.1421684642643543,0.0368649720290652,-0.2536238950218564,0.5845189790455271,0.0787386189928378,-0.2882807097456556,0.7546840132199379,0.1339056560247193,-0.1819161824663739
QQQ,150,0.02,52,10,8,AND,0.5279079383343861,0.0840784507676053,-0.288280709745655,3.2569882777276824,-0.1503105742253073,0.2057468802509319,0.0440084631669843,-0.2536238950218556,0.6542988760265445,0.0897287293485882,-0.2882807097456555,0.8515819915749401,0.1524576093141449,-0.1809856005635733
QQQ,150,0.02,52,12,2,AND,0.5382620908543015,0.0840762149585501,-0.2813255205284389,1.7421100090171324,-0.151200180762654,0.1282909554408472,0.0353110175928412,-0.2813255205284389,0.7502280981190466,0.1027436740585512,-0.2241329358288524,0.8573939521682759,0.1500099547965505,-0.1349237851706874
QQQ,150,0.02,52,12,4,AND,0.5454037809010671,0.0862637382200497,-0.2874702688112439,1.8935978358881875,-0.1503105742253062,0.1793017523598252,0.0409102067124256,-0.2486348261960491,0.6834491661540408,0.0943838867683288,-0.2874702688112441,0.8941374436481148,0.1595042930459269,-0.1990178876437652
QQQ,150,0.02,52,12,6,AND,0.5646829111957364,0.0898389068631742,-0.2882807097456569,1.969341749323715,-0.1503105742253062,0.1700795899752906,0.04004205833146,-0.2536238950218564,0.7190628231560325,0.1000535967820961,-0.2882807097456561,0.9333386521161352,0.168313482343213,-0.1990440614193462
QQQ,150,0.02,52,12,8,AND,0.5565183621408237,0.0894243394380245,-0.2882807097456562,2.12082957619477,-0.1503105742253059,0.2288464339306335,0.0467105420124758,-0.2536238950218556,0.6660410597560873,0.0924564093403761,-0.2882807097456552,0.9166648040284672,0.1679601764950027,-0.2291861489826615
QQQ,150,0.02,52,15,2,AND,0.5137942074165714,0.0833398842805157,-0.2846177355529738,1.81785392245266,-0.1512001807626535,0.0266179008300119,0.0238321516314017,-0.2846177355529738,0.6882550362553722,0.0940023274286692,-0.2351470520746856,0.9180422305881424,0.1697697580246724,-0.1831800586255272
QQQ,150,0.02,52,15,4,AND,0.5068906799119741,0.0828227844327398,-0.2874702688112441,1.969341749323715,-0.1503105742253071,0.0484728382796595,0.0262936329972156,-0.2735307516288691,0.6230384929816462,0.0857088073954477,-0.2874702688112446,0.9431394151334608,0.1750928356645698,-0.1831800586255272
QQQ,150,0.02,52,15,6,AND,0.53445232933369,0.0873360674529035,-0.288280709745656,1.969341749323715,-0.1503105742253077,0.0727416783744074,0.0289963851525389,-0.253623895021856,0.6586820209964734,0.0913335741448035,-0.288280709745656,0.9803998472720008,0.1827595747572241,-0.1831800586255272
QQQ,150,0.02,52,15,8,AND,0.5572086441869455,0.090934693194792,-0.2882807097456569,1.969341749323715,-0.1503105742253067,0.1294541241423302,0.0355940468021291,-0.2536238950218543,0.6660410597560873,0.0924564093403761,-0.2882807097456552,0.9869938802779286,0.1845172686684582,-0.1831800586255272
QQQ,150,0.02,52,18,2,AND,0.508428269014449,0.0832680808132435,-0.2882807097456558,1.969341749323715,-0.1503105742253073,0.0738998520488273,0.0290950000486913,-0.2536238950218558,0.6404703282007607,0.088360918190258,-0.2882807097456552,0.9180422305881424,0.1697697580246724,-0.1831800586255272
QQQ,150,0.02,52,18,4,AND,0.515511471170926,0.0844728212138303,-0.2882807097456573,1.969341749323715,-0.1503105742253062,0.0594869415192587,0.0274093303166258,-0.2536238950218558,0.643171132283107,0.0889365342805539,-0.2882807097456552,0.9431394151334608,0.1750928356645698,-0.1831800586255272
QQQ,150,0.02,52,18,6,AND,0.5275809026231802,0.0864387135849842,-0.2882807097456558,1.969341749323715,-0.1503105742253064,0.0441144675774557,0.0256093663812029,-0.2536238950218551,0.6660410597560873,0.0924564093403761,-0.2882807097456552,0.9803998472720008,0.1827595747572241,-0.1831800586255272
QQQ,150,0.02,52,18,8,AND,0.5442598785052187,0.0890931446606615,-0.2882807097456559,1.969341749323715,-0.1503105742253074,0.0890838668046805,0.0308550690180662,-0.253623895021856,0.6660410597560873,0.0924564093403761,-0.2882807097456552,0.9869938802779286,0.1845172686684582,-0.1831800586255272
QQQ,150,0.03,26,8,2,AND,0.5766019678320533,0.085852377035835,-0.287499123710373,2.234445446348061,-0.1873400595313297,0.5542613390588255,0.0829384756846283,-0.1180441673655229,0.39927147755865,0.0483394930695093,-0.2874991237103725,0.8132731502184266,0.134480213838495,-0.2015398987568744
QQQ,150,0.03,26,8,4,AND,0.5182860258781568,0.0804809950739018,-0.2742146968142355,2.9918845807033363,-0.1650662195543424,0.3427086908344565,0.060716921032812,-0.212857150174051,0.4414766576387119,0.0553019534167957,-0.2742146968142359,0.8393845440425106,0.142131708900473,-0.1729621053801333
QQQ,150,0.03,26,8,6,AND,0.4746128206733312,0.0760240194688166,-0.2883589322191514,4.203787195671777,-0.1433660078772908,0.2045323204892446,0.0448634673753129,-0.2883589322191514,0.4142869298956312,0.0527557912753589,-0.2688236142172355,0.8270465530140843,0.1436630582337896,-0.1899890192738866
QQQ,150,0.03,26,8,8,AND,0.5687155275677465,0.0910890268485713,-0.2711296737185499,6.66546438232642,-0.1284216847151256,0.2135334108240826,0.0462658424216988,-0.2711296737185499,0.649363077440396,0.0872931956016052,-0.2592703062473643,0.938601498540222,0.166368738819832,-0.1433090697327929
QQQ,150,0.03,26,10,2,AND,0.5759413883896536,0.0887385538510983,-0.2185750882980999,1.969341749323715,-0.1304374439438512,0.6034496342819123,0.0909087355208411,-0.1494872013587317,0.5595707177565268,0.0719450712046188,-0.2185750882981019,0.611058523007412,0.1082972934878023,-0.2090026611438876
QQQ,150,0.03,26,10,4,AND,0.5292428740231342,0.0848263880279853,-0.250567385778279,2.499549143372408,-0.1295260764848043,0.4383896299022176,0.0743133130412363,-0.2320582323359065,0.5495496407555192,0.072746606711364,-0.2505673857782774,0.67198450470126,0.1204748189115518,-0.1729621053801332
QQQ,150,0.03,26,10,6,AND,0.5097372766485511,0.0836849571162128,-0.2901478532482673,2.72678088367899,-0.1891439854902917,0.2861745376761487,0.0561081699069601,-0.2901478532482673,0.6132948554348343,0.0835277014556243,-0.2505673857782792,0.7174276448287349,0.1303535458251963,-0.1855126557763353
QQQ,150,0.03,26,10,8,AND,0.5462787121580781,0.0900315569524057,-0.268133670913404,3.33273219116321,-0.1883355725482933,0.2863169177997479,0.0563180310500863,-0.268133670913404,0.7020762322778414,0.0974536472618898,-0.2505673857782786,0.792618497143923,0.1457928594319897,-0.1875111453610942
QQQ,150,0.03,26,12,2,AND,0.6442228523024769,0.1017135834889921,-0.2380255579544882,1.5906221821460775,-0.1304374439438527,0.4311626120466845,0.0724944072814586,-0.2380255579544882,0.758627074150613,0.1046460312805581,-0.2044793656853792,0.8865516070578208,0.1585259540456804,-0.15578918929392
QQQ,150,0.03,26,12,4,AND,0.6219463431972206,0.1012419324999212,-0.2505673857782781,1.81785392245266,-0.1295260764848026,0.3634372195542257,0.0660848940644349,-0.2320582323359064,0.7188711003750347,0.1006256976827755,-0.2505673857782798,0.91606397675946,0.1674525367524977,-0.1990178876437647
QQQ,150,0.03,26,12,6,AND,0.6079842041893426,0.1001448458143194,-0.2903969605389511,1.8935978358881875,-0.2131931540213543,0.287297535487326,0.0567336678107046,-0.2903969605389511,0.7464062941228125,0.1049373075306674,-0.2505673857782781,0.9317904665427718,0.1720093020293085,-0.1990440614193459
QQQ,150,0.03,26,12,8,AND,0.5996666058957361,0.0997609979378535,-0.2717599299546143,1.969341749323715,-0.2124087177888296,0.2843782893568098,0.0564421374264758,-0.2717599299546143,0.7464062941228125,0.1049373075306674,-0.2505673857782781,0.9093398157744244,0.1712423122057451,-0.2291861489826613
QQQ,150,0.03,26,15,2,AND,0.6645009241692744,0.1085712595689925,-0.2320582323359067,1.4391343552750224,-0.1304374439438526,0.3493722426027231,0.063700330536023,-0.2320582323359067,0.7726731262621567,0.1071584607639681,-0.20447936568538,0.97463558771443,0.1845061018150842,-0.1831800586255272
QQQ,150,0.03,26,15,4,AND,0.5980776372195048,0.1006691136902566,-0.2505673857782794,1.7421100090171324,-0.1931399788964719,0.176408700669083,0.0421410630702132,-0.2492653272264096,0.7328395989927584,0.1031289832373805,-0.2505673857782793,0.992981082385028,0.1892462639285896,-0.1831800586255272
QQQ,150,0.03,26,15,6,AND,0.610535556096143,0.1031989288581805,-0.2873343268978382,1.7421100090171324,-0.2097973101740919,0.18478576429165,0.0434144840421011,-0.2873343268978382,0.7602547127282165,0.1074503994987268,-0.2505673857782794,1.0075593273105352,0.1926167034022998,-0.1831800586255272
QQQ,150,0.03,26,15,8,AND,0.6099507175012427,0.1035173823375137,-0.2693453124909275,1.7421100090171324,-0.2097973101740916,0.1817519560964517,0.0430197607668192,-0.2693453124909275,0.7602547127282165,0.1074503994987268,-0.2505673857782794,1.006993223127165,0.1939684743978422,-0.1831800586255272
QQQ,150,0.03,26,18,2,AND,0.6552551353684477,0.1079545545153315,-0.2505673857782794,1.51487826871055,-0.1295260764848018,0.3422985953078242,0.0630855162532388,-0.2320582323359062,0.7531491426572992,0.1061531395980008,-0.2505673857782794,0.97463558771443,0.1845061018150842,-0.1831800586255272
QQQ,150,0.03,26,18,4,AND,0.6186696411670006,0.1044966881139366,-0.2505673857782791,1.666366095581605,-0.1931399788964712,0.2298912253869047,0.0497930436835685,-0.2492653272264096,0.7471182195611256,0.1053973174342095,-0.2505673857782794,0.992981082385028,0.1892462639285896,-0.1831800586255272
QQQ,150,0.03,26,18,6,AND,0.6237867809108222,0.1057864193484579,-0.2873343268978386,1.666366095581605,-0.2097973101740932,0.2305186790993316,0.0500717246135122,-0.2873343268978386,0.7602547127282165,0.1074503994987268,-0.2505673857782794,1.0075593273105352,0.1926167034022998,-0.1831800586255272
QQQ,150,0.03,26,18,8,AND,0.623152119067293,0.1061056197423568,-0.2693453124909291,1.666366095581605,-0.2097973101740932,0.2273637534262168,0.0496744829068276,-0.2693453124909291,0.7602547127282165,0.1074503994987268,-0.2505673857782794,1.006993223127165,0.1939684743978422,-0.1831800586255272
QQQ,150,0.03,39,8,2,AND,0.508354189528202,0.0757822812734378,-0.2874991237103741,2.234445446348061,-0.187340059531331,0.4401949635370167,0.067887365455431,-0.1452719532497931,0.3609543934458632,0.0433574620795074,-0.2874991237103725,0.7543747817374951,0.1243031992810301,-0.2232497512415792
QQQ,150,0.03,39,8,4,AND,0.5184271068166346,0.0790661526676499,-0.2762583720854322,2.764652840396754,-0.1650662195543439,0.4117623590187719,0.0660445226615773,-0.2213010272709731,0.4255518806463544,0.0531380730582904,-0.2762583720854322,0.7893286615386073,0.1332029208150182,-0.1729621053801329
QQQ,150,0.03,39,8,6,AND,0.4997433818226274,0.0781030139754657,-0.2688236142172353,3.9008115419296665,-0.1433660078772904,0.3247804287925099,0.0574678701829989,-0.2360977291242781,0.4142869298956312,0.0527557912753589,-0.2688236142172355,0.7867195871801553,0.1361606334309479,-0.1899890192738866
QQQ,150,0.03,39,8,8,AND,0.6061744687864375,0.0948055347424052,-0.2592703062473638,6.286744815148783,-0.128421684715126,0.3260682043769309,0.0583543129973007,-0.2575716181126578,0.649363077440396,0.0872931956016052,-0.2592703062473643,0.9280714566756152,0.1638060476571552,-0.1291082363275592
QQQ,150,0.03,39,10,2,AND,0.5104763902620026,0.0786416919485408,-0.2305096037144975,1.969341749323715,-0.1304374439438539,0.495686644773936,0.0757468514461823,-0.1757442762783,0.5232840778784292,0.0668508592631378,-0.2305096037144988,0.5532217717600103,0.0983551565053852,-0.2305096037144992
QQQ,150,0.03,39,10,4,AND,0.5142484508432281,0.0810150890936272,-0.2505673857782786,2.3480613165013526,-0.1295260764848045,0.4622966796130611,0.0732531050907414,-0.2490628010061238,0.5344234777222534,0.0705469563606751,-0.2505673857782774,0.62309050602204,0.1117153368525338,-0.1729621053801331
QQQ,150,0.03,39,10,6,AND,0.5480868426523053,0.0876669400344167,-0.2505673857782776,2.499549143372408,-0.129526076484803,0.4497999858203015,0.0739018848122514,-0.2320582323359057,0.6132948554348343,0.0835277014556243,-0.2505673857782792,0.6780217454904558,0.1229384313672057,-0.1855126557763359
QQQ,150,0.03,39,10,8,AND,0.5951549124100899,0.0956980638653079,-0.2505673857782783,3.181244364292155,-0.1295260764848036,0.4386845154913468,0.0730746032815434,-0.2320582323359055,0.7020762322778414,0.0974536472618898,-0.2505673857782786,0.7848127166813481,0.1439373823388317,-0.1810404874592812
QQQ,150,0.03,39,12,2,AND,0.5824968820581887,0.091496392346718,-0.2615492721696625,1.5906221821460775,-0.130437443943852,0.3197417956573934,0.0575884528744132,-0.2615492721696625,0.7244903200322714,0.0993964143413848,-0.2044793656853792,0.833358705152712,0.1481332337886813,-0.1557891892939202
QQQ,150,0.03,39,12,4,AND,0.6214200770107231,0.0988908486196147,-0.2505673857782796,1.666366095581605,-0.1295260764848045,0.4101269127740029,0.0684840992741009,-0.239741481500564,0.7079978044269664,0.0989224454699864,-0.2505673857782798,0.8706521229144505,0.1583257992499336,-0.1990178876437648
QQQ,150,0.03,39,12,6,AND,0.6596778393682634,0.1057077797862289,-0.2505673857782793,1.666366095581605,-0.1295260764848027,0.4829734500214193,0.0785596132415937,-0.2320582323359057,0.7464062941228125,0.1049373075306674,-0.2505673857782781,0.8947736617731443,0.1643209259876048,-0.1990440614193459
QQQ,150,0.03,39,12,8,AND,0.6515125954381041,0.105650893844275,-0.250567385778278,1.81785392245266,-0.1295260764848023,0.458628448045622,0.075927461551271,-0.2320582323359069,0.7464062941228125,0.1049373075306674,-0.2505673857782781,0.890018253151091,0.1669389414979143,-0.2291861489826613
QQQ,150,0.03,39,15,2,AND,0.6066896622224016,0.0983295258622678,-0.2430768149432588,1.4391343552750224,-0.1304374439438532,0.2406818540425672,0.0490178629845989,-0.2430768149432588,0.7386951822054524,0.1018969039888646,-0.20447936568538,0.9252356992712224,0.1738803229830405,-0.1831800586255272
QQQ,150,0.03,39,15,4,AND,0.6306060965569086,0.1030167248690376,-0.2505673857782784,1.51487826871055,-0.129526076484804,0.3024172601881386,0.0566585860375776,-0.2430768149432586,0.7220148537273345,0.1014218571129896,-0.2505673857782793,0.9499631255647092,0.1799491506540971,-0.1831800586255271
QQQ,150,0.03,39,15,6,AND,0.6680797501460352,0.1095973050943455,-0.2505673857782785,1.51487826871055,-0.1295260764848035,0.3797263355709198,0.0671048678335446,-0.2320582323359061,0.7602547127282165,0.1074503994987268,-0.2505673857782794,0.9722443013538996,0.1847931428951461,-0.1831800586255272
QQQ,150,0.03,39,15,8,AND,0.6770980686970202,0.1118349664988538,-0.2505673857782786,1.51487826871055,-0.1295260764848037,0.357303872395013,0.0645006706736137,-0.2320582323359069,0.7602547127282165,0.1074503994987268,-0.2505673857782794,1.006993223127165,0.1939684743978422,-0.1831800586255272
QQQ,150,0.03,39,18,2,AND,0.6104539492846327,0.0998386984535923,-0.250567385778278,1.51487826871055,-0.1295260764848037,0.2603845947329397,0.0517536232971882,-0.2320582323359062,0.7338201933626193,0.103103267917431,-0.2505673857782794,0.9252356992712224,0.1738803229830405,-0.1831800586255272
QQQ,150,0.03,39,18,4,AND,0.6340399967175717,0.1039327830769047,-0.2505673857782782,1.51487826871055,-0.1295260764848033,0.3002516772932134,0.0568119009706928,-0.2320582323359064,0.736307994653739,0.1036866809926886,-0.2505673857782794,0.9499631255647092,0.1799491506540971,-0.1831800586255271
QQQ,150,0.03,39,18,6,AND,0.6552219191619222,0.107724253202772,-0.2505673857782782,1.51487826871055,-0.1295260764848036,0.3398182036345473,0.0622216935071331,-0.2320582323359064,0.7602547127282165,0.1074503994987268,-0.2505673857782794,0.9722443013538996,0.1847931428951461,-0.1831800586255272
QQQ,150,0.03,39,18,8,AND,0.6643588647390462,0.1099581373306892,-0.2505673857782785,1.51487826871055,-0.1295260764848025,0.3178940429754388,0.0596294134034316,-0.2320582323359068,0.7602547127282165,0.1074503994987268,-0.2505673857782794,1.006993223127165,0.1939684743978422,-0.1831800586255272
QQQ,150,0.03,52,8,2,AND,0.4449911902406301,0.0669895892400647,-0.2874991237103722,2.234445446348061,-0.1873400595313286,0.2251822584572659,0.0443577838386497,-0.1583163541450111,0.3609543934458632,0.0433574620795074,-0.2874991237103725,0.7543747817374951,0.1243031992810301,-0.2232497512415792
QQQ,150,0.03,52,8,4,AND,0.4422475946709557,0.0680852217353999,-0.2762583720854313,2.764652840396754,-0.1650662195543423,0.152635613566155,0.0375051735050628,-0.2213010272709734,0.4255518806463544,0.0531380730582904,-0.2762583720854322,0.7890863169573912,0.1325046794974906,-0.1729621053801329
QQQ,150,0.03,52,8,6,AND,0.4341174463256862,0.0682464653907473,-0.2688236142172355,3.7493237150586114,-0.1433660078772899,0.0718838777932592,0.0293475311644275,-0.2360977291242753,0.4142869298956312,0.0527557912753589,-0.2688236142172355,0.8037160306025589,0.1383979550593819,-0.1899890192738866
QQQ,150,0.03,52,8,8,AND,0.5513253161669495,0.0855278486406563,-0.2592703062473647,5.605049594229035,-0.1284216847151249,0.1160799584870181,0.0339447435795472,-0.2575716181126601,0.649363077440396,0.0872931956016052,-0.2592703062473643,0.935713110007661,0.1640667509140596,-0.1291082363275592
QQQ,150,0.03,52,10,2,AND,0.4499618548293536,0.0698256290919994,-0.2305096037144987,1.969341749323715,-0.1304374439438524,0.293419728720902,0.0520440957446923,-0.1883236249275969,0.5232840778784292,0.0668508592631378,-0.2305096037144988,0.5532217717600103,0.0983551565053852,-0.2305096037144992
QQQ,150,0.03,52,10,4,AND,0.4411815121843187,0.0700143251453637,-0.250567385778279,2.3480613165013526,-0.1295260764848035,0.2168157620772631,0.0445207731398917,-0.2490628010061242,0.5344234777222534,0.0705469563606751,-0.2505673857782774,0.6216345836971398,0.1110303354575843,-0.1729621053801331
QQQ,150,0.03,52,10,6,AND,0.4672762687633003,0.0749304881414416,-0.2505673857782776,2.499549143372408,-0.1295260764848027,0.1530023979781385,0.0380076019663015,-0.232058232335907,0.6132948554348343,0.0835277014556243,-0.2505673857782792,0.6934818843151934,0.1251497159038921,-0.185512655776336
QQQ,150,0.03,52,10,8,AND,0.5327469787212029,0.0849338628618359,-0.2505673857782786,2.9540126239855726,-0.1295260764848024,0.2051249537657244,0.0438120029833626,-0.2320582323359064,0.7020762322778414,0.0974536472618898,-0.2505673857782786,0.797452106749828,0.1448815877385434,-0.1810404874592812
QQQ,150,0.03,52,12,2,AND,0.5254891473592991,0.0825752641588821,-0.2728191110053153,1.5906221821460775,-0.1304374439438532,0.1189070644648698,0.0342857950999564,-0.2728191110053153,0.7244903200322714,0.0993964143413848,-0.2044793656853792,0.833358705152712,0.1481332337886813,-0.1557891892939202
QQQ,150,0.03,52,12,4,AND,0.5525472859544805,0.0877081750819985,-0.250567385778278,1.666366095581605,-0.1295260764848035,0.1700969309012469,0.0398794395913761,-0.239741481500563,0.7079978044269664,0.0989224454699864,-0.2505673857782798,0.8704201301105151,0.1576120780643115,-0.1990178876437648
QQQ,150,0.03,52,12,6,AND,0.5825300852246906,0.0927600717824439,-0.2505673857782796,1.666366095581605,-0.1295260764848024,0.1927453223701273,0.0425096496728261,-0.232058232335907,0.7464062941228125,0.1049373075306674,-0.2505673857782781,0.9106456570457968,0.1666137007181323,-0.1990440614193459
QQQ,150,0.03,52,12,8,AND,0.5910590500644047,0.0946904219856801,-0.2505673857782792,1.7421100090171324,-0.1295260764848027,0.2400788858051676,0.0478417924920171,-0.2320582323359064,0.7464062941228125,0.1049373075306674,-0.2505673857782781,0.8949570737152315,0.1662609088953079,-0.2291861489826613
QQQ,150,0.03,52,15,2,AND,0.5523493655023798,0.0893525484197352,-0.2546285705107841,1.4391343552750224,-0.1304374439438521,0.0444418231376518,0.0259040475926255,-0.2546285705107841,0.7386951822054524,0.1018969039888646,-0.20447936568538,0.9252356992712224,0.1738803229830405,-0.1831800586255272
QQQ,150,0.03,52,15,4,AND,0.564082254259157,0.091792065062074,-0.2505673857782788,1.51487826871055,-0.129526076484802,0.0663988933982022,0.0283705101785467,-0.2430768149432588,0.7220148537273345,0.1014218571129896,-0.2505673857782793,0.9499042041506814,0.1792221058905911,-0.1831800586255271
QQQ,150,0.03,52,15,6,AND,0.5932011782002768,0.096604051206844,-0.250567385778279,1.51487826871055,-0.1295260764848034,0.0936630862359361,0.031437769661905,-0.2320582323359065,0.7602547127282165,0.1074503994987268,-0.2505673857782794,0.9876333982984176,0.1871262314090609,-0.1831800586255272
QQQ,150,0.03,52,15,8,AND,0.6096815456582078,0.0992833186471873,-0.2505673857782791,1.51487826871055,-0.1295260764848034,0.1392387473431598,0.0367132829376533,-0.2320582323359058,0.7602547127282165,0.1074503994987268,-0.2505673857782794,0.9941413874976128,0.1888904145899423,-0.1831800586255272
QQQ,150,0.03,52,18,2,AND,0.5609432749595112,0.091484922523048,-0.2505673857782791,1.51487826871055,-0.1295260764848026,0.0831665262082074,0.030207212227294,-0.2320582323359062,0.7338201933626193,0.103103267917431,-0.2505673857782794,0.9252356992712224,0.1738803229830405,-0.1831800586255272
QQQ,150,0.03,52,18,4,AND,0.5678617612132352,0.0926988011612954,-0.2505673857782796,1.51487826871055,-0.1295260764848037,0.0686196515256244,0.0285197206785792,-0.2320582323359062,0.736307994653739,0.1036866809926886,-0.2505673857782794,0.9499042041506814,0.1792221058905911,-0.1831800586255271
QQQ,150,0.03,52,18,6,AND,0.5802260360289485,0.0947529325325375,-0.2505673857782792,1.51487826871055,-0.129526076484803,0.0531025892107369,0.0267178114010742,-0.2320582323359058,0.7602547127282165,0.1074503994987268,-0.2505673857782794,0.9876333982984176,0.1871262314090609,-0.1831800586255272
QQQ,150,0.03,52,18,8,AND,0.5967067157347511,0.0974276772447486,-0.2505673857782797,1.51487826871055,-0.1295260764848028,0.0984354466700201,0.0319691834215778,-0.2320582323359062,0.7602547127282165,0.1074503994987268,-0.2505673857782794,0.9941413874976128,0.1888904145899423,-0.1831800586255272
QQQ,150,0.05,26,8,2,AND,0.5665700424632002,0.0838986873958929,-0.2407703732915526,2.158701532912534,-0.1444424702179609,0.5220661706613382,0.0792169831296654,-0.141074222120797,0.4098460893588711,0.0487109039546924,-0.2407703732915528,0.8006176886064242,0.1324798426336009,-0.2015398987568744
QQQ,150,0.05,26,8,4,AND,0.5178314413963027,0.0793813650181067,-0.2421112381574586,2.764652840396754,-0.1146411769353222,0.2906375915555483,0.0544294359383907,-0.2421112381574586,0.5092828855594869,0.0621250192848323,-0.2094920159713318,0.8068167090984456,0.1365505301210248,-0.1729621053801329
QQQ,150,0.05,26,8,6,AND,0.4786458204803097,0.0756460091484911,-0.2609663843169276,3.9008115419296665,-0.0857850965181096,0.1867448647863614,0.0426098550995539,-0.2609663843169276,0.463767993451261,0.0576286489295043,-0.2170580752838884,0.7820304867147696,0.1358516278419257,-0.2170580752838896
QQQ,150,0.05,26,8,8,AND,0.5538822328788875,0.0878397859383941,-0.2836262806111257,6.513976555455365,-0.1173182073335064,0.1833330086909452,0.0423964324593444,-0.2836262806111257,0.6757142396246938,0.0880618994005011,-0.2094920159713316,0.8840670893316229,0.1566170857052056,-0.1515258916926872
QQQ,150,0.05,26,10,2,AND,0.5765430027513246,0.0885659738849766,-0.22515389382042,1.81785392245266,-0.0984315549256077,0.5794811280748174,0.0880009446114413,-0.1716962004922341,0.631495818170646,0.0809994327278607,-0.2251538938204196,0.56720162967106,0.1014082076362026,-0.2090026611438876
QQQ,150,0.05,26,10,4,AND,0.5186309372189238,0.0825152843906058,-0.2773465748886686,2.272317403065825,-0.1211380952929542,0.385357413363917,0.0675299921104448,-0.2773465748886686,0.6297722848451559,0.081734215724025,-0.2251538938204196,0.6094275986004705,0.1100259756702821,-0.1729621053801331
QQQ,150,0.05,26,10,6,AND,0.4892410898422272,0.0798398776306115,-0.2860294949957553,2.499549143372408,-0.184439631810112,0.2379859861656694,0.0497063675884401,-0.2860294949957553,0.6643692484989794,0.088342145813711,-0.2251538938204187,0.6436306230303175,0.1176254784013353,-0.1819161824663737
QQQ,150,0.05,26,10,8,AND,0.5189676010834993,0.0850885284944207,-0.2827260911726761,3.2569882777276824,-0.1844396318101113,0.2596896001842993,0.0526993746984103,-0.2827260911726761,0.7153454334629902,0.0966127929318432,-0.2251538938204196,0.7203944949349501,0.1328909414236891,-0.1875111453610953
QQQ,150,0.05,26,12,2,AND,0.6525479342643525,0.103286889051652,-0.2251538938204194,1.2876465284039675,-0.1006566773184297,0.4733052563723209,0.0791380706957436,-0.1912603821936878,0.7936287551459874,0.1085549921588338,-0.2251538938204191,0.8468418033537244,0.1518502535029531,-0.1557891892939207
QQQ,150,0.05,26,12,4,AND,0.6320086614919787,0.1023316969884271,-0.2251538938204194,1.4391343552750224,-0.1142708803190809,0.3901334524495017,0.0703246666385952,-0.1912603821936874,0.7838707772124845,0.1073668786717023,-0.2251538938204197,0.8589490032084877,0.1570936040493793,-0.1990178876437648
QQQ,150,0.05,26,12,6,AND,0.6048787737090003,0.0990612273512656,-0.2862800475353853,1.51487826871055,-0.2086283267089397,0.3064619822956482,0.0596144702604033,-0.2862800475353853,0.7838707772124845,0.1073668786717023,-0.2251538938204197,0.8630560287476489,0.1593412010168711,-0.1990440614193461
QQQ,150,0.05,26,12,8,AND,0.5590158547355157,0.092955449048423,-0.2862800475353868,1.7421100090171324,-0.2086283267089412,0.2832091631038669,0.056502294243766,-0.2862800475353868,0.6964029215751002,0.0950184726912468,-0.2251538938204195,0.8422215351766136,0.1585825014897615,-0.2291861489826612
QQQ,150,0.05,26,15,2,AND,0.6441374969321753,0.106092504917171,-0.2251538938204194,1.1361587015329124,-0.1006566773184283,0.3693752627914921,0.0670867271143422,-0.1912603821936885,0.7469744781230533,0.1035746389096321,-0.2251538938204194,0.9375133934920636,0.1776806975165121,-0.1831800586255272
QQQ,150,0.05,26,15,4,AND,0.5732108120414757,0.096890609362843,-0.2853642454401174,1.363390441839495,-0.231937672633085,0.1671152329339443,0.0409978443296548,-0.2853642454401174,0.7375834071658103,0.1023918632044857,-0.2251538938204192,0.9386091936802377,0.1786939531256683,-0.1831800586255271
QQQ,150,0.05,26,15,6,AND,0.5752140226807463,0.0975487143163873,-0.3126297713255617,1.363390441839495,-0.2378448631593803,0.172132390716664,0.0417588304857057,-0.3126297713255617,0.7375834071658103,0.1023918632044857,-0.2251538938204192,0.941562154943934,0.1797258595824931,-0.1831800586255271
QQQ,150,0.05,26,15,8,AND,0.5686665128612063,0.0968295385330728,-0.3126297713255632,1.363390441839495,-0.2378448631593815,0.150576022901659,0.038699097971331,-0.3126297713255632,0.7375834071658103,0.1023918632044857,-0.2251538938204192,0.9415709975128111,0.1810630194555065,-0.1831800586255271
QQQ,150,0.05,26,18,2,AND,0.6403367104826441,0.1056885853176132,-0.2251538938204195,1.1361587015329124,-0.1079179789245259,0.3501991966994024,0.064760629436428,-0.1912603821936889,0.7547205281367894,0.1048554282218525,-0.2251538938204192,0.9375133934920636,0.1776806975165121,-0.1831800586255272
QQQ,150,0.05,26,18,4,AND,0.5844579112604477,0.0991046794035801,-0.2853642454401165,1.2876465284039675,-0.2319376726330847,0.2062994628443796,0.0467122186276773,-0.2853642454401165,0.7375834071658103,0.1023918632044857,-0.2251538938204192,0.9386091936802377,0.1786939531256683,-0.1831800586255271
QQQ,150,0.05,26,18,6,AND,0.5886553890633432,0.1001229525490596,-0.312629771325562,1.2876465284039675,-0.2378448631593805,0.2172378319667888,0.0484055075809564,-0.312629771325562,0.7375834071658103,0.1023918632044857,-0.2251538938204192,0.941562154943934,0.1797258595824931,-0.1831800586255271
QQQ,150,0.05,26,18,8,AND,0.5820945635331656,0.0994020899797523,-0.3126297713255631,1.2876465284039675,-0.2378448631593814,0.1959593099426391,0.0453262532219611,-0.3126297713255631,0.7375834071658103,0.1023918632044857,-0.2251538938204192,0.9415709975128111,0.1810630194555065,-0.1831800586255271
QQQ,150,0.05,39,8,2,AND,0.5073993775600364,0.0751328045671797,-0.2407703732915532,2.158701532912534,-0.144442470217961,0.427212996516809,0.0665087231688477,-0.1499963496368528,0.3793694422206388,0.0448450180507058,-0.2407703732915528,0.7415491482746047,0.1223207726877955,-0.2232497512415792
QQQ,150,0.05,39,8,4,AND,0.5307195375829474,0.0797742469007147,-0.2421112381574575,2.5374211000901714,-0.1146411769353222,0.3763293744476473,0.0623124425151941,-0.2421112381574575,0.5092828855594869,0.0621250192848323,-0.2094920159713318,0.7671655309580668,0.1294145670034885,-0.1729621053801329
QQQ,150,0.05,39,8,6,AND,0.4933885160457197,0.0763081165563805,-0.2609663843169278,3.5978358881875563,-0.085785096518111,0.2716598849631195,0.0514271124575582,-0.2609663843169278,0.463767993451261,0.0576286489295043,-0.2170580752838884,0.7412374078811903,0.1284004459892658,-0.2170580752838896
QQQ,150,0.05,39,8,8,AND,0.6002454885643457,0.0928840317921766,-0.2433665050398074,6.211000901713256,-0.1034870450269418,0.3227244270740646,0.0579549413989675,-0.2433665050398074,0.6757142396246938,0.0880618994005011,-0.2094920159713316,0.8732330807392613,0.1540758204213499,-0.1515258916926872
QQQ,150,0.05,39,10,2,AND,0.5202312505557083,0.0797623450132363,-0.2305096037144983,1.81785392245266,-0.0984315549256068,0.4905819004758286,0.0751892495974868,-0.1803002409245633,0.6031080823890753,0.0770145209152335,-0.2305096037144979,0.5090277141754728,0.0915278701687916,-0.2305096037144992
QQQ,150,0.05,39,10,4,AND,0.5152649572993745,0.0805196362958284,-0.2773465748886697,2.12082957619477,-0.121138095292954,0.423508580426089,0.0690799436375346,-0.2773465748886697,0.6297722848451559,0.081734215724025,-0.2251538938204196,0.5703119983496365,0.1030565500161084,-0.1729621053801331
QQQ,150,0.05,39,10,6,AND,0.5255789163817401,0.0835703093804363,-0.2667218853960115,2.272317403065825,-0.1082167771064389,0.3914647688157364,0.0667575472499255,-0.2667218853960115,0.6643692484989794,0.088342145813711,-0.2251538938204187,0.6036820466091666,0.1102938600115666,-0.1819161824663744
QQQ,150,0.05,39,10,8,AND,0.5727471750331194,0.091561604816766,-0.2278257681841349,3.105500450856628,-0.0984315549256077,0.4263982226265213,0.0716152496831448,-0.2278257681841349,0.7153454334629902,0.0966127929318432,-0.2251538938204196,0.712289219635011,0.1310563574728869,-0.1809856005635735
QQQ,150,0.05,39,12,2,AND,0.6000375517537908,0.0943642067859156,-0.2251538938204188,1.2876465284039675,-0.1099986437750553,0.3853596962312078,0.0664307399639316,-0.1996611988686407,0.7668572439109046,0.1044685016857973,-0.2251538938204191,0.7933728996869573,0.1415174185579908,-0.155789189293921
QQQ,150,0.05,39,12,4,AND,0.6416670616399973,0.1016115545182241,-0.2251538938204197,1.2876465284039675,-0.100656677318428,0.4559049681252566,0.0753521529297669,-0.1912603821936878,0.7838707772124845,0.1073668786717023,-0.2251538938204197,0.8229098950875586,0.1498286588813413,-0.1990178876437648
QQQ,150,0.05,39,12,6,AND,0.6547745704413339,0.1043767005547227,-0.2251538938204191,1.2876465284039675,-0.1006566773184278,0.4937463451637759,0.0808568525320523,-0.1912603821936863,0.7838707772124845,0.1073668786717023,-0.2251538938204197,0.8255720952198498,0.1517359276639851,-0.1990440614193461
QQQ,150,0.05,39,12,8,AND,0.6146887506216003,0.0996473276940017,-0.2291861489826608,1.5906221821460775,-0.1006566773184277,0.4698729352487776,0.078219094584822,-0.1912603821936889,0.6964029215751002,0.0950184726912468,-0.2251538938204195,0.8225679326965275,0.1543256453742012,-0.2291861489826612
QQQ,150,0.05,39,15,2,AND,0.5965102359271366,0.097581089647811,-0.2251538938204191,1.1361587015329124,-0.1006566773184283,0.2891198129167949,0.0556540299780583,-0.1912603821936885,0.720687615316103,0.0995065076215244,-0.2251538938204194,0.8878915962794666,0.1671161469351327,-0.1831800586255272
QQQ,150,0.05,39,15,4,AND,0.6280726772381064,0.1028776975281706,-0.225153893820419,1.1361587015329124,-0.1006566773184278,0.3485183454958362,0.0633430888277095,-0.1912603821936871,0.7375834071658103,0.1023918632044857,-0.2251538938204192,0.9045366767519084,0.1712933876836091,-0.1831800586255271
QQQ,150,0.05,39,15,6,AND,0.6401157651669853,0.1052010239329097,-0.2251538938204195,1.1361587015329124,-0.1006566773184287,0.3867926193062104,0.0687863143443137,-0.1912603821936895,0.7375834071658103,0.1023918632044857,-0.2251538938204192,0.9058376755760792,0.1719868629560266,-0.1831800586255271
QQQ,150,0.05,39,15,8,AND,0.6494031748019177,0.1074298196087135,-0.2251538938204189,1.1361587015329124,-0.100656677318429,0.3648779850768678,0.0661780137280496,-0.1912603821936895,0.7375834071658103,0.1023918632044857,-0.2251538938204192,0.9415709975128111,0.1810630194555065,-0.1831800586255271
QQQ,150,0.05,39,18,2,AND,0.595355029527013,0.0975893276621664,-0.2251538938204194,1.1361587015329124,-0.1079179789245259,0.2701794148676457,0.0534108807171385,-0.1912603821936889,0.7350847512495434,0.1018091345749512,-0.2251538938204192,0.8878915962794666,0.1671161469351327,-0.1831800586255272
QQQ,150,0.05,39,18,4,AND,0.6152062889325326,0.1010159886468986,-0.2251538938204195,1.1361587015329124,-0.1079179789245259,0.3091185874554623,0.0584771287631913,-0.1912603821936873,0.7375834071658103,0.1023918632044857,-0.2251538938204192,0.9045366767519084,0.1712933876836091,-0.1831800586255271
QQQ,150,0.05,39,18,6,AND,0.6273077596449363,0.1033353931685394,-0.2251538938204195,1.1361587015329124,-0.1079179789245259,0.3477788864982649,0.0638954455572362,-0.191260382193688,0.7375834071658103,0.1023918632044857,-0.2251538938204192,0.9058376755760792,0.1719868629560266,-0.1831800586255271
QQQ,150,0.05,39,18,8,AND,0.6367124328759332,0.1055604265335146,-0.2251538938204187,1.1361587015329124,-0.1079179789245259,0.326330314551435,0.0612990807750113,-0.1912603821936876,0.7375834071658103,0.1023918632044857,-0.2251538938204192,0.9415709975128111,0.1810630194555065,-0.1831800586255271
QQQ,150,0.05,52,8,2,AND,0.4452019832262608,0.0665692840649974,-0.2407703732915539,2.158701532912534,-0.144442470217961,0.2174096128268637,0.0436040713430061,-0.1583163541450111,0.3793694422206388,0.0448450180507058,-0.2407703732915528,0.7415491482746047,0.1223207726877955,-0.2232497512415792
QQQ,150,0.05,52,8,4,AND,0.4535812493955933,0.0687861101694056,-0.2421112381574589,2.5374211000901714,-0.1146411769353239,0.1162193865248131,0.0338730058258549,-0.2421112381574589,0.5092828855594869,0.0621250192848323,-0.2094920159713318,0.7667940976726345,0.1287186599414662,-0.1729621053801329
QQQ,150,0.05,52,8,6,AND,0.4265583697376714,0.0664679778076295,-0.2609663843169268,3.446348061316501,-0.0857850965181099,0.0145515882535398,0.023467410144798,-0.2609663843169268,0.463767993451261,0.0576286489295043,-0.2170580752838884,0.7580730927345595,0.1306224862968257,-0.2170580752838896
QQQ,150,0.05,52,8,8,AND,0.544569633776793,0.0836226290399819,-0.243366505039808,5.529305680793508,-0.1034870450269416,0.1123862801650738,0.0335545829690979,-0.243366505039808,0.6757142396246938,0.0880618994005011,-0.2094920159713316,0.8804758842308038,0.1543343440178752,-0.1515258916926872
QQQ,150,0.05,52,10,2,AND,0.4613374170094517,0.0711619498437043,-0.2305096037144991,1.81785392245266,-0.0984315549256057,0.2938326529124141,0.0520981722589475,-0.1883236249275969,0.6031080823890753,0.0770145209152335,-0.2305096037144979,0.5090277141754728,0.0915278701687916,-0.2305096037144992
QQQ,150,0.05,52,10,4,AND,0.441425552722513,0.0695239142376653,-0.2773465748886702,2.12082957619477,-0.1211380952929558,0.1776040232657413,0.0404593324537518,-0.2773465748886702,0.6297722848451559,0.081734215724025,-0.2251538938204196,0.5685542184631215,0.1023768838727874,-0.1729621053801331
QQQ,150,0.05,52,10,6,AND,0.443246406911982,0.0708818285504098,-0.2667218853960119,2.272317403065825,-0.1082167771064386,0.0895356659040778,0.0311020579817089,-0.2667218853960119,0.6643692484989794,0.088342145813711,-0.2251538938204187,0.618813057368694,0.1124802449239008,-0.1819161824663741
QQQ,150,0.05,52,10,8,AND,0.509150065753533,0.080838040625669,-0.2278257681841359,2.878268710550045,-0.0984315549256072,0.1921592332874955,0.0423924457615747,-0.2278257681841359,0.7153454334629902,0.0966127929318432,-0.2251538938204196,0.7241078199280437,0.1319899308804806,-0.1809856005635733
QQQ,150,0.05,52,12,2,AND,0.545100013832059,0.0856475065960833,-0.2251538938204195,1.2876465284039675,-0.1099986437750545,0.2000661485219061,0.0435277629281007,-0.2074950739709695,0.7668572439109046,0.1044685016857973,-0.2251538938204191,0.7933728996869573,0.1415174185579908,-0.155789189293921
QQQ,150,0.05,52,12,4,AND,0.5728865216617218,0.0904011941854232,-0.2251538938204198,1.2876465284039675,-0.100656677318428,0.226392748381022,0.0465636268351445,-0.1912603821936891,0.7838707772124845,0.1073668786717023,-0.2251538938204197,0.822426936870367,0.1491201733462608,-0.1990178876437648
QQQ,150,0.05,52,12,6,AND,0.577024420505003,0.0914445793321239,-0.2251538938204187,1.2876465284039675,-0.1006566773184289,0.2102248655839219,0.0447301056388282,-0.1912603821936865,0.7838707772124845,0.1073668786717023,-0.2251538938204197,0.8411535414502374,0.1540039200810659,-0.1990440614193461
QQQ,150,0.05,52,12,8,AND,0.5530865721330621,0.0887463700258335,-0.2291861489826617,1.51487826871055,-0.1006566773184289,0.2564351044704732,0.0500736054640069,-0.1912603821936873,0.6964029215751002,0.0950184726912468,-0.2251538938204195,0.8267224345382086,0.1536549415406449,-0.2291861489826612
QQQ,150,0.05,52,15,2,AND,0.5441037034609643,0.0888387667235368,-0.2251538938204196,1.1361587015329124,-0.100656677318429,0.107177111463803,0.0329824967032512,-0.1991764861577128,0.720687615316103,0.0995065076215244,-0.2251538938204194,0.8878915962794666,0.1671161469351327,-0.1831800586255272
QQQ,150,0.05,52,15,4,AND,0.5617065496096846,0.0916544525090061,-0.2251538938204191,1.1361587015329124,-0.1006566773184294,0.1231833433294869,0.0348760604437039,-0.1912603821936888,0.7375834071658103,0.1023918632044857,-0.2251538938204192,0.904262032984146,0.1705716763085276,-0.1831800586255271
QQQ,150,0.05,52,15,6,AND,0.5647136888798461,0.0922592499805423,-0.2251538938204204,1.1361587015329124,-0.1006566773184264,0.1078848695765751,0.0330630152128832,-0.1912603821936859,0.7375834071658103,0.1023918632044857,-0.2251538938204192,0.92096910976449,0.1742947334098847,-0.1831800586255271
QQQ,150,0.05,52,15,8,AND,0.5812596246886292,0.0949279020265259,-0.2251538938204189,1.1361587015329124,-0.1006566773184285,0.1522721514039056,0.0383468411612255,-0.1912603821936883,0.7375834071658103,0.1023918632044857,-0.2251538938204192,0.9276894009608392,0.1760398477568416,-0.1831800586255271
QQQ,150,0.05,52,18,2,AND,0.5457177336830511,0.0892526367274517,-0.2251538938204197,1.1361587015329124,-0.1079179789245259,0.0975890635431347,0.0318305187781169,-0.1912603821936878,0.7350847512495434,0.1018091345749512,-0.2251538938204192,0.8878915962794666,0.1671161469351327,-0.1831800586255272
QQQ,150,0.05,52,18,4,AND,0.5487572700634314,0.0898116889876556,-0.2251538938204199,1.1361587015329124,-0.1079179789245259,0.0833991179542228,0.0301403682341503,-0.1912603821936878,0.7375834071658103,0.1023918632044857,-0.2251538938204192,0.904262032984146,0.1705716763085276,-0.1831800586255271
QQQ,150,0.05,52,18,6,AND,0.5517908684346656,0.0904154655329132,-0.2251538938204188,1.1361587015329124,-0.1079179789245259,0.0682584040614807,0.0283356196723738,-0.1912603821936865,0.7375834071658103,0.1023918632044857,-0.2251538938204192,0.92096910976449,0.1742947334098847,-0.1831800586255271
QQQ,150,0.05,52,18,8,AND,0.5683368276304488,0.0930796127700437,-0.2251538938204191,1.1361587015329124,-0.1079179789245259,0.1124211575177385,0.0335952663258836,-0.1912603821936881,0.7375834071658103,0.1023918632044857,-0.2251538938204192,0.9276894009608392,0.1760398477568416,-0.1831800586255271
QQQ,200,0.01,26,8,2,AND,0.5724438904733394,0.0851528776523111,-0.2759977885140486,2.310189359783589,-0.1742219361900259,0.5251451582485135,0.0792672287207503,-0.1628026559873526,0.4127035560312093,0.0500222490687189,-0.2759977885140506,0.8132731502184266,0.134480213838495,-0.2015398987568744
QQQ,200,0.01,26,8,4,AND,0.5294282240389522,0.0819276630092684,-0.2614821724428782,3.2191163210099187,-0.1445623142945176,0.2812520448039921,0.0532901685799502,-0.2153490175586679,0.4985653220088903,0.0629362812794023,-0.2614821724428791,0.8610969431765731,0.1457667917058243,-0.1729621053801333
QQQ,200,0.01,26,8,6,AND,0.4616030517217298,0.0743656290177703,-0.317100588008722,4.658250676284942,-0.1484981572598384,0.1165719542641234,0.0340991422434637,-0.317100588008722,0.4184843881910209,0.0539283521847691,-0.253301473014227,0.8227078383892807,0.143447877027945,-0.2300762708582424
QQQ,200,0.01,26,8,8,AND,0.5515304798450672,0.0888420579015205,-0.3142629051946477,7.347159603246167,-0.133643366499603,0.1838482502928575,0.0424489336589928,-0.3142629051946477,0.5904335763729187,0.0799383774766231,-0.2292355084573115,0.9251512663853916,0.1646710045207198,-0.1761256242724426
QQQ,200,0.01,26,10,2,AND,0.5837607830783182,0.0897041226537991,-0.2025563663680739,2.12082957619477,-0.0984315549256079,0.5756653773429244,0.0872104687466215,-0.1366104323643966,0.6037087289871697,0.0780214503745577,-0.2025563663680742,0.6191268623210409,0.1095620444966343,-0.1999513003444423
QQQ,200,0.01,26,10,4,AND,0.5331211581448421,0.0852013761651,-0.2559965135431444,2.9540126239855726,-0.0984315549256075,0.3696464262635547,0.0654167686209321,-0.2327001734364421,0.5959767105997873,0.0790294226170007,-0.2559965135431453,0.7005767926312563,0.1253236911089417,-0.1729621053801334
QQQ,200,0.01,26,10,6,AND,0.4942883184318584,0.0813921372127775,-0.3025767919332498,3.484220018034265,-0.169811904578416,0.2254388512227716,0.0480135524525198,-0.3025767919332498,0.587577979293386,0.0802800523180726,-0.2292355084573112,0.7220933826561725,0.1315187012353074,-0.1819161824663738
QQQ,200,0.01,26,10,8,AND,0.5339004892342647,0.0882809121759329,-0.2988215804912874,4.317403065825068,-0.1691858495846834,0.2836026795148034,0.0556918190972239,-0.2988215804912874,0.6325443617276855,0.0880898566404086,-0.229235508457311,0.805134199828063,0.1486004634931912,-0.1875111453610943
QQQ,200,0.01,26,12,2,AND,0.6666484340806913,0.1055152074742089,-0.202556366368074,1.8935978358881875,-0.1248030836633534,0.4971448685385963,0.081175818587807,-0.1755315892198053,0.7622230389905293,0.106034772856598,-0.2025563663680749,0.8838627923087344,0.1579683154358824,-0.155789189293921
QQQ,200,0.01,26,12,4,AND,0.6435916161548636,0.1043710905559534,-0.2559965135431454,2.42380522993688,-0.1238858109677276,0.4152803609645759,0.0725852984134289,-0.2285760228827357,0.708111420287985,0.0988739111431937,-0.255996513543145,0.9331744438509396,0.17060448484067,-0.1990178876437651
QQQ,200,0.01,26,12,6,AND,0.6242853320014105,0.1025711381612732,-0.2815119081023192,2.6510369702434624,-0.1698119045784154,0.3356220147489039,0.0627745358563589,-0.2815119081023192,0.7087149452922002,0.099841555157164,-0.229235508457311,0.9255539999708962,0.1713160197777581,-0.1990440614193466
QQQ,200,0.01,26,12,8,AND,0.5866350491760415,0.0977964778003821,-0.2809700874470365,2.9540126239855726,-0.169185849584684,0.3476165700576259,0.0643817712444545,-0.2809700874470365,0.6156113594864931,0.0864011685463328,-0.2386929558952468,0.9111922310928244,0.1722094503426861,-0.2291861489826612
QQQ,200,0.01,26,15,2,AND,0.6522562159345585,0.107803556837156,-0.2040940619137452,2.0450856627592424,-0.1248030836633534,0.3757908507316866,0.0675200022994055,-0.1969979045623102,0.685993425482969,0.0965444205372552,-0.2040940619137474,0.9660695638170144,0.1833203099476601,-0.1831800586255272
QQQ,200,0.01,26,15,4,AND,0.6007028735167732,0.1010451345937983,-0.2854676001088282,2.575293056807935,-0.174382569631867,0.2508123747190097,0.0519633427701389,-0.2854676001088282,0.6337602633535537,0.0893774961452145,-0.2283578322396068,0.9844471195203514,0.1880557267536688,-0.183180058625527
QQQ,200,0.01,26,15,6,AND,0.6040516985455159,0.1020113372618418,-0.3002188612721983,2.575293056807935,-0.1914271407923155,0.2392421711246748,0.0505661253775457,-0.3002188612721983,0.6465110482212195,0.0916190994255261,-0.2292355084573124,1.0014584201256482,0.1919112311915081,-0.1831800586255271
QQQ,200,0.01,26,15,8,AND,0.6052167926091268,0.102641691412961,-0.2996911477590349,2.6510369702434624,-0.1908173861125074,0.2398431743204639,0.0506475526211034,-0.2996911477590349,0.6461460659286636,0.0919520066006849,-0.2292355084573107,1.0084940588144065,0.1949543783682346,-0.1831800586255272
QQQ,200,0.01,26,18,2,AND,0.6286706972242899,0.1047722209156756,-0.2292355084573095,2.3480613165013526,-0.1374520573404335,0.3674419185584466,0.0667535831526888,-0.1969979045623093,0.63093852230956,0.0893887712509033,-0.2292355084573109,0.9660695638170144,0.1833203099476601,-0.1831800586255272
QQQ,200,0.01,26,18,4,AND,0.5984530537871953,0.1011481778978569,-0.2854676001088285,2.6510369702434624,-0.1743825696318668,0.2565674946910811,0.0529580058096654,-0.2854676001088285,0.6253062610608745,0.0886444039939464,-0.2292355084573109,0.9844471195203514,0.1880557267536688,-0.183180058625527
QQQ,200,0.01,26,18,6,AND,0.5996681121534758,0.101626269666057,-0.3002188612721991,2.6510369702434624,-0.1914271407923162,0.2391932892492359,0.0507020435779332,-0.3002188612721991,0.6368932435260353,0.0904731783275523,-0.2292355084573109,1.0014584201256482,0.1919112311915081,-0.1831800586255271
QQQ,200,0.01,26,18,8,AND,0.6042362435158652,0.102719571419978,-0.2996911477590376,2.6510369702434624,-0.1908173861125095,0.2397884693840858,0.0507834813562337,-0.2996911477590376,0.6459512973121703,0.092018357960607,-0.2292355084573109,1.0084940588144065,0.1949543783682346,-0.1831800586255272
QQQ,200,0.01,39,8,2,AND,0.5205396176725304,0.0773077734997653,-0.2759977885140499,2.234445446348061,-0.1742219361900259,0.4627283140421622,0.0702398886669568,-0.1452719532497931,0.3743651779182508,0.0450322211057978,-0.2759977885140506,0.7543747817374951,0.1243031992810301,-0.2232497512415792
QQQ,200,0.01,39,8,4,AND,0.5561411402459104,0.0842128939396502,-0.2635617001143412,2.840396753832281,-0.1445623142945182,0.4320136879750695,0.0684555742572465,-0.2208572304456135,0.4826558733711634,0.0607567468495107,-0.2635617001143422,0.8112809657993534,0.1368095858084925,-0.1729621053801329
QQQ,200,0.01,39,8,6,AND,0.5159509477863992,0.08088218161331,-0.2533014730142287,4.279531109107304,-0.1484981572598369,0.3295250486937348,0.0583365109013125,-0.2462783921931539,0.4184843881910209,0.0539283521847691,-0.253301473014227,0.7825018006726716,0.1359468638128997,-0.2300762708582424
QQQ,200,0.01,39,8,8,AND,0.6174888234885281,0.0972277807993111,-0.2292355084573109,6.892696122633002,-0.1336433664996033,0.3939402724306838,0.0667928616033406,-0.213865758215501,0.5904335763729187,0.0799383774766231,-0.2292355084573115,0.914576660835788,0.1621120435409087,-0.1761256242724426
QQQ,200,0.01,39,10,2,AND,0.5341072212013194,0.0818261153114858,-0.2217043462675385,2.0450856627592424,-0.0984315549256071,0.5172781315683256,0.0781166888650135,-0.1757442762783,0.5674824015838947,0.0728983616145158,-0.2217043462675387,0.5613498713761019,0.0996085618871438,-0.2217043462675388
QQQ,200,0.01,39,10,4,AND,0.5475127662681663,0.0857051918350595,-0.2580914878010709,2.575293056807935,-0.1010189178582477,0.4829950632311925,0.0759386737067111,-0.2468787457015717,0.5807888422850421,0.0768168894493224,-0.2580914878010723,0.6519335651980501,0.116526302255141,-0.172962105380133
QQQ,200,0.01,39,10,6,AND,0.5559571385933546,0.0892257119415891,-0.2311870974878758,3.105500450856628,-0.1374520573404327,0.4633533249854807,0.0759913467005795,-0.2311870974878758,0.587577979293386,0.0802800523180726,-0.2292355084573112,0.6828469158869855,0.124095943362777,-0.1819161824663742
QQQ,200,0.01,39,10,8,AND,0.603400057095426,0.0976292931057469,-0.229235508457312,4.0144274120829575,-0.1374520573404331,0.5077051060882091,0.082290259388382,-0.1801199114805496,0.6325443617276855,0.0880898566404086,-0.229235508457311,0.79740148577364,0.1467404398146894,-0.1809856005635731
QQQ,200,0.01,39,12,2,AND,0.6204620400578188,0.0975228940191486,-0.2025563663680748,1.81785392245266,-0.1248030836633545,0.4380332832092373,0.0721325144712732,-0.1744947511838575,0.7283869028415135,0.1007785561912728,-0.2025563663680749,0.83061376121028,0.1475805975545796,-0.15578918929392
QQQ,200,0.01,39,12,4,AND,0.6609959722029619,0.1050943271662478,-0.2559965135431441,2.0450856627592424,-0.1238858109677271,0.5262211120836342,0.0831779988839842,-0.1501160824603262,0.6972196191704029,0.0971733698741039,-0.255996513543145,0.887896214740776,0.1614531065052524,-0.199017887643765
QQQ,200,0.01,39,12,6,AND,0.6873358079693915,0.1105581329871081,-0.2292355084573114,2.272317403065825,-0.1374520573404335,0.5766374222624628,0.0911463896617634,-0.144979136341966,0.7087149452922002,0.099841555157164,-0.229235508457311,0.8885970732253355,0.1636321916646792,-0.1990440614193466
QQQ,200,0.01,39,12,8,AND,0.6469608663779597,0.1058768858726082,-0.2386929558952468,2.6510369702434624,-0.1374520573404335,0.5626763449382862,0.0898925110557684,-0.1341158162707437,0.6156113594864931,0.0864011685463328,-0.2386929558952468,0.8919448132750096,0.1679025261823499,-0.2291861489826612
QQQ,200,0.01,39,15,2,AND,0.6150131457568249,0.100826922133316,-0.2040940619137471,1.8935978358881875,-0.1248030836633546,0.3365626442908891,0.0612903911366244,-0.1481868254101112,0.652826758618657,0.0913333049385916,-0.2040940619137474,0.9167248938714232,0.1727051684285887,-0.1831800586255272
QQQ,200,0.01,39,15,4,AND,0.6325995207229397,0.1043084878599409,-0.2283578322396079,2.12082957619477,-0.1238858109677275,0.3964709357792081,0.0690205035051509,-0.14818682541011,0.6230797393665005,0.0876916508712233,-0.2283578322396068,0.9414828493103058,0.1787679206843437,-0.1831800586255271
QQQ,200,0.01,39,15,6,AND,0.6639003379867273,0.1099942769054462,-0.2292355084573113,2.196573489630297,-0.1374520573404342,0.4634548467393597,0.0786120631719666,-0.1468367274097165,0.6465110482212195,0.0916190994255261,-0.2292355084573124,0.9661945683634,0.1840922985790594,-0.1831800586255271
QQQ,200,0.01,39,15,8,AND,0.672401408376148,0.1123036044190695,-0.2292355084573113,2.272317403065825,-0.1374520573404336,0.4396491958490643,0.0758291153577266,-0.1468367274097165,0.6461460659286636,0.0919520066006849,-0.2292355084573107,1.0084940588144065,0.1949543783682346,-0.1831800586255272
QQQ,200,0.01,39,18,2,AND,0.6018658185726621,0.0995683024170823,-0.2292355084573113,2.272317403065825,-0.1374520573404347,0.3461102708722324,0.0629464135612831,-0.1749594669874162,0.6119818446443543,0.0863851220782616,-0.2292355084573109,0.9167248938714232,0.1727051684285887,-0.1831800586255272
QQQ,200,0.01,39,18,4,AND,0.6252110029846637,0.103661380507112,-0.2292355084573104,2.272317403065825,-0.1374520573404349,0.3849029225524232,0.0680585215614373,-0.1749594669874162,0.6147011088982826,0.0869596932026695,-0.2292355084573109,0.9414828493103058,0.1787679206843437,-0.1831800586255271
QQQ,200,0.01,39,18,6,AND,0.6472535864712446,0.1076234312680626,-0.2292355084573105,2.272317403065825,-0.1374520573404339,0.4225668083842583,0.0735258852551248,-0.1749594669874162,0.6368932435260353,0.0904731783275523,-0.2292355084573109,0.9661945683634,0.1840922985790594,-0.1831800586255271
QQQ,200,0.01,39,18,8,AND,0.659794065686166,0.1104514968157768,-0.2292355084573116,2.272317403065825,-0.1374520573404339,0.4004071651102168,0.0709060180370426,-0.1749594669874162,0.6459512973121703,0.092018357960607,-0.2292355084573109,1.0084940588144065,0.1949543783682346,-0.1831800586255272
QQQ,200,0.01,52,8,2,AND,0.4573259945877681,0.0685026131597665,-0.2759977885140493,2.234445446348061,-0.1742219361900258,0.2489897188878084,0.0466584721013776,-0.1583163541450111,0.3743651779182508,0.0450322211057978,-0.2759977885140506,0.7543747817374951,0.1243031992810301,-0.2232497512415792
QQQ,200,0.01,52,8,4,AND,0.4807805604202823,0.0731795880809003,-0.263561700114342,2.840396753832281,-0.1445623142945178,0.175569960244632,0.0398516782250055,-0.2208572304456145,0.4826558733711634,0.0607567468495107,-0.2635617001143422,0.8111736146005433,0.1361091221859651,-0.1729621053801329
QQQ,200,0.01,52,8,6,AND,0.4512185521658061,0.0710002245096534,-0.2533014730142289,4.1280432822362485,-0.1484981572598378,0.0803895175690869,0.0301930728627384,-0.246278392193154,0.4184843881910209,0.0539283521847691,-0.253301473014227,0.7993805869594027,0.13818376448731,-0.2300762708582424
QQQ,200,0.01,52,8,8,AND,0.5633760514159938,0.0879295679118783,-0.2292355084573102,6.211000901713256,-0.1336433664996033,0.1923372211781555,0.0421886680077918,-0.2138657582155023,0.5904335763729187,0.0799383774766231,-0.2292355084573115,0.922040814765806,0.1623723673253139,-0.1761256242724426
QQQ,200,0.01,52,10,2,AND,0.4739109018797219,0.072984025205359,-0.2217043462675382,2.0450856627592424,-0.0984315549256078,0.3161213215834859,0.0543617167175116,-0.1883236249275969,0.5674824015838947,0.0728983616145158,-0.2217043462675387,0.5613498713761019,0.0996085618871438,-0.2217043462675388
QQQ,200,0.01,52,10,4,AND,0.4750239816881146,0.0746566998636895,-0.2580914878010704,2.575293056807935,-0.1010189178582462,0.2404537928391608,0.0471344457151376,-0.2468787457015711,0.5807888422850421,0.0768168894493224,-0.2580914878010723,0.6506410295756375,0.1158383365060056,-0.172962105380133
QQQ,200,0.01,52,10,6,AND,0.4757816041887912,0.0764710070129857,-0.2311870974878767,3.105500450856628,-0.1374520573404323,0.170691433871997,0.0400272253180959,-0.2311870974878767,0.587577979293386,0.0802800523180726,-0.2292355084573112,0.6982598491424147,0.1263095072660836,-0.1819161824663742
QQQ,200,0.01,52,10,8,AND,0.54168954972213,0.0868461195947809,-0.2292355084573093,3.787195671776375,-0.1374520573404332,0.2828159930228232,0.0527763493859967,-0.1801199114805478,0.6325443617276855,0.0880898566404086,-0.229235508457311,0.8100759801163515,0.1476869588567779,-0.1809856005635735
QQQ,200,0.01,52,12,2,AND,0.564333889576008,0.0885525094211945,-0.2025563663680746,1.81785392245266,-0.1248030836633535,0.246670509850988,0.0485093962293057,-0.1870931694147883,0.7283869028415135,0.1007785561912728,-0.2025563663680749,0.83061376121028,0.1475805975545796,-0.15578918929392
QQQ,200,0.01,52,12,4,AND,0.5929926638482921,0.0938485249971827,-0.2559965135431454,2.0450856627592424,-0.1238858109677271,0.2964956596701267,0.0541799650761427,-0.1501160824603274,0.6972196191704029,0.0971733698741039,-0.255996513543145,0.887753350284166,0.1607374583786582,-0.199017887643765
QQQ,200,0.01,52,12,6,AND,0.6112342517136912,0.0975536279180333,-0.22923550845731,2.272317403065825,-0.1374520573404335,0.2977608883569217,0.0546757234949903,-0.1449791363419668,0.7087149452922002,0.099841555157164,-0.229235508457311,0.904377534958872,0.1659236101431487,-0.1990440614193466
QQQ,200,0.01,52,12,8,AND,0.5869467577553297,0.0949141737234471,-0.238692955895247,2.575293056807935,-0.1374520573404341,0.3556578822693546,0.0614423027754282,-0.1341158162707433,0.6156113594864931,0.0864011685463328,-0.2386929558952468,0.8968372934965149,0.1672239337031227,-0.2291861489826612
QQQ,200,0.01,52,15,2,AND,0.5615763568758471,0.0918295327201843,-0.2040940619137468,1.8935978358881875,-0.1248030836633539,0.1493100659676363,0.0379061657162731,-0.161186741090224,0.652826758618657,0.0913333049385916,-0.2040940619137474,0.9167248938714232,0.1727051684285887,-0.1831800586255272
QQQ,200,0.01,52,15,4,AND,0.5668550690138615,0.0930706826492884,-0.2283578322396074,2.12082957619477,-0.1238858109677262,0.1704988534355095,0.040401483608276,-0.1652050392867589,0.6230797393665005,0.0876916508712233,-0.2283578322396068,0.9413706325885474,0.1780416037547982,-0.1831800586255271
QQQ,200,0.01,52,15,6,AND,0.5897725201521717,0.0969963745247441,-0.2292355084573102,2.196573489630297,-0.1374520573404338,0.1881009916328391,0.0425603465076298,-0.1654053094726277,0.6465110482212195,0.0916190994255261,-0.2292355084573124,0.9815012646076364,0.1864240069939808,-0.1831800586255271
QQQ,200,0.01,52,15,8,AND,0.6056205039399326,0.0997466660536829,-0.2292355084573123,2.272317403065825,-0.1374520573404335,0.2313081282616281,0.0477460134963036,-0.1532253131886748,0.6461460659286636,0.0919520066006849,-0.2292355084573107,0.9956531999392988,0.1898721254183604,-0.1831800586255272
QQQ,200,0.01,52,18,2,AND,0.552894970213575,0.0912165802676101,-0.2292355084573125,2.272317403065825,-0.1374520573404333,0.176075714246532,0.0411707050069711,-0.1749594669874162,0.6119818446443543,0.0863851220782616,-0.2292355084573109,0.9167248938714232,0.1727051684285887,-0.1831800586255272
QQQ,200,0.01,52,18,4,AND,0.5597516796566506,0.0924301604730302,-0.2292355084573117,2.272317403065825,-0.1374520573404331,0.1617394511438569,0.039465255127941,-0.1749594669874162,0.6147011088982826,0.0869596932026695,-0.2292355084573109,0.9413706325885474,0.1780416037547982,-0.1831800586255271
QQQ,200,0.01,52,18,6,AND,0.5730532381891282,0.0946532912108208,-0.2292355084573121,2.272317403065825,-0.1374520573404338,0.1464253759326722,0.0376441698835829,-0.1749594669874162,0.6368932435260353,0.0904731783275523,-0.2292355084573109,0.9815012646076364,0.1864240069939808,-0.1831800586255271
QQQ,200,0.01,52,18,8,AND,0.592811693583153,0.0979154671311934,-0.2292355084573104,2.272317403065825,-0.1374520573404331,0.1906371091236391,0.0429514271459554,-0.1749594669874162,0.6459512973121703,0.092018357960607,-0.2292355084573109,0.9956531999392988,0.1898721254183604,-0.1831800586255272
QQQ,200,0.02,26,8,2,AND,0.5582449587401616,0.0833281446040326,-0.2874991237103727,2.310189359783589,-0.1873400595313296,0.4966909382932067,0.0761176677801391,-0.162802655987352,0.39927147755865,0.0483394930695093,-0.2874991237103725,0.8132731502184266,0.134480213838495,-0.2015398987568744
QQQ,200,0.02,26,8,4,AND,0.5112699400765577,0.079641323073117,-0.2737655307666097,3.067628494138864,-0.1581516036734459,0.2593379825996614,0.0507945425305309,-0.2151231665887363,0.4702437300110426,0.0594515626420024,-0.2737655307666093,0.8610969431765731,0.1457667917058243,-0.1729621053801333
QQQ,200,0.02,26,8,6,AND,0.4645012995942901,0.07473086668485,-0.3221048934817087,4.279531109107304,-0.1189061201771026,0.0928148856914418,0.0312232816356019,-0.3221048934817087,0.4483616974409194,0.0578834731494923,-0.2799653774974088,0.8588483856346285,0.1491263456729195,-0.1899890192738866
QQQ,200,0.02,26,8,8,AND,0.5470616327734288,0.0881825486897893,-0.3229510875861386,7.27141568981064,-0.1306616632126399,0.1682051624452772,0.0405326858543213,-0.3229510875861386,0.6065562538382657,0.0819541841341562,-0.2853181064445865,0.9386741268942104,0.1665655746416463,-0.1433090697327912
QQQ,200,0.02,26,10,2,AND,0.5673792315229126,0.0876607402114126,-0.2090026611438884,1.969341749323715,-0.0984315549256075,0.5482994619856897,0.0840377275241839,-0.1366104323643966,0.6190278374073278,0.0805578766029904,-0.2090026611438865,0.5791561833436069,0.1033536950351357,-0.2090026611438876
QQQ,200,0.02,26,10,4,AND,0.5116664339466234,0.0824823602446673,-0.2858440215861818,2.575293056807935,-0.1070932010827351,0.3645220181533322,0.0649609781788973,-0.2324793167575677,0.5776746974838084,0.0771418542978095,-0.2858440215861799,0.6615162896619886,0.1190271502653177,-0.1729621053801332
QQQ,200,0.02,26,10,6,AND,0.4991962673524702,0.0822947636819262,-0.3011643709287694,2.802524797114517,-0.1681306082147728,0.2312656515902348,0.0488697798958071,-0.3011643709287694,0.6313944168619399,0.0867940298005462,-0.2914473229457304,0.7173174654920669,0.1306871869051962,-0.1819161824663738
QQQ,200,0.02,26,10,8,AND,0.5242754329423343,0.0869172791704195,-0.2974015544351598,3.63570784490532,-0.1675032853348944,0.283791137452151,0.0558694457120254,-0.2974015544351598,0.6422581034950895,0.0893102965133139,-0.2914473229457311,0.7733551928457909,0.1426353530671293,-0.1875111453610942
QQQ,200,0.02,26,12,2,AND,0.6399939654855753,0.1018351709941776,-0.2025563663680748,1.5906221821460775,-0.0943170923586261,0.4099656876953721,0.0705436680568218,-0.1918997741256444,0.7970779317554798,0.1113785876464104,-0.2025563663680746,0.8282047134897157,0.1485011452692946,-0.1557891892939208
QQQ,200,0.02,26,12,4,AND,0.6127286893966754,0.1001435613783205,-0.2858440215861811,1.8935978358881875,-0.1070932010827343,0.3548317307589075,0.0650683242843939,-0.2138492722049604,0.70990655391413,0.0996642095028614,-0.2858440215861811,0.8790227784783231,0.1610340054864178,-0.199017887643765
QQQ,200,0.02,26,12,6,AND,0.6039151632478208,0.0997298474181576,-0.2914473229457306,1.969341749323715,-0.1681306082147717,0.2870311898387859,0.0566405561735423,-0.2800568265094961,0.7307866922012605,0.1031014161927552,-0.2914473229457311,0.9050828666008572,0.1674180726023919,-0.1990440614193459
QQQ,200,0.02,26,12,8,AND,0.5627007380313519,0.0942801040761773,-0.2914473229457314,2.272317403065825,-0.1675032853348951,0.2988791202382785,0.0582385151357514,-0.2795139085593916,0.6263822484794068,0.0878130881328591,-0.2914473229457311,0.8833663790036642,0.1666540873848865,-0.229186148982661
QQQ,200,0.02,26,15,2,AND,0.6409539366813979,0.1062557882963433,-0.2020628531988902,1.51487826871055,-0.0943170923586254,0.3353681155191122,0.0626389438214329,-0.1799555955663315,0.724175749837431,0.1019434309862918,-0.2020628531988897,0.9450839783800026,0.1791733416944811,-0.1831800586255271
QQQ,200,0.02,26,15,4,AND,0.5787225915049818,0.0978873063302741,-0.285844021586182,1.8935978358881875,-0.1551527639111201,0.2153855422814448,0.0473712562781807,-0.2688251229448469,0.6395251761470638,0.0902609418622228,-0.2858440215861824,0.9636265488950616,0.1838921631433459,-0.1831800586255272
QQQ,200,0.02,26,15,6,AND,0.5859524322699493,0.0994325183322997,-0.2914473229457311,1.8935978358881875,-0.1725943274071859,0.2070088555730845,0.0463394690367873,-0.283919961988084,0.660244136783817,0.0936687568758567,-0.2914473229457307,0.9818227031221332,0.1879447465379544,-0.1831800586255271
QQQ,200,0.02,26,15,8,AND,0.5797780551774492,0.0987945177894349,-0.2914473229457301,1.969341749323715,-0.1719703706725308,0.20760040647497,0.0464205686808085,-0.2833799572756805,0.6395549433888236,0.0906734146335919,-0.2914473229457303,0.9815016003621028,0.1892912221055827,-0.1831800586255271
QQQ,200,0.02,26,18,2,AND,0.6052511081876762,0.1013670473225862,-0.2914473229457311,1.7421100090171324,-0.1140989897781351,0.3303345566699738,0.0622408207399567,-0.1799555955663324,0.6324419337144705,0.0895091082869994,-0.2914473229457314,0.9450839783800026,0.1791733416944811,-0.1831800586255271
QQQ,200,0.02,26,18,4,AND,0.5759219616995549,0.097838288393333,-0.2914473229457317,1.969341749323715,-0.1551527639111202,0.2241498969602847,0.0487217264129653,-0.2688251229448466,0.6267971917193974,0.0887646588050812,-0.2914473229457314,0.9636265488950616,0.1838921631433459,-0.1831800586255272
QQQ,200,0.02,26,18,6,AND,0.5776867384855006,0.0983885138482634,-0.2914473229457308,1.969341749323715,-0.1725943274071871,0.2072934926023594,0.0464748404086505,-0.283919961988085,0.6396592828820996,0.0907868486170317,-0.2914473229457314,0.9818227031221332,0.1879447465379544,-0.1831800586255271
QQQ,200,0.02,26,18,8,AND,0.5789970966425951,0.0988900909667851,-0.2914473229457318,1.969341749323715,-0.1719703706725295,0.2078794877572924,0.0465559505450321,-0.2833799572756785,0.6396592828820996,0.0907868486170317,-0.2914473229457314,0.9815016003621028,0.1892912221055827,-0.1831800586255271
QQQ,200,0.02,39,8,2,AND,0.5061040505814788,0.0754962323446379,-0.2874991237103724,2.234445446348061,-0.1873400595313308,0.4328690435037274,0.0671166716723812,-0.1452719532497931,0.3609543934458632,0.0433574620795074,-0.2874991237103725,0.7543747817374951,0.1243031992810301,-0.2232497512415792
QQQ,200,0.02,39,8,4,AND,0.5351140417505096,0.0815609907045025,-0.2758104708051412,2.764652840396754,-0.1581516036734455,0.4000040270421898,0.0649594476239345,-0.2235427355640644,0.4544302922896991,0.0572791735738631,-0.2758104708051416,0.8112809657993534,0.1368095858084925,-0.1729621053801329
QQQ,200,0.02,39,8,6,AND,0.5195232248865739,0.0812731335673195,-0.2799653774974091,3.976555455365194,-0.1115696667700627,0.3043742885903097,0.0554555162153573,-0.2463284932701529,0.4483616974409194,0.0578834731494923,-0.2799653774974088,0.8188133207518519,0.1415880817276895,-0.1899890192738866
QQQ,200,0.02,39,8,8,AND,0.6066302198835465,0.0955995098923072,-0.2853181064445859,6.816952209197475,-0.1064356511639802,0.3553978773906087,0.0622932687485016,-0.2263642554432785,0.6065562538382657,0.0819541841341562,-0.2853181064445865,0.9281518566860256,0.1640024510004538,-0.1319799231593588
QQQ,200,0.02,39,10,2,AND,0.5176005817539918,0.0797975054863169,-0.2305096037144978,1.8935978358881875,-0.0984315549256076,0.4886711926759695,0.0749704854759834,-0.1757442762783,0.583038139912084,0.0754227339671218,-0.230509603714498,0.5211265900183437,0.0934559052989774,-0.2305096037144992
QQQ,200,0.02,39,10,4,AND,0.5178380955926598,0.0818487551877007,-0.2878549508602452,2.3480613165013526,-0.1115737820965176,0.4522522575217644,0.0724180613915281,-0.249474561336731,0.5626463103826492,0.0749331915598201,-0.2878549508602437,0.6126966325301116,0.1102789855757933,-0.1729621053801331
QQQ,200,0.02,39,10,6,AND,0.5600034698178525,0.0899951264381833,-0.2914473229457308,2.499549143372408,-0.1140989897781337,0.4650352213529467,0.076495693294244,-0.223053635091891,0.6313944168619399,0.0867940298005462,-0.2914473229457304,0.678036510925014,0.1232698837631385,-0.1819161824663738
QQQ,200,0.02,39,10,8,AND,0.5930972886593886,0.0961699539047491,-0.2914473229457313,3.408476104598737,-0.1140989897781346,0.5048391840224605,0.0822472189729568,-0.1850398734618645,0.6422581034950895,0.0893102965133139,-0.2914473229457311,0.7654825481356128,0.1407849891850401,-0.1809856005635737
QQQ,200,0.02,39,12,2,AND,0.5935383939160309,0.0938694623337648,-0.2285275830448103,1.51487826871055,-0.1099986437750542,0.3477574053380156,0.0615892946849565,-0.2285275830448103,0.7633090357878815,0.1060969755332708,-0.2025563663680746,0.7745202090197661,0.1381983539714859,-0.1557891892939206
QQQ,200,0.02,39,12,4,AND,0.622108938435181,0.0997091140819974,-0.2858440215861816,1.666366095581605,-0.1070932010827343,0.4357564630453033,0.0725261591572796,-0.2057446019441294,0.6990779633538688,0.0979624452226854,-0.2858440215861811,0.8334332428324754,0.1519574458267842,-0.1990178876437647
QQQ,200,0.02,39,12,6,AND,0.6654652939914371,0.1075542581454103,-0.2914473229457307,1.666366095581605,-0.1140989897781347,0.5182061526749827,0.0844711420647912,-0.189697573573902,0.7307866922012605,0.1031014161927552,-0.2914473229457311,0.8679651877156669,0.1597598150062222,-0.1990440614193459
QQQ,200,0.02,39,12,8,AND,0.6219762375786234,0.102250171216339,-0.2914473229457308,2.0450856627592424,-0.1140989897781363,0.5062200863429286,0.0833766381403817,-0.1783195798880689,0.6263822484794068,0.0878130881328591,-0.2914473229457311,0.8639535083082441,0.1623675747021538,-0.229186148982661
QQQ,200,0.02,39,15,2,AND,0.6016232200111019,0.0989223763152595,-0.2029385071023428,1.4391343552750224,-0.0943170923586252,0.2878750512142746,0.0554818324642403,-0.2029385071023428,0.6908875089101795,0.0967066576331023,-0.2020628531988897,0.8955362081781519,0.1685954011382544,-0.1831800586255274
QQQ,200,0.02,39,15,4,AND,0.6075247087534413,0.1006898190374101,-0.2858440215861814,1.5906221821460775,-0.1070932010827344,0.3473202251476072,0.0631696370802308,-0.2029385071023431,0.6288464535604188,0.0885737294287374,-0.2858440215861824,0.920500982955196,0.1746369063648487,-0.1831800586255271
QQQ,200,0.02,39,15,6,AND,0.6443921926834507,0.1072548136082951,-0.2914473229457315,1.5906221821460775,-0.1140989897781353,0.4229393478611633,0.0738987372233941,-0.178319579888068,0.660244136783817,0.0936687568758567,-0.2914473229457307,0.9464181419365164,0.1801518340479804,-0.1831800586255271
QQQ,200,0.02,39,15,8,AND,0.6459450958302204,0.1083377950114985,-0.29144732294573,1.666366095581605,-0.1140989897781343,0.4009799841523574,0.0712779600853343,-0.1783195798880691,0.6395549433888236,0.0906734146335919,-0.2914473229457303,0.9815016003621028,0.1892912221055827,-0.1831800586255271
QQQ,200,0.02,39,18,2,AND,0.5782269318626798,0.0961791685519264,-0.2914473229457317,1.666366095581605,-0.114098989778135,0.3078997241409095,0.0584497568847794,-0.17831957988807,0.6134594217491344,0.086505127322578,-0.2914473229457314,0.8955362081781519,0.1685954011382544,-0.1831800586255274
QQQ,200,0.02,39,18,4,AND,0.6016161579434035,0.1002596307912291,-0.2914473229457314,1.666366095581605,-0.1140989897781353,0.3463038930641783,0.0635402387763393,-0.178319579888069,0.6161776793018754,0.087079761915775,-0.2914473229457314,0.920500982955196,0.1746369063648487,-0.1831800586255271
QQQ,200,0.02,39,18,6,AND,0.6241854952633271,0.1042834351650405,-0.2914473229457307,1.666366095581605,-0.1140989897781341,0.384085850507224,0.0689844734983855,-0.1783195798880675,0.6396592828820996,0.0907868486170317,-0.2914473229457314,0.9464181419365164,0.1801518340479804,-0.1831800586255271
QQQ,200,0.02,39,18,8,AND,0.6335563619712656,0.1065103803920719,-0.2914473229457314,1.666366095581605,-0.1140989897781353,0.3625846540457497,0.0663756892881262,-0.1783195798880692,0.6396592828820996,0.0907868486170317,-0.2914473229457314,0.9815016003621028,0.1892912221055827,-0.1831800586255271
QQQ,200,0.02,52,8,2,AND,0.4427085545890264,0.0667058782751643,-0.287499123710373,2.234445446348061,-0.1873400595313299,0.2174096128268637,0.0436040713430061,-0.1583163541450111,0.3609543934458632,0.0433574620795074,-0.2874991237103725,0.7543747817374951,0.1243031992810301,-0.2232497512415792
QQQ,200,0.02,52,8,4,AND,0.4595710469509512,0.0705546714824776,-0.2758104708051411,2.764652840396754,-0.1581516036734447,0.1417655434696667,0.0364491472873353,-0.223542735564064,0.4544302922896991,0.0572791735738631,-0.2758104708051416,0.8111736146005433,0.1361091221859651,-0.1729621053801329
QQQ,200,0.02,52,8,6,AND,0.4547486413162281,0.0713876021884047,-0.279965377497409,3.8250676284941383,-0.1115696667700627,0.0535928441655647,0.0273886900054396,-0.2463284932701515,0.4483616974409194,0.0578834731494923,-0.2799653774974088,0.8359433317053705,0.1438360910591685,-0.1899890192738866
QQQ,200,0.02,52,8,8,AND,0.5522425545193214,0.0863150954246709,-0.2853181064445858,6.135256988277727,-0.1064356511639791,0.1514366676544523,0.0377928524256414,-0.2263642554432816,0.6065562538382657,0.0819541841341562,-0.2853181064445865,0.9357737132470052,0.164263198253513,-0.1319799231593588
QQQ,200,0.02,52,10,2,AND,0.4573821085790149,0.0709719958182206,-0.230509603714497,1.8935978358881875,-0.098431554925608,0.2860163333244743,0.0512848360415505,-0.1883236249275969,0.583038139912084,0.0754227339671218,-0.230509603714498,0.5211265900183437,0.0934559052989774,-0.2305096037144992
QQQ,200,0.02,52,10,4,AND,0.4452300458276522,0.0708395075799535,-0.2878549508602445,2.3480613165013526,-0.111573782096517,0.2081366797506127,0.0437080846080144,-0.2494745613367334,0.5626463103826492,0.0749331915598201,-0.2878549508602437,0.6111741205932556,0.1095948692119266,-0.1729621053801331
QQQ,200,0.02,52,10,6,AND,0.4801086598174667,0.0772314117563541,-0.291447322945731,2.499549143372408,-0.1140989897781346,0.1745562423539842,0.040514714543745,-0.2230536350918907,0.6313944168619399,0.0867940298005462,-0.2914473229457304,0.6934281821278824,0.1254818209941641,-0.1819161824663738
QQQ,200,0.02,52,10,8,AND,0.5312063452748456,0.0854011170263007,-0.2914473229457303,3.181244364292155,-0.1140989897781334,0.2811394476441917,0.0527344826769184,-0.1850398734618651,0.6422581034950895,0.0893102965133139,-0.2914473229457311,0.7778440406819517,0.1417265926008637,-0.1809856005635736
QQQ,200,0.02,52,12,2,AND,0.5372609135315246,0.0849289383314291,-0.2403013811840322,1.51487826871055,-0.1099986437750544,0.1535455010134263,0.0381984832934028,-0.2403013811840322,0.7633090357878815,0.1060969755332708,-0.2025563663680746,0.7745202090197661,0.1381983539714859,-0.1557891892939206
QQQ,200,0.02,52,12,4,AND,0.5538426045244746,0.088518113606774,-0.2858440215861818,1.666366095581605,-0.1070932010827354,0.2031951037209155,0.0438132884609756,-0.2057446019441288,0.6990779633538688,0.0979624452226854,-0.2858440215861811,0.8329969501012223,0.1512476486051783,-0.1990178876437647
QQQ,200,0.02,52,12,6,AND,0.5892267600488048,0.0945849280972961,-0.2914473229457307,1.666366095581605,-0.1140989897781344,0.2392386422550552,0.0482235905313948,-0.1896975735739019,0.7307866922012605,0.1031014161927552,-0.2914473229457311,0.8836739724981899,0.1620436080206539,-0.1990440614193459
QQQ,200,0.02,52,12,8,AND,0.5615236946022456,0.091323411196508,-0.2914473229457309,1.969341749323715,-0.1140989897781359,0.2976643628913076,0.0550965181391063,-0.1783195798880679,0.6263822484794068,0.0878130881328591,-0.2914473229457311,0.8685526533284795,0.1616921982245731,-0.229186148982661
QQQ,200,0.02,52,15,2,AND,0.5481446041184966,0.0899405533277262,-0.2151028319902764,1.4391343552750224,-0.0943170923586256,0.1007540668103197,0.0322255914735012,-0.2151028319902764,0.6908875089101795,0.0967066576331023,-0.2020628531988897,0.8955362081781519,0.1685954011382544,-0.1831800586255274
QQQ,200,0.02,52,15,4,AND,0.5416653361225889,0.0894888385870451,-0.285844021586181,1.5906221821460775,-0.1070932010827353,0.1217668015144187,0.0347072522170899,-0.2029385071023434,0.6288464535604188,0.0885737294287374,-0.2858440215861824,0.9202931269512342,0.1739131348266258,-0.1831800586255271
QQQ,200,0.02,52,15,6,AND,0.5702122702414938,0.0942889900204777,-0.2914473229457309,1.5906221821460775,-0.1140989897781348,0.1491196428236441,0.0380045595829996,-0.1783195798880689,0.660244136783817,0.0936687568758567,-0.2914473229457307,0.9616614911241584,0.1824757829205785,-0.1831800586255271
QQQ,200,0.02,52,15,8,AND,0.5786954929493591,0.095825627178278,-0.2914473229457301,1.666366095581605,-0.1140989897781346,0.1929243734765569,0.0433136601370376,-0.1783195798880685,0.6395549433888236,0.0906734146335919,-0.2914473229457303,0.9682437956630722,0.1842330550899855,-0.1831800586255271
QQQ,200,0.02,52,18,2,AND,0.5291866121063487,0.0878531884180315,-0.2914473229457309,1.666366095581605,-0.114098989778135,0.1387207289139826,0.0367661676358315,-0.1783195798880688,0.6134594217491344,0.086505127322578,-0.2914473229457314,0.8955362081781519,0.1685954011382544,-0.1831800586255274
QQQ,200,0.02,52,18,4,AND,0.5360765639371513,0.0890630280774911,-0.291447322945731,1.666366095581605,-0.1140989897781348,0.1246519144905904,0.0350679324408975,-0.1783195798880688,0.6161776793018754,0.087079761915775,-0.2914473229457314,0.9202931269512342,0.1739131348266258,-0.1831800586255271
QQQ,200,0.02,52,18,6,AND,0.5498612361195989,0.0913524060691812,-0.2914473229457314,1.666366095581605,-0.114098989778135,0.1096311263204067,0.0332545510610218,-0.1783195798880679,0.6396592828820996,0.0907868486170317,-0.2914473229457314,0.9616614911241584,0.1824757829205785,-0.1831800586255271
QQQ,200,0.02,52,18,8,AND,0.5661151782801866,0.0940188424773853,-0.2914473229457293,1.666366095581605,-0.1140989897781332,0.1532198370839398,0.0385393566612055,-0.1783195798880673,0.6396592828820996,0.0907868486170317,-0.2914473229457314,0.9682437956630722,0.1842330550899855,-0.1831800586255271
QQQ,200,0.03,26,8,2,AND,0.5742152130542939,0.0854471421090459,-0.2874991237103718,2.234445446348061,-0.1873400595313289,0.5495192043528739,0.0821301383692874,-0.1298855404029014,0.3971849916185082,0.0480672257927652,-0.2874991237103725,0.8132731502184266,0.134480213838495,-0.2015398987568744
QQQ,200,0.03,26,8,4,AND,0.5348295280169443,0.0825719828411573,-0.2838113834946041,2.916140667267809,-0.1581516036734458,0.3664296409898912,0.0629675194809127,-0.2046108624028288,0.4530258496053702,0.0570611071965709,-0.2838113834946041,0.8489115823178581,0.1437133787194173,-0.1729621053801333
QQQ,200,0.03,26,8,6,AND,0.4926290035909296,0.0782917199050023,-0.2784915844167451,4.052299368800721,-0.1115696667700615,0.2091887130866293,0.0451267475470689,-0.2680753749463509,0.438242133841152,0.0562914138392349,-0.278491584416746,0.832583894123748,0.1446162467440261,-0.1991325511309296
QQQ,200,0.03,26,8,8,AND,0.5952738619770018,0.0947878968886402,-0.2690645949365784,7.044183949504058,-0.0879167796106406,0.3158861117363832,0.0585700909327668,-0.243580746668512,0.6225474148477967,0.0841798397945856,-0.2690645949365778,0.9328481848774084,0.165541937968811,-0.1433090697327909
QQQ,200,0.03,26,10,2,AND,0.5825437568114226,0.0897882123040454,-0.2090026611438873,1.8935978358881875,-0.0984315549256084,0.5990229969045505,0.0900944489677704,-0.1366104323643966,0.6170668130182222,0.0802772417968309,-0.2090026611438886,0.5791561833436069,0.1033536950351357,-0.2090026611438876
QQQ,200,0.03,26,10,4,AND,0.5430789860671899,0.086848175605924,-0.2608409620064512,2.3480613165013526,-0.1042775783078856,0.4549667317706065,0.0757884552225667,-0.2415896454467263,0.5958042298176887,0.0799276313414854,-0.2608409620064514,0.6498764353470871,0.1170216593581536,-0.1729621053801332
QQQ,200,0.03,26,10,6,AND,0.5410870901598014,0.0881696322123737,-0.2608409620064515,2.499549143372408,-0.1103830395399118,0.3574549049294274,0.0646908810884403,-0.2464669429678168,0.6499858593141509,0.0895413385569139,-0.2608409620064518,0.6922043578358618,0.1262494581125552,-0.1819161824663741
QQQ,200,0.03,26,10,8,AND,0.5705398236903354,0.0935806513356787,-0.2608409620064515,3.33273219116321,-0.1103830395399139,0.4118889649626136,0.072014162270978,-0.2196736823532421,0.6720054168417212,0.0938659363100846,-0.2608409620064512,0.7677657042547404,0.1416327146587073,-0.1875111453610933
QQQ,200,0.03,26,12,2,AND,0.6757412025673961,0.1072620183995896,-0.2025563663680748,1.363390441839495,-0.0943170923586257,0.4862168482010759,0.0803631376288527,-0.163437464466855,0.8268334606767105,0.1159435586572479,-0.2025563663680748,0.8582495013387937,0.1538848398970904,-0.1557891892939207
QQQ,200,0.03,26,12,4,AND,0.6615669645157582,0.107620263599643,-0.2608409620064517,1.51487826871055,-0.1142708803190811,0.4574472704713439,0.0784456222554148,-0.2033041772123444,0.7623570520542213,0.1079933464771483,-0.2608409620064514,0.8971472081491242,0.1643859206515205,-0.1990178876437647
QQQ,200,0.03,26,12,6,AND,0.6627631990834179,0.1086205734502823,-0.2608409620064519,1.51487826871055,-0.1325564354127397,0.427941407115422,0.075119740742465,-0.2197516723175282,0.781652744034867,0.1110697690987836,-0.2608409620064519,0.9096605199477492,0.1682870734841426,-0.199044061419346
QQQ,200,0.03,26,12,8,AND,0.6109480542424,0.1016734819253819,-0.2608427694039119,1.81785392245266,-0.1325564354127402,0.4363855691829805,0.0762665811400171,-0.2197516723175288,0.6541817379247342,0.0923310839585633,-0.2608427694039121,0.8878433658754507,0.1675225195724876,-0.2291861489826612
QQQ,200,0.03,26,15,2,AND,0.673508388481576,0.1113572588050024,-0.2025563663680739,1.21190261496844,-0.094317092358626,0.3929352422086072,0.0701242545165325,-0.1666676023829221,0.780918515234803,0.1109300111403486,-0.2025563663680741,0.9564361211710156,0.1813946901138119,-0.1831800586255272
QQQ,200,0.03,26,15,4,AND,0.65036510111905,0.1093050689141952,-0.2608409620064511,1.363390441839495,-0.1190236048571408,0.3641216327150782,0.0674773596643472,-0.2075791589219846,0.718848759603871,0.1030155165072745,-0.2608409620064522,0.9748907703441874,0.1861224009652742,-0.1831800586255272
QQQ,200,0.03,26,15,6,AND,0.6518402459541367,0.1098838446119436,-0.2608409620064519,1.363390441839495,-0.1372110416836534,0.3388401449892969,0.0642473051023031,-0.223938398586723,0.7378198230159376,0.1060781178286516,-0.260840962006452,0.9862135987896212,0.1888290270338959,-0.1831800586255273
QQQ,200,0.03,26,15,8,AND,0.6369155470932666,0.1079284096756112,-0.2608409620064513,1.4391343552750224,-0.1372110416836534,0.3388401449892969,0.0642473051023031,-0.223938398586723,0.6945096670939002,0.099686378734533,-0.2608409620064517,0.9858556979934012,0.1901765048889512,-0.1831800586255273
QQQ,200,0.03,26,18,2,AND,0.6352528296211645,0.10608982792188,-0.2608409620064519,1.363390441839495,-0.1079179789245259,0.371621636953082,0.0675381304929167,-0.1749594669874162,0.6952697491096386,0.0996478466731356,-0.2608409620064517,0.9564361211710156,0.1813946901138119,-0.1831800586255272
QQQ,200,0.03,26,18,4,AND,0.6363742105967246,0.1074283250986549,-0.2608409620064521,1.4391343552750224,-0.1190236048571413,0.3559628018059553,0.0666703342125323,-0.2075791589219853,0.6895407944270368,0.0988964695038017,-0.2608409620064517,0.9748907703441874,0.1861224009652742,-0.1831800586255272
QQQ,200,0.03,26,18,6,AND,0.6350216840312635,0.1075070976481633,-0.2608409620064515,1.4391343552750224,-0.137211041683654,0.3378412195101677,0.0643849933210478,-0.2239383985867228,0.6945096670939002,0.099686378734533,-0.2608409620064517,0.9862135987896212,0.1888290270338959,-0.1831800586255273
QQQ,200,0.03,26,18,8,AND,0.6358960335131961,0.1079812066081904,-0.2608409620064515,1.4391343552750224,-0.137211041683654,0.3378412195101677,0.0643849933210478,-0.2239383985867228,0.6945096670939002,0.099686378734533,-0.2608409620064517,0.9858556979934012,0.1901765048889512,-0.1831800586255273
QQQ,200,0.03,39,8,2,AND,0.5061040505814788,0.0754962323446379,-0.2874991237103724,2.234445446348061,-0.1873400595313308,0.4328690435037274,0.0671166716723812,-0.1452719532497931,0.3609543934458632,0.0433574620795074,-0.2874991237103725,0.7543747817374951,0.1243031992810301,-0.2232497512415792
QQQ,200,0.03,39,8,4,AND,0.5247187590765953,0.0801112419834599,-0.2838113834946044,2.764652840396754,-0.1581516036734455,0.4000040270421898,0.0649594476239345,-0.2235427355640644,0.441108197943891,0.0554252725311836,-0.2838113834946041,0.7989570178504534,0.1347722256899508,-0.1729621053801329
QQQ,200,0.03,39,8,6,AND,0.4993338463130571,0.0782329771745018,-0.2784915844167448,3.9008115419296665,-0.1115696667700628,0.2761693561400888,0.0520504259756959,-0.2549762454979538,0.438242133841152,0.0562914138392349,-0.278491584416746,0.7923093396001206,0.1371075690286072,-0.1991325511309296
QQQ,200,0.03,39,8,8,AND,0.6010328447574005,0.0945044032952724,-0.2690645949365785,6.816952209197475,-0.0998359137892132,0.3406162594161177,0.0602153500003603,-0.2257103021677012,0.6225474148477967,0.0841798397945856,-0.2690645949365778,0.9222947019981806,0.1629810634145214,-0.1321000024389755
QQQ,200,0.03,39,10,2,AND,0.5176005817539918,0.0797975054863169,-0.2305096037144978,1.8935978358881875,-0.0984315549256076,0.4886711926759695,0.0749704854759834,-0.1757442762783,0.583038139912084,0.0754227339671218,-0.230509603714498,0.5211265900183437,0.0934559052989774,-0.2305096037144992
QQQ,200,0.03,39,10,4,AND,0.5173310341175545,0.0818194597982899,-0.2608409620064517,2.272317403065825,-0.116253302144656,0.4391201315581149,0.0709152880934325,-0.2596413486419027,0.5845458790912337,0.0782564100247318,-0.2608409620064514,0.6009362317115413,0.1082891728983621,-0.1729621053801331
QQQ,200,0.03,39,10,6,AND,0.5466105202822715,0.0878029022749093,-0.2608409620064515,2.42380522993688,-0.0984315549256074,0.4233883320000124,0.0709222539137703,-0.2464669429678178,0.6499858593141509,0.0895413385569139,-0.2608409620064518,0.6527136562453326,0.118861266452523,-0.1819161824663735
QQQ,200,0.03,39,10,8,AND,0.5851613879441382,0.0947607784923139,-0.2608409620064519,3.33273219116321,-0.0984315549256075,0.4666720636809225,0.0769464860910391,-0.1982253831239019,0.6720054168417212,0.0938659363100846,-0.2608409620064512,0.7598700750741237,0.1397839744318756,-0.1809856005635732
QQQ,200,0.03,39,12,2,AND,0.6152921875380438,0.097111119287873,-0.2025563663680744,1.363390441839495,-0.1099986437750544,0.3783899680961425,0.0653741862890455,-0.2013553510350548,0.7949585871066661,0.1109287749208018,-0.2025563663680748,0.8049036062466284,0.1435337534082943,-0.155789189293921
QQQ,200,0.03,39,12,4,AND,0.6468978709244129,0.1035498263747396,-0.260840962006452,1.4391343552750224,-0.094317092358626,0.4659439457564847,0.0763500440393947,-0.1777699245912386,0.7515804352790153,0.1062786926006162,-0.2608409620064514,0.8517068509665631,0.1552831568860408,-0.1990178876437648
QQQ,200,0.03,39,12,6,AND,0.6780648992738486,0.1093068403149553,-0.260840962006452,1.4391343552750224,-0.0943170923586258,0.5196155895217902,0.0842221791778179,-0.1752641860174997,0.781652744034867,0.1110697690987836,-0.2608409620064519,0.872578560029311,0.1606231152458801,-0.199044061419346
QQQ,200,0.03,39,12,8,AND,0.6247257924580455,0.1025714041371204,-0.2608427694039119,1.81785392245266,-0.0943170923586266,0.5044536939776701,0.0827299359514821,-0.1666676023829214,0.6541817379247342,0.0923310839585633,-0.2608427694039121,0.868454726929615,0.1632328161019911,-0.2291861489826612
QQQ,200,0.03,39,15,2,AND,0.6244080628612864,0.10254276139279,-0.2025563663680748,1.21190261496844,-0.0943170923586267,0.314129706365637,0.0588557342177451,-0.1778091775142468,0.7495943533724432,0.1059377570886299,-0.2025563663680741,0.9069928547912076,0.1707968226386973,-0.1831800586255272
QQQ,200,0.03,39,15,4,AND,0.6382161668695792,0.1056734623171711,-0.2608409620064524,1.2876465284039675,-0.0943170923586257,0.3733012784596021,0.0665681132950639,-0.1778091775142469,0.7082524978793,0.1013085659761476,-0.2608409620064522,0.9318478112420376,0.1768497089639062,-0.1831800586255271
QQQ,200,0.03,39,15,6,AND,0.6658709231489417,0.1105708934764821,-0.2608409620064513,1.2876465284039675,-0.0943170923586267,0.4204391336063032,0.0732576926968928,-0.1666676023829212,0.7378198230159376,0.1060781178286516,-0.260840962006452,0.9508403013547244,0.1810303136676261,-0.1831800586255273
QQQ,200,0.03,39,15,8,AND,0.6588743493919234,0.1103745905060475,-0.2608409620064523,1.363390441839495,-0.0943170923586259,0.398302404671498,0.0706384799845849,-0.1666676023829227,0.6945096670939002,0.099686378734533,-0.2608409620064517,0.9858556979934012,0.1901765048889512,-0.1831800586255273
QQQ,200,0.03,39,18,2,AND,0.5942777415115673,0.0986226716887492,-0.2608409620064521,1.363390441839495,-0.1079179789245259,0.3044761308777821,0.0578179343490885,-0.1749594669874162,0.6764066897221567,0.0966159113053199,-0.2608409620064517,0.9069928547912076,0.1707968226386973,-0.1831800586255272
QQQ,200,0.03,39,18,4,AND,0.6175981946337015,0.1027122297242206,-0.2608409620064518,1.363390441839495,-0.1079179789245259,0.3431939928578876,0.0629053775690859,-0.1749594669874162,0.6789888764504902,0.097195893324953,-0.2608409620064517,0.9318478112420376,0.1768497089639062,-0.1831800586255271
QQQ,200,0.03,39,18,6,AND,0.6371517643252568,0.1062692765607609,-0.2608409620064515,1.363390441839495,-0.1079179789245259,0.381276893185856,0.0683463624531823,-0.1749594669874162,0.6945096670939002,0.099686378734533,-0.2608409620064517,0.9508403013547244,0.1810303136676261,-0.1831800586255273
QQQ,200,0.03,39,18,8,AND,0.6464065287055564,0.1085002265205243,-0.2608409620064519,1.363390441839495,-0.1079179789245259,0.3596091392442788,0.0657391355097136,-0.1749594669874162,0.6945096670939002,0.099686378734533,-0.2608409620064517,0.9858556979934012,0.1901765048889512,-0.1831800586255273
QQQ,200,0.03,52,8,2,AND,0.4427085545890264,0.0667058782751643,-0.287499123710373,2.234445446348061,-0.1873400595313299,0.2174096128268637,0.0436040713430061,-0.1583163541450111,0.3609543934458632,0.0433574620795074,-0.2874991237103725,0.7543747817374951,0.1243031992810301,-0.2232497512415792
QQQ,200,0.03,52,8,4,AND,0.4489167505530666,0.0691196758797083,-0.2838113834946042,2.764652840396754,-0.1581516036734447,0.1417655434696667,0.0364491472873353,-0.223542735564064,0.441108197943891,0.0554252725311836,-0.2838113834946041,0.798774451780436,0.1340730174198297,-0.1729621053801329
QQQ,200,0.03,52,8,6,AND,0.4339101604905371,0.068375240402227,-0.2784915844167455,3.7493237150586114,-0.1115696667700615,0.0210266194888587,0.0240741484194328,-0.2549762454979537,0.438242133841152,0.0562914138392349,-0.278491584416746,0.8093281896792884,0.1393467553577103,-0.1991325511309296
QQQ,200,0.03,52,8,8,AND,0.5463411164053728,0.0852292690650233,-0.2690645949365797,6.135256988277727,-0.0998359137892118,0.1330581613166223,0.0357628581781186,-0.2257103021677009,0.6225474148477967,0.0841798397945856,-0.2690645949365778,0.9298714365322304,0.1632415818673689,-0.1321000024389755
QQQ,200,0.03,52,10,2,AND,0.4573821085790149,0.0709719958182206,-0.230509603714497,1.8935978358881875,-0.098431554925608,0.2860163333244743,0.0512848360415505,-0.1883236249275969,0.583038139912084,0.0754227339671218,-0.230509603714498,0.5211265900183437,0.0934559052989774,-0.2305096037144992
QQQ,200,0.03,52,10,4,AND,0.4447652936331175,0.0708105103100298,-0.2608409620064524,2.272317403065825,-0.116253302144657,0.1943394554948453,0.0422455424362426,-0.2596413486419032,0.5845458790912337,0.0782564100247318,-0.2608409620064514,0.5993481913637356,0.1076062825897763,-0.1729621053801331
QQQ,200,0.03,52,10,6,AND,0.4661914081996621,0.075064858280095,-0.2608409620064509,2.42380522993688,-0.0984315549256069,0.126454309772244,0.0351275627677316,-0.2464669429678188,0.6499858593141509,0.0895413385569139,-0.2608409620064518,0.6680083701464875,0.1210645222571988,-0.1819161824663739
QQQ,200,0.03,52,10,8,AND,0.5229209390576057,0.0840057854344296,-0.2608409620064512,3.105500450856628,-0.0984315549256086,0.237580429698173,0.0475783000687071,-0.198225383123902,0.6720054168417212,0.0938659363100846,-0.2608409620064512,0.7721682216105163,0.1407247516105725,-0.1809856005635735
QQQ,200,0.03,52,12,2,AND,0.5593365420448766,0.0881441002486038,-0.2135438372015392,1.363390441839495,-0.1099986437750544,0.1862986525474465,0.0418999794769736,-0.2135438372015392,0.7949585871066661,0.1109287749208018,-0.2025563663680748,0.8049036062466284,0.1435337534082943,-0.155789189293921
QQQ,200,0.03,52,12,4,AND,0.5791098845256906,0.0923197415520806,-0.2608409620064515,1.4391343552750224,-0.0943170923586261,0.2356772265231656,0.0475348031479767,-0.1777699245912389,0.7515804352790153,0.1062786926006162,-0.2608409620064514,0.85136393998964,0.1545713104737485,-0.1990178876437648
QQQ,200,0.03,52,12,6,AND,0.6019204966367996,0.0963169877358445,-0.2608409620064522,1.4391343552750224,-0.0943170923586262,0.2383911414221761,0.0479829490231331,-0.1752641860174999,0.781652744034867,0.1110697690987836,-0.2608409620064519,0.888303575446143,0.1629086082666677,-0.199044061419346
QQQ,200,0.03,52,12,8,AND,0.5642713500810705,0.0916414596904435,-0.2608427694039112,1.7421100090171324,-0.0943170923586251,0.2940722728350116,0.0544666972589433,-0.1666676023829213,0.6541817379247342,0.0923310839585633,-0.2608427694039121,0.8731037156546047,0.1625569368887001,-0.2291861489826612
QQQ,200,0.03,52,15,2,AND,0.571241439854198,0.0935313479095003,-0.2025563663680744,1.21190261496844,-0.0943170923586267,0.1286615357748099,0.03552515346118,-0.1903570127486842,0.7495943533724432,0.1059377570886299,-0.2025563663680741,0.9069928547912076,0.1707968226386973,-0.1831800586255272
QQQ,200,0.03,52,15,4,AND,0.5729113201651413,0.0944217666789466,-0.2608409620064515,1.2876465284039675,-0.0943170923586272,0.1495578217535439,0.0380147469604803,-0.1778091775142479,0.7082524978793,0.1013085659761476,-0.2608409620064522,0.9316922739420432,0.1761245739715538,-0.1831800586255271
QQQ,200,0.03,52,15,6,AND,0.5919817321656411,0.097566238983578,-0.2608409620064512,1.2876465284039675,-0.0943170923586262,0.1442287699762523,0.0373849414399294,-0.1666676023829217,0.7378198230159376,0.1060781178286516,-0.260840962006452,0.9660979960303836,0.1833559924377359,-0.1831800586255273
QQQ,200,0.03,52,15,8,AND,0.5919147887875497,0.0978394290266797,-0.2608409620064528,1.363390441839495,-0.0943170923586262,0.188434110574821,0.0426908728219277,-0.1666676023829219,0.6945096670939002,0.099686378734533,-0.2608409620064517,0.9726657534023496,0.1851145726827168,-0.1831800586255273
QQQ,200,0.03,52,18,2,AND,0.5453699588367436,0.0902781320354273,-0.2608409620064538,1.363390441839495,-0.1079179789245259,0.1337568901813491,0.036147288728549,-0.1749594669874162,0.6764066897221567,0.0966159113053199,-0.2608409620064517,0.9069928547912076,0.1707968226386973,-0.1831800586255272
QQQ,200,0.03,52,18,4,AND,0.552226129459908,0.0914906685596765,-0.2608409620064504,1.363390441839495,-0.1079179789245259,0.1195662876554155,0.0344500672645553,-0.1749594669874162,0.6789888764504902,0.097195893324953,-0.2608409620064517,0.9316922739420432,0.1761245739715538,-0.1831800586255271
QQQ,200,0.03,52,18,6,AND,0.5629844416661147,0.0933149934958124,-0.2608409620064522,1.363390441839495,-0.1079179789245259,0.1044168501921846,0.0326377683500631,-0.1749594669874162,0.6945096670939002,0.099686378734533,-0.2608409620064517,0.9660979960303836,0.1833559924377359,-0.1831800586255273
QQQ,200,0.03,52,18,8,AND,0.5792274271908449,0.0959862249771192,-0.2608409620064513,1.363390441839495,-0.1079179789245259,0.1484002846895431,0.0379194192806431,-0.1749594669874162,0.6945096670939002,0.099686378734533,-0.2608409620064517,0.9726657534023496,0.1851145726827168,-0.1831800586255273
QQQ,200,0.05,26,8,2,AND,0.5542258107089441,0.082035624559285,-0.2713451374113482,2.158701532912534,-0.144442470217961,0.4747402143513611,0.0728312522869918,-0.148725028055746,0.4037812848008003,0.0481532849307508,-0.2713451374113482,0.8132731502184266,0.134480213838495,-0.2015398987568744
QQQ,200,0.05,26,8,4,AND,0.5367167364609116,0.081496857243297,-0.248862065745207,2.6131650135256987,-0.1146411769353237,0.298761644801796,0.0545721857129759,-0.248862065745207,0.5217625723706911,0.0639325845290967,-0.2351426950176732,0.8455207830908648,0.1429132699136948,-0.1729621053801331
QQQ,200,0.05,26,8,6,AND,0.506381989769353,0.0788340803816045,-0.2675492613461336,3.5978358881875563,-0.0857850965181107,0.2165477057971998,0.0455899495652052,-0.2675492613461336,0.4760869728987177,0.0594285620776102,-0.2247713532070164,0.8196145835377926,0.1422104549767548,-0.1994126786532367
QQQ,200,0.05,26,8,8,AND,0.6040550478757706,0.0941385154669838,-0.2501061514480405,5.983769161406673,-0.1034870450269407,0.2802990192555331,0.0533924660657811,-0.2501061514480405,0.687062661274338,0.0899136050257851,-0.2025563663680748,0.920422456059622,0.1630921639010818,-0.1433090697327909
QQQ,200,0.05,26,10,2,AND,0.550855494784937,0.0851979889463872,-0.2183556562346056,1.81785392245266,-0.0984315549256077,0.521571339056043,0.0800691008846019,-0.1790742438440853,0.6044641469402438,0.0788052924347628,-0.2183556562346049,0.5735929144888899,0.1024719246641576,-0.2090026611438876
QQQ,200,0.05,26,10,4,AND,0.5286897771862964,0.0838372685278345,-0.2837835468088787,2.12082957619477,-0.1289664805268165,0.4003813358840515,0.0680562985086765,-0.2837835468088787,0.6210073297027522,0.0819510777770633,-0.2183556562346055,0.6407513273777979,0.1153481543722878,-0.1729621053801329
QQQ,200,0.05,26,10,6,AND,0.5250348285485892,0.0846172180683073,-0.2732534958048085,2.272317403065825,-0.1161602578472866,0.3240469429915852,0.0593697717747123,-0.2732534958048085,0.6554058665483616,0.0885603326000012,-0.2183556562346053,0.6742125484874547,0.1229840940088431,-0.1863079727764423
QQQ,200,0.05,26,10,8,AND,0.5626702477838372,0.0910705874657877,-0.23470384234111,3.0297565374211,-0.0984315549256078,0.3717920329883281,0.0655198525755866,-0.23470384234111,0.7056307743006152,0.0968326377867125,-0.2183556562346048,0.7502550039393108,0.1383227494825045,-0.1875111453610948
QQQ,200,0.05,26,12,2,AND,0.6111227207526785,0.0976318033608436,-0.221294247019803,1.2876465284039675,-0.1006566773184288,0.3942662634986358,0.0686729250556641,-0.2064299327589689,0.7408314868351574,0.1029578016883256,-0.2212942470198037,0.830385169593783,0.1494054182577473,-0.1557891892939205
QQQ,200,0.05,26,12,4,AND,0.6354607081180339,0.1027419568904717,-0.2212942470198029,1.2876465284039675,-0.100656677318428,0.4110937850342467,0.0717171867915162,-0.2064299327589693,0.7485610723354352,0.1042378751101182,-0.2212942470198035,0.8668025283060795,0.1590543249203815,-0.1990178876437649
QQQ,200,0.05,26,12,6,AND,0.6355420368082056,0.1031908044656344,-0.2212942470198026,1.2876465284039675,-0.1006566773184285,0.4037060173976424,0.0707684240844654,-0.2064299327589681,0.7485610723354352,0.1042378751101182,-0.2212942470198035,0.8708440380158016,0.1613057304909702,-0.1990440614193462
QQQ,200,0.05,26,12,8,AND,0.5968290783790449,0.0982513582938502,-0.2291861489826613,1.51487826871055,-0.1006566773184285,0.4037060173976424,0.0707684240844654,-0.2064299327589681,0.6634202094804583,0.0919243610945896,-0.2212942470198031,0.8499920111000745,0.1605457453306227,-0.229186148982661
QQQ,200,0.05,26,15,2,AND,0.5900981587897466,0.0982745239919158,-0.2212942470198035,1.1361587015329124,-0.1167061883042497,0.2580638640756613,0.0523637018413429,-0.2063833126423135,0.6946704083525549,0.0976926676581775,-0.2212942470198039,0.9146063728662908,0.1741875890693913,-0.1831800586255272
QQQ,200,0.05,26,15,4,AND,0.6082898550392489,0.1018538823950692,-0.221294247019803,1.1361587015329124,-0.1167061883042505,0.2775840052594953,0.0553615045128654,-0.2063833126423139,0.7023147559657986,0.0989666304580365,-0.2212942470198026,0.9385002231231055,0.1796931708073941,-0.1831800586255272
QQQ,200,0.05,26,15,6,AND,0.6075916741618361,0.1018587164771709,-0.2212942470198032,1.1361587015329124,-0.1167061883042506,0.2705555421162909,0.0544272210561107,-0.206383312642315,0.7023147559657986,0.0989666304580365,-0.2212942470198026,0.94145324082034,0.1807259520453055,-0.1831800586255272
QQQ,200,0.05,26,15,8,AND,0.6085541955933405,0.1023304074408453,-0.2212942470198032,1.1361587015329124,-0.11670618830425,0.2705555421162909,0.0544272210561107,-0.206383312642315,0.7023147559657986,0.0989666304580365,-0.2212942470198026,0.9415185330500708,0.1820642454727796,-0.1831800586255272
QQQ,200,0.05,26,18,2,AND,0.576635894990438,0.0963167968761893,-0.221294247019803,1.1361587015329124,-0.1167061883042497,0.2087985403686233,0.0460325782403292,-0.2063833126423139,0.7023147559657986,0.0989666304580365,-0.2212942470198026,0.9146063728662908,0.1741875890693913,-0.1831800586255272
QQQ,200,0.05,26,18,4,AND,0.5897993140189135,0.0990488811261696,-0.2212942470198041,1.1361587015329124,-0.1167061883042501,0.222335160294248,0.0480836831204154,-0.2063833126423123,0.7023147559657986,0.0989666304580365,-0.2212942470198026,0.9385002231231055,0.1796931708073941,-0.1831800586255272
QQQ,200,0.05,26,18,6,AND,0.5914147083478065,0.0994123109131854,-0.2212942470198041,1.1361587015329124,-0.1167061883042506,0.222335160294248,0.0480836831204154,-0.2063833126423123,0.7023147559657986,0.0989666304580365,-0.2212942470198026,0.94145324082034,0.1807259520453055,-0.1831800586255272
QQQ,200,0.05,26,18,8,AND,0.5924491143744517,0.0998829546033925,-0.2212942470198041,1.1361587015329124,-0.1167061883042508,0.222335160294248,0.0480836831204154,-0.2063833126423123,0.7023147559657986,0.0989666304580365,-0.2212942470198026,0.9415185330500708,0.1820642454727796,-0.1831800586255272
QQQ,200,0.05,39,8,2,AND,0.5104641794110623,0.0756482121050874,-0.2713451374113477,2.158701532912534,-0.1444424702179613,0.4181071249704008,0.0655280712439074,-0.1575676825045011,0.381114413480652,0.0452633297281936,-0.2713451374113482,0.7543747817374951,0.1243031992810301,-0.2232497512415792
QQQ,200,0.05,39,8,4,AND,0.5353149845142713,0.0805126662825881,-0.2488620657452069,2.5374211000901714,-0.1146411769353222,0.3447392581933477,0.0587868804213314,-0.2488620657452069,0.5217625723706911,0.0639325845290967,-0.2351426950176732,0.8062411071173954,0.1357373576031542,-0.1729621053801331
QQQ,200,0.05,39,8,6,AND,0.4979728824003246,0.0770441655744178,-0.2675492613461349,3.5978358881875563,-0.0857850965181112,0.2409130930399959,0.047937676182705,-0.2675492613461349,0.4760869728987177,0.0594285620776102,-0.2247713532070164,0.7791630070986262,0.1347175592451077,-0.1994126786532367
QQQ,200,0.05,39,8,8,AND,0.6044968721058886,0.0936314164918321,-0.2501061514480404,6.211000901713256,-0.1034870450269414,0.292960618326898,0.0544438408139271,-0.2501061514480404,0.687062661274338,0.0899136050257851,-0.2025563663680748,0.9097908992582954,0.160536671876472,-0.1324035766150394
QQQ,200,0.05,39,10,2,AND,0.5093291524646761,0.0787919085988113,-0.2305096037144991,1.81785392245266,-0.0984315549256084,0.468209373119008,0.072716648981298,-0.1876016445418762,0.583674146738086,0.0758308238982985,-0.2305096037144989,0.5155148109432176,0.0925820449733156,-0.2305096037144992
QQQ,200,0.05,39,10,4,AND,0.5063707564396445,0.0797691541246985,-0.2837835468088793,2.12082957619477,-0.1289664805268163,0.3802312269262599,0.0640599303168338,-0.2837835468088793,0.6210073297027522,0.0819510777770633,-0.2183556562346055,0.6019207059533334,0.1083453128075,-0.1729621053801329
QQQ,200,0.05,39,10,6,AND,0.5169742699733015,0.0828177083438244,-0.2732534958048088,2.272317403065825,-0.1161602578472881,0.3499451285216887,0.0617484390639349,-0.2732534958048088,0.6554058665483616,0.0885603326000012,-0.2183556562346053,0.6345304471419894,0.1156173231234567,-0.1863079727764428
QQQ,200,0.05,39,10,8,AND,0.5639850252153054,0.0908034533722319,-0.2347038423411123,3.105500450856628,-0.0984315549256082,0.385573896897739,0.0665833314808705,-0.2347038423411123,0.7056307743006152,0.0968326377867125,-0.2183556562346048,0.7422791889177612,0.136479369355897,-0.1818401713676216
QQQ,200,0.05,39,12,2,AND,0.5722808396402437,0.0911523244122964,-0.2212942470198033,1.2876465284039675,-0.1099986437750542,0.3417798306562408,0.061398051368972,-0.214673175091655,0.7212272474294938,0.0999167401537037,-0.2212942470198037,0.7769276969873451,0.1390945150517231,-0.1680442202342608
QQQ,200,0.05,39,12,4,AND,0.6154147857132314,0.0986028849393276,-0.2212942470198032,1.2876465284039675,-0.1006566773184269,0.3915636840009556,0.0677071205787855,-0.2064299327589681,0.7485610723354352,0.1042378751101182,-0.2212942470198035,0.8309464999503041,0.1517770691410258,-0.1990178876437649
QQQ,200,0.05,39,12,6,AND,0.6287129883632266,0.1013604789392415,-0.2212942470198035,1.2876465284039675,-0.1006566773184285,0.4302124753520509,0.0731726854600149,-0.2064299327589691,0.7485610723354352,0.1042378751101182,-0.2212942470198035,0.8335448486691952,0.153687569833081,-0.1990440614193462
QQQ,200,0.05,39,12,8,AND,0.5896802415089964,0.0966440227188694,-0.2291861489826615,1.5906221821460775,-0.100656677318428,0.4071091475700087,0.0705536802021113,-0.2064299327589693,0.6634202094804583,0.0919243610945896,-0.2212942470198031,0.8304380136097346,0.1562816758776091,-0.229186148982661
QQQ,200,0.05,39,15,2,AND,0.5555650147713409,0.0922230895791123,-0.2212942470198031,1.1361587015329124,-0.1167061883042498,0.2135065281534616,0.0463225623416041,-0.2063833126423135,0.6754072630295953,0.0946661230856273,-0.2212942470198039,0.8650603224265644,0.1636543739093643,-0.1831800586255271
QQQ,200,0.05,39,15,4,AND,0.5883647075727906,0.0977181437751832,-0.2212942470198032,1.1361587015329124,-0.1167061883042483,0.2528995976697162,0.0514126366924909,-0.2063833126423111,0.7023147559657986,0.0989666304580365,-0.2212942470198026,0.904621572174506,0.172286331662288,-0.1831800586255272
QQQ,200,0.05,39,15,6,AND,0.6005115231712733,0.1000306010441169,-0.2212942470198036,1.1361587015329124,-0.1167061883042497,0.2921868345882466,0.0567947905360202,-0.2063833126423125,0.7023147559657986,0.0989666304580365,-0.2212942470198026,0.9059329483913656,0.1729803948165329,-0.1831800586255272
QQQ,200,0.05,39,15,8,AND,0.610126448054731,0.1022489698238835,-0.2212942470198029,1.1361587015329124,-0.1167061883042497,0.2713216456089817,0.0542157544214807,-0.2063833126423139,0.7023147559657986,0.0989666304580365,-0.2212942470198026,0.9415185330500708,0.1820642454727796,-0.1831800586255272
QQQ,200,0.05,39,18,2,AND,0.5421896935499908,0.0902982724304635,-0.2212942470198036,1.1361587015329124,-0.1167061883042497,0.1639508375960823,0.0400850755423807,-0.2063833126423139,0.6830787696906427,0.0959365733310975,-0.2212942470198026,0.8650603224265644,0.1636543739093643,-0.1831800586255271
QQQ,200,0.05,39,18,4,AND,0.5719605518955029,0.0952809313318259,-0.2212942470198039,1.1361587015329124,-0.1167061883042496,0.2028304275780998,0.0450872347930126,-0.2063833126423138,0.7023147559657986,0.0989666304580365,-0.2212942470198026,0.904621572174506,0.172286331662288,-0.1831800586255272
QQQ,200,0.05,39,18,6,AND,0.5841814391729196,0.0975882543596411,-0.2212942470198032,1.1361587015329124,-0.1167061883042497,0.2426134758082435,0.0504370090693238,-0.2063833126423131,0.7023147559657986,0.0989666304580365,-0.2212942470198026,0.9059329483913656,0.1729803948165329,-0.1831800586255272
QQQ,200,0.05,39,18,8,AND,0.5939410036001112,0.0998016977985774,-0.2212942470198043,1.1361587015329124,-0.1167061883042507,0.2222848862491055,0.0478734886898708,-0.2063833126423128,0.7023147559657986,0.0989666304580365,-0.2212942470198026,0.9415185330500708,0.1820642454727796,-0.1831800586255272
QQQ,200,0.05,52,8,2,AND,0.4513277729597241,0.0674422305632453,-0.2713451374113473,2.158701532912534,-0.144442470217961,0.2174096128268637,0.0436040713430061,-0.1583163541450111,0.381114413480652,0.0452633297281936,-0.2713451374113482,0.7543747817374951,0.1243031992810301,-0.2232497512415792
QQQ,200,0.05,52,8,4,AND,0.4584366198290391,0.0695170151535646,-0.2488620657452075,2.5374211000901714,-0.1146411769353222,0.0819996245542296,0.0304418274518376,-0.2488620657452075,0.5217625723706911,0.0639325845290967,-0.2351426950176732,0.8061145927212007,0.1350375546513862,-0.1729621053801331
QQQ,200,0.05,52,8,6,AND,0.4313727812151636,0.0671972975031318,-0.267549261346135,3.446348061316501,-0.085785096518112,-0.0189208065731179,0.0200707654656047,-0.267549261346135,0.4760869728987177,0.0594285620776102,-0.2247713532070164,0.7961627737073685,0.1369520391793377,-0.1994126786532367
QQQ,200,0.05,52,8,8,AND,0.5490171927661172,0.084363680194162,-0.2501061514480411,5.529305680793508,-0.1034870450269417,0.0798087209915834,0.030124461364736,-0.2501061514480411,0.687062661274338,0.0899136050257851,-0.2025563663680748,0.9173013528046882,0.1607966427631368,-0.1324035766150394
QQQ,200,0.05,52,10,2,AND,0.4534778767630238,0.0705619442016916,-0.2305096037144974,1.81785392245266,-0.098431554925608,0.2795225404422031,0.0506447389672275,-0.1883236249275969,0.583674146738086,0.0758308238982985,-0.2305096037144989,0.5155148109432176,0.0925820449733156,-0.2305096037144992
QQQ,200,0.05,52,10,4,AND,0.432992142819535,0.0687810692191484,-0.283783546808881,2.12082957619477,-0.1289664805268175,0.1315138441124048,0.0355737111869329,-0.283783546808881,0.6210073297027522,0.0819510777770633,-0.2183556562346055,0.6003409284279793,0.107662387907401,-0.1729621053801329
QQQ,200,0.05,52,10,6,AND,0.4351103241299287,0.0701380403833853,-0.2732534958048082,2.272317403065825,-0.1161602578472875,0.0446639430815467,0.0262603750964622,-0.2732534958048082,0.6554058665483616,0.0885603326000012,-0.2183556562346053,0.64977651376816,0.1178141909717489,-0.1863079727764421
QQQ,200,0.05,52,10,8,AND,0.5005995496241825,0.0800873373046731,-0.2347038423411113,2.878268710550045,-0.0984315549256082,0.1479030733693012,0.0374977472927995,-0.2347038423411113,0.7056307743006152,0.0968326377867125,-0.2183556562346048,0.7544137961247227,0.1374174189150543,-0.1818401713676217
QQQ,200,0.05,52,12,2,AND,0.5201283139559133,0.0828280639963909,-0.2212942470198032,1.2876465284039675,-0.1099986437750542,0.164467015440425,0.0395590295721413,-0.2153710969426246,0.7212272474294938,0.0999167401537037,-0.2212942470198037,0.7769276969873451,0.1390945150517231,-0.1680442202342608
QQQ,200,0.05,52,12,4,AND,0.5469566783395222,0.0874231418145279,-0.2212942470198043,1.2876465284039675,-0.1006566773184268,0.16059883997088,0.0391232615904042,-0.2064299327589689,0.7485610723354352,0.1042378751101182,-0.2212942470198035,0.8304886243869436,0.1510673830614339,-0.1990178876437649
QQQ,200,0.05,52,12,6,AND,0.5512656004172763,0.0884636773168718,-0.221294247019804,1.2876465284039675,-0.1006566773184284,0.1446682155431151,0.0373027754996799,-0.2064299327589689,0.7485610723354352,0.1042378751101182,-0.2212942470198035,0.8490791443982013,0.155959405413802,-0.1990440614193462
QQQ,200,0.05,52,12,8,AND,0.5280318728789527,0.0857728372327215,-0.2291861489826616,1.51487826871055,-0.1006566773184279,0.1906221990262334,0.0426082866260686,-0.2064299327589692,0.6634202094804583,0.0919243610945896,-0.2212942470198031,0.8346278095398565,0.1556098355214763,-0.229186148982661
QQQ,200,0.05,52,15,2,AND,0.5057495298524082,0.0838906604337883,-0.2212942470198032,1.1361587015329124,-0.1167061883042501,0.0387878598504456,0.0247937294819415,-0.2070886017141144,0.6754072630295953,0.0946661230856273,-0.2212942470198039,0.8650603224265644,0.1636543739093643,-0.1831800586255271
QQQ,200,0.05,52,15,4,AND,0.5222570399566838,0.0865474040665248,-0.221294247019804,1.1361587015329124,-0.1167061883042508,0.0260058263188003,0.0232650014781361,-0.2063833126423138,0.7023147559657986,0.0989666304580365,-0.2212942470198026,0.9043194620811762,0.171564008468706,-0.1831800586255272
QQQ,200,0.05,52,15,6,AND,0.5253273165914959,0.0871493721354259,-0.2212942470198035,1.1361587015329124,-0.1167061883042491,0.0110381780539675,0.0214722981760615,-0.2063833126423123,0.7023147559657986,0.0989666304580365,-0.2212942470198026,0.9209357616592212,0.1752902217281788,-0.1831800586255272
QQQ,200,0.05,52,15,8,AND,0.5417377204691481,0.0898055395208616,-0.2212942470198033,1.1361587015329124,-0.1167061883042492,0.0550241726840327,0.0266968408759118,-0.2063833126423114,0.7023147559657986,0.0989666304580365,-0.2212942470198026,0.927630377633448,0.1770368154660386,-0.1831800586255272
QQQ,200,0.05,52,18,2,AND,0.4925713941403274,0.0820169603815692,-0.2212942470198035,1.1361587015329124,-0.1167061883042501,-0.0108641858689998,0.0187777084091511,-0.2063833126423129,0.6830787696906427,0.0959365733310975,-0.2212942470198026,0.8650603224265644,0.1636543739093643,-0.1831800586255271
QQQ,200,0.05,52,18,4,AND,0.5057332921998242,0.0841349934960111,-0.2212942470198037,1.1361587015329124,-0.1167061883042496,-0.0247520450473466,0.0171089385223215,-0.2063833126423129,0.7023147559657986,0.0989666304580365,-0.2212942470198026,0.9043194620811762,0.171564008468706,-0.1831800586255272
QQQ,200,0.05,52,18,6,AND,0.5088365167594999,0.0847356250432584,-0.2212942470198035,1.1361587015329124,-0.1167061883042502,-0.0395478707662656,0.0153270202997441,-0.2063833126423125,0.7023147559657986,0.0989666304580365,-0.2212942470198026,0.9209357616592212,0.1752902217281788,-0.1831800586255272
QQQ,200,0.05,52,18,8,AND,0.5252518042060357,0.08738589506402,-0.2212942470198033,1.1361587015329124,-0.1167061883042491,0.004218290793009,0.0205201316365271,-0.2063833126423128,0.7023147559657986,0.0989666304580365,-0.2212942470198026,0.927630377633448,0.1770368154660386,-0.1831800586255272
QQQ,250,0.01,26,8,2,AND,0.5528507246797594,0.082247870331801,-0.289851169741671,2.310189359783589,-0.190022741969179,0.4831831830237905,0.0735718540244732,-0.1446226701945023,0.3965826635067562,0.0479923582587153,-0.289851169741671,0.8132731502184266,0.134480213838495,-0.2015398987568744
QQQ,250,0.01,26,8,4,AND,0.5365438211966789,0.0823740134792936,-0.2501350684117887,2.9918845807033363,-0.1609306405075412,0.309538928315359,0.0560335080034988,-0.2177764399061394,0.5000094744793464,0.0631236810078368,-0.2501350684117888,0.8531864279637037,0.1439113568262904,-0.1729621053801333
QQQ,250,0.01,26,8,6,AND,0.4787596548452839,0.0764336028213441,-0.2804719833213899,4.431018935978359,-0.1793069146152346,0.1888380155037485,0.0426301695549444,-0.2804719833213899,0.4072827932797642,0.0525606583213835,-0.2803182715469309,0.8147448964282702,0.1415961973586399,-0.2300762708582424
QQQ,250,0.01,26,8,8,AND,0.5814377311274741,0.0929608872997207,-0.2518052328191904,7.650135256988277,-0.1559889221154322,0.3033691756461206,0.0568063102937796,-0.2518052328191904,0.5586036098108048,0.0758700225325021,-0.2354270011838621,0.9230764395239184,0.1640613472045542,-0.1682539979512189
QQQ,250,0.01,26,10,2,AND,0.55238960747992,0.085632086676189,-0.2090026611438866,1.969341749323715,-0.0984315549256074,0.5360362499476536,0.0814731769726775,-0.1366104323643966,0.5966983900804121,0.0785810571065581,-0.2090026611438881,0.5735929144888899,0.1024719246641576,-0.2090026611438876
QQQ,250,0.01,26,10,4,AND,0.5113451597896779,0.0819846814853366,-0.2467638995034211,2.72678088367899,-0.0984315549256079,0.3475277474577012,0.0618094135771152,-0.2454357793522497,0.6037152457665187,0.0815555446357549,-0.2467638995034218,0.6474965218569749,0.1163221691336617,-0.1729621053801332
QQQ,250,0.01,26,10,6,AND,0.4997892105156362,0.0822442941668524,-0.250726877005568,3.181244364292155,-0.1419566819513313,0.2861010415101256,0.0552293130018035,-0.250726877005568,0.5924467225679844,0.0827503796902087,-0.2192084608250298,0.6703986494754504,0.1224676250559977,-0.1819161824663739
QQQ,250,0.01,26,10,8,AND,0.552493820802812,0.091363002986724,-0.2466924844415161,4.165915238954012,-0.1419566819513328,0.3454756765802996,0.0629604458841734,-0.2466924844415161,0.6460763784186752,0.092544421880641,-0.2354270011838615,0.7931274933230975,0.1467016226493656,-0.1809856005635738
QQQ,250,0.01,26,12,2,AND,0.6306461052027825,0.1007039554357638,-0.2025563663680748,1.7421100090171324,-0.1139748494887709,0.4670502019016808,0.0767430789384149,-0.1576280159442417,0.7270750873168658,0.1030272674278369,-0.2025563663680744,0.8149437988382827,0.146365651001044,-0.1557891892939203
QQQ,250,0.01,26,12,4,AND,0.6216563759459595,0.1011301369468316,-0.2467638995034213,2.196573489630297,-0.1130462279831043,0.4186828121729919,0.0721009796664355,-0.2118243250368755,0.6883048346837877,0.097881545920136,-0.2467638995034223,0.8585847579952381,0.1569985455102105,-0.1990178876437649
QQQ,250,0.01,26,12,6,AND,0.6257898676149207,0.1030017914655676,-0.2280959247932571,2.3480613165013526,-0.1419566819513317,0.4217145379147253,0.0732425877251312,-0.2280959247932571,0.6784974534646612,0.0975492647836466,-0.2192084608250306,0.8520467003117719,0.1577018102746552,-0.199044061419346
QQQ,250,0.01,26,12,8,AND,0.5907526049603422,0.098785089557301,-0.2608244895860563,2.878268710550045,-0.1419566819513329,0.4339851393736344,0.0748656539624241,-0.2275138224918261,0.5833612167699379,0.0837468676484152,-0.2608244895860568,0.8775176765374065,0.1660229768808814,-0.2291861489826608
QQQ,250,0.01,26,15,2,AND,0.6384083020854849,0.1066145691171307,-0.1937459024928175,1.8935978358881875,-0.1139748494887686,0.3886154353572484,0.0689960327719836,-0.1621480908857078,0.6817186402174893,0.0984638444543026,-0.1937459024928193,0.912163564710162,0.1742670575845242,-0.1831800586255272
QQQ,250,0.01,26,15,4,AND,0.6124334447895453,0.1032998688105972,-0.2345563752726753,2.3480613165013526,-0.1134292286620971,0.3309892474376253,0.0621591341745,-0.2160535885752015,0.6442410451262113,0.0932716638234674,-0.234556375272675,0.9237984049151264,0.1770570475437383,-0.1831800586255273
QQQ,250,0.01,26,15,6,AND,0.6161065256598566,0.1044766073147549,-0.2354270011838628,2.42380522993688,-0.1419566819513322,0.336279781511598,0.0632071689577189,-0.2322378767261305,0.6424839904113633,0.0935991835906533,-0.2354270011838629,0.9409378525804456,0.1808768588271667,-0.1831800586255273
QQQ,250,0.01,26,15,8,AND,0.6140869965466932,0.104610343992028,-0.2354270011838616,2.575293056807935,-0.1419566819513318,0.3368972697885076,0.0632895759828529,-0.2316588979212961,0.6456278112150088,0.0946931688290877,-0.2354270011838621,0.9454210204043056,0.1830464347460498,-0.1831800586255272
QQQ,250,0.01,26,18,2,AND,0.6102569277372726,0.1032917692864774,-0.2354270011838611,2.3480613165013526,-0.141956681951333,0.3913152368527229,0.0697568206842484,-0.1749594669874162,0.6458206357297335,0.0948946025627583,-0.2354270011838628,0.8753141423601023,0.1679480334456178,-0.1831800586255272
QQQ,250,0.01,26,18,4,AND,0.5913900433408842,0.1007956356051078,-0.2354270011838624,2.6510369702434624,-0.1419566819513315,0.3174076892019534,0.0606141964936983,-0.2160535885752008,0.6404260719179174,0.0941464732323718,-0.2354270011838628,0.88703932658253,0.1707230097724679,-0.1831800586255273
QQQ,250,0.01,26,18,6,AND,0.592643313461742,0.1012735743080153,-0.2354270011838616,2.6510369702434624,-0.1419566819513323,0.2990144239857391,0.0583418308755758,-0.2322378767261299,0.6515636254602185,0.0959844902929583,-0.2354270011838628,0.904220235879384,0.1745222656979388,-0.1831800586255273
QQQ,250,0.01,26,18,8,AND,0.5957235581472669,0.1020690482498736,-0.2354270011838628,2.72678088367899,-0.1419566819513321,0.2996271515513348,0.0584238607982505,-0.2316588979212976,0.668005459431111,0.0988259512579503,-0.2354270011838628,0.909027636211934,0.1766801665872672,-0.1841568550575185
QQQ,250,0.01,39,8,2,AND,0.5008681560914868,0.0747833609262453,-0.2898511697416709,2.310189359783589,-0.1900227419691784,0.4192297865433708,0.0655597232940372,-0.1452719532497931,0.3582590236451233,0.0430119769598653,-0.289851169741671,0.7543747817374951,0.1243031992810301,-0.2232497512415792
QQQ,250,0.01,39,8,4,AND,0.542817807635724,0.0823946437421412,-0.2501350684117884,2.840396753832281,-0.160930640507541,0.3867743579895107,0.0634056466863286,-0.2235427355640644,0.4840985208150398,0.0609437623176967,-0.2501350684117888,0.8112809657993534,0.1368095858084925,-0.1729621053801329
QQQ,250,0.01,39,8,6,AND,0.4980092814302601,0.0784679258238743,-0.280318271546932,4.355275022542831,-0.1793069146152344,0.2862401857882069,0.0533344098739247,-0.2488762770927458,0.4072827932797642,0.0525606583213835,-0.2803182715469309,0.7825018006726716,0.1359468638128997,-0.2300762708582424
QQQ,250,0.01,39,8,8,AND,0.5977426472914857,0.0947223367234075,-0.2354270011838628,7.498647430117223,-0.1559889221154333,0.3541646289790028,0.0620669371018673,-0.2230722121183349,0.5586036098108048,0.0758700225325021,-0.2354270011838621,0.919900360426479,0.1633876956012792,-0.1682539979512189
QQQ,250,0.01,39,10,2,AND,0.5030637878843587,0.0781442355617461,-0.2305096037144984,1.969341749323715,-0.0984315549256077,0.4757316307823396,0.0734020781981681,-0.1757442762783,0.5612771479402784,0.0734553089235914,-0.2305096037144987,0.5155148109432176,0.0925820449733156,-0.2305096037144992
QQQ,250,0.01,39,10,4,AND,0.5180037473643023,0.0820541047675913,-0.2596413486419027,2.42380522993688,-0.116253302144656,0.4265007099991316,0.0693527974441883,-0.2596413486419027,0.5888377373546853,0.0793378316938879,-0.2467638995034218,0.6072402003778579,0.1093916807002981,-0.1729621053801331
QQQ,250,0.01,39,10,6,AND,0.5228180570884305,0.0849824789254476,-0.2361692119548886,3.0297565374211,-0.1419566819513336,0.3978583436062504,0.0679133354478811,-0.2361692119548886,0.5924467225679844,0.0827503796902087,-0.2192084608250298,0.6393059421953304,0.1169129516759461,-0.1819161824663743
QQQ,250,0.01,39,10,8,AND,0.5876622877748864,0.0962185696009461,-0.2354270011838625,4.090171325518485,-0.1419566819513318,0.4563034606029688,0.0758483579853768,-0.1926585939537536,0.6460763784186752,0.092544421880641,-0.2354270011838615,0.7931274933230975,0.1467016226493656,-0.1809856005635738
QQQ,250,0.01,39,12,2,AND,0.5845712407051121,0.0931121502187539,-0.202556366368074,1.7421100090171324,-0.1139748494887722,0.4087530940076861,0.0687072811674442,-0.1649440347235312,0.6940180107572588,0.0977853433512649,-0.2025563663680744,0.7612021577066567,0.1360820164553686,-0.1606648755903569
QQQ,250,0.01,39,12,4,AND,0.6307269318200309,0.1014106081135544,-0.2467638995034217,1.8935978358881875,-0.1130462279831048,0.496923139226162,0.0797174776278204,-0.1402833160033544,0.6776539571633636,0.0961825403668352,-0.2467638995034223,0.8204672919960978,0.1498155249998314,-0.199017887643765
QQQ,250,0.01,39,12,6,AND,0.6496778588715523,0.1057924947387312,-0.2192084608250312,2.196573489630297,-0.1419566819513328,0.5364257115717281,0.0861431325688557,-0.1263485312639092,0.6784974534646612,0.0975492647836466,-0.2192084608250306,0.8222368394394094,0.1519727760610851,-0.199044061419346
QQQ,250,0.01,39,12,8,AND,0.6222075379841288,0.1031866882788468,-0.260824489586056,2.72678088367899,-0.1419566819513322,0.5355508120824348,0.0865952181749971,-0.1241069158854817,0.5833612167699379,0.0837468676484152,-0.2608244895860568,0.8775176765374065,0.1660229768808814,-0.2291861489826608
QQQ,250,0.01,39,15,2,AND,0.6004064354696516,0.0997325024540916,-0.1937459024928181,1.8935978358881875,-0.1139748494887717,0.3486098468949422,0.0629862994037604,-0.1464854328970518,0.6495162609722859,0.093243607164144,-0.1937459024928193,0.8627602875365105,0.1637331295409894,-0.1831800586255272
QQQ,250,0.01,39,15,4,AND,0.6228981857505094,0.1039698198317702,-0.2345563752726768,2.0450856627592424,-0.113046227983105,0.4080850247058227,0.0707287642458247,-0.1464854328970518,0.6338607279530449,0.0915797922048897,-0.234556375272675,0.8878613202799258,0.1697494973767987,-0.183180058625527
QQQ,250,0.01,39,15,6,AND,0.6386476875288252,0.1072710420174134,-0.2354270011838606,2.272317403065825,-0.1419566819513334,0.4423361273073206,0.0759870864881813,-0.146485432897052,0.6424839904113633,0.0935991835906533,-0.2354270011838629,0.9125826642203212,0.1750331399470617,-0.1831800586255273
QQQ,250,0.01,39,15,8,AND,0.6447084988149089,0.109035277970592,-0.2354270011838617,2.42380522993688,-0.1419566819513327,0.4311281844967446,0.0748928152454277,-0.1464854328970517,0.6456278112150088,0.0946931688290877,-0.2354270011838621,0.9454210204043056,0.1830464347460498,-0.1831800586255272
QQQ,250,0.01,39,18,2,AND,0.584147030289899,0.0984623396625112,-0.2354270011838622,2.3480613165013526,-0.1419566819513329,0.3743255096761709,0.066907728157213,-0.1749594669874162,0.6275997735440787,0.0918757727804933,-0.2354270011838628,0.8258567474098628,0.1574707910981978,-0.1831800586255272
QQQ,250,0.01,39,18,4,AND,0.6071204532566898,0.1025513008714804,-0.2354270011838616,2.3480613165013526,-0.1419566819513317,0.4125901833064122,0.072038887605097,-0.1749594669874162,0.6302310087036823,0.092453247819253,-0.2354270011838628,0.8511915847275494,0.1634547833569717,-0.183180058625527
QQQ,250,0.01,39,18,6,AND,0.6180854077084841,0.1046399446621753,-0.235427001183861,2.499549143372408,-0.1419566819513329,0.4141104083216269,0.0725915896569004,-0.1749594669874162,0.6515636254602185,0.0959844902929583,-0.2354270011838628,0.875926956070456,0.1687099933277449,-0.1831800586255273
QQQ,250,0.01,39,18,8,AND,0.6259824440728273,0.106483802108416,-0.2354270011838622,2.575293056807935,-0.1419566819513313,0.392132651426989,0.0699740025239501,-0.1749594669874162,0.668005459431111,0.0988259512579503,-0.2354270011838628,0.909027636211934,0.1766801665872672,-0.1841568550575185
QQQ,250,0.01,52,8,2,AND,0.4373418417703114,0.0659988333692092,-0.2898511697416697,2.310189359783589,-0.190022741969178,0.2021596046762338,0.0420814284027886,-0.1583163541450111,0.3582590236451233,0.0430119769598653,-0.289851169741671,0.7543747817374951,0.1243031992810301,-0.2232497512415792
QQQ,250,0.01,52,8,4,AND,0.4671730809844628,0.0713798409934989,-0.250135068411789,2.840396753832281,-0.1609306405075419,0.1268640118525623,0.0349369435499729,-0.223542735564064,0.4840985208150398,0.0609437623176967,-0.2501350684117888,0.8111736146005433,0.1361091221859651,-0.1729621053801329
QQQ,250,0.01,52,8,6,AND,0.4330286588419526,0.0686080410353637,-0.2803182715469337,4.203787195671777,-0.1793069146152344,0.0336639298236145,0.0253239884315625,-0.248876277092745,0.4072827932797642,0.0525606583213835,-0.2803182715469309,0.7993805869594027,0.13818376448731,-0.2300762708582424
QQQ,250,0.01,52,8,8,AND,0.543883477993258,0.0855556045868677,-0.2354270011838624,6.892696122633002,-0.1559889221154321,0.1520409094946318,0.0378578697925713,-0.2230722121183355,0.5586036098108048,0.0758700225325021,-0.2354270011838621,0.92736730101571,0.1636483051434765,-0.1682539979512189
QQQ,250,0.01,52,10,2,AND,0.442983273153242,0.069332238565821,-0.2305096037144991,1.969341749323715,-0.0984315549256089,0.2717102055963849,0.0497509866845844,-0.1883236249275969,0.5612771479402784,0.0734553089235914,-0.2305096037144987,0.5155148109432176,0.0925820449733156,-0.2305096037144992
QQQ,250,0.01,52,10,4,AND,0.4456170031546841,0.071042767455197,-0.2596413486419032,2.42380522993688,-0.116253302144657,0.1802817441965218,0.0407248816217238,-0.2596413486419032,0.5888377373546853,0.0793378316938879,-0.2467638995034218,0.605686386068574,0.1087081110636891,-0.1729621053801331
QQQ,250,0.01,52,10,6,AND,0.4547867496799002,0.0740921154417961,-0.2361692119548893,2.878268710550045,-0.1419566819513315,0.1427979937672588,0.0369684970267332,-0.2361692119548893,0.5924467225679844,0.0827503796902087,-0.2192084608250298,0.6544663252697148,0.1191123708692662,-0.1819161824663735
QQQ,250,0.01,52,10,8,AND,0.537929613307303,0.0872861999039791,-0.2354270011838617,3.711451758340848,-0.1419566819513321,0.2687177511376926,0.0513251528998905,-0.1926585939537531,0.6460763784186752,0.092544421880641,-0.2354270011838615,0.8056142738207324,0.1476481096517836,-0.180985600563573
QQQ,250,0.01,52,12,2,AND,0.5285966047439125,0.0841778159560306,-0.2025563663680748,1.7421100090171324,-0.1139748494887714,0.2163523396647162,0.0451596337187332,-0.1776882108652019,0.6940180107572588,0.0977853433512649,-0.2025563663680744,0.7612021577066567,0.1360820164553686,-0.1606648755903569
QQQ,250,0.01,52,12,4,AND,0.5629238834257053,0.0902022926772463,-0.2467638995034213,1.8935978358881875,-0.1130462279831051,0.2661486018490177,0.0508120863150103,-0.1428888187254229,0.6776539571633636,0.0961825403668352,-0.2467638995034223,0.8199578109011553,0.1491070475574045,-0.199017887643765
QQQ,250,0.01,52,12,6,AND,0.5852150944739078,0.0946932535628508,-0.2192084608250304,2.0450856627592424,-0.1419566819513311,0.2958740483394301,0.0546700507897184,-0.1430944426494529,0.6784974534646612,0.0975492647836466,-0.2192084608250306,0.837669893538423,0.1542412348788018,-0.199044061419346
QQQ,250,0.01,52,12,8,AND,0.5730557140748594,0.0940281203179633,-0.2608244895860562,2.499549143372408,-0.1419566819513333,0.3670050071386904,0.0631000451375416,-0.1305888436770549,0.5833612167699379,0.0837468676484152,-0.2608244895860568,0.8805061956352559,0.1651453875508761,-0.2291861489826608
QQQ,250,0.01,52,15,2,AND,0.5475751521881268,0.0907440580620502,-0.1937459024928186,1.8935978358881875,-0.1139748494887714,0.163131654658899,0.0395647067354423,-0.1470829745373556,0.6495162609722859,0.093243607164144,-0.1937459024928193,0.8627602875365105,0.1637331295409894,-0.1831800586255272
QQQ,250,0.01,52,15,4,AND,0.5579186955898747,0.0927354610180015,-0.2345563752726758,2.0450856627592424,-0.1130462279831051,0.1841423790321588,0.0420640120660174,-0.147487982569735,0.6338607279530449,0.0915797922048897,-0.234556375272675,0.8874624747791536,0.1690287372947134,-0.183180058625527
QQQ,250,0.01,52,15,6,AND,0.576227488583427,0.0961569601251111,-0.2354270011838614,2.12082957619477,-0.1419566819513323,0.2060095236508454,0.044808295635595,-0.1476925031385194,0.6424839904113633,0.0935991835906533,-0.2354270011838629,0.9275117769134488,0.1773470091137758,-0.1831800586255273
QQQ,250,0.01,52,15,8,AND,0.5970730098037869,0.0998281554842266,-0.2354270011838627,2.196573489630297,-0.1419566819513322,0.2620579006752271,0.0516506803008929,-0.1464854328970521,0.6456278112150088,0.0946931688290877,-0.2354270011838621,0.9487656667462838,0.1821560329712832,-0.1831800586255272
QQQ,250,0.01,52,18,2,AND,0.5360110140888065,0.0901190178039654,-0.2354270011838634,2.3480613165013526,-0.1419566819513317,0.2074051838681621,0.0450508674102481,-0.1749594669874162,0.6275997735440787,0.0918757727804933,-0.2354270011838628,0.8258567474098628,0.1574707910981978,-0.1831800586255272
QQQ,250,0.01,52,18,4,AND,0.5427751022534834,0.0913313773717008,-0.2354270011838617,2.3480613165013526,-0.1419566819513328,0.1932165369314699,0.0433390617794959,-0.1749594669874162,0.6302310087036823,0.092453247819253,-0.2354270011838628,0.8506039152815444,0.1627379018647932,-0.183180058625527
QQQ,250,0.01,52,18,6,AND,0.55583307091973,0.0935522720503136,-0.2354270011838621,2.3480613165013526,-0.1419566819513325,0.1780530526843773,0.0415111898415976,-0.1749594669874162,0.6515636254602185,0.0959844902929583,-0.2354270011838628,0.8906121639067166,0.1710114109869214,-0.1831800586255273
QQQ,250,0.01,52,18,8,AND,0.5782080218093194,0.0972978617713031,-0.2354270011838609,2.3480613165013526,-0.141956681951332,0.2216660344764985,0.0468382258203656,-0.1749594669874162,0.668005459431111,0.0988259512579503,-0.2354270011838628,0.9119384229861982,0.1757945562866985,-0.1831800586255272
QQQ,250,0.02,26,8,2,AND,0.5579814591974821,0.0829656927343647,-0.2874991237103735,2.234445446348061,-0.1873400595313302,0.4962827095302259,0.0751405093711596,-0.1446226701945007,0.39927147755865,0.0483394930695093,-0.2874991237103725,0.8132731502184266,0.134480213838495,-0.2015398987568744
QQQ,250,0.02,26,8,4,AND,0.5300942745121282,0.0816790850975319,-0.2737655307666091,2.916140667267809,-0.1581516036734459,0.3257302463848814,0.0579448019098645,-0.2151231665887361,0.4702437300110426,0.0594515626420024,-0.2737655307666093,0.8531864279637037,0.1439113568262904,-0.1729621053801333
QQQ,250,0.02,26,8,6,AND,0.4669776833353398,0.0748082800718246,-0.2804719833213884,4.279531109107304,-0.1641749998688312,0.1939744256167377,0.0432410973732786,-0.2804719833213884,0.3726343516744447,0.0477646856932618,-0.275546979494332,0.8147448964282702,0.1415961973586399,-0.2300762708582424
QQQ,250,0.02,26,8,8,AND,0.5708230162325973,0.0914144813399904,-0.2558314568773969,7.27141568981064,-0.1404270709155031,0.3201733673365314,0.0589157595834444,-0.2558314568773969,0.5173898433872994,0.0697727754214134,-0.2507549389656717,0.9095947701111292,0.1616191737016701,-0.1853129469714449
QQQ,250,0.02,26,10,2,AND,0.5572481663896502,0.0863521537274818,-0.2090026611438884,1.8935978358881875,-0.098431554925608,0.5485104156396593,0.0830533773803132,-0.1366104323643966,0.5992008356291394,0.0789383240543879,-0.2090026611438881,0.5735929144888899,0.1024719246641576,-0.2090026611438876
QQQ,250,0.02,26,10,4,AND,0.5141133570656479,0.0826133191114741,-0.2756283221622978,2.499549143372408,-0.0984315549256079,0.3969528806661814,0.0680434019048707,-0.2428763254888678,0.5701678839332046,0.0770585357130082,-0.2756283221622969,0.6474965218569749,0.1163221691336617,-0.1729621053801332
QQQ,250,0.02,26,10,6,AND,0.5059913890945719,0.0833315271576375,-0.2507549389656723,2.802524797114517,-0.1261361047237983,0.3240660701616266,0.0601279050643932,-0.236422993798399,0.5774033497713034,0.080742355229032,-0.2507549389656714,0.6703986494754504,0.1224676250559977,-0.1819161824663739
QQQ,250,0.02,26,10,8,AND,0.5476385899067071,0.0906717094763287,-0.2507549389656719,3.63570784490532,-0.1261361047237966,0.3829179690549771,0.0678949274597877,-0.2323115832841785,0.6033553577306134,0.0858091546016752,-0.2507549389656719,0.7576047857034858,0.1400272212924707,-0.1809856005635738
QQQ,250,0.02,26,12,2,AND,0.6473048809632483,0.1035473441249759,-0.2025563663680739,1.4391343552750224,-0.0943170923586258,0.4416999321045347,0.0742308064301378,-0.1576280159442417,0.7694114555165701,0.1094146841607162,-0.2025563663680742,0.8431334379424255,0.1514078550027313,-0.1557891892939208
QQQ,250,0.02,26,12,4,AND,0.6358505537711825,0.1038838675362086,-0.2756283221622975,1.7421100090171324,-0.0943205467229109,0.4303645677384873,0.074309529886976,-0.196777778650225,0.6950878372371736,0.0992837149874052,-0.2756283221622972,0.8860804419134808,0.1620875175070795,-0.199017887643765
QQQ,250,0.02,26,12,6,AND,0.6301021785470767,0.1041895573219517,-0.250754938965672,1.8935978358881875,-0.1261361047237978,0.4238019835352091,0.0741395865473486,-0.2133600088768142,0.6677136532995067,0.0961321543213866,-0.2507549389656709,0.8847157859847882,0.1639080143174982,-0.1990440614193465
QQQ,250,0.02,26,12,8,AND,0.5930339522909032,0.0995044511618405,-0.2551189836153236,2.272317403065825,-0.1261361047237982,0.435883484265931,0.0757640093171907,-0.2127667940410114,0.5670971334504488,0.0811448853526908,-0.2551189836153243,0.8820390863942417,0.166783765462795,-0.2291861489826611
QQQ,250,0.02,26,15,2,AND,0.6533029951908543,0.1092419366680188,-0.1831800586255273,1.4391343552750224,-0.116706188304251,0.3647010551793289,0.0662988569512317,-0.1621480908857082,0.7224832688375792,0.10451701383383,-0.1698197127920343,0.9227364374204536,0.1763153425668895,-0.1831800586255271
QQQ,250,0.02,26,15,4,AND,0.6243635133196956,0.1056866420075648,-0.2448298383978727,1.7421100090171324,-0.1167061883042508,0.3396629220865701,0.0637742122915228,-0.2010877802930537,0.6506159484867593,0.0943629537505044,-0.2448298383978725,0.934331462041756,0.1791101991316155,-0.1831800586255271
QQQ,250,0.02,26,15,6,AND,0.6167642634760613,0.1049727251604344,-0.2507549389656712,1.81785392245266,-0.1261361047237982,0.3366409476781904,0.063667903046829,-0.2175810321054263,0.6258032713761374,0.0908996035398219,-0.2507549389656719,0.9514356962803596,0.1829366733474968,-0.1831800586255271
QQQ,250,0.02,26,15,8,AND,0.6102736842059913,0.104354040857137,-0.250754938965671,1.969341749323715,-0.1261361047237968,0.3372494255534398,0.0637503457825252,-0.2169910003948505,0.6171135944964107,0.0900255405645538,-0.2507549389656713,0.9489460110615328,0.1837192810715788,-0.1831800586255272
QQQ,250,0.02,26,18,2,AND,0.5932012359858974,0.1008850046524949,-0.2507549389656709,1.81785392245266,-0.1679741552755604,0.3593149668218576,0.065899362664699,-0.1749594669874162,0.6132114870603196,0.0895469397600778,-0.2507549389656717,0.8807372339539868,0.1692859376846962,-0.1964596302848252
QQQ,250,0.02,26,18,4,AND,0.5841824227976271,0.1000323947484085,-0.2507549389656714,1.969341749323715,-0.1679741552755611,0.3180325440908289,0.061073806934623,-0.2010877802930525,0.6078655677476597,0.0888024644283338,-0.2507549389656717,0.8924248191843343,0.1720640927938939,-0.1964596302848245
QQQ,250,0.02,26,18,6,AND,0.58546805848401,0.1005100020706919,-0.2507549389656708,1.969341749323715,-0.1679741552755604,0.2999331332438119,0.0588004566012596,-0.2175810321054263,0.6190189406457441,0.0906315042819427,-0.2507549389656717,0.9095587012071114,0.1758677008313269,-0.1964596302848255
QQQ,250,0.02,26,18,8,AND,0.585665057037411,0.1008164522295993,-0.2507549389656719,2.0450856627592424,-0.1679741552755609,0.3005370525415574,0.058882522071082,-0.2169910003948507,0.6277966955895898,0.092176908259846,-0.2507549389656717,0.9074832823814531,0.1766456318617053,-0.2090571629312392
QQQ,250,0.02,39,8,2,AND,0.5061040505814788,0.0754962323446379,-0.2874991237103724,2.234445446348061,-0.1873400595313308,0.4328690435037274,0.0671166716723812,-0.1452719532497931,0.3609543934458632,0.0433574620795074,-0.2874991237103725,0.7543747817374951,0.1243031992810301,-0.2232497512415792
QQQ,250,0.02,39,8,4,AND,0.5351140417505096,0.0815609907045025,-0.2758104708051412,2.764652840396754,-0.1581516036734455,0.4000040270421898,0.0649594476239345,-0.2235427355640644,0.4544302922896991,0.0572791735738631,-0.2758104708051416,0.8112809657993534,0.1368095858084925,-0.1729621053801329
QQQ,250,0.02,39,8,6,AND,0.4899370553186537,0.0774052703012562,-0.2755469794943316,4.203787195671777,-0.1641749998688308,0.3043742885903097,0.0554555162153573,-0.2463284932701529,0.3726343516744447,0.0477646856932618,-0.275546979494332,0.7825018006726716,0.1359468638128997,-0.2300762708582424
QQQ,250,0.02,39,8,8,AND,0.588555817934539,0.0933968500748843,-0.2507549389656714,7.119927862939585,-0.140427070915502,0.3764036979467336,0.0647774278868424,-0.221469746454531,0.5173898433872994,0.0697727754214134,-0.2507549389656717,0.9064053103560232,0.1609469354037163,-0.1853129469714449
QQQ,250,0.02,39,10,2,AND,0.5080108257619419,0.0788593361470153,-0.2305096037144984,1.8935978358881875,-0.0984315549256082,0.4886711926759695,0.0749704854759834,-0.1757442762783,0.5637846316179228,0.0738108780292456,-0.2305096037144981,0.5155148109432176,0.0925820449733156,-0.2305096037144992
QQQ,250,0.02,39,10,4,AND,0.508881666959041,0.0809319090157545,-0.2776680169296807,2.3480613165013526,-0.116253302144656,0.4391201315581149,0.0709152880934325,-0.2596413486419027,0.5553670845899114,0.0748500438184904,-0.2776680169296804,0.6072402003778579,0.1093916807002981,-0.1729621053801331
QQQ,250,0.02,39,10,6,AND,0.527669201512491,0.0858651050881829,-0.250754938965671,2.72678088367899,-0.1261361047237985,0.4325503794458706,0.0723148064718972,-0.2335783262384236,0.5774033497713034,0.080742355229032,-0.2507549389656714,0.6393059421953304,0.1169129516759461,-0.1819161824663743
QQQ,250,0.02,39,10,8,AND,0.5778326825331994,0.0947398950760689,-0.2507549389656717,3.63570784490532,-0.1261361047237972,0.4785157669745254,0.0787432515788766,-0.1909933981629268,0.6033553577306134,0.0858091546016752,-0.2507549389656719,0.7576047857034858,0.1400272212924707,-0.1809856005635738
QQQ,250,0.02,39,12,2,AND,0.6015854164043436,0.0959359274102715,-0.2025563663680738,1.4391343552750224,-0.1099986437750532,0.3836055000230242,0.0662137578986259,-0.1952128441599581,0.7363494681210552,0.1041424051196315,-0.2025563663680742,0.7897075346771596,0.141078988655829,-0.1557891892939206
QQQ,250,0.02,39,12,4,AND,0.633752728876253,0.1023794261027843,-0.2756283221622976,1.5906221821460775,-0.0943205467229106,0.4705962973562729,0.0771982652095479,-0.1714460183362423,0.684481127483542,0.0975825395342273,-0.2756283221622972,0.8480811906658607,0.1548729030155575,-0.1990178876437647
QQQ,250,0.02,39,12,6,AND,0.6525314139551069,0.1067719157445019,-0.2507549389656712,1.81785392245266,-0.1261361047237968,0.5322041857191523,0.0864875618969405,-0.1644427444627169,0.6677136532995067,0.0961321543213866,-0.2507549389656709,0.8550340319926539,0.1581482679162285,-0.1990440614193465
QQQ,250,0.02,39,12,8,AND,0.619565721978828,0.1031186233879075,-0.2551189836153235,2.196573489630297,-0.1261361047237974,0.5201611545900515,0.0853910228981673,-0.1527101309747048,0.5670971334504488,0.0811448853526908,-0.2551189836153243,0.8820390863942417,0.166783765462795,-0.2291861489826611
QQQ,250,0.02,39,15,2,AND,0.6149406822319053,0.102257514512434,-0.183180058625527,1.4391343552750224,-0.1167061883042488,0.3225773749225224,0.0600796905354972,-0.168518747007929,0.6901839828838323,0.099268010025157,-0.1745320451903266,0.8734204835054984,0.1657630400944054,-0.1831800586255272
QQQ,250,0.02,39,15,4,AND,0.6244756681732867,0.104624343566855,-0.2448298383978734,1.5906221821460775,-0.1167061883042492,0.3813690607547106,0.0678009845336986,-0.1685187470079283,0.6402476505131255,0.0926693933271074,-0.2448298383978725,0.8984243404431135,0.1717899023367526,-0.1831800586255272
QQQ,250,0.02,39,15,6,AND,0.6379101754994796,0.1075569151707314,-0.2507549389656709,1.7421100090171324,-0.1261361047237968,0.4368193509106807,0.0758954991725726,-0.1527101309747051,0.6258032713761374,0.0908996035398219,-0.2507549389656719,0.9231059028337706,0.1770827612140373,-0.1831800586255271
QQQ,250,0.02,39,15,8,AND,0.6360677684204247,0.1079841541304333,-0.2507549389656704,1.8935978358881875,-0.1261361047237966,0.4148465962618402,0.0732698490722074,-0.1527101309747057,0.6171135944964107,0.0900255405645538,-0.2507549389656713,0.9489460110615328,0.1837192810715788,-0.1831800586255272
QQQ,250,0.02,39,18,2,AND,0.5670520606638477,0.0960661101387734,-0.250754938965672,1.81785392245266,-0.1679741552755599,0.3418631458216178,0.0630605437387328,-0.1749594669874162,0.5949550357157906,0.0865428544871895,-0.2507549389656717,0.8314138565516618,0.1587966934788474,-0.1964596302848251
QQQ,250,0.02,39,18,4,AND,0.5900184373008083,0.1001461515248078,-0.2507549389656704,1.81785392245266,-0.1679741552755603,0.3798325171132872,0.0681732006337194,-0.1749594669874162,0.5976501593249776,0.0871175090336597,-0.2507549389656717,0.8566617238144797,0.1647875405020287,-0.1964596302848248
QQQ,250,0.02,39,18,6,AND,0.6060119401183098,0.1030837551496834,-0.2507549389656704,1.8935978358881875,-0.1679741552755613,0.398031381369427,0.070972098073178,-0.1749594669874162,0.6190189406457441,0.0906315042819427,-0.2507549389656717,0.8813322230879294,0.1700487704047639,-0.1986104904700432
QQQ,250,0.02,39,18,8,AND,0.6110491396715789,0.1044349371238093,-0.250754938965672,1.969341749323715,-0.1679741552755622,0.3765136644015693,0.0683584631997569,-0.1749594669874162,0.6277966955895898,0.092176908259846,-0.2507549389656717,0.9074832823814531,0.1766456318617053,-0.2090571629312392
QQQ,250,0.02,52,8,2,AND,0.4427085545890264,0.0667058782751643,-0.287499123710373,2.234445446348061,-0.1873400595313299,0.2174096128268637,0.0436040713430061,-0.1583163541450111,0.3609543934458632,0.0433574620795074,-0.2874991237103725,0.7543747817374951,0.1243031992810301,-0.2232497512415792
QQQ,250,0.02,52,8,4,AND,0.4595710469509512,0.0705546714824776,-0.2758104708051411,2.764652840396754,-0.1581516036734447,0.1417655434696667,0.0364491472873353,-0.223542735564064,0.4544302922896991,0.0572791735738631,-0.2758104708051416,0.8111736146005433,0.1361091221859651,-0.1729621053801329
QQQ,250,0.02,52,8,6,AND,0.4248748548888437,0.0675551008327586,-0.2755469794943325,4.052299368800721,-0.1641749998688316,0.0535928441655647,0.0273886900054396,-0.2463284932701515,0.3726343516744447,0.0477646856932618,-0.275546979494332,0.7993805869594027,0.13818376448731,-0.2300762708582424
QQQ,250,0.02,52,8,8,AND,0.529161216404648,0.0834574923988138,-0.2507549389656709,6.4382326420198375,-0.1404270709155024,0.1576453573268185,0.0384660012879451,-0.2214697464545308,0.5173898433872994,0.0697727754214134,-0.2507549389656717,0.9137778782447,0.1612069981931843,-0.1853129469714449
QQQ,250,0.02,52,10,2,AND,0.448039617189238,0.0700414944190024,-0.2305096037144987,1.8935978358881875,-0.0984315549256075,0.2860163333244743,0.0512848360415505,-0.1883236249275969,0.5637846316179228,0.0738108780292456,-0.2305096037144981,0.5155148109432176,0.0925820449733156,-0.2305096037144992
QQQ,250,0.02,52,10,4,AND,0.4365537501945901,0.0699319915352334,-0.2776680169296829,2.3480613165013526,-0.116253302144657,0.1943394554948453,0.0422455424362426,-0.2596413486419032,0.5553670845899114,0.0748500438184904,-0.2776680169296804,0.605686386068574,0.1087081110636891,-0.1729621053801331
QQQ,250,0.02,52,10,6,AND,0.454349534462842,0.0741341226122274,-0.2507549389656714,2.6510369702434624,-0.126136104723797,0.1614592831318703,0.0390566472231865,-0.2335783262384222,0.5774033497713034,0.080742355229032,-0.2507549389656714,0.6544663252697148,0.1191123708692662,-0.1819161824663735
QQQ,250,0.02,52,10,8,AND,0.5224802503098908,0.0849794162865698,-0.2507549389656711,3.33273219116321,-0.1261361047237985,0.2740779864883884,0.0519411755326277,-0.1909933981629272,0.6033553577306134,0.0858091546016752,-0.2507549389656719,0.7697491514120197,0.1409681992470171,-0.1809856005635736
QQQ,250,0.02,52,12,2,AND,0.5460517564286123,0.0869785135675549,-0.2074950739709695,1.4391343552750224,-0.1099986437750545,0.1929893473856921,0.042721052161152,-0.2074950739709695,0.7363494681210552,0.1041424051196315,-0.2025563663680742,0.7897075346771596,0.141078988655829,-0.1557891892939206
QQQ,250,0.02,52,12,4,AND,0.5664007047586603,0.091161251656999,-0.2756283221622975,1.5906221821460775,-0.0943205467229104,0.2420063981637495,0.0483603163733661,-0.171446018336243,0.684481127483542,0.0975825395342273,-0.2756283221622972,0.8477114974617868,0.1541613093878258,-0.1990178876437647
QQQ,250,0.02,52,12,6,AND,0.5831630695234867,0.0948150696430474,-0.250754938965671,1.7421100090171324,-0.1261361047237974,0.2769194421654719,0.0527898304684235,-0.1644427444627176,0.6677136532995067,0.0961321543213866,-0.2507549389656709,0.8705746763680351,0.1604288874804864,-0.1990440614193465
QQQ,250,0.02,52,12,8,AND,0.5652734736949118,0.0931141634783754,-0.2551189836153236,2.0450856627592424,-0.126136104723797,0.3346811898391179,0.0596926977157412,-0.1527101309747054,0.5670971334504488,0.0811448853526908,-0.2551189836153243,0.8850846872017138,0.1659056035369193,-0.2291861489826611
QQQ,250,0.02,52,15,2,AND,0.5624188039744358,0.0932484324376607,-0.1831800586255271,1.4391343552750224,-0.1167061883042497,0.1386013296866536,0.036722141410352,-0.1812083678085169,0.6901839828838323,0.099268010025157,-0.1745320451903266,0.8734204835054984,0.1657630400944054,-0.1831800586255272
QQQ,250,0.02,52,15,4,AND,0.5598213799170523,0.0933833241049777,-0.2448298383978712,1.5906221821460775,-0.1167061883042502,0.1593427492146995,0.0392146126894983,-0.1685187470079298,0.6402476505131255,0.0926693933271074,-0.2448298383978725,0.898074163946448,0.1710678850261326,-0.1831800586255272
QQQ,250,0.02,52,15,6,AND,0.5706184785328151,0.0955915884445022,-0.250754938965672,1.666366095581605,-0.1261361047237978,0.1859992106932673,0.0425262836861399,-0.1527101309747046,0.6258032713761374,0.0908996035398219,-0.2507549389656719,0.9380748586885672,0.1794006664843235,-0.1831800586255271
QQQ,250,0.02,52,15,8,AND,0.5833174711749107,0.097935567500329,-0.2507549389656704,1.7421100090171324,-0.1261361047237981,0.2293390774711628,0.0478585115836172,-0.1527101309747054,0.6171135944964107,0.0900255405645538,-0.2507549389656713,0.9523281272201706,0.1828283728893329,-0.1831800586255272
QQQ,250,0.02,52,18,2,AND,0.5189496977544616,0.0877409887350286,-0.2507549389656708,1.81785392245266,-0.1679741552755617,0.1755022347378184,0.0412824970933849,-0.1749594669874162,0.5949550357157906,0.0865428544871895,-0.2507549389656717,0.8314138565516618,0.1587966934788474,-0.1964596302848251
QQQ,250,0.02,52,18,4,AND,0.5257256533646627,0.0889507036132881,-0.2507549389656712,1.81785392245266,-0.1679741552755608,0.1615258778488774,0.0395768640976004,-0.1749594669874162,0.5976501593249776,0.0871175090336597,-0.2507549389656717,0.8560919281342824,0.1640698378099681,-0.1964596302848248
QQQ,250,0.02,52,18,6,AND,0.5387650025714337,0.0911667535437417,-0.2507549389656703,1.81785392245266,-0.1679741552755603,0.1465957522560999,0.0377555833205418,-0.1749594669874162,0.6190189406457441,0.0906315042819427,-0.2507549389656717,0.8960000761815333,0.1723528243768191,-0.1964596302848255
QQQ,250,0.02,52,18,8,AND,0.5580918412725399,0.0944185392343355,-0.2507549389656709,1.81785392245266,-0.1679741552755612,0.1897262038140535,0.0430634104312208,-0.1749594669874162,0.6277966955895898,0.092176908259846,-0.2507549389656717,0.9103561695277274,0.1757600475531682,-0.1964596302848253
QQQ,250,0.03,26,8,2,AND,0.5543663051327182,0.0824790076731021,-0.287499123710373,2.234445446348061,-0.1873400595313299,0.4872508313487319,0.0741156628420951,-0.1525201507664678,0.3971849916185082,0.0480672257927652,-0.2874991237103725,0.8132731502184266,0.134480213838495,-0.2015398987568744
QQQ,250,0.03,26,8,4,AND,0.5586632910641043,0.0850366048565998,-0.2273452572581147,2.764652840396754,-0.1581516036734447,0.3288108857494749,0.0578316621686167,-0.2046108624028283,0.5398251251075601,0.0682821497779708,-0.2273452572581152,0.8531864279637037,0.1439113568262904,-0.1729621053801333
QQQ,250,0.03,26,8,6,AND,0.4989787692766207,0.0786232779853302,-0.2871152018574685,4.052299368800721,-0.1159759730976925,0.1763369470563724,0.0409986585133372,-0.2871152018574685,0.465193929803929,0.0598483218190994,-0.2375977313801407,0.8159909413668098,0.1417986075341473,-0.2287133272578249
QQQ,250,0.03,26,8,8,AND,0.6247530643989077,0.0984634141688622,-0.2632577614357263,6.741208295761948,-0.0863270855715879,0.2826249592330324,0.0539217443797828,-0.2632577614357263,0.6499543200424638,0.0880067398050845,-0.2020628531988908,0.971995233049496,0.1723953301008178,-0.1641566874305295
QQQ,250,0.03,26,10,2,AND,0.551944246991637,0.0856203649515332,-0.2090026611438901,1.8935978358881875,-0.098431554925608,0.5336029325930907,0.0813621767066004,-0.1366104323643966,0.5972710763276845,0.0786581098668972,-0.2090026611438876,0.5735929144888899,0.1024719246641576,-0.2090026611438876
QQQ,250,0.03,26,10,4,AND,0.5459421044460031,0.0868317490598638,-0.2415896454467254,2.272317403065825,-0.1042775783078847,0.4155706967559321,0.0699388001644405,-0.2415896454467254,0.6380378515378928,0.0863152833942233,-0.2020628531988901,0.6474965218569749,0.1163221691336617,-0.1729621053801332
QQQ,250,0.03,26,10,6,AND,0.5408295254517193,0.0879299147705705,-0.2464669429678173,2.499549143372408,-0.1103830395399118,0.3244253194375607,0.0598398176486743,-0.2464669429678173,0.6679561179279586,0.0932063154528186,-0.2020628531988906,0.671574486775062,0.122666643649012,-0.1819161824663738
QQQ,250,0.03,26,10,8,AND,0.604366344513652,0.0985341510449824,-0.2399726004571302,3.181244364292155,-0.1103830395399126,0.3765588578438822,0.066656928326392,-0.2399726004571302,0.7124117336925134,0.1013570665973042,-0.2020628531988899,0.8102804142690675,0.1488720071301117,-0.1809856005635736
QQQ,250,0.03,26,12,2,AND,0.6517258192588764,0.1044786787727181,-0.2055543545607827,1.2876465284039675,-0.0943170923586264,0.4069746316062163,0.0699482375467281,-0.1767086458972194,0.8083471691579571,0.1162278304705692,-0.2055543545607826,0.850611678136671,0.1532360515891104,-0.1557891892939205
QQQ,250,0.03,26,12,4,AND,0.6829481078664313,0.1109629105743923,-0.2050626967536476,1.363390441839495,-0.0943170923586259,0.4408712404784197,0.0753756799584206,-0.1913138151305258,0.8084514302262498,0.116946099973124,-0.2050626967536475,0.8932927945524453,0.1639326711799065,-0.1990178876437647
QQQ,250,0.03,26,12,6,AND,0.665695800887444,0.1093465076365083,-0.2120149841162794,1.4391343552750224,-0.0959848296964875,0.4181918121483018,0.0730091724876325,-0.2080088468940064,0.7647213039251777,0.1108620091488552,-0.2120149841162787,0.8562333518225926,0.1595625336499071,-0.2120149841162799
QQQ,250,0.03,26,12,8,AND,0.6345110664525315,0.1054965132322052,-0.2551189836153238,1.7421100090171324,-0.0959848296964877,0.4231583696489527,0.0736778460961482,-0.2080088468940061,0.6531135470291495,0.0941229894910975,-0.2551189836153243,0.8764051227899535,0.1658250789006974,-0.2291861489826613
QQQ,250,0.03,26,15,2,AND,0.6240171455423471,0.1049133780059694,-0.2211823936482613,1.1361587015329124,-0.1167061883042507,0.2782370027670824,0.0549529860959696,-0.2027579450270195,0.6938580704306816,0.1006051322513525,-0.2211823936482611,0.9128457126707904,0.1759786615983867,-0.2211823936482613
QQQ,250,0.03,26,15,4,AND,0.6393379107337801,0.1082117900651709,-0.2275068009721592,1.21190261496844,-0.1182406922871308,0.3087591672845629,0.059562353864033,-0.2275068009721592,0.6943910433022789,0.1012451068702122,-0.2264792426021713,0.9243897355990558,0.178772718228791,-0.2264792426021715
QQQ,250,0.03,26,15,6,AND,0.6459862024685743,0.1096287467899606,-0.2434546417244081,1.21190261496844,-0.1364442920585139,0.2905225263606355,0.0572922418184491,-0.2434546417244081,0.7206339555113428,0.1055591432022016,-0.2120149841162778,0.9424630110855736,0.1828077772422975,-0.2120149841162799
QQQ,250,0.03,26,15,8,AND,0.643296626760662,0.1094622113141832,-0.2434546417244081,1.2876465284039675,-0.1364442920585139,0.2905225263606355,0.0572922418184491,-0.2434546417244081,0.6903855166139129,0.101178458577803,-0.2120149841162792,0.9617858047877792,0.1870452846910426,-0.2120149841162799
QQQ,250,0.03,26,18,2,AND,0.6052988490769224,0.1025515883884873,-0.2211823936482618,1.2876465284039675,-0.132786750113487,0.2460050789777707,0.0508810954352743,-0.213904701928039,0.6868076631145079,0.1005483769956738,-0.2211823936482624,0.8986196332947025,0.1738148750484207,-0.2211823936482613
QQQ,250,0.03,26,18,4,AND,0.6130359389445562,0.104432269611723,-0.2383075281083435,1.363390441839495,-0.1327867501134882,0.2603164016472976,0.0531879224639793,-0.2383075281083435,0.6812684047940977,0.0997963845039651,-0.2264792426021722,0.9101805119345688,0.1766037906483326,-0.2264792426021715
QQQ,250,0.03,26,18,6,AND,0.6146652891676087,0.1049857999033985,-0.2540323917824876,1.363390441839495,-0.1485182230395368,0.2426060456114656,0.0509314676358794,-0.2540323917824876,0.6937487685772841,0.1018390638157686,-0.2120149841162794,0.9282350621659748,0.1806314252019347,-0.2120149841162799
QQQ,250,0.03,26,18,8,AND,0.6231294822282579,0.1064798051344901,-0.2540323917824876,1.363390441839495,-0.1485182230395368,0.2426060456114656,0.0509314676358794,-0.2540323917824876,0.6937487685772841,0.1018390638157686,-0.2120149841162794,0.9475250593880932,0.1848611356880967,-0.2120149841162799
QQQ,250,0.03,39,8,2,AND,0.5061040505814788,0.0754962323446379,-0.2874991237103724,2.234445446348061,-0.1873400595313308,0.4328690435037274,0.0671166716723812,-0.1452719532497931,0.3609543934458632,0.0433574620795074,-0.2874991237103725,0.7543747817374951,0.1243031992810301,-0.2232497512415792
QQQ,250,0.03,39,8,4,AND,0.5637883481945947,0.0851676097351896,-0.2273452572581141,2.6131650135256987,-0.1581516036734455,0.4000040270421898,0.0649594476239345,-0.2235427355640644,0.5278371172732221,0.0666289502031083,-0.2273452572581152,0.8112809657993534,0.1368095858084925,-0.1729621053801329
QQQ,250,0.03,39,8,6,AND,0.5182981027989852,0.0807996024712089,-0.2549762454979538,3.9008115419296665,-0.1159759730976928,0.2761693561400888,0.0520504259756959,-0.2549762454979538,0.465193929803929,0.0598483218190994,-0.2375977313801407,0.7837503580766173,0.1361482723359868,-0.2287133272578249
QQQ,250,0.03,39,8,8,AND,0.6503499245992115,0.1015052399062421,-0.2290405011547954,6.513976555455365,-0.1037074951062698,0.3618905537596438,0.0624943689057426,-0.2290405011547954,0.6499543200424638,0.0880067398050845,-0.2020628531988908,0.9688580301267724,0.1717168555550468,-0.1641566874305295
QQQ,250,0.03,39,10,2,AND,0.5061115637489486,0.0786173255884352,-0.2305096037144981,1.8935978358881875,-0.0984315549256079,0.4822935235648568,0.0743159668915363,-0.1757442762783,0.5637846316179228,0.0738108780292456,-0.2305096037144981,0.5155148109432176,0.0925820449733156,-0.2305096037144992
QQQ,250,0.03,39,10,4,AND,0.5346806943704824,0.0843986166181254,-0.2596413486419027,2.196573489630297,-0.116253302144656,0.4330785624221676,0.0702632386019388,-0.2596413486419027,0.6268349443310641,0.0846341769889094,-0.2020628531988901,0.6072402003778579,0.1093916807002981,-0.1729621053801331
QQQ,250,0.03,39,10,6,AND,0.557928880260447,0.0898169988068227,-0.2464669429678178,2.42380522993688,-0.0984315549256071,0.4176825275351286,0.0702702001809889,-0.2464669429678178,0.6679561179279586,0.0932063154528186,-0.2020628531988906,0.6404839194942888,0.1171109854002154,-0.1819161824663735
QQQ,250,0.03,39,10,8,AND,0.6382294663064774,0.1030505613090571,-0.2020628531988908,3.181244364292155,-0.098431554925608,0.482204412547369,0.0786043386894101,-0.2016737940022505,0.7124117336925134,0.1013570665973042,-0.2020628531988899,0.8102804142690675,0.1488720071301117,-0.1809856005635736
QQQ,250,0.03,39,12,2,AND,0.6094198179872874,0.097353989596965,-0.2140250052265951,1.2876465284039675,-0.1099986437750535,0.3563944550242464,0.0629764015278535,-0.2140250052265951,0.7773545114593509,0.1112117692845113,-0.2055543545607826,0.7974517399550146,0.1428907851472165,-0.1680442202342608
QQQ,250,0.03,39,12,4,AND,0.6693516697894072,0.1078019619684649,-0.2050626967536475,1.2876465284039675,-0.0943170923586268,0.4433476207261135,0.0739275564603625,-0.1908137366731374,0.7978706203921114,0.1152175914344353,-0.2050626967536475,0.8554580338448687,0.1567066013786711,-0.1990178876437652
QQQ,250,0.03,39,12,6,AND,0.6791389256547097,0.1105952483808763,-0.2120149841162789,1.363390441839495,-0.0943170923586257,0.4971925173867564,0.081781974175259,-0.1883477489964524,0.7647213039251777,0.1108620091488552,-0.2120149841162787,0.8266701603755003,0.1538242914107612,-0.2120149841162799
QQQ,250,0.03,39,12,8,AND,0.6601188378881837,0.1088773018845166,-0.255118983615324,1.666366095581605,-0.0943170923586249,0.5030258909656415,0.0826152671018118,-0.1834148225249721,0.6531135470291495,0.0941229894910975,-0.2551189836153243,0.8764051227899535,0.1658250789006974,-0.2291861489826613
QQQ,250,0.03,39,15,2,AND,0.5921235394258113,0.0991556088610661,-0.2423581735276354,1.1361587015329124,-0.1167061883042491,0.2551301371917791,0.0516328270875277,-0.1942851581020441,0.6635016816814636,0.0956592757385874,-0.2423581735276366,0.8639114986917983,0.1654293793699544,-0.2423581735276356
QQQ,250,0.03,39,15,4,AND,0.6282131740033498,0.1055036228652699,-0.2383479734677049,1.1361587015329124,-0.1167061883042502,0.3138359137415341,0.0592925967337143,-0.194285158102043,0.6840246264809898,0.0995408961026018,-0.2383479734677044,0.888816009567708,0.1714545166243299,-0.2383479734677042
QQQ,250,0.03,39,15,6,AND,0.658401807377393,0.1108778052380652,-0.2120149841162789,1.1361587015329124,-0.1167061883042502,0.3613370591758262,0.0659365436577668,-0.1833668503322127,0.7206339555113428,0.1055591432022016,-0.2120149841162778,0.9143914976398048,0.1769545029675603,-0.2120149841162799
QQQ,250,0.03,39,15,8,AND,0.6679927873378458,0.1128551277180642,-0.2120149841162791,1.21190261496844,-0.1167061883042507,0.3622359260928965,0.066093267121813,-0.1833668503322134,0.6903855166139129,0.101178458577803,-0.2120149841162792,0.9617858047877792,0.1870452846910426,-0.2120149841162799
QQQ,250,0.03,39,18,2,AND,0.5815216797311537,0.0981110823688966,-0.2423581735276355,1.2876465284039675,-0.1327867501134871,0.234198557841745,0.0490822820685399,-0.1833668503322139,0.6684056943119961,0.0975139586968516,-0.2423581735276355,0.849755210532758,0.1632850033720181,-0.2423581735276356
QQQ,250,0.03,39,18,4,AND,0.6044900686586889,0.1021987360433276,-0.2383479734677052,1.2876465284039675,-0.1327867501134891,0.2726964551061118,0.0541277122600909,-0.1833668503322125,0.6709731162034583,0.0980944156788981,-0.2383479734677052,0.8747108203659939,0.1692990544465353,-0.2383479734677042
QQQ,250,0.03,39,18,6,AND,0.6266661320110589,0.1062296319980493,-0.2120149841162794,1.2876465284039675,-0.1327867501134881,0.3113742991120515,0.0595237645045831,-0.1833668503322125,0.6937487685772841,0.1018390638157686,-0.2120149841162794,0.9002414843877802,0.1747889208812469,-0.2120149841162799
QQQ,250,0.03,39,18,8,AND,0.6475346434065047,0.1098636008538207,-0.212014984116279,1.2876465284039675,-0.1327867501134874,0.3123289188709998,0.0596795451048457,-0.183366850332213,0.6937487685772841,0.1018390638157686,-0.2120149841162794,0.9475250593880932,0.1848611356880967,-0.2120149841162799
QQQ,250,0.03,52,8,2,AND,0.4427085545890264,0.0667058782751643,-0.287499123710373,2.234445446348061,-0.1873400595313299,0.2174096128268637,0.0436040713430061,-0.1583163541450111,0.3609543934458632,0.0433574620795074,-0.2874991237103725,0.7543747817374951,0.1243031992810301,-0.2232497512415792
QQQ,250,0.03,52,8,4,AND,0.4884877289111127,0.0741245883755088,-0.227345257258115,2.6131650135256987,-0.1581516036734447,0.1417655434696667,0.0364491472873353,-0.223542735564064,0.5278371172732221,0.0666289502031083,-0.2273452572581152,0.8111736146005433,0.1361091221859651,-0.1729621053801329
QQQ,250,0.03,52,8,6,AND,0.4531809410520958,0.0709184003467295,-0.2549762454979537,3.7493237150586114,-0.1159759730976919,0.0210266194888587,0.0240741484194328,-0.2549762454979537,0.465193929803929,0.0598483218190994,-0.2375977313801407,0.8006362730413245,0.1383855696230163,-0.2287133272578249
QQQ,250,0.03,52,8,8,AND,0.5741934961332251,0.0891809702515236,-0.2290405011547941,6.0595130748422,-0.1037074951062688,0.1287470073936289,0.0353039522565887,-0.2290405011547941,0.6499543200424638,0.0880067398050845,-0.2020628531988908,0.9436876760050956,0.1664490159873863,-0.1641566874305295
QQQ,250,0.03,52,10,2,AND,0.4461324420410678,0.0698014618854812,-0.2305096037144985,1.8935978358881875,-0.0984315549256078,0.2795225404422031,0.0506447389672275,-0.1883236249275969,0.5637846316179228,0.0738108780292456,-0.2305096037144981,0.5155148109432176,0.0925820449733156,-0.2305096037144992
QQQ,250,0.03,52,10,4,AND,0.46254596999645,0.0733634207845113,-0.2596413486419032,2.196573489630297,-0.116253302144657,0.1882479851350719,0.0416109491275904,-0.2596413486419032,0.6268349443310641,0.0846341769889094,-0.2020628531988901,0.605686386068574,0.1087081110636891,-0.1729621053801331
QQQ,250,0.03,52,10,6,AND,0.4781395798565052,0.0770553699785983,-0.2464669429678188,2.42380522993688,-0.0984315549256077,0.1206844546734046,0.0344973033920013,-0.2464669429678188,0.6679561179279586,0.0932063154528186,-0.2020628531988906,0.6556502772852798,0.1193107945605187,-0.1819161824663743
QQQ,250,0.03,52,10,8,AND,0.5520202231159266,0.088738727026874,-0.2020628531988905,3.105500450856628,-0.0984315549256079,0.2275953252516195,0.0464766015187858,-0.2016737940022507,0.7124117336925134,0.1013570665973042,-0.2020628531988899,0.7817688099270468,0.1430450018059457,-0.1809856005635731
QQQ,250,0.03,52,12,2,AND,0.5541619771555004,0.0883849855056368,-0.2260201339279697,1.2876465284039675,-0.1099986437750553,0.1649120887071983,0.0395550269470283,-0.2260201339279697,0.7773545114593509,0.1112117692845113,-0.2055543545607826,0.7974517399550146,0.1428907851472165,-0.1680442202342608
QQQ,250,0.03,52,12,4,AND,0.6025362062510597,0.0965286060199779,-0.2050626967536473,1.2876465284039675,-0.0943170923586271,0.2138896434832748,0.0451771686002917,-0.1908137366731382,0.7978706203921114,0.1152175914344353,-0.2050626967536475,0.855109808509587,0.1559938778880196,-0.1990178876437652
QQQ,250,0.03,52,12,6,AND,0.6038918142904098,0.0975903086949072,-0.2120149841162786,1.363390441839495,-0.0943170923586264,0.2167997643908603,0.0456243058557872,-0.1883477489964528,0.7647213039251777,0.1108620091488552,-0.2120149841162787,0.8419586589119635,0.1560963962229036,-0.2120149841162799
QQQ,250,0.03,52,12,8,AND,0.5798758323602526,0.094973017218275,-0.2551189836153238,1.666366095581605,-0.0943170923586258,0.2680053471182964,0.0516273200698165,-0.1834148225249714,0.6531135470291495,0.0941229894910975,-0.2551189836153243,0.8491757016179334,0.1599120886810388,-0.2291861489826613
QQQ,250,0.03,52,15,2,AND,0.5396829806935123,0.0901718795938111,-0.2423581735276351,1.1361587015329124,-0.1167061883042502,0.069578313044743,0.0284613941852478,-0.2065815457599737,0.6635016816814636,0.0956592757385874,-0.2423581735276366,0.8639114986917983,0.1654293793699544,-0.2423581735276356
QQQ,250,0.03,52,15,4,AND,0.5638175823793405,0.0942536555689874,-0.2383479734677043,1.1361587015329124,-0.11670618830425,0.0903004105622584,0.0309340051041489,-0.1942851581020455,0.6840246264809898,0.0995408961026018,-0.2383479734677044,0.8883811326764558,0.1707327059670442,-0.2383479734677042
QQQ,250,0.03,52,15,6,AND,0.5855426228088397,0.097869556844544,-0.2120149841162789,1.1361587015329124,-0.1167061883042492,0.0851352075022666,0.030308495756002,-0.1833668503322107,0.7206339555113428,0.1055591432022016,-0.2120149841162778,0.9291284042468768,0.1792721556723719,-0.2120149841162799
QQQ,250,0.03,52,15,8,AND,0.5901422845720931,0.0989009648347756,-0.2120149841162789,1.21190261496844,-0.1167061883042493,0.1288387412979526,0.0355782331142324,-0.1833668503322104,0.6903855166139129,0.101178458577803,-0.2120149841162792,0.9357372924524392,0.1810246669451205,-0.2120149841162799
QQQ,250,0.03,52,18,2,AND,0.5333995041022837,0.0897704284695062,-0.2423581735276351,1.2876465284039675,-0.1327867501134878,0.062836188341334,0.0275905965683473,-0.1833668503322119,0.6684056943119961,0.0975139586968516,-0.2423581735276355,0.849755210532758,0.1632850033720181,-0.2423581735276356
QQQ,250,0.03,52,18,4,AND,0.5401642858391896,0.0909824003588251,-0.2383479734677041,1.2876465284039675,-0.1327867501134875,0.048921539924513,0.0259073910669036,-0.1926965656568208,0.6709731162034583,0.0980944156788981,-0.2383479734677052,0.8741971592663265,0.1685785719121508,-0.2383479734677042
QQQ,250,0.03,52,18,6,AND,0.5536843711687498,0.0932758131662654,-0.2120149841162785,1.2876465284039675,-0.1327867501134879,0.0340812484615379,0.0241100584454103,-0.1928902405308393,0.6937487685772841,0.1018390638157686,-0.2120149841162794,0.914847569220605,0.1771023091330432,-0.2120149841162799
QQQ,250,0.03,52,18,8,AND,0.569623220963987,0.0959469489206044,-0.2120149841162792,1.2876465284039675,-0.132786750113488,0.0775687792840892,0.0293480925450604,-0.1833668503322124,0.6937487685772841,0.1018390638157686,-0.2120149841162794,0.921483431519449,0.1788515958061929,-0.2120149841162799
QQQ,250,0.05,26,8,2,AND,0.5200722307404059,0.0774866943067893,-0.3111320373755147,2.234445446348061,-0.2094060470941209,0.4589026150084017,0.0699488627982025,-0.1234206255266333,0.3562538067278693,0.0427133672067829,-0.3111320373755133,0.7907249669552671,0.1307199031923671,-0.2015398987568744
QQQ,250,0.05,26,8,4,AND,0.5261325554455365,0.0798361070970197,-0.2675469029349834,2.6131650135256987,-0.1818676041047507,0.330297806427621,0.0570898505917938,-0.2265342665384971,0.4743226494338075,0.0590227066465682,-0.2675469029349839,0.8205673501257114,0.1383540129439815,-0.1729621053801329
QQQ,250,0.05,26,8,6,AND,0.4760934027916311,0.0745733788796891,-0.2772659352631991,3.7493237150586114,-0.1365979429513877,0.2234433725400834,0.0458362126950373,-0.2627540661476828,0.3869846916337414,0.0487141766904424,-0.2772659352631984,0.7676176310029671,0.13347764079499,-0.25448828912996
QQQ,250,0.05,26,8,8,AND,0.5888442930167165,0.0919478819447014,-0.2410295407335487,6.286744815148783,-0.1120664791811838,0.2839884125579863,0.0529481214305236,-0.2410295407335487,0.5726937580559677,0.0761805577921708,-0.2047867967502931,0.9229837288640648,0.1634227046966403,-0.1950528074808688
QQQ,250,0.05,26,10,2,AND,0.5094107950557731,0.0793864423850427,-0.2251824621444098,1.8935978358881875,-0.1244592705339419,0.5071221714749576,0.0771672653751318,-0.1546719808093332,0.5339913068549169,0.0699280767751433,-0.2251824621444104,0.5517855024634286,0.098817707636128,-0.2090026611438876
QQQ,250,0.05,26,10,4,AND,0.4892060734267476,0.0778455224285146,-0.2624937990460287,2.196573489630297,-0.1289664805268163,0.3664985699989975,0.0623544488119587,-0.2624937990460287,0.5520485623052088,0.0736683733818965,-0.2183556562346049,0.6161144404906636,0.1108988588917456,-0.1729621053801331
QQQ,250,0.05,26,10,6,AND,0.4866237228285361,0.0789316613429864,-0.264703211300384,2.42380522993688,-0.1244592705339413,0.296261002524167,0.0549608015346752,-0.264703211300384,0.5714199969723005,0.0784760992577622,-0.2183556562346053,0.6251497821480383,0.114485102929551,-0.1985270564098941
QQQ,250,0.05,26,10,8,AND,0.5447449104839208,0.0884945492644848,-0.2606869194086676,3.181244364292155,-0.1244592705339415,0.303091810837329,0.0560529040820374,-0.2606869194086676,0.6367715295729125,0.089696488357976,-0.2183556562346049,0.7824920009601202,0.1438395834447496,-0.1810404874592812
QQQ,250,0.05,26,12,2,AND,0.5827074433508221,0.0939947116319608,-0.2259855689997898,1.2876465284039675,-0.1244592705339415,0.3036378902861633,0.0569450900051216,-0.2259855689997898,0.7359272680959171,0.1051270247214379,-0.2212942470198037,0.830308002341224,0.1494135734626593,-0.1557891892939205
QQQ,250,0.05,26,12,4,AND,0.6021263150600715,0.0977297090108133,-0.2259855689997915,1.2876465284039675,-0.1244592705339417,0.3051577705204946,0.057137562727648,-0.2259855689997915,0.7269495128497,0.1039425852192472,-0.2212942470198028,0.8638298659667989,0.1582780598579707,-0.1990178876437652
QQQ,250,0.05,26,12,6,AND,0.5869683849607451,0.0961295659788572,-0.2394856849820636,1.363390441839495,-0.1244592705339422,0.3067413861124644,0.0574511556728483,-0.2394856849820636,0.6710351153185291,0.0958938944148499,-0.2383479734677044,0.8119193449734771,0.1511121105973594,-0.2383479734677042
QQQ,250,0.05,26,12,8,AND,0.5621549115124168,0.0932820737836273,-0.255118983615324,1.666366095581605,-0.1244592705339416,0.3067413861124644,0.0574511556728483,-0.2394856849820636,0.5793889055732949,0.0825390017823461,-0.2551189836153243,0.8496710139677205,0.1607183953853557,-0.2291861489826611
QQQ,250,0.05,26,15,2,AND,0.5464637348608599,0.0929565819912128,-0.2394410068023441,1.060414788097385,-0.1244592705339409,0.1718241750183874,0.0411235984574327,-0.2394410068023441,0.6608071619348422,0.0959547542108734,-0.2212942470198032,0.8660093562180927,0.1690976806093023,-0.2155312520702496
QQQ,250,0.05,26,15,4,AND,0.5511951506744575,0.0938495203314782,-0.2394410068023434,1.060414788097385,-0.1244592705339413,0.1732955695380581,0.0413131900411172,-0.2394410068023434,0.652325353706337,0.0947801452523879,-0.2212942470198032,0.8686381353940555,0.1700604335104192,-0.2275830508081964
QQQ,250,0.05,26,15,6,AND,0.5582654543516193,0.0951019692613226,-0.2394410068023434,1.060414788097385,-0.1244592705339423,0.1732955695380581,0.0413131900411172,-0.2394410068023434,0.6659901075820436,0.0970313119601991,-0.2212942470198031,0.8723620838210964,0.1711994682777935,-0.226828076800452
QQQ,250,0.05,26,15,8,AND,0.5732685861614533,0.0978693067707672,-0.2394410068023434,1.060414788097385,-0.1244592705339416,0.1732955695380581,0.0413131900411172,-0.2394410068023434,0.6819443135759455,0.1004388810180809,-0.2212942470198037,0.8916049005621207,0.175395387992123,-0.2268280768004524
QQQ,250,0.05,26,18,2,AND,0.5465755286062031,0.0939938508321569,-0.2394410068023432,0.9846708746618577,-0.1557361887248852,0.1215966077211427,0.034710521118948,-0.2394410068023432,0.7522259443855656,0.1126661586535133,-0.2212942470198027,0.8181343514762774,0.1613948385830013,-0.2155312520702497
QQQ,250,0.05,26,18,4,AND,0.5484688719138467,0.0944075426497008,-0.239441006802343,0.9846708746618577,-0.155736188724885,0.1230671171341626,0.0348989448629148,-0.239441006802343,0.7365589857867608,0.1101851775636364,-0.2212942470198027,0.8209149542104792,0.1623512481873767,-0.2275830508081961
QQQ,250,0.05,26,18,6,AND,0.5503653001088048,0.0948099433870983,-0.239441006802343,0.9846708746618577,-0.155736188724886,0.1230671171341626,0.0348989448629148,-0.239441006802343,0.7365589857867608,0.1101851775636364,-0.2212942470198027,0.8247565621729843,0.1634827781884509,-0.2268280768004519
QQQ,250,0.05,26,18,8,AND,0.5588683522517319,0.0962901902668453,-0.239441006802343,0.9846708746618577,-0.1557361887248864,0.1230671171341626,0.0348989448629148,-0.239441006802343,0.7365589857867608,0.1101851775636364,-0.2212942470198027,0.8438983168467714,0.1676510522173506,-0.2268280768004522
QQQ,250,0.05,39,8,2,AND,0.4912655006294407,0.073533905854267,-0.3111320373755145,2.234445446348061,-0.2094060470941208,0.4181071249704008,0.0655280712439074,-0.1575676825045011,0.3339284501365284,0.0398384108777243,-0.3111320373755133,0.7543747817374951,0.1243031992810301,-0.2232497512415792
QQQ,250,0.05,39,8,4,AND,0.5189186408173181,0.078847956984789,-0.2675469029349828,2.6131650135256987,-0.1818676041047506,0.3198577858037752,0.0559351848545561,-0.2347124969140678,0.4743226494338075,0.0590227066465682,-0.2675469029349839,0.8112809657993534,0.1368095858084925,-0.1729621053801329
QQQ,250,0.05,39,8,6,AND,0.4671999455366384,0.0733380063381816,-0.2772659352631996,3.7493237150586114,-0.1365979429513875,0.2099185412901522,0.0443314650556665,-0.2730065800326415,0.3869846916337414,0.0487141766904424,-0.2772659352631984,0.7566300138538178,0.1316193109477987,-0.25448828912996
QQQ,250,0.05,39,8,8,AND,0.5806082672352699,0.0907276001514632,-0.2522431009654156,6.135256988277727,-0.1120664791811844,0.2563001646588789,0.0497566683604875,-0.2522431009654156,0.5726937580559677,0.0761805577921708,-0.2047867967502931,0.9229837288640648,0.1634227046966403,-0.1950528074808688
QQQ,250,0.05,39,10,2,AND,0.4822039912303601,0.0754266846564204,-0.2305096037144982,1.8935978358881875,-0.1244592705339419,0.468209373119008,0.072716648981298,-0.1876016445418762,0.5134782305168845,0.0669780843873002,-0.230509603714499,0.5155148109432176,0.0925820449733156,-0.2305096037144992
QQQ,250,0.05,39,10,4,AND,0.4823774286054135,0.0768591938857337,-0.2702918117489585,2.196573489630297,-0.1289664805268163,0.3565256142764761,0.0611940325217459,-0.2702918117489585,0.5520485623052088,0.0736683733818965,-0.2183556562346049,0.6072402003778579,0.1093916807002981,-0.1729621053801331
QQQ,250,0.05,39,10,6,AND,0.4821195372031546,0.078262997402531,-0.264703211300384,2.42380522993688,-0.1244592705339413,0.296261002524167,0.0549608015346752,-0.264703211300384,0.5714199969723005,0.0784760992577622,-0.2183556562346053,0.6146346229573865,0.1126579112351728,-0.1985270564098941
QQQ,250,0.05,39,10,8,AND,0.5579387591623853,0.09040230302171,-0.2257000152289713,3.105500450856628,-0.1244592705339424,0.3462906553351469,0.0610852864350928,-0.2257000152289713,0.6367715295729125,0.089696488357976,-0.2183556562346049,0.7824920009601202,0.1438395834447496,-0.1810404874592812
QQQ,250,0.05,39,12,2,AND,0.557439403411462,0.0899813630810149,-0.2561372194341099,1.2876465284039675,-0.1244592705339421,0.2684025167381105,0.0525780271578106,-0.2561372194341099,0.7169114569104313,0.1020799822320455,-0.2212942470198037,0.7974517399550146,0.1428907851472165,-0.1680442202342608
QQQ,250,0.05,39,12,4,AND,0.5956935055015227,0.0967251845945342,-0.2341696010220082,1.2876465284039675,-0.1244592705339427,0.2958919421436507,0.0559828448741503,-0.2341696010220082,0.7269495128497,0.1039425852192472,-0.2212942470198028,0.8554580338448687,0.1567066013786711,-0.1990178876437652
QQQ,250,0.05,39,12,6,AND,0.5826445710402838,0.0954502437000717,-0.2394856849820636,1.363390441839495,-0.1244592705339422,0.3067413861124644,0.0574511556728483,-0.2394856849820636,0.6710351153185291,0.0958938944148499,-0.2383479734677044,0.8018639001422827,0.1492248691418629,-0.2383479734677042
QQQ,250,0.05,39,12,8,AND,0.5621549115124168,0.0932820737836273,-0.255118983615324,1.666366095581605,-0.1244592705339416,0.3067413861124644,0.0574511556728483,-0.2394856849820636,0.5793889055732949,0.0825390017823461,-0.2551189836153243,0.8496710139677205,0.1607183953853557,-0.2291861489826611
QQQ,250,0.05,39,15,2,AND,0.5328055313506465,0.0905869249283786,-0.2394410068023441,1.060414788097385,-0.124459270533942,0.1713741898082961,0.0410662485387633,-0.2394410068023441,0.64229982008017,0.0929330013916676,-0.2212942470198032,0.836060983411539,0.1624631872757003,-0.2155312520702499
QQQ,250,0.05,39,15,4,AND,0.5477994496627122,0.0932885840465695,-0.2394410068023434,1.060414788097385,-0.1244592705339413,0.1732955695380581,0.0413131900411172,-0.2394410068023434,0.652325353706337,0.0947801452523879,-0.2212942470198032,0.8608939695282616,0.1684729896545298,-0.2275830508081963
QQQ,250,0.05,39,15,6,AND,0.5541476742792475,0.0944232838318346,-0.2394410068023434,1.060414788097385,-0.1244592705339423,0.1732955695380581,0.0413131900411172,-0.2394410068023434,0.6659901075820436,0.0970313119601991,-0.2212942470198031,0.8629538675804893,0.1692792937189124,-0.2268280768004521
QQQ,250,0.05,39,15,8,AND,0.5732685861614533,0.0978693067707672,-0.2394410068023434,1.060414788097385,-0.1244592705339416,0.1732955695380581,0.0413131900411172,-0.2394410068023434,0.6819443135759455,0.1004388810180809,-0.2212942470198037,0.8916049005621207,0.175395387992123,-0.2268280768004524
QQQ,250,0.05,39,18,2,AND,0.5332486848215126,0.0916440951519863,-0.2394410068023432,0.9846708746618577,-0.1557361887248858,0.1215966077211427,0.034710521118948,-0.2394410068023432,0.7341357187606048,0.1095983293577986,-0.2212942470198027,0.7882500895661907,0.154804057981809,-0.2155312520702497
QQQ,250,0.05,39,18,4,AND,0.5451225800448098,0.0938463202057178,-0.239441006802343,0.9846708746618577,-0.155736188724885,0.1230671171341626,0.0348989448629148,-0.239441006802343,0.7365589857867608,0.1101851775636364,-0.2212942470198027,0.8132479174934153,0.1607742635338709,-0.2275830508081961
QQQ,250,0.05,39,18,6,AND,0.5463058127635368,0.0941314389395751,-0.239441006802343,0.9846708746618577,-0.155736188724886,0.1230671171341626,0.0348989448629148,-0.239441006802343,0.7365589857867608,0.1101851775636364,-0.2212942470198027,0.8154479357520695,0.1615752550970519,-0.2268280768004521
QQQ,250,0.05,39,18,8,AND,0.5588683522517319,0.0962901902668453,-0.239441006802343,0.9846708746618577,-0.1557361887248864,0.1230671171341626,0.0348989448629148,-0.239441006802343,0.7365589857867608,0.1101851775636364,-0.2212942470198027,0.8438983168467714,0.1676510522173506,-0.2268280768004522
QQQ,250,0.05,52,8,2,AND,0.4321878006218398,0.0653440540822447,-0.3111320373755137,2.234445446348061,-0.2094060470941202,0.2174096128268637,0.0436040713430061,-0.1583163541450111,0.3339284501365284,0.0398384108777243,-0.3111320373755133,0.7543747817374951,0.1243031992810301,-0.2232497512415792
QQQ,250,0.05,52,8,4,AND,0.455873484082802,0.0696863979522095,-0.2675469029349842,2.6131650135256987,-0.181867604104751,0.1017677830162902,0.0324209020991219,-0.2347124969140687,0.4743226494338075,0.0590227066465682,-0.2675469029349839,0.8111736146005433,0.1361091221859651,-0.1729621053801329
QQQ,250,0.05,52,8,6,AND,0.4073147571751531,0.0645747462349679,-0.2772659352631988,3.7493237150586114,-0.1365979429513888,-0.0260480638236869,0.0192867142627395,-0.2730065800326404,0.3869846916337414,0.0487141766904424,-0.2772659352631984,0.773394092526736,0.1338476898275453,-0.25448828912996
QQQ,250,0.05,52,8,8,AND,0.5273214421568794,0.0823300482007289,-0.2522431009654151,6.135256988277727,-0.1120664791811841,0.0770443540172126,0.0298222594414669,-0.2522431009654151,0.5726937580559677,0.0761805577921708,-0.2047867967502931,0.91487155708277,0.1613713422574592,-0.1950528074808688
QQQ,250,0.05,52,10,2,AND,0.426312140614156,0.0672223931189259,-0.2305096037144985,1.8935978358881875,-0.1244592705339412,0.2795225404422031,0.0506447389672275,-0.1883236249275969,0.5134782305168845,0.0669780843873002,-0.230509603714499,0.5155148109432176,0.0925820449733156,-0.2305096037144992
QQQ,250,0.05,52,10,4,AND,0.4219714820273564,0.0677145233965452,-0.2702918117489594,2.196573489630297,-0.1289664805268175,0.1502789536784125,0.037562642170327,-0.2702918117489594,0.5520485623052088,0.0736683733818965,-0.2183556562346049,0.605686386068574,0.1087081110636891,-0.1729621053801331
QQQ,250,0.05,52,10,6,AND,0.4255257970245099,0.0694595272467077,-0.2647032113003851,2.42380522993688,-0.1244592705339407,0.0764184807872583,0.02966114213072,-0.2647032113003851,0.5714199969723005,0.0784760992577622,-0.2183556562346053,0.6296957680904699,0.1148489514249191,-0.1985270564098941
QQQ,250,0.05,52,10,8,AND,0.5064886398181498,0.0820072555455539,-0.2257000152289708,3.105500450856628,-0.1244592705339417,0.1785022743958212,0.0409357521332165,-0.2257000152289708,0.6367715295729125,0.089696488357976,-0.2183556562346049,0.7739150161333723,0.1418227502263027,-0.181040487459282
QQQ,250,0.05,52,12,2,AND,0.5058421079428553,0.0816660357781504,-0.2567982920884656,1.2876465284039675,-0.1244592705339416,0.0889461770674833,0.0309204836487415,-0.2567982920884656,0.7169114569104313,0.1020799822320455,-0.2212942470198037,0.7974517399550146,0.1428907851472165,-0.1680442202342608
QQQ,250,0.05,52,12,4,AND,0.5398283477416383,0.0874118124403517,-0.2341696010220085,1.2876465284039675,-0.1244592705339424,0.1024511722311062,0.0324675007929904,-0.2341696010220085,0.7269495128497,0.1039425852192472,-0.2212942470198028,0.855109808509587,0.1559938778880196,-0.1990178876437652
QQQ,250,0.05,52,12,6,AND,0.5292290873275706,0.0865064484007489,-0.2394856849820631,1.363390441839495,-0.1244592705339419,0.0992784812437729,0.0320917735650738,-0.2394856849820631,0.6710351153185291,0.0958938944148499,-0.2383479734677044,0.8170588389995335,0.1514879167955218,-0.2383479734677042
QQQ,250,0.05,52,12,8,AND,0.51231763562435,0.084864854846351,-0.2551189836153239,1.666366095581605,-0.1244592705339421,0.1446532804059445,0.0373706318863256,-0.2394856849820636,0.5793889055732949,0.0825390017823461,-0.2551189836153243,0.8415661143155057,0.158671801220442,-0.2291861489826611
QQQ,250,0.05,52,15,2,AND,0.4841137255606573,0.0822669778722473,-0.2401169174212943,1.060414788097385,-0.1244592705339424,-0.0028599503833965,0.0196455680839067,-0.2401169174212943,0.64229982008017,0.0929330013916676,-0.2212942470198032,0.836060983411539,0.1624631872757003,-0.2155312520702499
QQQ,250,0.05,52,15,4,AND,0.4942241103398251,0.0840043954474818,-0.2394410068023438,1.060414788097385,-0.1244592705339424,-0.0154328962005757,0.0181245198094661,-0.2394410068023438,0.652325353706337,0.0947801452523879,-0.2212942470198032,0.8602731077495521,0.1677530161133344,-0.227583050808197
QQQ,250,0.05,52,15,6,AND,0.5027814321583438,0.0854878731386536,-0.2394410068023428,1.060414788097385,-0.1244592705339421,-0.0301485093215445,0.0163408223450267,-0.2394410068023428,0.6659901075820436,0.0970313119601991,-0.2212942470198031,0.8771849611093323,0.1715818324414673,-0.2268280768004518
QQQ,250,0.05,52,15,8,AND,0.5253752737304371,0.0894167705578357,-0.2394410068023424,1.060414788097385,-0.1244592705339423,0.0133289224025105,0.0215391189933293,-0.2394410068023424,0.6819443135759455,0.1004388810180809,-0.2212942470198037,0.8838798969195496,0.1733229151579762,-0.226828076800452
QQQ,250,0.05,52,18,2,AND,0.4854849468591227,0.0833525609664518,-0.2394410068023431,0.9846708746618577,-0.1557361887248859,-0.0527233893056051,0.0135132580598658,-0.2394410068023431,0.7341357187606048,0.1095983293577986,-0.2212942470198027,0.7882500895661907,0.154804057981809,-0.2155312520702497
QQQ,250,0.05,52,18,4,AND,0.4922465388079695,0.0845573953203779,-0.2394410068023431,0.9846708746618577,-0.1557361887248858,-0.0663886949390375,0.0118531114047197,-0.2394410068023431,0.7365589857867608,0.1101851775636364,-0.2212942470198027,0.81238297813809,0.1600590336873584,-0.2275830508081965
QQQ,250,0.05,52,18,6,AND,0.4955362459346923,0.0851984110118289,-0.2394410068023422,0.9846708746618577,-0.1557361887248871,-0.0809395011098209,0.0100804010985826,-0.2394410068023422,0.7365589857867608,0.1101851775636364,-0.2212942470198027,0.8292804733708801,0.1638626230666977,-0.2268280768004521
QQQ,250,0.05,52,18,8,AND,0.5112975590244271,0.0878498117300154,-0.2394410068023433,0.9846708746618577,-0.1557361887248873,-0.0376715411674298,0.0152466774579553,-0.2394410068023433,0.7365589857867608,0.1101851775636364,-0.2212942470198027,0.8360581008520872,0.1655922342993925,-0.2268280768004521
