Date,Adj Close,Close,High,Low,Open,Volume
1993-01-29,24.05352210998535,43.9375,43.96875,43.75,43.96875,1003200
1993-02-01,24.2246150970459,44.25,44.25,43.96875,43.96875,480500
1993-02-02,24.275920867919922,44.34375,44.375,44.125,44.21875,201300
1993-02-03,24.532546997070312,44.8125,44.84375,44.375,44.40625,529400
1993-02-04,24.63519287109375,45.0,45.09375,44.46875,44.96875,531500
1993-02-05,24.618091583251953,44.96875,45.0625,44.71875,44.96875,492100
1993-02-08,24.618091583251953,44.96875,45.125,44.90625,44.96875,596100
1993-02-09,24.44701385498047,44.65625,44.8125,44.5625,44.8125,122100
1993-02-10,24.481225967407227,44.71875,44.75,44.53125,44.65625,379600
1993-02-11,24.600963592529297,44.9375,45.125,44.78125,44.78125,19500
1993-02-12,24.412799835205078,44.59375,44.875,44.59375,44.875,42500
1993-02-16,23.796916961669922,43.46875,44.46875,43.40625,44.46875,374800
1993-02-17,23.779804229736328,43.4375,43.53125,43.28125,43.46875,210900
1993-02-18,23.762706756591797,43.40625,43.9375,42.8125,43.9375,378100
1993-02-19,23.84823226928711,43.5625,43.5625,43.34375,43.40625,34900
1993-02-22,23.933774948120117,43.71875,43.78125,43.5625,43.6875,513600
1993-02-23,23.91667366027832,43.6875,43.875,43.46875,43.84375,373700
1993-02-24,24.2246150970459,44.25,44.25,43.71875,43.71875,26300
1993-02-25,24.275920867919922,44.34375,44.375,44.125,44.21875,44500
1993-02-26,24.310142517089844,44.40625,44.4375,44.1875,44.4375,66200
1993-03-01,24.24171257019043,44.28125,44.5625,44.21875,44.5625,66500
1993-03-02,24.600963592529297,44.9375,44.9375,44.25,44.3125,182400
1993-03-03,24.70362663269043,45.125,45.15625,44.9375,45.0,280100
1993-03-04,24.56675910949707,44.875,45.1875,44.875,45.1875,89500
1993-03-05,24.49835777282715,44.75,45.125,44.71875,44.9375,40000
1993-03-08,25.045791625976562,45.75,45.75,44.84375,44.84375,50800
1993-03-09,24.960237503051758,45.59375,45.6875,45.5,45.65625,169300
1993-03-10,25.01156234741211,45.6875,45.6875,45.40625,45.59375,194400
1993-03-11,24.943134307861328,45.5625,45.84375,45.5,45.71875,70900
1993-03-12,24.6865234375,45.09375,45.21875,44.8125,45.1875,643600
1993-03-15,24.8062801361084,45.3125,45.3125,45.0625,45.0625,310800
1993-03-16,24.8062801361084,45.3125,45.4375,45.3125,45.3125,30800
1993-03-17,24.65229606628418,45.03125,45.25,44.96875,45.25,21800
1993-03-18,24.8062801361084,45.3125,45.5,45.21875,45.21875,59300
1993-03-19,24.768718719482422,45.03125,45.28125,45.03125,45.28125,66900
1993-03-22,24.631237030029297,44.78125,44.875,44.5625,44.59375,183400
1993-03-23,24.68277931213379,44.875,44.9375,44.8125,44.90625,55200
1993-03-24,24.68277931213379,44.875,45.0625,44.59375,44.8125,37200
1993-03-25,24.837501525878906,45.15625,45.25,44.84375,44.90625,110100
1993-03-26,24.699989318847656,44.90625,45.15625,44.875,45.125,101500
1993-03-29,24.803098678588867,45.09375,45.3125,44.9375,44.9375,87100
1993-03-30,24.871868133544922,45.21875,45.21875,45.09375,45.15625,56000
1993-03-31,24.85466766357422,45.1875,45.46875,45.1875,45.34375,111600
1993-04-01,24.768718719482422,45.03125,45.25,44.9375,45.25,129500
1993-04-02,24.253076553344727,44.09375,44.65625,44.09375,44.65625,59400
1993-04-05,24.373397827148438,44.3125,44.4375,44.1875,44.4375,172200
1993-04-06,24.304651260375977,44.1875,44.40625,44.0625,44.40625,129700
1993-04-07,24.390581130981445,44.34375,44.34375,44.15625,44.25,28000
1993-04-08,24.35620880126953,44.28125,44.53125,44.09375,44.53125,180800
1993-04-12,24.699989318847656,44.90625,44.9375,44.65625,44.71875,348500
1993-04-13,24.751541137695312,45.0,45.15625,44.84375,44.875,146100
1993-04-14,24.717174530029297,44.9375,45.0625,44.90625,45.03125,119600
1993-04-15,24.717174530029297,44.9375,45.03125,44.75,44.90625,148600
1993-04-16,24.717174530029297,44.9375,45.03125,44.875,44.96875,47900
1993-04-19,24.614036560058594,44.75,45.0625,44.71875,44.9375,157000
1993-04-20,24.493722915649414,44.53125,44.75,44.25,44.6875,279500
1993-04-21,24.47651481628418,44.5,44.625,44.375,44.625,67900
1993-04-22,24.16712188720703,43.9375,44.6875,43.9375,44.3125,97700
1993-04-23,24.064008712768555,43.75,43.96875,43.6875,43.84375,106000
1993-04-26,23.874919891357422,43.40625,43.9375,43.28125,43.78125,62600
1993-04-27,24.132753372192383,43.875,43.875,43.34375,43.34375,156800
1993-04-28,24.081195831298828,43.78125,43.90625,43.71875,43.8125,85900
1993-04-29,24.184322357177734,43.96875,43.96875,43.625,43.875,85000
1993-04-30,24.21870231628418,44.03125,44.28125,44.03125,44.125,88500
1993-05-03,24.373397827148438,44.3125,44.3125,43.90625,44.09375,80500
1993-05-04,24.459325790405273,44.46875,44.625,44.34375,44.40625,149100
1993-05-05,24.528091430664062,44.59375,44.75,44.46875,44.46875,109000
1993-05-06,24.442148208618164,44.4375,44.5625,44.40625,44.53125,54700
1993-05-07,24.390581130981445,44.34375,44.46875,44.28125,44.46875,68000
1993-05-10,24.442148208618164,44.4375,44.6875,44.40625,44.40625,113900
1993-05-11,24.545270919799805,44.625,44.625,44.3125,44.4375,42600
1993-05-12,24.510913848876953,44.5625,44.59375,44.4375,44.4375,31000
1993-05-13,24.21870231628418,44.03125,44.375,44.0,44.375,129100
1993-05-14,24.20151138305664,44.0,44.15625,43.96875,44.03125,63500
1993-05-17,24.287443161010742,44.15625,44.15625,43.9375,44.125,34000
1993-05-18,24.270267486572266,44.125,44.21875,43.96875,44.1875,105200
1993-05-19,24.768718719482422,45.03125,45.03125,43.84375,44.125,50200
1993-05-20,24.837501525878906,45.15625,45.15625,44.9375,45.03125,98200
1993-05-21,24.614036560058594,44.75,45.25,44.71875,45.1875,221400
1993-05-24,24.717174530029297,44.9375,45.09375,44.84375,44.84375,30500
1993-05-25,24.768718719482422,45.03125,45.125,45.03125,45.125,191800
1993-05-26,25.078121185302734,45.59375,45.625,45.125,45.15625,102400
1993-05-27,24.992189407348633,45.4375,45.65625,45.375,45.65625,53800
1993-05-28,24.871868133544922,45.21875,45.40625,45.0,45.40625,79100
1993-06-01,25.112524032592773,45.65625,45.8125,45.3125,45.375,28300
1993-06-02,25.078121185302734,45.59375,45.75,45.34375,45.53125,20300
1993-06-03,24.992189407348633,45.4375,45.5,45.34375,45.5,21600
1993-06-04,24.90623664855957,45.28125,45.3125,45.09375,45.3125,32000
1993-06-07,24.820297241210938,45.125,45.375,45.125,45.375,121400
1993-06-08,24.596847534179688,44.71875,45.0,44.71875,45.0,104500
1993-06-09,24.68277931213379,44.875,45.0625,44.8125,44.875,43300
1993-06-10,24.699989318847656,44.90625,44.9375,44.75,44.84375,17900
1993-06-11,24.803098678588867,45.09375,45.15625,44.90625,45.0625,647400
1993-06-14,24.768718719482422,45.03125,45.1875,45.03125,45.15625,64200
1993-06-15,24.717174530029297,44.9375,45.125,44.9375,45.09375,142400
1993-06-16,24.768718719482422,45.03125,45.03125,44.8125,44.9375,330900
1993-06-17,24.85466766357422,45.1875,45.1875,45.03125,45.125,37400
1993-06-18,24.65000343322754,44.5,44.84375,44.5,44.84375,58500
1993-06-21,24.701932907104492,44.59375,44.625,44.53125,44.625,29300
1993-06-22,24.719234466552734,44.625,44.65625,44.5625,44.65625,137500
1993-06-23,24.49420166015625,44.21875,44.625,44.21875,44.625,227600
1993-06-24,24.823108673095703,44.8125,44.8125,44.34375,44.34375,243700
1993-06-25,24.8057918548584,44.78125,44.90625,44.75,44.78125,44800
1993-06-28,25.0827579498291,45.28125,45.28125,44.9375,45.0,439900
1993-06-29,24.961585998535156,45.0625,45.21875,45.0,45.21875,207500
1993-06-30,24.961585998535156,45.0625,45.21875,45.0,45.125,437600
1993-07-01,24.892358779907227,44.9375,45.125,44.875,45.125,605700
1993-07-02,24.753862380981445,44.6875,44.8125,44.53125,44.78125,285400
1993-07-06,24.49420166015625,44.21875,44.75,44.15625,44.625,246400
1993-07-07,24.563438415527344,44.34375,44.40625,44.1875,44.1875,343700
1993-07-08,24.84041404724121,44.84375,44.9375,44.3125,44.375,248200
1993-07-09,24.909664154052734,44.96875,44.96875,44.75,44.84375,378200
1993-07-12,24.892358779907227,44.9375,44.96875,44.84375,44.90625,373700
1993-07-13,24.875051498413086,44.90625,45.09375,44.65625,44.96875,389600
1993-07-14,24.961585998535156,45.0625,45.1875,44.90625,44.9375,617300
1993-07-15,24.857715606689453,44.875,45.03125,44.78125,45.03125,443800
1993-07-16,24.788484573364258,44.75,44.9375,44.6875,44.90625,216400
1993-07-19,24.771181106567383,44.71875,44.75,44.59375,44.75,188200
1993-07-20,24.84041404724121,44.84375,44.84375,44.46875,44.6875,68500
1993-07-21,24.823108673095703,44.8125,44.8125,44.65625,44.78125,142700
1993-07-22,24.65000343322754,44.5,44.8125,44.5,44.75,632400
1993-07-23,24.771181106567383,44.71875,44.71875,44.5625,44.59375,286200
1993-07-26,24.909664154052734,44.96875,45.0625,44.84375,44.84375,121300
1993-07-27,24.892358779907227,44.9375,45.03125,44.78125,45.0,92800
1993-07-28,24.84041404724121,44.84375,44.9375,44.78125,44.84375,30800
1993-07-29,24.9788818359375,45.09375,45.21875,44.875,44.9375,331000
1993-07-30,24.84041404724121,44.84375,45.09375,44.78125,45.09375,75300
1993-08-02,24.909664154052734,44.96875,45.125,44.90625,44.90625,41300
1993-08-03,24.926958084106445,45.0,45.1875,44.84375,45.0625,81600
1993-08-04,24.926958084106445,45.0,45.09375,44.875,45.0,434000
1993-08-05,24.875051498413086,44.90625,45.0,44.84375,45.0,36800
1993-08-06,24.909664154052734,44.96875,45.0625,44.90625,45.03125,402300
1993-08-09,25.048139572143555,45.21875,45.34375,45.0,45.09375,828200
1993-08-10,25.030826568603516,45.1875,45.21875,45.125,45.1875,604900
1993-08-11,25.030826568603516,45.1875,45.3125,45.15625,45.15625,542200
1993-08-12,24.961585998535156,45.0625,45.3125,44.90625,45.3125,303700
1993-08-13,24.996200561523438,45.125,45.15625,45.09375,45.09375,103500
1993-08-16,25.134679794311523,45.375,45.5,45.15625,45.15625,241800
1993-08-17,25.221242904663086,45.53125,45.53125,45.34375,45.34375,369300
1993-08-18,25.359724044799805,45.78125,45.875,45.65625,45.6875,414300
1993-08-19,25.359724044799805,45.78125,45.8125,45.71875,45.8125,28500
1993-08-20,25.377031326293945,45.8125,45.8125,45.65625,45.6875,80700
1993-08-23,25.32510757446289,45.71875,45.75,45.625,45.625,15600
1993-08-24,25.60206413269043,46.21875,46.21875,45.71875,45.71875,273400
1993-08-25,25.619361877441406,46.25,46.4375,46.15625,46.21875,242300
1993-08-26,25.636688232421875,46.28125,46.53125,46.09375,46.28125,120000
1993-08-27,25.619361877441406,46.25,46.25,46.15625,46.15625,25700
1993-08-30,25.723241806030273,46.4375,46.5,46.28125,46.28125,183500
1993-08-31,25.792484283447266,46.5625,46.5625,46.34375,46.40625,66500
1993-09-01,25.75787353515625,46.5,46.59375,46.40625,46.40625,136500
1993-09-02,25.671306610107422,46.34375,46.59375,46.3125,46.53125,472400
1993-09-03,25.688613891601562,46.375,46.4375,46.25,46.3125,630500
1993-09-07,25.515499114990234,46.0625,46.4375,46.0,46.375,196400
1993-09-08,25.428970336914062,45.90625,46.0625,45.59375,46.0625,269900
1993-09-09,25.48089599609375,46.0,46.03125,45.71875,45.71875,239200
1993-09-10,25.705930709838867,46.40625,46.4375,46.0625,46.125,106500
1993-09-13,25.723241806030273,46.4375,46.5625,46.4375,46.5625,66900
1993-09-14,25.619361877441406,46.25,46.3125,46.09375,46.3125,184500
1993-09-15,25.688613891601562,46.375,46.40625,45.90625,46.0625,101000
1993-09-16,25.58476448059082,46.1875,46.34375,46.15625,46.3125,54300
1993-09-17,25.535152435302734,45.8125,45.90625,45.75,45.875,200900
1993-09-20,25.326143264770508,45.4375,45.96875,45.4375,45.875,57800
1993-09-21,25.239023208618164,45.28125,45.5625,44.8125,45.5,318200
1993-09-22,25.448076248168945,45.65625,45.71875,45.375,45.4375,439700
1993-09-23,25.587406158447266,45.90625,45.9375,45.71875,45.78125,88500
1993-09-24,25.51774024963379,45.78125,45.875,45.71875,45.84375,53500
1993-09-27,25.796428680419922,46.28125,46.28125,46.125,46.125,274600
1993-09-28,25.744192123413086,46.1875,46.3125,46.15625,46.3125,158300
1993-09-29,25.65708351135254,46.03125,46.3125,45.96875,46.1875,221000
1993-09-30,25.604825973510742,45.9375,46.125,45.84375,46.03125,99300
1993-10-01,25.72675132751465,46.15625,46.21875,45.8125,45.875,22700
1993-10-04,25.761587142944336,46.21875,46.21875,46.09375,46.21875,1038500
1993-10-05,25.72675132751465,46.15625,46.3125,46.0,46.3125,436500
1993-10-06,25.709331512451172,46.125,46.375,46.125,46.1875,209200
1993-10-07,25.63966178894043,46.0,46.1875,45.96875,46.1875,59400
1993-10-08,25.67449378967285,46.0625,46.15625,45.71875,46.125,54400
1993-10-11,25.72675132751465,46.15625,46.25,46.15625,46.15625,467100
1993-10-12,25.761587142944336,46.21875,46.25,46.1875,46.21875,26200
1993-10-13,25.761587142944336,46.21875,46.25,46.15625,46.25,139100
1993-10-14,26.0925350189209,46.8125,46.8125,46.28125,46.40625,108100
1993-10-15,26.23188591003418,47.0625,47.15625,46.90625,47.03125,1502500
1993-10-18,26.16220474243164,46.9375,47.03125,46.875,47.03125,722400
1993-10-19,25.970611572265625,46.59375,46.96875,46.59375,46.875,880100
1993-10-20,26.005455017089844,46.65625,46.75,46.5625,46.75,230400
1993-10-21,25.970611572265625,46.59375,46.6875,46.53125,46.6875,56200
1993-10-22,25.84868049621582,46.375,46.84375,46.375,46.65625,390700
1993-10-25,25.91834831237793,46.5,46.5625,46.28125,46.40625,114500
1993-10-26,25.900943756103516,46.46875,46.5,46.3125,46.46875,186200
1993-10-27,25.91834831237793,46.5,46.53125,46.40625,46.40625,118400
1993-10-28,26.10993766784668,46.84375,46.96875,46.5625,46.5625,129600
1993-10-29,26.10993766784668,46.84375,46.875,46.78125,46.8125,80700
1993-11-01,26.179622650146484,46.96875,47.0,46.78125,46.78125,36400
1993-11-02,26.16220474243164,46.9375,47.0,46.65625,46.90625,262100
1993-11-03,25.831249237060547,46.34375,46.90625,46.125,46.90625,479100
1993-11-04,25.552562713623047,45.84375,46.34375,45.8125,46.34375,130400
1993-11-05,25.67449378967285,46.0625,46.0625,45.53125,45.71875,363200
1993-11-08,25.709331512451172,46.125,46.25,45.96875,46.09375,367600
1993-11-09,25.72675132751465,46.15625,46.46875,46.125,46.4375,246900
1993-11-10,25.91834831237793,46.5,46.5,46.03125,46.15625,46500
1993-11-11,25.84868049621582,46.375,46.625,46.34375,46.5,88900
1993-11-12,25.970611572265625,46.59375,46.75,46.4375,46.46875,108200
1993-11-15,25.953197479248047,46.5625,46.6875,46.4375,46.6875,243300
1993-11-16,26.075115203857422,46.78125,46.8125,46.46875,46.65625,492600
1993-11-17,25.935768127441406,46.53125,46.8125,46.40625,46.8125,39600
1993-11-18,25.866111755371094,46.40625,46.5625,46.28125,46.46875,240800
1993-11-19,25.813823699951172,46.3125,46.375,46.21875,46.25,106000
1993-11-22,25.65708351135254,46.03125,46.21875,45.875,46.1875,165300
1993-11-23,25.796428680419922,46.28125,46.3125,46.03125,46.28125,89700
1993-11-24,25.900943756103516,46.46875,46.5,46.34375,46.40625,77200
1993-11-26,25.91834831237793,46.5,46.59375,46.46875,46.59375,1019800
1993-11-29,25.813823699951172,46.3125,46.71875,46.3125,46.625,517500
1993-11-30,25.831249237060547,46.34375,46.5625,46.25,46.28125,230000
1993-12-01,25.866111755371094,46.40625,46.625,46.40625,46.59375,379200
1993-12-02,25.935768127441406,46.53125,46.5625,46.40625,46.5,352000
1993-12-03,26.040283203125,46.71875,46.71875,46.5,46.5,306000
1993-12-06,26.127363204956055,46.875,46.9375,46.78125,46.78125,99500
1993-12-07,26.10993766784668,46.84375,46.90625,46.78125,46.875,88800
1993-12-08,26.10993766784668,46.84375,46.84375,46.78125,46.84375,146700
1993-12-09,26.02287483215332,46.6875,46.90625,46.625,46.84375,416500
1993-12-10,25.970611572265625,46.59375,46.71875,46.5,46.71875,412900
1993-12-13,26.127363204956055,46.875,46.875,46.53125,46.59375,273200
1993-12-14,25.935768127441406,46.53125,46.90625,46.53125,46.90625,41900
1993-12-15,25.900943756103516,46.46875,46.625,46.46875,46.59375,82600
1993-12-16,25.988025665283203,46.625,46.65625,46.5625,46.65625,78200
1993-12-17,26.130859375,46.5625,46.59375,46.375,46.40625,104700
1993-12-20,26.165924072265625,46.625,46.65625,46.5,46.53125,68800
1993-12-21,26.0782470703125,46.46875,46.5625,46.40625,46.5625,205700
1993-12-22,26.25360870361328,46.78125,46.8125,46.5,46.59375,410300
1993-12-23,26.236080169677734,46.75,46.84375,46.6875,46.75,533800
1993-12-27,26.376384735107422,47.0,47.0,46.75,46.75,447100
1993-12-28,26.42898941040039,47.09375,47.125,46.9375,46.96875,880600
1993-12-29,26.39391326904297,47.03125,47.15625,47.0,47.125,266700
1993-12-30,26.28868293762207,46.84375,47.0,46.75,47.0,219900
1993-12-31,26.14838981628418,46.59375,47.0,46.5625,46.9375,312900
1994-01-03,26.0782470703125,46.46875,46.65625,46.40625,46.59375,960900
1994-01-04,26.1834659576416,46.65625,46.65625,46.46875,46.53125,164300
1994-01-05,26.236080169677734,46.75,46.78125,46.53125,46.71875,710900
1994-01-06,26.236080169677734,46.75,46.84375,46.6875,46.8125,201000
1994-01-07,26.39391326904297,47.03125,47.0625,46.71875,46.84375,775500
1994-01-10,26.709596633911133,47.59375,47.59375,46.96875,47.09375,593700
1994-01-11,26.656984329223633,47.5,47.5625,47.34375,47.5625,295200
1994-01-12,26.569297790527344,47.34375,47.53125,47.1875,47.53125,158400
1994-01-13,26.499149322509766,47.21875,47.3125,47.15625,47.21875,244300
1994-01-14,26.604372024536133,47.40625,47.5,47.375,47.375,137200
1994-01-17,26.604372024536133,47.40625,47.46875,47.3125,47.40625,17700
1994-01-18,26.63943862915039,47.46875,47.53125,47.375,47.46875,166400
1994-01-19,26.569297790527344,47.34375,47.46875,47.25,47.40625,200800
1994-01-20,26.63943862915039,47.46875,47.5,47.375,47.40625,281100
1994-01-21,26.586824417114258,47.375,47.53125,47.34375,47.53125,85600
1994-01-24,26.48160171508789,47.1875,47.5625,47.1875,47.34375,373800
1994-01-25,26.48160171508789,47.1875,47.25,47.09375,47.21875,310400
1994-01-26,26.551759719848633,47.3125,47.34375,47.125,47.1875,145100
1994-01-27,26.79728126525879,47.75,47.8125,47.34375,47.40625,344500
1994-01-28,26.867427825927734,47.875,48.03125,47.875,47.9375,356500
1994-01-31,27.060335159301758,48.21875,48.3125,48.0,48.0625,313800
1994-02-01,26.92003059387207,47.96875,48.15625,47.90625,48.15625,303600
1994-02-02,27.095407485961914,48.28125,48.28125,48.09375,48.125,307600
1994-02-03,26.97264289855957,48.0625,48.1875,47.90625,48.1875,466100
1994-02-04,26.358827590942383,46.96875,48.125,46.96875,48.0625,1403200
1994-02-07,26.48160171508789,47.1875,47.3125,46.84375,46.84375,516400
1994-02-08,26.499149322509766,47.21875,47.28125,47.03125,47.28125,188200
1994-02-09,26.604372024536133,47.40625,47.4375,47.1875,47.25,144600
1994-02-10,26.376384735107422,47.0,47.40625,47.0,47.375,883900
1994-02-11,26.464065551757812,47.15625,47.28125,46.8125,47.03125,519400
1994-02-14,26.499149322509766,47.21875,47.375,47.0,47.0625,2742100
1994-02-15,26.63943862915039,47.46875,47.5,47.25,47.3125,374700
1994-02-16,26.62190818786621,47.4375,47.53125,47.34375,47.53125,287600
1994-02-17,26.464065551757812,47.15625,47.6875,47.03125,47.65625,342400
1994-02-18,26.306215286254883,46.875,47.21875,46.75,47.1875,313300
1994-02-22,26.569297790527344,47.34375,47.34375,47.0,47.0,154500
1994-02-23,26.499149322509766,47.21875,47.4375,47.0625,47.40625,391700
1994-02-24,26.14838981628418,46.59375,47.0625,46.5625,47.0625,770800
1994-02-25,26.271160125732422,46.8125,46.8125,46.5625,46.65625,531300
1994-02-28,26.271160125732422,46.8125,47.0625,46.8125,46.9375,333000
1994-03-01,26.165924072265625,46.625,46.90625,46.375,46.8125,423600
1994-03-02,26.20100212097168,46.6875,46.6875,45.90625,46.03125,581500
1994-03-03,26.130859375,46.5625,46.625,46.4375,46.625,223200
1994-03-04,26.20100212097168,46.6875,46.8125,46.40625,46.5625,595800
1994-03-07,26.34130096435547,46.9375,47.0,46.84375,46.84375,539800
1994-03-08,26.236080169677734,46.75,46.96875,46.6875,46.96875,880300
1994-03-09,26.358827590942383,46.96875,47.0,46.59375,46.8125,2500100
1994-03-10,26.14838981628418,46.59375,46.9375,46.4375,46.9375,207400
1994-03-11,26.28868293762207,46.84375,46.90625,46.40625,46.65625,576600
1994-03-14,26.323774337768555,46.90625,47.03125,46.84375,47.03125,345900
1994-03-15,26.306215286254883,46.875,47.09375,46.84375,47.0,748600
1994-03-16,26.516691207885742,47.25,47.25,46.78125,46.9375,455500
1994-03-17,26.516691207885742,47.25,47.3125,47.09375,47.09375,133000
1994-03-18,26.510887145996094,46.96875,47.03125,46.71875,46.75,365500
1994-03-21,26.440324783325195,46.84375,46.9375,46.71875,46.8125,324800
1994-03-22,26.510887145996094,46.96875,47.0625,46.75,46.84375,435700
1994-03-23,26.493253707885742,46.9375,47.0625,46.90625,46.9375,698500
1994-03-24,26.175756454467773,46.375,46.84375,46.15625,46.75,1200500
1994-03-25,25.928815841674805,45.9375,46.53125,45.9375,46.40625,100900
1994-03-28,25.964078903198242,46.0,46.0625,45.59375,46.0,1117200
1994-03-29,25.452564239501953,45.09375,46.03125,45.09375,46.0,338400
1994-03-30,25.09979248046875,44.46875,45.25,44.46875,45.125,1123900
1994-03-31,25.170358657836914,44.59375,44.6875,43.53125,44.46875,788800
1994-04-04,24.782299041748047,43.90625,44.03125,43.34375,43.34375,2627300
1994-04-05,25.293827056884766,44.8125,44.8125,44.34375,44.34375,1179000
1994-04-06,25.293827056884766,44.8125,44.90625,44.5,44.875,516500
1994-04-07,25.41728973388672,45.03125,45.125,44.53125,44.78125,666100
1994-04-08,25.223281860351562,44.6875,44.9375,44.46875,44.9375,242400
1994-04-11,25.3290958404541,44.875,45.0625,44.703125,44.8125,203300
1994-04-12,25.293827056884766,44.8125,45.0,44.71875,44.921875,1409200
1994-04-13,25.161535263061523,44.578125,44.90625,44.25,44.796875,364100
1994-04-14,25.170358657836914,44.59375,44.828125,44.40625,44.5,419900
1994-04-15,25.170358657836914,44.59375,44.78125,44.515625,44.578125,387300
1994-04-18,25.002779006958008,44.296875,44.765625,44.15625,44.640625,369100
1994-04-19,25.038066864013672,44.359375,44.53125,43.984375,44.25,472200
1994-04-20,25.011606216430664,44.3125,44.515625,44.078125,44.40625,508000
1994-04-21,25.34674644470215,44.90625,44.96875,44.34375,44.5,200300
1994-04-22,25.320293426513672,44.859375,45.046875,44.734375,45.015625,301800
1994-04-25,25.58485221862793,45.328125,45.359375,44.84375,44.84375,394600
1994-04-26,25.558399200439453,45.28125,45.34375,45.1875,45.265625,399000
1994-04-28,25.37320327758789,44.953125,45.25,44.8125,45.1875,287000
1994-04-29,25.452564239501953,45.09375,45.15625,44.8125,44.875,481900
1994-05-02,25.61131477355957,45.375,45.71875,44.9375,45.09375,275000
1994-05-03,25.58485221862793,45.328125,45.40625,45.0625,45.390625,183400
1994-05-04,25.540756225585938,45.25,45.421875,45.078125,45.421875,401900
1994-05-05,25.5054874420166,45.1875,45.375,45.1875,45.296875,659800
1994-05-06,25.2585506439209,44.75,44.96875,44.59375,44.96875,216300
1994-05-09,25.038066864013672,44.359375,44.75,44.28125,44.625,499300
1994-05-10,25.23208236694336,44.703125,44.84375,44.546875,44.578125,583400
1994-05-11,25.002779006958008,44.296875,44.71875,44.171875,44.65625,210600
1994-05-12,25.12625503540039,44.515625,44.625,44.40625,44.578125,305200
1994-05-13,25.12625503540039,44.515625,44.640625,44.296875,44.640625,321300
1994-05-16,25.13507843017578,44.53125,44.75,44.515625,44.609375,450400
1994-05-17,25.5054874420166,45.1875,45.1875,44.5,44.5625,470200
1994-05-18,25.69068717956543,45.515625,45.6875,45.015625,45.21875,824800
1994-05-19,25.81415367126465,45.734375,45.859375,45.421875,45.421875,531000
1994-05-20,25.717145919799805,45.5625,45.6875,45.5,45.65625,370400
1994-05-23,25.673067092895508,45.484375,45.53125,45.34375,45.515625,262700
1994-05-24,25.77888298034668,45.671875,45.84375,45.609375,45.609375,549600
1994-05-25,25.849437713623047,45.796875,45.828125,45.34375,45.5,738200
1994-05-26,25.86707305908203,45.828125,45.9375,45.734375,45.78125,369600
1994-05-27,25.893516540527344,45.875,45.875,45.671875,45.75,162000
1994-05-31,25.858257293701172,45.8125,45.90625,45.65625,45.734375,160000
1994-06-01,25.972917556762695,46.015625,46.015625,45.5625,45.703125,200500
1994-06-02,25.946447372436523,45.96875,46.046875,45.890625,46.046875,55100
1994-06-03,26.096385955810547,46.234375,46.390625,45.859375,46.0,550400
1994-06-06,26.087566375732422,46.21875,46.46875,46.1875,46.328125,99300
1994-06-07,26.052289962768555,46.15625,46.21875,46.03125,46.140625,120600
1994-06-08,25.84062957763672,45.78125,46.265625,45.78125,46.265625,131900
1994-06-09,25.98173713684082,46.03125,46.03125,45.890625,45.984375,80500
1994-06-10,26.025827407836914,46.109375,46.203125,46.078125,46.078125,83100
1994-06-13,26.06109619140625,46.171875,46.1875,46.03125,46.046875,109700
1994-06-14,26.26393699645996,46.53125,46.546875,46.3125,46.3125,161000
1994-06-15,26.158130645751953,46.34375,46.5625,46.3125,46.546875,142800
1994-06-16,26.21103286743164,46.4375,46.46875,46.296875,46.34375,44000
1994-06-17,26.064706802368164,45.875,46.203125,45.8125,46.15625,403800
1994-06-20,25.84280014038086,45.484375,45.625,45.4375,45.546875,137400
1994-06-21,25.620838165283203,45.09375,45.453125,44.90625,45.453125,139200
1994-06-22,25.718503952026367,45.265625,45.421875,45.171875,45.21875,279900
1994-06-23,25.567567825317383,45.0,45.40625,44.9375,45.34375,922500
1994-06-24,25.034923553466797,44.0625,44.78125,44.0,44.78125,353800
1994-06-27,25.469928741455078,44.828125,44.828125,44.015625,44.234375,371200
1994-06-28,25.345645904541016,44.609375,44.84375,44.25,44.84375,5382300
1994-06-29,25.425540924072266,44.75,45.015625,44.625,44.671875,311800
1994-06-30,25.265735626220703,44.46875,44.84375,44.3125,44.828125,271900
1994-07-01,25.31900978088379,44.5625,44.6875,44.375,44.6875,406900
1994-07-05,25.452184677124023,44.796875,44.859375,44.515625,44.65625,112000
1994-07-06,25.416671752929688,44.734375,44.8125,44.46875,44.625,174800
1994-07-07,25.523183822631836,44.921875,44.921875,44.6875,44.734375,66700
1994-07-08,25.514320373535156,44.90625,44.984375,44.625,44.640625,148400
1994-07-11,25.425540924072266,44.75,45.015625,44.53125,44.9375,124000
1994-07-12,25.46104621887207,44.8125,44.828125,44.515625,44.765625,257300
1994-07-13,25.505443572998047,44.890625,45.03125,44.828125,44.828125,532700
1994-07-14,25.7806453704834,45.375,45.46875,45.078125,45.109375,494200
1994-07-15,25.78954315185547,45.390625,45.484375,45.328125,45.34375,49100
1994-07-18,25.833913803100586,45.46875,45.578125,45.390625,45.390625,72300
1994-07-19,25.7806453704834,45.375,45.5625,45.375,45.546875,609500
1994-07-20,25.66524314880371,45.171875,45.40625,45.0625,45.40625,185300
1994-07-21,25.718503952026367,45.265625,45.296875,45.078125,45.171875,86300
1994-07-22,25.762897491455078,45.34375,45.40625,45.25,45.375,151600
1994-07-25,25.798397064208984,45.40625,45.453125,45.3125,45.359375,120900
1994-07-26,25.771760940551758,45.359375,45.421875,45.3125,45.390625,489600
1994-07-27,25.771760940551758,45.359375,45.359375,45.171875,45.359375,83200
1994-07-28,25.82503318786621,45.453125,45.578125,45.359375,45.359375,828200
1994-07-29,26.082489013671875,45.90625,46.046875,45.75,45.765625,459100
1994-08-01,26.206771850585938,46.125,46.15625,45.890625,45.9375,486300
1994-08-02,26.242286682128906,46.1875,46.375,46.03125,46.28125,505500
1994-08-03,26.251178741455078,46.203125,46.234375,46.09375,46.171875,144100
1994-08-04,26.10024070739746,45.9375,46.21875,45.921875,46.171875,231700
1994-08-05,26.011474609375,45.78125,45.84375,45.65625,45.703125,138400
1994-08-08,26.073617935180664,45.890625,45.9375,45.78125,45.828125,328600
1994-08-09,26.11798858642578,45.96875,45.96875,45.71875,45.71875,105900
1994-08-10,26.21565818786621,46.140625,46.1875,45.9375,46.0,840300
1994-08-11,26.11798858642578,45.96875,46.234375,45.734375,46.03125,876200
1994-08-12,26.322179794311523,46.328125,46.34375,46.046875,46.046875,184100
1994-08-15,26.313302993774414,46.3125,46.484375,46.3125,46.375,325900
1994-08-16,26.499731063842773,46.640625,46.6875,46.15625,46.34375,1089500
1994-08-17,26.48198127746582,46.609375,46.734375,46.578125,46.703125,133700
1994-08-18,26.39320182800293,46.453125,46.5625,46.40625,46.453125,620000
1994-08-19,26.375450134277344,46.421875,46.515625,46.3125,46.46875,103200
1994-08-22,26.348806381225586,46.375,46.4375,46.28125,46.4375,79700
1994-08-23,26.499731063842773,46.640625,46.859375,46.515625,46.578125,268600
1994-08-24,26.783830642700195,47.140625,47.140625,46.671875,46.6875,254700
1994-08-25,26.712793350219727,47.015625,47.203125,46.890625,47.09375,147400
1994-08-26,27.09454345703125,47.6875,47.78125,47.125,47.125,339500
1994-08-29,27.0767822265625,47.65625,47.984375,47.640625,47.8125,350300
1994-08-30,27.147796630859375,47.78125,47.859375,47.578125,47.640625,36000
1994-08-31,27.0767822265625,47.65625,47.890625,47.59375,47.703125,356200
1994-09-01,26.987995147705078,47.5,47.53125,47.328125,47.5,294600
1994-09-02,26.872577667236328,47.296875,47.71875,47.21875,47.71875,99600
1994-09-06,26.881473541259766,47.3125,47.359375,47.125,47.265625,229800
1994-09-07,26.85484504699707,47.265625,47.421875,47.21875,47.421875,27900
1994-09-08,26.987995147705078,47.5,47.5625,47.34375,47.359375,284800
1994-09-09,26.70392417907715,47.0,47.125,46.8125,47.03125,488400
1994-09-12,26.624032974243164,46.859375,47.0625,46.78125,47.0,129400
1994-09-13,26.70392417907715,47.0,47.125,46.859375,46.953125,389200
1994-09-14,26.73055648803711,47.046875,47.109375,46.84375,46.84375,423500
1994-09-15,27.067901611328125,47.640625,47.640625,47.171875,47.171875,779800
1994-09-16,26.875261306762695,47.015625,47.140625,46.84375,47.0,571300
1994-09-19,26.902069091796875,47.0625,47.328125,47.015625,47.125,167300
1994-09-20,26.3929500579834,46.171875,46.859375,46.171875,46.8125,355600
1994-09-21,26.3929500579834,46.171875,46.3125,45.734375,46.3125,397500
1994-09-22,26.330427169799805,46.0625,46.28125,46.015625,46.28125,266400
1994-09-23,26.241132736206055,45.90625,46.171875,45.828125,46.078125,176600
1994-09-26,26.375097274780273,46.140625,46.171875,45.984375,46.078125,223000
1994-09-27,26.357229232788086,46.109375,46.265625,46.0,46.140625,479500
1994-09-28,26.562658309936523,46.46875,46.53125,46.328125,46.359375,324000
1994-09-29,26.428691864013672,46.234375,46.46875,46.09375,46.46875,195900
1994-09-30,26.3929500579834,46.171875,46.4375,46.171875,46.21875,5200
1994-10-03,26.330427169799805,46.0625,46.25,45.984375,46.203125,72600
1994-10-04,25.93744468688965,45.375,46.296875,45.34375,46.296875,84200
1994-10-05,25.94638442993164,45.390625,45.390625,45.0,45.296875,461900
1994-10-06,25.865989685058594,45.25,45.453125,45.171875,45.421875,345200
1994-10-07,25.982101440429688,45.453125,45.578125,45.203125,45.25,188700
1994-10-10,26.258983612060547,45.9375,46.015625,45.640625,45.65625,213600
1994-10-11,26.651966094970703,46.625,46.75,46.140625,46.140625,461400
1994-10-12,26.68770980834961,46.6875,46.75,46.578125,46.6875,162400
1994-10-13,26.777009963989258,46.84375,47.328125,46.796875,47.21875,1564500
1994-10-14,26.893131256103516,47.046875,47.0625,46.6875,47.0,72800
1994-10-17,26.839534759521484,46.953125,47.0625,46.90625,47.0,282300
1994-10-18,26.777009963989258,46.84375,46.90625,46.6875,46.90625,132100
1994-10-19,26.902069091796875,47.0625,47.234375,46.65625,46.671875,136700
1994-10-20,26.72342300415039,46.75,47.0625,46.609375,47.0625,290300
1994-10-21,26.616249084472656,46.5625,46.6875,46.359375,46.625,87800
1994-10-24,26.3929500579834,46.171875,46.765625,46.15625,46.578125,149600
1994-10-25,26.419755935668945,46.21875,46.3125,46.0,46.015625,91800
1994-10-26,26.518003463745117,46.390625,46.4375,46.171875,46.390625,201000
1994-10-27,26.678768157958984,46.671875,46.671875,46.453125,46.5625,210300
1994-10-28,27.24146270751953,47.65625,47.703125,46.765625,46.765625,192100
1994-10-31,27.14320945739746,47.484375,47.59375,47.46875,47.546875,36300
1994-11-01,26.839534759521484,46.953125,47.28125,46.9375,47.28125,435200
1994-11-02,26.68770980834961,46.6875,47.234375,46.6875,46.8125,115600
1994-11-03,26.830610275268555,46.9375,47.015625,46.78125,46.84375,87000
1994-11-04,26.48226547241211,46.328125,47.15625,46.328125,47.15625,124400
1994-11-07,26.562658309936523,46.46875,46.59375,46.3125,46.4375,115000
1994-11-08,26.768077850341797,46.828125,46.984375,46.546875,46.625,308300
1994-11-09,26.812742233276367,46.90625,47.328125,46.5,47.328125,318500
1994-11-10,26.62517738342285,46.578125,47.03125,46.546875,46.9375,172100
1994-11-11,26.52694320678711,46.40625,46.5625,46.28125,46.515625,302200
1994-11-14,26.777009963989258,46.84375,46.859375,46.609375,46.609375,181400
1994-11-15,26.68770980834961,46.6875,47.09375,46.328125,46.796875,316900
1994-11-16,26.777009963989258,46.84375,46.84375,46.609375,46.765625,106900
1994-11-17,26.598369598388672,46.53125,46.875,46.34375,46.875,104700
1994-11-18,26.562658309936523,46.46875,46.625,46.265625,46.546875,269300
1994-11-21,26.294696807861328,46.0,46.578125,46.0,46.4375,283100
1994-11-22,25.72307777404785,45.0,46.0,45.0,45.828125,483600
1994-11-23,25.865989685058594,45.25,45.265625,44.609375,45.03125,601600
1994-11-25,25.991031646728516,45.46875,45.53125,45.28125,45.28125,77300
1994-11-28,26.10714340209961,45.671875,45.6875,45.34375,45.453125,79900
1994-11-29,26.09821128845215,45.65625,45.75,45.5,45.65625,105500
1994-11-30,26.062484741210938,45.59375,45.953125,45.59375,45.890625,218800
1994-12-01,25.803466796875,45.140625,45.640625,45.046875,45.640625,439000
1994-12-02,26.044626235961914,45.5625,45.5625,45.046875,45.046875,318500
1994-12-05,26.071420669555664,45.609375,45.8125,45.5,45.65625,139200
1994-12-06,26.089277267456055,45.640625,45.65625,45.359375,45.4375,249900
1994-12-07,25.901716232299805,45.3125,45.5,45.265625,45.359375,531900
1994-12-08,25.651630401611328,44.875,45.5625,44.75,45.5,261500
1994-12-09,25.749868392944336,45.046875,45.078125,44.6875,44.875,235900
1994-12-12,25.91958999633789,45.34375,45.34375,44.953125,44.953125,151100
1994-12-13,26.017810821533203,45.515625,45.53125,45.3125,45.3125,70900
1994-12-14,26.151805877685547,45.75,45.953125,45.453125,45.453125,203300
1994-12-15,26.232194900512695,45.890625,46.03125,45.8125,45.8125,130100
1994-12-16,26.360321044921875,45.75,45.84375,45.625,45.671875,266100
1994-12-19,26.396331787109375,45.8125,45.84375,45.609375,45.75,1120200
1994-12-20,26.315305709838867,45.671875,45.890625,45.671875,45.859375,675600
1994-12-21,26.594398498535156,46.15625,46.265625,45.703125,45.703125,544500
1994-12-22,26.51337242126465,46.015625,46.203125,45.96875,46.15625,222000
1994-12-23,26.54036521911621,46.0625,46.171875,45.984375,45.984375,125800
1994-12-27,26.68442153930664,46.3125,46.40625,46.1875,46.21875,95200
1994-12-28,26.54938507080078,46.078125,46.359375,45.96875,46.359375,358200
1994-12-29,26.5673770904541,46.109375,46.25,46.0625,46.25,220100
1994-12-30,26.252286911010742,45.5625,46.25,45.5625,46.203125,2209500
1995-01-03,26.378334045410156,45.78125,45.84375,45.6875,45.703125,324300
1995-01-04,26.504352569580078,46.0,46.0,45.75,45.984375,351800
1995-01-05,26.504352569580078,46.0,46.109375,45.953125,46.03125,89800
1995-01-06,26.531370162963867,46.046875,46.25,45.90625,46.09375,448400
1995-01-09,26.55837059020996,46.09375,46.09375,46.0,46.03125,36800
1995-01-10,26.58539390563965,46.140625,46.390625,46.140625,46.203125,229800
1995-01-11,26.60338020324707,46.171875,46.296875,45.8125,46.296875,222400
1995-01-12,26.612411499023438,46.1875,46.21875,46.03125,46.125,40300
1995-01-13,26.927501678466797,46.734375,46.734375,46.375,46.4375,170600
1995-01-16,27.089540481567383,47.015625,47.03125,46.71875,46.71875,105100
1995-01-17,27.098546981811523,47.03125,47.0625,46.859375,46.921875,89500
1995-01-18,27.0715389251709,46.984375,47.078125,46.875,47.0,84500
1995-01-19,26.918479919433594,46.71875,46.875,46.6875,46.828125,139100
1995-01-20,26.819477081298828,46.546875,46.671875,46.453125,46.65625,78700
1995-01-23,26.900495529174805,46.6875,46.6875,46.203125,46.234375,53700
1995-01-24,26.936500549316406,46.75,46.75,46.640625,46.671875,32400
1995-01-25,27.008522033691406,46.875,47.046875,46.515625,46.515625,15700
1995-01-26,27.035531997680664,46.921875,46.984375,46.75,46.84375,9800
1995-01-27,27.14356231689453,47.109375,47.234375,46.921875,47.234375,91200
1995-01-30,27.026531219482422,46.90625,47.046875,46.84375,47.015625,26600
1995-01-31,27.134552001953125,47.09375,47.171875,46.921875,47.0,127500
1995-02-01,27.125572204589844,47.078125,47.328125,47.0,47.15625,380200
1995-02-02,27.28760528564453,47.359375,47.359375,47.0625,47.0625,131700
1995-02-03,27.67473602294922,48.03125,48.109375,47.578125,47.65625,405100
1995-02-06,27.791770935058594,48.234375,48.375,47.96875,48.015625,405400
1995-02-07,27.827774047851562,48.296875,48.3125,48.140625,48.3125,702900
1995-02-08,27.827774047851562,48.296875,48.46875,48.203125,48.234375,521500
1995-02-09,27.827774047851562,48.296875,48.296875,48.125,48.21875,390700
1995-02-10,27.863792419433594,48.359375,48.359375,48.09375,48.234375,148300
1995-02-13,27.872791290283203,48.375,48.46875,48.328125,48.328125,79700
1995-02-14,27.90880584716797,48.4375,48.53125,48.25,48.53125,170200
1995-02-15,28.06185531616211,48.703125,48.765625,48.390625,48.4375,431500
1995-02-16,28.025835037231445,48.640625,48.6875,48.5,48.640625,99300
1995-02-17,27.917797088623047,48.453125,48.625,48.4375,48.59375,49100
1995-02-21,27.90880584716797,48.4375,48.53125,48.421875,48.453125,168000
1995-02-22,28.115880966186523,48.796875,48.796875,48.453125,48.484375,386400
1995-02-23,28.160888671875,48.875,49.15625,48.859375,48.984375,402800
1995-02-24,28.232906341552734,49.0,49.015625,48.8125,48.9375,307600
1995-02-27,28.007844924926758,48.609375,49.0,48.53125,48.859375,280900
1995-02-28,28.24191665649414,49.015625,49.015625,48.5625,48.5625,493500
1995-03-01,28.06185531616211,48.703125,49.03125,48.65625,48.96875,242600
1995-03-02,28.09787368774414,48.765625,48.765625,48.546875,48.6875,488600
1995-03-03,28.106857299804688,48.78125,48.78125,48.484375,48.609375,290000
1995-03-06,28.124879837036133,48.8125,48.8125,48.390625,48.453125,85700
1995-03-07,27.90880584716797,48.4375,48.75,48.21875,48.640625,180900
1995-03-08,27.980812072753906,48.5625,48.625,48.34375,48.515625,155900
1995-03-09,27.97183609008789,48.546875,48.59375,48.421875,48.546875,63500
1995-03-10,28.385971069335938,49.265625,49.390625,48.53125,48.59375,192100
1995-03-13,28.358938217163086,49.21875,49.390625,49.171875,49.234375,261300
1995-03-14,28.56600570678711,49.578125,49.640625,49.359375,49.359375,223300
1995-03-15,28.511985778808594,49.484375,49.578125,49.296875,49.5,278500
1995-03-16,28.683046340942383,49.78125,49.8125,49.4375,49.4375,20400
1995-03-17,28.711585998535156,49.5625,49.625,49.40625,49.4375,89900
1995-03-20,28.711585998535156,49.5625,49.625,49.46875,49.625,91700
1995-03-21,28.639163970947266,49.4375,49.875,49.359375,49.5625,104400
1995-03-22,28.66631317138672,49.484375,49.53125,49.328125,49.53125,74900
1995-03-23,28.684419631958008,49.515625,49.65625,49.359375,49.421875,220500
1995-03-24,29.091751098632812,50.21875,50.21875,49.671875,49.671875,134000
1995-03-27,29.209421157836914,50.421875,50.421875,50.171875,50.296875,132100
1995-03-28,29.209421157836914,50.421875,50.421875,50.234375,50.296875,121900
1995-03-29,29.20036506652832,50.40625,50.890625,50.125,50.375,246100
1995-03-30,29.14607048034668,50.3125,50.515625,50.109375,50.515625,298400
1995-03-31,29.028392791748047,50.109375,50.171875,49.546875,49.921875,541300
1995-04-03,29.100807189941406,50.234375,50.234375,50.0625,50.09375,193300
1995-04-04,29.290895462036133,50.5625,50.5625,50.25,50.25,66900
1995-04-05,29.290895462036133,50.5625,50.609375,50.421875,50.453125,107200
1995-04-06,29.399507522583008,50.75,50.796875,50.59375,50.6875,352500
1995-04-07,29.372358322143555,50.703125,50.859375,50.46875,50.859375,361400
1995-04-10,29.426658630371094,50.796875,50.796875,50.59375,50.625,285400
1995-04-11,29.327091217041016,50.625,50.9375,50.59375,50.921875,250300
1995-04-12,29.426658630371094,50.796875,50.796875,50.609375,50.703125,150900
1995-04-13,29.58957862854004,51.078125,51.09375,50.859375,50.890625,243400
1995-04-17,29.41761016845703,50.78125,51.3125,50.625,51.265625,178900
1995-04-18,29.31804084777832,50.609375,50.828125,50.484375,50.828125,329500
1995-04-19,29.290895462036133,50.5625,50.71875,50.296875,50.609375,223000
1995-04-20,29.33612060546875,50.640625,50.78125,50.4375,50.703125,207900
1995-04-21,29.48097038269043,50.890625,50.90625,50.65625,50.65625,145000
1995-04-24,29.824920654296875,51.484375,51.484375,50.859375,50.859375,169000
1995-04-25,29.743459701538086,51.34375,51.484375,51.3125,51.40625,293200
1995-04-26,29.77060890197754,51.390625,51.421875,51.125,51.25,204400
1995-04-27,29.843019485473633,51.515625,51.546875,51.28125,51.3125,502200
1995-04-28,29.888286590576172,51.59375,51.671875,51.171875,51.5,130800
1995-05-01,29.806819915771484,51.453125,51.65625,51.453125,51.546875,518700
1995-05-02,29.87018394470215,51.5625,51.640625,51.390625,51.5,228400
1995-05-03,30.28655433654785,52.28125,52.28125,51.734375,51.734375,724700
1995-05-04,30.26844596862793,52.25,52.6875,52.125,52.34375,311400
1995-05-05,30.232242584228516,52.1875,52.46875,52.078125,52.46875,314900
1995-05-08,30.449487686157227,52.5625,52.734375,52.09375,52.140625,183100
1995-05-09,30.422321319580078,52.515625,52.84375,52.4375,52.78125,180600
1995-05-10,30.45853042602539,52.578125,52.671875,52.328125,52.65625,330300
1995-05-11,30.539997100830078,52.71875,52.71875,52.484375,52.65625,351700
1995-05-12,30.558090209960938,52.75,52.875,52.5,52.515625,94600
1995-05-15,30.702911376953125,53.0,53.0,52.78125,52.890625,147200
1995-05-16,30.721025466918945,53.03125,53.15625,52.890625,52.984375,221600
1995-05-17,30.60335922241211,52.828125,53.046875,52.78125,53.03125,189200
1995-05-18,30.15983772277832,52.0625,52.765625,52.0625,52.734375,577800
1995-05-19,30.177934646606445,52.09375,52.1875,51.90625,51.984375,363900
1995-05-22,30.512826919555664,52.671875,52.75,52.234375,52.265625,216000
1995-05-23,30.793441772460938,53.15625,53.15625,52.609375,52.765625,136800
1995-05-24,30.775341033935547,53.125,53.421875,52.796875,53.25,370800
1995-05-25,30.8024845123291,53.171875,53.21875,52.71875,52.96875,379900
1995-05-26,30.449487686157227,52.5625,52.984375,52.359375,52.96875,518600
1995-05-30,30.440414428710938,52.546875,52.828125,52.375,52.6875,61500
1995-05-31,31.074033737182617,53.640625,53.640625,52.453125,52.453125,564500
1995-06-01,30.992582321166992,53.5,53.90625,53.25,53.40625,810100
1995-06-02,31.01972198486328,53.546875,53.921875,53.09375,53.28125,112900
1995-06-05,31.209806442260742,53.875,54.046875,53.5,53.546875,257200
1995-06-06,31.15549659729004,53.78125,54.015625,53.78125,53.828125,165800
1995-06-07,30.992582321166992,53.5,53.703125,53.4375,53.671875,41900
1995-06-08,30.92015266418457,53.375,53.640625,53.375,53.484375,141100
1995-06-09,30.739131927490234,53.0625,53.328125,52.75,53.265625,304900
1995-06-12,30.911109924316406,53.359375,53.578125,53.203125,53.234375,378500
1995-06-13,31.246021270751953,53.9375,53.96875,53.5625,53.609375,120000
1995-06-14,31.218870162963867,53.890625,53.953125,53.6875,53.859375,389400
1995-06-15,31.354642868041992,54.125,54.234375,53.875,53.96875,274500
1995-06-16,31.44773292541504,53.96875,53.96875,53.703125,53.703125,325100
1995-06-19,31.802810668945312,54.578125,54.609375,54.09375,54.125,134600
1995-06-20,31.720855712890625,54.4375,54.609375,54.390625,54.421875,287800
1995-06-21,31.70264434814453,54.40625,54.65625,54.40625,54.609375,158200
1995-06-22,32.1214599609375,55.125,55.15625,54.640625,54.640625,297000
1995-06-23,32.0577507019043,55.015625,55.03125,54.84375,55.0,315400
1995-06-26,31.675344467163086,54.359375,54.953125,54.359375,54.859375,132900
1995-06-27,31.61161994934082,54.25,54.703125,54.21875,54.34375,127700
1995-06-28,31.775495529174805,54.53125,54.75,54.078125,54.25,212600
1995-06-29,31.720855712890625,54.4375,54.671875,54.0625,54.53125,89200
1995-06-30,31.70264434814453,54.40625,54.734375,54.296875,54.546875,714100
1995-07-03,31.821029663085938,54.609375,54.609375,54.46875,54.46875,9500
1995-07-05,31.93937873840332,54.8125,55.0625,54.640625,54.765625,409300
1995-07-06,32.34909439086914,55.515625,55.515625,54.71875,54.828125,202500
1995-07-07,32.494773864746094,55.765625,55.78125,55.375,55.40625,481700
1995-07-10,32.51298522949219,55.796875,55.953125,55.703125,55.8125,400400
1995-07-11,32.358211517333984,55.53125,55.796875,55.453125,55.75,420500
1995-07-12,32.75880432128906,56.21875,56.3125,55.53125,55.640625,203400
1995-07-13,32.68597412109375,56.09375,56.265625,56.03125,56.140625,215600
1995-07-14,32.658660888671875,56.046875,56.09375,55.75,55.796875,543700
1995-07-17,32.84074020385742,56.359375,56.421875,56.078125,56.125,171500
1995-07-18,32.5584831237793,55.875,56.265625,55.828125,56.265625,221200
1995-07-19,32.20343017578125,55.265625,55.71875,54.203125,55.65625,486600
1995-07-20,32.32177734375,55.46875,55.578125,55.03125,55.328125,318900
1995-07-21,32.28535842895508,55.40625,55.625,55.1875,55.421875,94000
1995-07-24,32.52208709716797,55.8125,55.875,55.484375,55.484375,108400
1995-07-25,32.76790237426758,56.234375,56.3125,55.703125,55.875,107400
1995-07-26,32.74058532714844,56.1875,56.46875,56.171875,56.203125,167800
1995-07-27,33.01374053955078,56.65625,56.703125,56.453125,56.453125,187700
1995-07-28,32.80433654785156,56.296875,56.703125,56.25,56.703125,415600
1995-07-31,32.722389221191406,56.15625,56.390625,56.03125,56.34375,342500
1995-08-01,32.66777801513672,56.0625,56.234375,55.75,56.234375,141000
1995-08-02,32.59492874145508,55.9375,56.796875,55.84375,56.390625,240400
1995-08-03,32.585811614990234,55.921875,55.953125,55.453125,55.546875,1193600
1995-08-04,32.62223434448242,55.984375,56.078125,55.921875,56.03125,240500
1995-08-07,32.69506072998047,56.109375,56.28125,56.078125,56.109375,193100
1995-08-08,32.69506072998047,56.109375,56.3125,55.9375,56.140625,951900
1995-08-09,32.68597412109375,56.09375,56.296875,56.046875,56.296875,107100
1995-08-10,32.61312484741211,55.96875,56.28125,55.734375,56.15625,280800
1995-08-11,32.43103790283203,55.65625,55.984375,55.421875,55.921875,257200
1995-08-14,32.722389221191406,56.15625,56.15625,55.671875,55.796875,254800
1995-08-15,32.658660888671875,56.046875,56.140625,55.65625,56.140625,44400
1995-08-16,32.749698638916016,56.203125,56.203125,55.9375,56.0,374900
1995-08-17,32.69506072998047,56.109375,56.234375,55.90625,56.234375,353800
1995-08-18,32.731502532958984,56.171875,56.40625,56.125,56.390625,85400
1995-08-21,32.64045333862305,56.015625,56.640625,56.0,56.40625,266700
1995-08-22,32.70417404174805,56.125,56.21875,55.8125,56.09375,220200
1995-08-23,32.585811614990234,55.921875,56.203125,55.921875,56.171875,176500
1995-08-24,32.62223434448242,55.984375,56.09375,55.75,55.9375,167400
1995-08-25,32.80433654785156,56.296875,56.390625,56.078125,56.078125,195000
1995-08-28,32.68597412109375,56.09375,56.453125,56.0,56.453125,293000
1995-08-29,32.76790237426758,56.234375,56.25,55.765625,56.15625,1133100
1995-08-30,32.84074020385742,56.359375,56.421875,56.21875,56.28125,437400
1995-08-31,32.86805725097656,56.40625,56.5,56.296875,56.34375,491900
1995-09-01,33.01374053955078,56.65625,56.75,56.34375,56.390625,629900
1995-09-05,33.32328414916992,57.1875,57.21875,56.734375,56.828125,272200
1995-09-06,33.38703155517578,57.296875,57.359375,57.21875,57.234375,214500
1995-09-07,33.40524673461914,57.328125,57.390625,57.25,57.359375,258800
1995-09-08,33.532718658447266,57.546875,57.546875,57.171875,57.546875,107300
1995-09-11,33.623756408691406,57.703125,57.8125,57.640625,57.640625,260700
1995-09-12,33.7785530090332,57.96875,57.96875,57.578125,57.71875,139500
1995-09-13,33.933319091796875,58.234375,58.3125,57.890625,57.90625,239800
1995-09-14,34.24287033081055,58.765625,58.8125,58.28125,58.4375,457600
1995-09-15,34.233421325683594,58.4375,58.578125,58.203125,58.40625,431200
1995-09-18,34.10528564453125,58.21875,58.265625,57.9375,58.234375,307500
1995-09-19,34.27002716064453,58.5,58.53125,58.125,58.328125,549600
1995-09-20,34.43480682373047,58.78125,58.78125,58.546875,58.59375,290800
1995-09-21,34.15103530883789,58.296875,58.75,58.0625,58.703125,508500
1995-09-22,34.16019821166992,58.3125,58.375,57.78125,57.828125,449900
1995-09-25,34.10528564453125,58.21875,58.375,58.015625,58.375,130000
1995-09-26,34.09614944458008,58.203125,58.53125,58.0625,58.390625,466600
1995-09-27,34.06867599487305,58.15625,58.1875,57.59375,57.953125,654400
1995-09-28,34.32495880126953,58.59375,58.59375,58.15625,58.203125,456200
1995-09-29,34.26089096069336,58.484375,58.90625,58.40625,58.546875,606600
1995-10-02,34.086978912353516,58.1875,58.625,58.046875,58.484375,293100
1995-10-03,34.12358093261719,58.25,58.34375,57.953125,58.1875,839700
1995-10-04,34.086978912353516,58.1875,58.28125,58.109375,58.28125,248800
1995-10-05,34.187652587890625,58.359375,58.359375,58.09375,58.25,268800
1995-10-06,34.215145111083984,58.40625,58.578125,58.390625,58.390625,75300
1995-10-09,33.93136978149414,57.921875,58.21875,57.8125,58.1875,358200
1995-10-10,33.91305160522461,57.890625,57.890625,57.265625,57.328125,360800
1995-10-11,34.02290725708008,58.078125,58.09375,57.875,58.09375,228100
1995-10-12,34.233421325683594,58.4375,58.46875,58.125,58.125,199800
1995-10-13,34.343265533447266,58.625,58.859375,58.625,58.703125,488100
1995-10-16,34.17852020263672,58.34375,58.5625,58.34375,58.453125,443600
1995-10-17,34.4073371887207,58.734375,58.796875,58.296875,58.40625,146000
1995-10-18,34.50803756713867,58.90625,59.09375,58.71875,59.015625,228100
1995-10-19,34.672786712646484,59.1875,59.1875,58.796875,58.875,500600
1995-10-20,34.46225357055664,58.828125,59.1875,58.828125,59.140625,748400
1995-10-23,34.38903045654297,58.703125,58.8125,58.546875,58.546875,533000
1995-10-24,34.42565155029297,58.765625,58.84375,58.625,58.78125,172200
1995-10-25,34.14191436767578,58.28125,58.890625,58.28125,58.8125,302700
1995-10-26,33.83068084716797,57.75,58.421875,57.28125,58.375,606800
1995-10-27,34.086978912353516,58.1875,58.1875,57.421875,57.6875,905800
1995-10-30,34.30664825439453,58.5625,58.59375,58.328125,58.328125,488700
1995-10-31,34.16019821166992,58.3125,58.84375,58.3125,58.71875,508200
1995-11-01,34.43480682373047,58.78125,58.78125,58.234375,58.28125,415700
1995-11-02,34.654483795166016,59.15625,59.15625,58.6875,58.6875,326000
1995-11-03,34.700225830078125,59.234375,59.25,59.0625,59.234375,615000
1995-11-06,34.581268310546875,59.03125,59.21875,59.015625,59.21875,311200
1995-11-07,34.45310592651367,58.8125,59.0,58.625,59.0,358200
1995-11-08,34.76432800292969,59.34375,59.375,58.890625,58.890625,357200
1995-11-09,34.89244842529297,59.5625,59.578125,59.28125,59.578125,503700
1995-11-10,34.87416076660156,59.53125,59.609375,59.21875,59.234375,795600
1995-11-13,34.83754348754883,59.46875,59.65625,59.3125,59.421875,818500
1995-11-14,34.60871124267578,59.078125,59.484375,59.078125,59.359375,341800
1995-11-15,34.95654296875,59.671875,59.6875,59.109375,59.140625,584700
1995-11-16,35.14877700805664,60.0,60.0625,59.65625,59.671875,577700
1995-11-17,35.258602142333984,60.1875,60.203125,60.015625,60.09375,267000
1995-11-20,35.075523376464844,59.875,60.296875,59.859375,60.28125,448800
1995-11-21,35.359310150146484,60.359375,60.359375,59.921875,59.9375,119200
1995-11-22,35.249454498291016,60.171875,60.375,60.171875,60.3125,351600
1995-11-24,35.34099197387695,60.328125,60.328125,60.1875,60.234375,62400
1995-11-27,35.350120544433594,60.34375,60.640625,60.34375,60.453125,273000
1995-11-28,35.725399017333984,60.984375,60.984375,60.15625,60.296875,479000
1995-11-29,35.76203536987305,61.046875,61.09375,60.84375,61.09375,549200
1995-11-30,35.679656982421875,60.90625,61.203125,60.84375,61.046875,286200
1995-12-01,35.725399017333984,60.984375,61.078125,60.84375,60.984375,465200
1995-12-04,36.164791107177734,61.734375,61.734375,61.046875,61.125,631700
1995-12-05,36.402793884277344,62.140625,62.203125,61.625,61.671875,567700
1995-12-06,36.48514938354492,62.28125,62.53125,62.0,62.296875,272800
1995-12-07,36.292945861816406,61.953125,62.28125,61.90625,62.203125,289700
1995-12-08,36.41191864013672,62.15625,62.234375,61.765625,62.21875,296900
1995-12-11,36.56753158569336,62.421875,62.546875,62.15625,62.28125,186500
1995-12-12,36.45770263671875,62.234375,62.359375,62.140625,62.140625,299400
1995-12-13,36.6865119934082,62.625,62.703125,62.3125,62.3125,390700
1995-12-14,36.42108154296875,62.171875,62.796875,62.015625,62.6875,395000
1995-12-15,36.43440628051758,61.8125,61.875,61.59375,61.875,416700
1995-12-18,35.73446273803711,60.625,61.265625,60.609375,61.265625,862300
1995-12-19,36.11206817626953,61.265625,61.34375,60.578125,60.65625,1022600
1995-12-20,35.762088775634766,60.671875,61.515625,60.671875,61.453125,1349800
1995-12-21,35.94627380371094,60.984375,61.171875,60.75,61.03125,857600
1995-12-22,36.07523727416992,61.203125,61.375,61.140625,61.3125,332800
1995-12-26,36.25022506713867,61.5,61.53125,61.328125,61.453125,432200
1995-12-27,36.231781005859375,61.46875,61.65625,61.359375,61.65625,151800
1995-12-28,36.19495391845703,61.40625,61.65625,61.25,61.34375,256200
1995-12-29,36.24099349975586,61.484375,61.53125,61.25,61.46875,339200
1996-01-02,36.6278190612793,62.140625,62.140625,61.34375,61.40625,514400
1996-01-03,36.72911834716797,62.3125,62.5,62.0,62.34375,610300
1996-01-04,36.379146575927734,61.71875,62.625,61.21875,62.390625,1129700
1996-01-05,36.30548095703125,61.59375,61.75,61.171875,61.3125,302400
1996-01-08,36.44363021850586,61.828125,61.90625,61.734375,61.8125,179900
1996-01-09,35.817344665527344,60.765625,62.0625,60.625,62.015625,415500
1996-01-10,35.3476448059082,59.96875,60.8125,59.640625,60.6875,787700
1996-01-11,35.55948257446289,60.328125,60.328125,59.78125,60.0625,513200
1996-01-12,35.504215240478516,60.234375,60.5,59.671875,60.484375,390400
1996-01-15,35.4305305480957,60.109375,60.453125,59.859375,60.25,154200
1996-01-16,35.86338806152344,60.84375,60.890625,59.890625,60.40625,454600
1996-01-17,35.75288009643555,60.65625,61.125,60.453125,60.703125,407600
1996-01-18,35.87261199951172,60.859375,60.90625,60.375,60.890625,425600
1996-01-19,36.11206817626953,61.265625,61.421875,60.796875,60.859375,169800
1996-01-22,36.121273040771484,61.28125,61.421875,61.109375,61.21875,288200
1996-01-23,36.204166412353516,61.421875,61.421875,61.125,61.25,362200
1996-01-24,36.498878479003906,61.921875,62.046875,61.484375,61.515625,1506500
1996-01-25,36.36992645263672,61.703125,62.0,61.625,61.96875,298400
1996-01-26,36.683074951171875,62.234375,62.265625,61.578125,61.65625,726300
1996-01-29,36.83043670654297,62.484375,62.484375,62.140625,62.1875,254800
1996-01-30,37.14356994628906,63.015625,63.140625,62.53125,62.609375,272100
1996-01-31,37.53038787841797,63.671875,63.6875,62.96875,63.0,498000
1996-02-01,37.668548583984375,63.90625,63.90625,63.5625,63.609375,373900
1996-02-02,37.5119743347168,63.640625,64.015625,63.5,63.875,496200
1996-02-05,37.81587600708008,64.15625,64.25,63.4375,63.53125,295300
1996-02-06,38.175079345703125,64.765625,64.828125,64.09375,64.1875,301600
1996-02-07,38.39613723754883,65.140625,65.140625,64.6875,64.75,585100
1996-02-08,38.81056213378906,65.84375,65.90625,64.921875,65.046875,1526600
1996-02-09,38.80134582519531,65.828125,66.375,65.515625,65.8125,804600
1996-02-12,39.09607696533203,66.328125,66.625,65.890625,65.953125,626500
1996-02-13,39.01319122314453,66.1875,66.6875,66.0,66.046875,1045900
1996-02-14,38.67241668701172,65.609375,66.359375,65.578125,66.140625,431400
1996-02-15,38.4329719543457,65.203125,65.90625,65.125,65.46875,889500
1996-02-16,38.27638244628906,64.9375,65.234375,64.734375,65.078125,606100
1996-02-20,37.8987922668457,64.296875,64.625,63.875,64.4375,492300
1996-02-21,38.368499755859375,65.09375,65.140625,64.421875,64.421875,434000
1996-02-22,38.97635269165039,66.125,66.328125,65.40625,65.453125,721400
1996-02-23,38.865821838378906,65.9375,66.609375,65.328125,66.5,1430400
1996-02-26,38.31324768066406,65.0,65.890625,64.96875,65.75,1408400
1996-02-27,38.19350814819336,64.796875,65.171875,64.5,65.15625,601000
1996-02-28,38.01851272583008,64.5,65.734375,64.5,65.3125,865900
1996-02-29,37.650115966796875,63.875,64.953125,63.875,64.125,914300
1996-03-01,38.24877166748047,64.890625,64.890625,63.609375,64.640625,1452600
1996-03-04,38.46980285644531,65.265625,65.65625,64.8125,65.03125,652600
1996-03-05,38.8289794921875,65.875,65.875,65.078125,65.109375,402000
1996-03-06,38.48822021484375,65.296875,65.96875,65.296875,65.78125,624700
1996-03-07,38.681636810302734,65.625,65.65625,65.234375,65.421875,534200
1996-03-08,37.42906188964844,63.5,64.875,62.0,64.1875,2289900
1996-03-11,37.8619384765625,64.234375,64.328125,63.0625,63.25,1511400
1996-03-12,37.56722640991211,63.734375,64.046875,62.90625,63.8125,1385300
1996-03-13,37.82509994506836,64.171875,64.4375,63.796875,64.15625,1019300
1996-03-14,37.99089813232422,64.453125,64.8125,64.234375,64.265625,725600
1996-03-15,37.965335845947266,64.125,64.328125,63.75,64.0625,869200
1996-03-18,38.696170806884766,65.359375,65.359375,64.578125,64.71875,917600
1996-03-19,38.6129035949707,65.21875,65.9375,65.0,65.9375,858300
1996-03-20,38.5666618347168,65.140625,65.53125,64.640625,65.53125,744300
1996-03-21,38.474151611328125,64.984375,65.25,64.765625,65.21875,650800
1996-03-22,38.57592010498047,65.15625,65.328125,64.9375,65.015625,344500
1996-03-25,38.50189971923828,65.03125,65.8125,64.859375,65.75,802400
1996-03-26,38.68691635131836,65.34375,65.515625,64.859375,64.921875,969400
1996-03-27,38.335384368896484,64.75,65.484375,64.6875,65.4375,809600
1996-03-28,38.48340606689453,65.0,65.03125,64.5,64.515625,1001300
1996-03-29,38.29837417602539,64.6875,65.1875,64.375,65.1875,457700
1996-04-01,38.74242401123047,65.4375,65.453125,64.796875,65.0,773400
1996-04-02,38.81644058227539,65.5625,65.5625,65.296875,65.515625,638800
1996-04-03,38.81644058227539,65.5625,65.609375,65.171875,65.328125,288000
1996-04-04,38.78867721557617,65.515625,65.71875,65.5,65.5625,934900
1996-04-08,38.122623443603516,64.390625,64.390625,63.59375,63.875,2217200
1996-04-09,37.97461700439453,64.140625,64.640625,64.015625,64.640625,1180900
1996-04-10,37.29930114746094,63.0,64.3125,62.75,64.03125,939500
1996-04-11,37.253028869628906,62.921875,63.46875,62.125,63.15625,1276000
1996-04-12,37.72483444213867,63.71875,63.8125,63.171875,63.359375,411300
1996-04-15,38.03937911987305,64.25,64.328125,63.84375,64.046875,484200
1996-04-16,38.15037536621094,64.4375,64.65625,64.234375,64.375,429700
1996-04-17,38.057861328125,64.28125,64.5625,63.84375,64.375,525300
1996-04-18,38.113380432128906,64.375,64.578125,64.09375,64.4375,818600
1996-04-19,38.20588302612305,64.53125,64.859375,64.421875,64.6875,885100
1996-04-22,38.50189971923828,65.03125,65.28125,64.59375,65.125,828900
1996-04-23,38.622154235839844,65.234375,65.28125,64.78125,64.921875,225400
1996-04-24,38.48340606689453,65.0,65.5625,64.859375,65.5625,699000
1996-04-25,38.65914535522461,65.296875,65.5625,64.75,65.140625,475500
1996-04-26,38.74242401123047,65.4375,65.8125,65.234375,65.46875,563300
1996-04-29,38.74242401123047,65.4375,65.5625,65.15625,65.15625,219900
1996-04-30,38.714664459228516,65.390625,65.5625,65.125,65.4375,184400
1996-05-01,38.79790496826172,65.53125,65.796875,65.28125,65.375,561900
1996-05-02,38.13186264038086,64.40625,65.375,64.09375,65.015625,1299600
1996-05-03,38.07636642456055,64.3125,64.984375,63.75,64.78125,1329300
1996-05-06,38.03937911987305,64.25,64.5625,63.6875,64.5625,647500
1996-05-07,37.88208770751953,63.984375,64.25,63.765625,64.25,582100
1996-05-08,38.35388946533203,64.78125,64.78125,63.078125,63.671875,1694700
1996-05-09,38.326114654541016,64.734375,65.0625,64.5,64.5625,593400
1996-05-10,38.705406188964844,65.375,65.59375,65.0625,65.375,925100
1996-05-13,39.28821563720703,66.359375,66.640625,65.46875,65.53125,867500
1996-05-14,39.52873992919922,66.765625,66.9375,66.5625,66.625,632300
1996-05-15,39.482486724853516,66.6875,67.3125,66.640625,66.78125,466100
1996-05-16,39.565757751464844,66.828125,66.9375,66.28125,66.3125,514400
1996-05-17,39.778507232666016,67.1875,67.296875,67.0,67.0,427700
1996-05-20,40.04679870605469,67.640625,67.75,66.984375,67.65625,788500
1996-05-21,39.99127960205078,67.546875,67.875,67.5,67.75,352700
1996-05-22,40.37056350708008,68.1875,68.1875,67.390625,67.625,1218100
1996-05-23,40.20405960083008,67.90625,68.4375,67.53125,68.28125,967900
1996-05-24,40.36131286621094,68.171875,68.328125,67.9375,67.96875,659100
1996-05-28,39.954288482666016,67.484375,68.375,67.3125,68.375,456400
1996-05-29,39.685997009277344,67.03125,67.6875,66.8125,67.625,649600
1996-05-30,39.88951873779297,67.375,67.71875,66.75,66.9375,895800
1996-05-31,39.5935173034668,66.875,67.640625,66.875,67.359375,923500
1996-06-03,39.70450973510742,67.0625,67.109375,66.703125,66.890625,503100
1996-06-04,39.982032775878906,67.53125,67.59375,67.25,67.375,627100
1996-06-05,40.333560943603516,68.125,68.203125,67.421875,67.5625,428000
1996-06-06,40.03753662109375,67.625,68.5,67.5,68.5,523300
1996-06-07,40.03753662109375,67.625,67.640625,66.1875,66.1875,1422800
1996-06-10,39.90803146362305,67.40625,67.734375,67.296875,67.53125,548800
1996-06-11,39.87102508544922,67.34375,68.03125,67.34375,67.65625,688700
1996-06-12,39.79701232910156,67.21875,67.734375,67.109375,67.5625,1120600
1996-06-13,39.79701232910156,67.21875,67.46875,66.828125,67.375,1502000
1996-06-14,39.6304931640625,66.9375,67.25,66.71875,67.25,1468200
1996-06-17,39.602760314941406,66.890625,67.21875,66.71875,66.96875,1101000
1996-06-18,39.27898025512695,66.34375,67.03125,66.328125,66.84375,718000
1996-06-19,39.45472717285156,66.640625,67.0,66.421875,66.65625,552100
1996-06-20,39.427001953125,66.59375,66.921875,66.1875,66.703125,1234400
1996-06-21,39.766109466552734,66.8125,66.8125,66.375,66.5625,573300
1996-06-24,39.84049606323242,66.9375,67.21875,66.84375,66.96875,416500
1996-06-25,39.793983459472656,66.859375,67.171875,66.78125,67.125,454400
1996-06-26,39.5243034362793,66.40625,66.921875,66.390625,66.78125,838200
1996-06-27,39.80329132080078,66.875,67.046875,66.15625,66.40625,1090500
1996-06-28,39.94279479980469,67.109375,67.5,66.96875,67.15625,1060800
1996-07-01,40.28689193725586,67.6875,67.703125,67.1875,67.28125,471300
1996-07-02,40.13808059692383,67.4375,67.640625,67.328125,67.625,389400
1996-07-03,40.05439376831055,67.296875,67.5,67.0625,67.40625,308300
1996-07-05,39.03139877319336,65.578125,66.4375,65.375,66.125,842900
1996-07-08,38.87333297729492,65.3125,65.984375,65.125,65.625,942000
1996-07-09,39.03139877319336,65.578125,65.8125,65.375,65.609375,716300
1996-07-10,39.18950271606445,65.84375,65.84375,64.921875,65.5625,1132300
1996-07-11,38.39901351928711,64.515625,65.6875,63.875,65.5625,1587400
1996-07-12,38.42689895629883,64.5625,64.90625,64.078125,64.625,1312000
1996-07-15,37.292335510253906,62.65625,64.71875,62.65625,64.71875,1951300
1996-07-16,37.38532257080078,62.8125,63.5,60.375,62.84375,4141000
1996-07-17,37.831729888916016,63.5625,64.0,63.0,63.75,1340500
1996-07-18,38.35252380371094,64.4375,64.546875,63.328125,63.75,1432500
1996-07-19,38.07350540161133,63.96875,64.375,63.625,64.28125,1216000
1996-07-22,37.79452896118164,63.5,63.75,63.015625,63.53125,519800
1996-07-23,37.31095504760742,62.6875,63.9375,62.578125,63.59375,1479800
1996-07-24,37.38532257080078,62.8125,63.1875,61.625,61.9375,2463400
1996-07-25,37.720123291015625,63.375,63.5625,63.125,63.4375,1989800
1996-07-26,37.924720764160156,63.71875,63.8125,63.390625,63.5625,642300
1996-07-29,37.50624084472656,63.015625,63.71875,62.9375,63.625,1297900
1996-07-30,37.868927001953125,63.625,63.6875,62.9375,63.4375,1868200
1996-07-31,38.14792251586914,64.09375,64.265625,63.515625,63.671875,767100
1996-08-01,38.78032684326172,65.15625,65.390625,64.0625,64.15625,1168600
1996-08-02,39.61729431152344,66.5625,66.59375,65.75,66.0,1098500
1996-08-05,39.38480758666992,66.171875,66.59375,65.96875,66.578125,710200
1996-08-06,39.50567626953125,66.375,66.515625,65.796875,66.15625,640000
1996-08-07,39.60799789428711,66.546875,66.75,66.125,66.625,917800
1996-08-08,39.54289627075195,66.4375,66.5625,66.1875,66.5625,925100
1996-08-09,39.41268539428711,66.21875,66.765625,66.0625,66.671875,648800
1996-08-12,39.700992584228516,66.703125,66.859375,66.0,66.25,764200
1996-08-13,39.38480758666992,66.171875,66.625,66.0,66.578125,805200
1996-08-14,39.5243034362793,66.40625,66.46875,66.0,66.1875,533800
1996-08-15,39.44991683959961,66.28125,66.625,66.203125,66.234375,632600
1996-08-16,39.78471374511719,66.84375,66.875,66.46875,66.46875,475100
1996-08-19,39.80329132080078,66.875,66.921875,66.625,66.859375,436400
1996-08-20,39.7754020690918,66.828125,66.90625,66.671875,66.890625,645700
1996-08-21,39.63591003417969,66.59375,66.8125,66.375,66.65625,266400
1996-08-22,40.00788116455078,67.21875,67.34375,66.71875,66.75,584800
1996-08-23,39.793983459472656,66.859375,67.203125,66.640625,67.09375,757100
1996-08-26,39.59868621826172,66.53125,66.78125,66.421875,66.703125,784700
1996-08-27,39.74749755859375,66.78125,66.84375,66.5,66.71875,389400
1996-08-28,39.682395935058594,66.671875,67.0,66.65625,66.9375,227600
1996-08-29,39.29180908203125,66.015625,66.59375,65.625,66.59375,680200
1996-08-30,38.88261413574219,65.328125,66.015625,65.125,66.0,1500900
1996-09-03,39.133724212646484,65.75,65.84375,64.375,64.46875,1782000
1996-09-04,39.17090606689453,65.8125,66.75,65.484375,65.75,930200
1996-09-05,38.69660186767578,65.015625,65.765625,65.015625,65.5,616600
1996-09-06,39.245296478271484,65.9375,66.171875,65.140625,65.25,804900
1996-09-09,39.710289001464844,66.71875,66.734375,66.078125,66.1875,719200
1996-09-10,39.69168472290039,66.6875,66.90625,66.375,66.625,669900
1996-09-11,39.914878845214844,67.0625,67.125,66.40625,66.5625,713500
1996-09-12,40.19389343261719,67.53125,67.734375,67.15625,67.25,713300
1996-09-13,40.807682037353516,68.5625,68.625,68.125,68.3125,2008800
1996-09-16,40.95646286010742,68.8125,69.15625,68.5625,68.65625,1220200
1996-09-17,40.863494873046875,68.65625,68.984375,68.234375,68.875,604700
1996-09-18,40.761192321777344,68.484375,68.75,68.21875,68.5625,225500
1996-09-19,40.91925048828125,68.75,68.796875,68.28125,68.375,410000
1996-09-20,41.06443405151367,68.640625,68.78125,68.375,68.59375,948400
1996-09-23,41.05506896972656,68.625,68.75,68.15625,68.46875,466800
1996-09-24,41.04574203491211,68.609375,69.25,68.3125,68.5625,1269800
1996-09-25,41.07379150390625,68.65625,68.9375,68.5,68.9375,1353300
1996-09-26,41.05506896972656,68.625,69.1875,68.390625,68.75,773200
1996-09-27,41.092464447021484,68.6875,68.71875,68.375,68.71875,407600
1996-09-30,41.05506896972656,68.625,69.0625,68.578125,68.78125,578200
1996-10-01,41.27942657470703,69.0,69.046875,68.4375,68.703125,561400
1996-10-02,41.55986022949219,69.46875,69.59375,69.15625,69.25,609000
1996-10-03,41.52244186401367,69.40625,69.53125,69.203125,69.5,342200
1996-10-04,42.08332061767578,70.34375,70.34375,69.5,69.6875,754100
1996-10-07,42.13007354736328,70.421875,70.625,70.25,70.3125,235100
1996-10-08,41.96178436279297,70.140625,70.6875,70.015625,70.453125,386200
1996-10-09,41.6346321105957,69.59375,70.375,69.515625,70.25,528800
1996-10-10,41.55049514770508,69.453125,69.859375,69.375,69.59375,1562200
1996-10-11,42.064613342285156,70.3125,70.3125,69.71875,69.71875,331300
1996-10-14,42.120723724365234,70.40625,70.6875,70.296875,70.3125,201600
1996-10-15,42.064613342285156,70.3125,71.125,69.953125,71.125,776900
1996-10-16,42.27024841308594,70.65625,70.65625,69.9375,70.5,590100
1996-10-17,42.382450103759766,70.84375,71.03125,70.546875,70.875,792500
1996-10-18,42.60676956176758,71.21875,71.3125,70.71875,70.875,695800
1996-10-21,42.55067825317383,71.125,71.625,70.9375,71.28125,879200
1996-10-22,42.251583099365234,70.625,71.078125,70.59375,71.0625,848900
1996-10-23,42.39179229736328,70.859375,70.890625,70.1875,70.46875,735900
1996-10-24,42.027225494384766,70.25,70.984375,70.21875,70.859375,379300
1996-10-25,42.064613342285156,70.3125,70.5625,70.125,70.234375,568300
1996-10-28,41.784202575683594,69.84375,70.734375,69.8125,70.375,975400
1996-10-29,42.120723724365234,70.40625,70.578125,69.703125,70.0625,815900
1996-10-30,41.980506896972656,70.171875,70.625,70.09375,70.625,495400
1996-10-31,42.382450103759766,70.84375,70.875,70.1875,70.265625,726300
1996-11-01,42.23287582397461,70.59375,71.15625,70.265625,70.984375,821300
1996-11-04,42.51333999633789,71.0625,71.0625,70.53125,70.6875,1608400
1996-11-05,42.7563591003418,71.46875,71.796875,71.28125,71.296875,764000
1996-11-06,43.578948974609375,72.84375,72.875,71.53125,71.59375,1665000
1996-11-07,43.68177795410156,73.015625,73.296875,72.53125,72.625,1446300
1996-11-08,43.92482376098633,73.421875,73.4375,72.75,73.03125,1355700
1996-11-11,43.878074645996094,73.34375,73.515625,73.21875,73.25,655900
1996-11-12,43.7472038269043,73.125,73.59375,73.015625,73.546875,719900
1996-11-13,43.94352722167969,73.453125,73.5625,73.015625,73.203125,481900
1996-11-14,44.23329544067383,73.9375,73.9375,73.15625,73.1875,558800
1996-11-15,44.28935241699219,74.03125,74.5,73.71875,74.125,2250900
1996-11-18,44.29874038696289,74.046875,74.25,73.734375,74.171875,1518200
1996-11-19,44.61656188964844,74.578125,74.59375,74.03125,74.140625,1029300
1996-11-20,44.69131088256836,74.703125,75.015625,74.3125,74.5625,730000
1996-11-21,44.62589645385742,74.59375,74.84375,74.375,74.796875,653000
1996-11-22,44.97175598144531,75.171875,75.25,74.703125,74.703125,965100
1996-11-25,45.54197311401367,76.125,76.15625,75.078125,75.25,2058800
1996-11-26,45.39240646362305,75.875,76.6875,75.46875,76.28125,2861800
1996-11-27,45.30827331542969,75.734375,76.1875,75.640625,76.0625,872000
1996-11-29,45.476558685302734,76.015625,76.21875,75.859375,76.0,1073400
1996-12-02,45.49522399902344,76.046875,76.125,75.390625,75.921875,1350600
1996-12-03,44.71937561035156,74.75,76.578125,74.75,76.0625,1777800
1996-12-04,44.840885162353516,74.953125,75.0625,74.09375,74.875,2365100
1996-12-05,44.71937561035156,74.75,75.140625,74.53125,74.84375,1697700
1996-12-06,44.45763397216797,74.3125,74.75,72.65625,73.25,3401800
1996-12-09,45.11198043823242,75.40625,75.421875,74.578125,74.6875,1864600
1996-12-10,44.89695739746094,75.046875,75.671875,74.96875,75.5625,1331600
1996-12-11,44.48566436767578,74.359375,74.625,73.3125,73.625,1847900
1996-12-12,43.7472038269043,73.125,74.875,72.9375,74.78125,2540200
1996-12-13,43.85939407348633,73.3125,73.578125,72.40625,73.0625,1678300
1996-12-16,43.29853057861328,72.375,73.6875,72.0625,73.5,1831100
1996-12-17,43.64438247680664,72.953125,73.28125,71.875,72.15625,2023200
1996-12-18,43.99025344848633,73.53125,73.765625,73.265625,73.375,1666800
1996-12-19,44.89695739746094,75.046875,75.125,73.890625,74.1875,2269300
1996-12-20,44.9954948425293,74.84375,75.71875,74.75,75.125,1543200
1996-12-23,44.88277816772461,74.65625,75.203125,74.328125,75.09375,1263700
1996-12-24,45.21154022216797,75.203125,75.203125,74.796875,74.84375,633000
1996-12-26,45.55910110473633,75.78125,75.828125,75.375,75.4375,1384300
1996-12-27,45.615478515625,75.875,76.03125,75.5,75.78125,410400
1996-12-30,45.22097396850586,75.21875,76.125,75.15625,76.125,694100
1996-12-31,44.394309997558594,73.84375,75.375,73.84375,75.28125,1378100
1997-01-02,44.50700759887695,74.03125,74.375,72.75,74.375,2031900
1997-01-03,45.145755767822266,75.09375,75.125,74.078125,74.375,2123200
1997-01-06,44.75125503540039,74.4375,75.4375,74.3125,75.09375,1374100
1997-01-07,45.29608917236328,75.34375,75.46875,74.125,74.4375,939000
1997-01-08,44.90155029296875,74.6875,75.78125,74.6875,75.75,1802200
1997-01-09,45.27730178833008,75.3125,75.875,74.9375,75.0625,1415700
1997-01-10,45.765785217285156,76.125,76.25,74.25,74.25,2369500
1997-01-13,45.70001983642578,76.015625,76.5,75.640625,76.5,1364600
1997-01-14,46.273040771484375,76.96875,77.390625,76.5,76.6875,2111200
1997-01-15,46.16031265258789,76.78125,77.203125,76.375,76.71875,1583900
1997-01-16,46.34820556640625,77.09375,77.296875,76.5,77.03125,1308400
1997-01-17,46.62998962402344,77.5625,77.75,77.109375,77.203125,1604000
1997-01-20,46.68635559082031,77.65625,78.09375,77.46875,77.75,1889900
1997-01-21,47.06208419799805,78.28125,78.546875,77.109375,77.375,2785800
1997-01-22,47.400272369384766,78.84375,78.84375,77.875,78.3125,1201600
1997-01-23,46.74271774291992,77.75,79.6875,76.90625,79.0625,2601100
1997-01-24,46.14153289794922,76.75,77.90625,76.75,77.875,2176000
1997-01-27,46.01000213623047,76.53125,77.234375,76.375,76.875,2108500
1997-01-28,46.14153289794922,76.75,77.84375,76.0,77.625,4376000
1997-01-29,46.592403411865234,77.5,77.5,76.59375,76.875,1122700
1997-01-30,47.193607330322266,78.5,78.53125,77.40625,77.875,2126300
1997-01-31,47.13722229003906,78.40625,79.40625,78.375,78.9375,3208100
1997-02-03,47.27815246582031,78.640625,78.890625,78.359375,78.71875,755000
1997-02-04,47.5693359375,79.125,79.203125,78.4375,78.75,654100
1997-02-05,46.67695617675781,77.640625,79.46875,77.125,79.234375,2255400
1997-02-06,46.986934661865234,78.15625,78.203125,77.40625,77.78125,2483100
1997-02-07,47.62571334838867,79.21875,79.25,77.78125,78.8125,2321000
1997-02-10,47.174800872802734,78.46875,79.53125,78.421875,79.25,1670000
1997-02-11,47.71965789794922,79.375,79.375,78.125,78.78125,1664300
1997-02-12,48.395992279052734,80.5,80.640625,79.265625,79.375,2675400
1997-02-13,48.922035217285156,81.375,81.5625,80.6875,80.8125,1104800
1997-02-14,48.809329986572266,81.1875,81.46875,80.90625,81.1875,1112900
1997-02-18,49.222625732421875,81.875,81.9375,80.75,81.34375,833100
1997-02-19,48.89385986328125,81.328125,82.0,81.15625,81.65625,648100
1997-02-20,48.30205154418945,80.34375,81.359375,80.15625,81.03125,1193900
1997-02-21,48.320831298828125,80.375,80.765625,80.140625,80.40625,1844400
1997-02-24,48.89385986328125,81.328125,81.375,79.96875,79.96875,787300
1997-02-25,48.931419372558594,81.390625,81.53125,80.875,81.40625,1653900
1997-02-26,48.45234680175781,80.59375,81.4375,79.625,81.3125,1597800
1997-02-27,47.72904586791992,79.390625,80.8125,79.375,80.8125,1813100
1997-02-28,47.588134765625,79.15625,79.875,79.0625,79.25,2961200
1997-03-03,47.90754318237305,79.6875,79.75,78.6875,78.75,1210400
1997-03-04,47.644527435302734,79.25,80.125,79.09375,79.90625,1478700
1997-03-05,48.45234680175781,80.59375,80.59375,79.453125,79.71875,1254800
1997-03-06,48.17052459716797,80.125,80.90625,79.875,80.625,1528500
1997-03-07,48.602664947509766,80.84375,81.15625,80.25,80.4375,1859300
1997-03-10,49.10991668701172,81.6875,81.6875,80.546875,80.9375,1074900
1997-03-11,48.84684753417969,81.25,81.796875,81.25,81.75,624600
1997-03-12,48.41476058959961,80.53125,81.34375,80.296875,81.3125,1055600
1997-03-13,47.663272857666016,79.28125,80.46875,79.0625,80.25,2514100
1997-03-14,47.90754318237305,79.6875,80.03125,79.25,79.640625,1642700
1997-03-17,48.03903579711914,79.90625,80.03125,78.4375,79.25,3013500
1997-03-18,47.52238082885742,79.046875,80.109375,78.71875,80.0,1352500
1997-03-19,47.362674713134766,78.78125,79.5,78.0625,78.84375,1510000
1997-03-20,47.11848068237305,78.375,79.0,77.875,78.75,1808200
1997-03-21,47.33659744262695,78.4375,78.75,78.34375,78.6875,2810600
1997-03-24,47.99666976928711,79.53125,79.578125,78.09375,78.5,2145600
1997-03-25,47.52521514892578,78.75,79.96875,78.53125,79.34375,2125800
1997-03-26,47.7326774597168,79.09375,79.65625,78.6875,79.0625,1335300
1997-03-27,46.469085693359375,77.0,79.375,76.15625,79.375,2898500
1997-03-31,45.488433837890625,75.375,77.125,75.25,76.90625,4270700
1997-04-01,45.78073501586914,75.859375,76.1875,75.046875,75.25,3210900
1997-04-02,44.96037292480469,74.5,75.9375,74.4375,75.625,2672700
1997-04-03,45.20551681518555,74.90625,75.125,74.1875,74.4375,2284200
1997-04-04,45.771297454833984,75.84375,75.859375,74.15625,74.5,3706700
1997-04-07,45.950477600097656,76.140625,76.625,76.140625,76.1875,2596200
1997-04-08,46.280521392822266,76.6875,76.78125,75.84375,76.125,1822700
1997-04-09,45.90333938598633,76.0625,77.046875,75.84375,77.0,2453200
1997-04-10,45.73358154296875,75.78125,76.546875,75.6875,76.09375,1996500
1997-04-11,44.28143310546875,73.375,75.3125,73.375,75.0625,4221600
1997-04-14,44.87548065185547,74.359375,74.453125,73.3125,73.734375,3988500
1997-04-15,45.63930130004883,75.625,75.640625,74.5,75.25,2760400
1997-04-16,46.1673583984375,76.5,76.609375,75.25,75.375,2273300
1997-04-17,45.978759765625,76.1875,77.0,76.0,76.5,1386000
1997-04-18,46.20504379272461,76.5625,76.984375,76.25,76.8125,1702100
1997-04-21,45.90333938598633,76.0625,76.90625,75.46875,76.75,2809400
1997-04-22,46.91230010986328,77.734375,77.734375,76.0,76.109375,3215000
1997-04-23,46.95945739746094,77.8125,78.03125,77.1875,77.65625,2047700
1997-04-24,46.72370910644531,77.421875,78.28125,76.875,78.046875,2689900
1997-04-25,46.18621826171875,76.53125,77.203125,76.421875,77.0625,1606200
1997-04-28,46.63881301879883,77.28125,77.8125,76.375,76.5,1666500
1997-04-29,48.10983657836914,79.71875,79.78125,78.296875,78.59375,3197400
1997-04-30,48.336158752441406,80.09375,80.6875,79.21875,79.25,3372200
1997-05-01,48.27955627441406,80.0,80.53125,79.3125,80.21875,2149500
1997-05-02,49.1470947265625,81.4375,81.671875,80.0625,80.28125,1448300
1997-05-05,50.31636428833008,83.375,83.5625,81.296875,81.65625,3636200
1997-05-06,50.27864074707031,83.3125,83.46875,82.5,82.96875,1721100
1997-05-07,49.1848258972168,81.5,83.0,81.40625,83.0,2327200
1997-05-08,49.524295806884766,82.0625,83.21875,81.1875,81.3125,2923700
1997-05-09,49.86375427246094,82.625,83.125,81.65625,82.96875,2558200
1997-05-12,50.69356918334961,84.0,84.25,82.875,82.9375,2357900
1997-05-13,50.486114501953125,83.65625,84.09375,83.015625,83.9375,1195100
1997-05-14,50.58040237426758,83.8125,84.5,83.4375,84.234375,2772000
1997-05-15,50.919864654541016,84.375,84.59375,83.515625,83.8125,884100
1997-05-16,50.22211456298828,83.21875,84.3125,83.0,84.125,1934200
1997-05-19,50.37296676635742,83.46875,83.90625,83.0625,83.3125,1375800
1997-05-20,50.976463317871094,84.46875,84.6875,82.75,83.28125,1756400
1997-05-21,50.86331558227539,84.28125,84.984375,83.65625,84.6875,1208000
1997-05-22,50.69356918334961,84.0,84.46875,83.5625,84.375,907600
1997-05-23,51.165069580078125,84.78125,85.21875,84.15625,84.375,644400
1997-05-27,51.372467041015625,85.125,85.53125,84.265625,84.375,1531000
1997-05-28,51.36307144165039,85.109375,85.453125,84.515625,85.125,716700
1997-05-29,51.06132125854492,84.609375,85.25,84.5,85.09375,1282700
1997-05-30,51.391357421875,85.15625,85.5625,83.125,83.21875,2143300
1997-06-02,51.165069580078125,84.78125,85.5,84.71875,85.34375,1479100
1997-06-03,50.99529266357422,84.5,85.4375,84.34375,84.40625,1562100
1997-06-04,50.93873596191406,84.40625,84.75,84.078125,84.53125,1063100
1997-06-05,51.12732696533203,84.71875,85.3125,84.421875,84.59375,1180800
1997-06-06,52.12686538696289,86.375,86.4375,84.59375,84.59375,1511100
1997-06-09,52.390872955322266,86.8125,86.875,86.34375,86.4375,1823400
1997-06-10,52.55119705200195,87.078125,87.40625,86.5,86.84375,1217500
1997-06-11,52.67378616333008,87.28125,87.40625,86.828125,87.0,1673800
1997-06-12,53.69218444824219,88.96875,89.0,87.5625,87.875,4273300
1997-06-13,54.14480209350586,89.71875,90.0,88.90625,89.0625,2132900
1997-06-16,54.163658142089844,89.75,90.0,89.46875,89.75,800400
1997-06-17,54.08822250366211,89.625,90.234375,88.9375,89.4375,2048100
1997-06-18,53.899627685546875,89.3125,89.625,88.96875,89.125,1971900
1997-06-19,54.45597839355469,90.234375,90.5,89.375,89.609375,2029900
1997-06-20,54.27042770385742,89.578125,90.34375,89.5,89.9375,1396900
1997-06-23,52.95462417602539,87.40625,89.90625,87.34375,89.40625,3991500
1997-06-24,54.298828125,89.625,89.875,88.0,88.25,4895100
1997-06-25,53.92019271850586,89.0,90.25,87.9375,89.484375,4708900
1997-06-26,53.65510940551758,88.5625,89.625,87.6875,88.84375,2569900
1997-06-27,53.86338806152344,88.90625,89.71875,88.6875,88.96875,2617900
1997-06-30,53.503658294677734,88.3125,89.46875,87.875,88.90625,2384900
1997-07-01,54.128440856933594,89.34375,89.5625,88.390625,88.5,1749000
1997-07-02,55.01828384399414,90.8125,90.8125,89.21875,89.5625,1961800
1997-07-03,55.77558517456055,92.0625,92.15625,91.46875,91.875,2539100
1997-07-07,55.20761489868164,91.125,92.5,90.90625,92.375,1158600
1997-07-08,55.78507614135742,92.078125,92.1875,91.1875,91.25,3396500
1997-07-09,55.16975402832031,91.0625,92.375,90.03125,92.3125,5390300
1997-07-10,55.41585159301758,91.46875,91.84375,90.484375,91.125,2072200
1997-07-11,55.605201721191406,91.78125,92.1875,91.375,91.59375,2258900
1997-07-14,55.77558517456055,92.0625,92.3125,91.21875,91.890625,3186400
1997-07-15,56.05955505371094,92.53125,92.765625,91.46875,92.3125,2983100
1997-07-16,56.79792404174805,93.75,94.09375,92.890625,93.125,2621300
1997-07-17,56.513954162597656,93.28125,93.8125,92.78125,93.625,1794800
1997-07-18,55.31175231933594,91.296875,93.21875,91.0625,93.015625,3961900
1997-07-21,55.3211784362793,91.3125,91.59375,90.6875,91.28125,3810300
1997-07-22,56.78850555419922,93.734375,93.796875,91.625,91.6875,4243400
1997-07-23,56.74115753173828,93.65625,94.484375,93.53125,93.9375,3204300
1997-07-24,57.006195068359375,94.09375,94.265625,92.6875,93.9375,4152700
1997-07-25,56.96834945678711,94.03125,94.8125,93.625,94.5625,2364800
1997-07-28,56.93047332763672,93.96875,94.5625,93.5,94.25,2794700
1997-07-29,57.11980438232422,94.28125,94.46875,93.421875,93.625,2737100
1997-07-30,57.80136489868164,95.40625,95.625,94.40625,94.5,4839800
1997-07-31,57.74459457397461,95.3125,96.03125,95.03125,95.40625,2138700
1997-08-01,57.51739501953125,94.9375,95.71875,93.8125,95.5,7077700
1997-08-04,57.66886520385742,95.1875,95.546875,94.40625,94.78125,2339500
1997-08-05,57.706703186035156,95.25,95.6875,94.90625,95.09375,1466700
1997-08-06,58.180023193359375,96.03125,96.53125,95.0625,95.4375,2478200
1997-08-07,57.74459457397461,95.3125,96.625,95.125,96.5,3641900
1997-08-08,56.570735931396484,93.375,94.75,92.40625,94.3125,7113100
1997-08-11,56.98726272583008,94.0625,94.28125,92.625,93.75,6355900
1997-08-12,56.078487396240234,92.5625,94.546875,92.46875,94.21875,6132500
1997-08-13,55.90813064575195,92.28125,93.84375,91.46875,93.6875,6982300
1997-08-14,56.11637496948242,92.625,93.3125,91.71875,93.09375,3462700
1997-08-15,54.39350891113281,89.78125,92.125,89.625,92.125,4907100
1997-08-18,55.605201721191406,91.78125,91.78125,89.34375,90.375,5638900
1997-08-19,56.24891662597656,92.84375,92.90625,91.53125,92.21875,3802800
1997-08-20,57.10087966918945,94.25,94.3125,92.609375,92.9375,3564600
1997-08-21,56.09744644165039,92.59375,94.25,92.09375,94.125,5392600
1997-08-22,56.078487396240234,92.5625,92.734375,90.5625,91.0,8087800
1997-08-25,55.870235443115234,92.21875,93.40625,91.84375,92.78125,3888000
1997-08-26,55.046688079833984,90.859375,92.5625,90.703125,92.0,4290000
1997-08-27,55.37801742553711,91.40625,91.96875,90.40625,91.0,5484300
1997-08-28,54.53549575805664,90.015625,91.9375,90.0,91.1875,4287900
1997-08-29,54.753204345703125,90.375,91.109375,89.71875,90.125,2652300
1997-09-02,56.53287887573242,93.3125,93.359375,90.59375,90.6875,7294000
1997-09-03,56.22998809814453,92.8125,94.0,92.75,93.296875,2812500
1997-09-04,56.589683532714844,93.40625,93.71875,92.75,93.0625,2473700
1997-09-05,56.42876052856445,93.140625,94.4375,92.59375,93.96875,3663300
1997-09-08,56.67491149902344,93.546875,94.0,93.3125,93.71875,803500
1997-09-09,56.703277587890625,93.59375,94.28125,92.90625,93.21875,1885200
1997-09-10,55.52948760986328,91.65625,93.5,91.65625,93.125,3623700
1997-09-11,55.24546813964844,91.1875,91.90625,90.25,91.78125,7055900
1997-09-12,56.13530731201172,92.65625,92.96875,90.9375,92.0,6708000
1997-09-15,56.04062271118164,92.5,93.3125,92.1875,92.65625,2060500
1997-09-16,57.44162368774414,94.8125,95.28125,93.03125,93.3125,6979000
1997-09-17,57.44162368774414,94.8125,95.5,94.5,95.375,2220000
1997-09-18,57.68778610229492,95.21875,96.375,94.96875,95.0,5045400
1997-09-19,57.78538131713867,95.03125,95.359375,94.40625,94.65625,1566400
1997-09-22,58.10841369628906,95.5625,96.203125,95.21875,95.5,3259000
1997-09-23,57.84236145019531,95.125,95.703125,94.75,95.5625,1872800
1997-09-24,57.36731719970703,94.34375,96.109375,94.28125,95.375,2793100
1997-09-25,56.96830368041992,93.6875,94.75,93.625,94.25,6327800
1997-09-26,57.44329071044922,94.46875,94.8125,94.1875,94.4375,3995800
1997-09-29,57.994415283203125,95.375,95.5625,94.15625,94.5,2065000
1997-09-30,57.38631820678711,94.375,95.6875,94.375,95.0,4137600
1997-10-01,58.146419525146484,95.625,95.8125,94.78125,95.25,3567500
1997-10-02,58.469451904296875,96.15625,96.1875,95.3125,95.53125,2577500
1997-10-03,58.76398468017578,96.640625,97.75,95.34375,97.46875,6499900
1997-10-06,59.153507232666016,97.28125,97.609375,96.90625,97.3125,2272100
1997-10-07,59.7045783996582,98.1875,98.5,97.203125,97.53125,1832800
1997-10-08,59.28649139404297,97.5,98.375,96.734375,98.359375,4439400
1997-10-09,59.0775260925293,97.15625,97.609375,96.21875,96.78125,3607600
1997-10-10,58.9065055847168,96.875,96.984375,96.25,96.3125,2858100
1997-10-13,58.96349334716797,96.96875,97.546875,96.71875,97.34375,1760300
1997-10-14,58.98249816894531,97.0,97.5,96.1875,97.46875,2235700
1997-10-15,58.849510192871094,96.78125,97.0625,96.28125,96.3125,2601700
1997-10-16,57.91839599609375,95.25,97.5,95.0,97.3125,9488100
1997-10-17,57.329315185546875,94.28125,95.375,93.0,95.015625,8151300
1997-10-20,58.146419525146484,95.625,95.75,94.15625,94.84375,3636400
1997-10-21,59.27703857421875,97.484375,97.5,96.03125,96.21875,5225400
1997-10-22,58.887481689453125,96.84375,97.390625,96.53125,97.34375,4485200
1997-10-23,57.72837829589844,94.9375,95.75,94.28125,94.9375,8054100
1997-10-24,57.15830993652344,94.0,96.15625,93.671875,96.15625,6778700
1997-10-27,53.01587677001953,87.1875,93.9375,86.84375,93.015625,10840700
1997-10-28,56.075157165527344,92.21875,92.875,84.375,84.375,19548000
1997-10-29,55.92314147949219,91.96875,93.75,91.28125,92.5,10134400
1997-10-30,54.688053131103516,89.9375,92.5625,89.75,90.625,9772900
1997-10-31,55.980167388916016,92.0625,92.5,90.4375,91.8125,7072700
1997-11-03,57.15830993652344,94.0,94.375,92.875,93.1875,5548500
1997-11-04,57.15830993652344,94.0,94.4375,93.28125,93.875,3455700
1997-11-05,57.348323822021484,94.3125,95.28125,93.84375,94.1875,4774900
1997-11-06,57.12981033325195,93.953125,94.34375,93.5,94.03125,3679800
1997-11-07,56.51222610473633,92.9375,93.25,91.4375,92.375,10606800
1997-11-10,56.170196533203125,92.375,93.84375,92.0,93.625,4347900
1997-11-11,56.18919372558594,92.40625,93.0625,92.03125,92.6875,3212400
1997-11-12,55.03004837036133,90.5,92.71875,90.375,91.625,6775300
1997-11-13,55.82818603515625,91.8125,92.15625,90.09375,91.46875,8589600
1997-11-14,56.5882453918457,93.0625,93.390625,91.609375,92.3125,5827900
1997-11-17,57.63334274291992,94.78125,95.3125,94.03125,94.375,5149900
1997-11-18,57.27230453491211,94.1875,95.09375,93.890625,94.8125,3433600
1997-11-19,57.55739212036133,94.65625,95.0625,92.75,93.6875,4387900
1997-11-20,58.431434631347656,96.09375,96.53125,95.28125,95.3125,4822700
1997-11-21,58.83049011230469,96.75,96.8125,95.65625,96.625,5436500
1997-11-24,57.76636505126953,95.0,96.34375,94.625,96.0,4337200
1997-11-25,57.91839599609375,95.25,95.8125,94.65625,95.625,4525000
1997-11-26,58.08940505981445,95.53125,95.984375,95.3125,95.875,2681100
1997-11-28,58.146419525146484,95.625,96.25,95.59375,95.75,1564700
1997-12-01,59.64754104614258,98.09375,98.09375,96.03125,96.21875,4850900
1997-12-02,59.28649139404297,97.5,97.984375,97.25,97.6875,1974900
1997-12-03,59.45755386352539,97.78125,98.53125,96.875,97.625,3302500
1997-12-04,59.400569915771484,97.6875,98.71875,97.375,98.5,2872500
1997-12-05,60.160621643066406,98.9375,99.0,97.125,97.375,3458800
1997-12-08,59.989601135253906,98.65625,99.0,98.25,98.96875,2289200
1997-12-09,59.628536224365234,98.0625,98.59375,97.625,98.21875,1703000
1997-12-10,59.11551284790039,97.21875,97.84375,96.46875,97.5625,3558400
1997-12-11,58.10841369628906,95.5625,96.59375,95.3125,96.3125,5072800
1997-12-12,58.222450256347656,95.75,96.5,94.90625,96.4375,4478400
1997-12-15,58.81148910522461,96.71875,97.109375,95.875,96.25,4674700
1997-12-16,59.172542572021484,97.3125,97.8125,96.875,97.21875,2885800
1997-12-17,58.868492126464844,96.8125,97.875,96.703125,97.84375,2236300
1997-12-18,58.298423767089844,95.875,96.9375,95.21875,96.9375,4658300
1997-12-19,57.86268615722656,94.78125,95.875,92.375,94.53125,8556000
1997-12-22,58.23467254638672,95.390625,95.90625,94.5625,95.4375,5136800
1997-12-23,57.19496536254883,93.6875,95.625,93.53125,95.4375,4436500
1997-12-24,57.023250579833984,93.40625,94.4375,93.25,94.4375,2019200
1997-12-26,57.252220153808594,93.78125,94.125,93.40625,94.125,941800
1997-12-29,58.37778091430664,95.625,95.71875,94.4375,94.59375,2080000
1997-12-30,59.293514251708984,97.125,97.25,95.84375,95.9375,3616000
1997-12-31,59.25535202026367,97.0625,97.625,96.6875,96.875,4359500
1998-01-02,59.56061935424805,97.5625,97.65625,96.53125,97.3125,2360900
1998-01-05,59.694156646728516,97.78125,98.4375,96.78125,97.84375,4191800
1998-01-06,58.740257263183594,96.21875,97.28125,96.1875,97.25,3154900
1998-01-07,58.892860412597656,96.46875,96.71875,95.21875,96.09375,4424200
1998-01-08,58.37778091430664,95.625,96.3125,95.375,96.3125,3831000
1998-01-09,56.35553741455078,92.3125,95.5,91.90625,95.25,10258800
1998-01-12,57.38573455810547,94.0,94.1875,90.90625,91.125,12097900
1998-01-13,58.18702697753906,95.3125,95.375,94.21875,94.625,5224900
1998-01-14,58.45412826538086,95.75,95.96875,94.71875,95.6875,3770400
1998-01-15,57.96760559082031,94.953125,95.75,94.8125,95.5,2875400
1998-01-16,58.7974853515625,96.3125,96.6875,95.65625,96.25,4374800
1998-01-20,59.751373291015625,97.875,98.015625,96.5,96.6875,5091700
1998-01-21,59.17903518676758,96.9375,97.6875,96.15625,97.21875,4699400
1998-01-22,58.65440368652344,96.078125,96.875,95.875,96.15625,4543400
1998-01-23,58.56855010986328,95.9375,96.78125,95.0,96.5,6350300
1998-01-26,58.530399322509766,95.875,96.734375,95.40625,96.375,4362900
1998-01-27,59.12179183959961,96.84375,97.5,95.65625,95.8125,7044200
1998-01-28,59.65598678588867,97.71875,98.109375,97.1875,97.40625,4268600
1998-01-29,59.98032760620117,98.25,99.5625,97.5625,97.84375,8007700
1998-01-30,60.0184440612793,98.3125,98.96875,98.0,98.78125,3649100
1998-02-02,61.0104866027832,99.9375,100.5,99.75,99.90625,5756300
1998-02-03,61.468379974365234,100.6875,100.8125,99.71875,100.0,2759600
1998-02-04,61.39206314086914,100.5625,101.15625,99.9375,100.28125,3374000
1998-02-05,61.353878021240234,100.5,101.59375,100.03125,101.3125,5076200
1998-02-06,62.04069900512695,101.625,101.625,100.6875,101.0,5701200
1998-02-09,61.83087921142578,101.28125,101.75,100.71875,101.71875,2322200
1998-02-10,62.42229080200195,102.25,102.46875,101.1875,101.4375,3660400
1998-02-11,62.36505126953125,102.15625,102.34375,101.703125,102.09375,4073200
1998-02-12,62.632110595703125,102.59375,102.9375,100.875,101.71875,5024700
1998-02-13,62.269630432128906,102.0,102.515625,101.875,102.1875,2101300
1998-02-17,62.57487869262695,102.5,103.09375,102.15625,102.8125,3055500
1998-02-18,63.14722442626953,103.4375,103.484375,102.28125,102.3125,3007400
1998-02-19,62.813331604003906,102.890625,103.40625,102.75,103.25,3387800
1998-02-20,63.28074645996094,103.65625,103.71875,102.375,103.15625,3707000
1998-02-23,63.52875900268555,104.0625,104.25,103.34375,104.25,3227800
1998-02-24,63.03274154663086,103.25,104.09375,102.9375,103.90625,3386800
1998-02-25,63.81492233276367,104.53125,104.875,103.625,103.75,3481800
1998-02-26,64.17744445800781,105.125,105.21875,104.1875,104.4375,3187600
1998-02-27,64.17744445800781,105.125,105.53125,104.53125,104.96875,3442900
1998-03-02,64.0439224243164,104.90625,105.75,104.625,105.25,4252300
1998-03-03,64.40632629394531,105.5,105.625,104.53125,104.53125,3349200
1998-03-04,63.986637115478516,104.8125,105.40625,104.4375,105.09375,4404100
1998-03-05,63.39521026611328,103.84375,104.4375,103.15625,103.5,7268000
1998-03-06,64.67341613769531,105.9375,105.9375,104.4375,104.5625,6896300
1998-03-09,64.44451141357422,105.5625,106.21875,105.25,105.53125,3362800
1998-03-10,65.05496978759766,106.5625,106.84375,105.9375,106.21875,5481900
1998-03-11,65.36019897460938,107.0625,107.3125,106.78125,106.96875,3439600
1998-03-12,65.6272964477539,107.5,107.59375,106.5,107.09375,3191300
1998-03-13,65.37931823730469,107.09375,108.0,106.875,107.84375,2879400
1998-03-16,66.08521270751953,108.25,108.375,107.53125,107.84375,3223600
1998-03-17,66.2759780883789,108.5625,108.5625,107.65625,108.3125,4581900
1998-03-18,66.52400970458984,108.96875,108.96875,108.03125,108.25,1944100
1998-03-19,66.6956787109375,109.25,109.375,108.65625,108.96875,2554800
1998-03-20,67.26995086669922,109.875,110.1875,108.875,109.5625,3123300
1998-03-23,67.11691284179688,109.625,110.3125,109.40625,109.71875,4453100
1998-03-24,67.69088745117188,110.5625,110.8125,109.9375,110.0625,3333600
1998-03-25,67.44215393066406,110.15625,111.53125,109.1875,111.40625,4597600
1998-03-26,67.40389251708984,110.09375,110.75,109.625,109.875,3333500
1998-03-27,67.11691284179688,109.625,110.78125,109.0,110.75,2611300
1998-03-30,67.07862854003906,109.5625,110.09375,108.96875,109.625,3108700
1998-03-31,67.3082046508789,109.9375,111.1875,109.75,110.15625,5926500
1998-04-01,67.85350799560547,110.828125,111.078125,109.40625,110.3125,2929000
1998-04-02,68.59010314941406,112.03125,112.25,110.75,110.9375,3920900
1998-04-03,68.93448638916016,112.59375,112.8125,111.84375,112.34375,3787600
1998-04-06,68.37963104248047,111.6875,113.375,111.6875,113.25,4550500
1998-04-07,67.92046356201172,110.9375,111.9375,110.15625,111.75,5583700
1998-04-08,67.53783416748047,110.3125,111.28125,109.75,111.21875,4854800
1998-04-09,68.07351684570312,111.1875,111.28125,110.53125,110.5625,4481200
1998-04-13,67.88219451904297,110.875,111.375,110.0,111.375,4350200
1998-04-14,68.45614624023438,111.8125,111.8125,110.90625,111.125,3279100
1998-04-15,68.64749145507812,112.125,112.125,111.15625,111.96875,3867200
1998-04-16,67.84391021728516,110.8125,111.5,110.5,111.3125,7177900
1998-04-17,68.74314880371094,112.28125,112.4375,110.4375,110.71875,5688800
1998-04-20,68.7240219116211,112.25,112.5625,111.875,112.0,3688300
1998-04-21,69.04928588867188,112.78125,113.15625,111.90625,112.4375,4573200
1998-04-22,69.24059295654297,113.09375,113.4375,112.8125,112.875,2386100
1998-04-23,68.57096099853516,112.0,113.0,111.75,112.625,5062000
1998-04-24,67.84391021728516,110.8125,112.46875,110.34375,111.75,11039700
1998-04-27,66.56205749511719,108.71875,109.6875,107.625,109.375,14510200
1998-04-28,66.46638488769531,108.5625,109.8125,108.125,109.78125,6511400
1998-04-29,66.92555236816406,109.3125,109.96875,108.4375,109.03125,7703100
1998-04-30,68.16919708251953,111.34375,111.921875,110.40625,110.5625,8684500
1998-05-01,68.93448638916016,112.59375,112.59375,111.3125,111.75,4008800
1998-05-04,68.76226043701172,112.3125,113.3125,112.15625,112.71875,4537200
1998-05-05,68.28399658203125,111.53125,112.15625,111.125,112.0,5146400
1998-05-06,67.48042297363281,110.21875,112.125,110.1875,112.125,5526100
1998-05-07,66.9447021484375,109.34375,110.5625,109.34375,110.5,6940400
1998-05-08,68.03524780273438,111.125,111.375,110.0,110.0,7951000
1998-05-11,67.8056411743164,110.75,112.21875,110.375,111.5625,6336300
1998-05-12,68.53270721435547,111.9375,111.96875,110.34375,110.8125,6045200
1998-05-13,68.70486450195312,112.21875,112.5625,111.59375,112.0625,4441500
1998-05-14,68.3604965209961,111.65625,112.6875,111.34375,111.53125,4187500
1998-05-15,67.97785949707031,111.03125,112.21875,110.8125,112.0,6716100
1998-05-18,67.70994567871094,110.59375,111.59375,109.828125,110.71875,4847200
1998-05-19,68.16919708251953,111.34375,111.6875,110.78125,111.0,5918700
1998-05-20,68.81968688964844,112.40625,112.5,110.875,112.09375,5716600
1998-05-21,68.37963104248047,111.6875,112.78125,111.3125,112.375,6301500
1998-05-22,68.11177825927734,111.25,112.0625,110.9375,111.75,4862200
1998-05-26,67.02123260498047,109.46875,112.09375,109.1875,112.09375,6899300
1998-05-27,67.11691284179688,109.625,109.90625,107.578125,108.53125,10202600
1998-05-28,67.42304229736328,110.125,110.375,109.0625,109.875,4907600
1998-05-29,66.75337982177734,109.03125,110.8125,109.03125,110.625,4772600
1998-06-01,67.05948638916016,109.53125,110.21875,108.5625,108.96875,6092200
1998-06-02,67.11691284179688,109.625,110.34375,109.15625,110.0,6701100
1998-06-03,66.04544067382812,107.875,110.1875,107.875,109.875,6445100
1998-06-04,67.26995086669922,109.875,110.0625,108.0625,108.25,6566300
1998-06-05,68.57096099853516,112.0,112.0,109.875,110.375,8463200
1998-06-08,68.49442291259766,111.875,112.46875,111.65625,111.9375,4159900
1998-06-09,68.70486450195312,112.21875,112.421875,111.40625,111.71875,2725300
1998-06-10,68.26483154296875,111.5,113.0625,111.25,111.625,6186900
1998-06-11,66.98294830322266,109.40625,111.875,109.375,111.4375,8056600
1998-06-12,67.6143569946289,110.4375,110.4375,108.25,109.875,9779000
1998-06-15,65.83499908447266,107.53125,109.90625,107.5,108.8125,10234200
1998-06-16,66.84900665283203,109.1875,109.21875,107.75,108.40625,7471500
1998-06-17,68.2457046508789,111.46875,111.78125,109.9375,110.15625,12057700
1998-06-18,67.93956756591797,110.96875,111.4375,110.75,111.1875,3844600
1998-06-19,67.59915161132812,110.0625,111.234375,109.625,111.0625,3549100
1998-06-22,67.92546081542969,110.59375,111.0625,110.0625,110.25,5438300
1998-06-23,68.73157501220703,111.90625,112.0625,111.0,111.09375,5004600
1998-06-24,69.65289306640625,113.40625,113.6875,111.609375,112.15625,8291900
1998-06-25,69.53775024414062,113.21875,114.4375,112.8125,113.90625,5854800
1998-06-26,69.82563781738281,113.6875,113.84375,113.125,113.3125,4833100
1998-06-29,70.07514953613281,114.09375,114.6875,113.796875,114.25,5953400
1998-06-30,69.59529113769531,113.3125,114.1875,113.0625,113.90625,4284800
1998-07-01,70.40139770507812,114.625,114.9375,113.625,114.0625,3489500
1998-07-02,70.53577423095703,114.84375,114.875,114.25,114.71875,3503900
1998-07-06,71.24593353271484,116.0,116.0,114.5625,114.78125,3144400
1998-07-07,71.1115493774414,115.78125,116.125,115.28125,115.984375,4920700
1998-07-08,71.6297607421875,116.625,116.9375,115.75,115.875,6875000
1998-07-09,71.14997863769531,115.84375,116.71875,115.625,116.28125,6942500
1998-07-10,71.5338134765625,116.46875,116.9375,115.0625,116.03125,7849700
1998-07-13,71.55300903320312,116.5,116.84375,116.0625,116.5625,6555100
1998-07-14,72.35916137695312,117.8125,118.15625,116.9375,116.9375,6983600
1998-07-15,72.22478485107422,117.59375,118.28125,117.53125,118.0625,4977500
1998-07-16,72.72383880615234,118.40625,118.59375,117.0625,117.6875,6315600
1998-07-17,72.81977081298828,118.5625,119.0,118.3125,118.625,3539500
1998-07-20,72.81977081298828,118.5625,119.234375,117.9375,118.75,2338400
1998-07-21,71.55300903320312,116.5,119.0,116.28125,119.0,5518600
1998-07-22,71.55300903320312,116.5,116.984375,115.53125,116.34375,10417300
1998-07-23,70.13270568847656,114.1875,116.59375,113.90625,116.3125,15110900
1998-07-24,70.07514953613281,114.09375,115.09375,112.875,114.96875,11540500
1998-07-27,70.57416534423828,114.90625,115.0,112.84375,113.625,9600000
1998-07-28,69.38417053222656,112.96875,114.65625,111.875,114.4375,13693000
1998-07-29,69.11544036865234,112.53125,114.125,112.25,113.71875,7462400
1998-07-30,70.15191650390625,114.21875,114.59375,113.40625,113.625,6821600
1998-07-31,68.6548080444336,111.78125,114.5,111.3125,114.34375,7680500
1998-08-03,68.36688995361328,111.3125,112.421875,111.03125,111.78125,10486500
1998-08-04,65.71823120117188,107.0,112.21875,107.0,112.21875,15091600
1998-08-05,66.62030792236328,108.46875,108.875,105.59375,107.9375,21718400
1998-08-06,66.9082260131836,108.9375,109.5,107.5625,108.125,13084400
1998-08-07,67.02336883544922,109.125,110.59375,108.46875,109.6875,12083800
1998-08-10,66.63951110839844,108.5,109.65625,108.1875,108.75,6273000
1998-08-11,65.64147186279297,106.875,107.4375,105.5,106.78125,14287100
1998-08-12,66.75469207763672,108.6875,108.875,107.5,107.75,11158400
1998-08-13,65.94852447509766,107.375,109.65625,107.375,108.8125,9073900
1998-08-14,65.18081665039062,106.125,108.71875,105.78125,108.34375,8628500
1998-08-17,66.56272888183594,108.375,108.9375,105.5,106.0,11290000
1998-08-18,67.7911376953125,110.375,110.59375,108.78125,109.0,7603900
1998-08-19,67.61836242675781,110.09375,111.09375,109.625,111.09375,6258600
1998-08-20,67.21533203125,109.4375,110.40625,109.15625,109.6875,7402800
1998-08-21,66.67789459228516,108.5625,108.71875,105.5,108.1875,16685400
1998-08-24,67.10013580322266,109.25,109.9375,108.3125,109.25,7201700
1998-08-25,67.25372314453125,109.5,111.25,108.640625,110.375,9688300
1998-08-26,66.86984252929688,108.875,109.625,107.75,108.28125,9339700
1998-08-27,63.722103118896484,103.75,107.5625,103.46875,107.0,24887800
1998-08-28,63.49177169799805,103.375,105.71875,102.15625,104.96875,23735900
1998-08-31,58.96214294433594,96.0,104.015625,95.0,103.75,22563100
1998-09-01,61.45726776123047,100.0625,100.5625,93.625,96.0625,24748500
1998-09-02,61.01580810546875,99.34375,101.75,98.78125,99.8125,13843200
1998-09-03,60.535987854003906,98.5625,99.375,96.75,97.625,17311300
1998-09-04,60.03697967529297,97.75,99.8125,95.75,99.4375,17783800
1998-09-08,63.261474609375,103.0,103.0,99.8125,100.875,14746500
1998-09-09,61.725990295410156,100.5,103.125,100.4375,102.75,12109700
1998-09-10,60.49760818481445,98.5,99.34375,96.8125,98.4375,19889300
1998-09-11,62.45535659790039,101.6875,101.6875,97.0,98.1875,20379800
1998-09-14,63.53015899658203,103.4375,104.453125,102.09375,102.875,10686800
1998-09-15,63.91404342651367,104.0625,104.3125,102.28125,102.875,8337900
1998-09-16,64.48983764648438,105.0,105.25,103.15625,104.75,11024900
1998-09-17,62.64727783203125,102.0,103.03125,101.78125,102.25,12945200
1998-09-18,62.92634963989258,102.09375,102.40625,101.09375,102.375,7019200
1998-09-21,62.88783264160156,102.03125,103.40625,98.9375,99.625,8834600
1998-09-22,63.40785217285156,102.875,103.65625,102.15625,103.5,7270100
1998-09-23,65.9503173828125,107.0,107.0,103.78125,103.875,13688500
1998-09-24,64.3323745727539,104.375,106.8125,103.25,106.3125,11129500
1998-09-25,64.25538635253906,104.25,105.421875,102.625,103.125,10247400
1998-09-28,64.83317565917969,105.1875,106.3125,104.25,105.3125,8847800
1998-09-29,64.67909240722656,104.9375,105.9375,103.375,105.375,10618100
1998-09-30,62.71445083618164,101.75,104.3125,101.375,103.5,7908400
1998-10-01,60.903907775878906,98.8125,101.546875,98.09375,100.03125,13335600
1998-10-02,62.07884216308594,100.71875,100.875,97.21875,98.875,14351800
1998-10-05,60.82686996459961,98.6875,99.96875,96.34375,99.59375,12807200
1998-10-06,60.76908493041992,98.59375,101.28125,97.53125,100.75,12621000
1998-10-07,59.86380386352539,97.125,100.03125,95.75,98.625,14348500
1998-10-08,59.53634262084961,96.59375,96.75,92.21875,94.5625,20625000
1998-10-09,60.73057556152344,98.53125,98.78125,94.0625,97.0,12708500
1998-10-12,61.616573333740234,99.96875,101.4375,99.6875,100.625,9508500
1998-10-13,61.40470504760742,99.625,100.40625,98.75,99.5625,6256800
1998-10-14,61.98253631591797,100.5625,101.8125,98.84375,98.9375,8176900
1998-10-15,65.3147201538086,105.96875,107.25,99.9375,100.125,20541100
1998-10-16,65.33399200439453,106.0,106.75,105.0,106.125,16573900
1998-10-19,65.56510925292969,106.375,106.8125,105.5,105.6875,7915900
1998-10-20,65.9503173828125,107.0,108.796875,106.09375,107.5625,14611600
1998-10-21,65.71917724609375,106.625,107.625,105.875,106.875,9178400
1998-10-22,66.70153045654297,108.21875,108.46875,106.15625,106.78125,8277500
1998-10-23,65.85403442382812,106.84375,108.0,106.78125,107.96875,6237200
1998-10-26,66.3355484008789,107.625,108.46875,106.78125,107.71875,5838600
1998-10-27,65.9503173828125,107.0,108.96875,106.28125,108.4375,10089700
1998-10-28,65.83477783203125,106.8125,107.53125,106.03125,106.5625,5650600
1998-10-29,67.4334487915039,109.40625,109.4375,106.625,107.09375,9625600
1998-10-30,67.7994155883789,110.0,110.90625,109.5,110.125,9872800
1998-11-02,68.95510864257812,111.875,111.875,110.1875,110.8125,6501400
1998-11-03,68.45433044433594,111.0625,111.8125,110.75,111.59375,6866000
1998-11-04,69.18624877929688,112.25,113.09375,111.09375,112.46875,8233600
1998-11-05,70.13003540039062,113.78125,113.9375,111.125,111.53125,6841500
1998-11-06,70.34190368652344,114.125,114.5625,113.3125,113.46875,5224800
1998-11-09,69.84109497070312,113.3125,114.25,112.5,113.9375,6188700
1998-11-10,69.64848327636719,113.0,113.9375,112.25,113.0,14015200
1998-11-11,69.18624877929688,112.25,114.0,111.890625,113.8125,10922400
1998-11-12,69.10916137695312,112.125,113.125,111.6875,112.3125,5457400
1998-11-13,69.78331756591797,113.21875,113.21875,112.125,112.21875,5524600
1998-11-16,70.3033676147461,114.0625,114.359375,112.890625,114.21875,6023700
1998-11-17,70.3033676147461,114.0625,115.625,113.0,113.65625,9058900
1998-11-18,70.72708892822266,114.75,115.0,113.5,114.3125,4567700
1998-11-19,71.34346771240234,115.75,115.90625,114.625,115.28125,5249300
1998-11-20,71.88278198242188,116.625,116.75,115.84375,116.359375,5562000
1998-11-23,73.57776641845703,119.375,119.625,117.15625,117.46875,7151300
1998-11-24,73.11549377441406,118.625,119.65625,118.453125,119.0,5323700
1998-11-25,73.11549377441406,118.625,119.1875,118.21875,118.9375,4393500
1998-11-27,73.65483856201172,119.5,119.71875,119.015625,119.46875,4557900
1998-11-30,71.57461547851562,116.125,119.375,116.125,119.015625,8705400
1998-12-01,72.49911499023438,117.625,118.03125,115.21875,116.125,8950600
1998-12-02,72.28728485107422,117.28125,117.90625,116.0,117.21875,7495500
1998-12-03,71.09307098388672,115.34375,118.3125,115.09375,117.25,12145300
1998-12-04,72.96139526367188,118.375,118.5,116.5,116.625,10339500
1998-12-07,73.30809020996094,118.9375,119.46875,118.0,118.0625,4290000
1998-12-08,72.98068237304688,118.40625,119.75,117.5,118.53125,10102600
1998-12-09,73.11549377441406,118.625,118.96875,117.875,118.6875,5327900
1998-12-10,72.04651641845703,116.890625,118.84375,116.71875,118.84375,5966600
1998-12-11,72.19097137451172,117.125,117.34375,115.5625,116.4375,8198200
1998-12-14,70.11076354980469,113.75,116.40625,113.75,116.15625,9521400
1998-12-15,71.92131805419922,116.6875,116.75,114.53125,114.6875,9631500
1998-12-16,71.82501220703125,116.53125,117.125,115.75,117.125,7260000
1998-12-17,72.97103881835938,118.390625,118.59375,117.03125,117.21875,6914700
1998-12-18,73.28108978271484,118.5,119.125,117.875,118.3125,4802400
1998-12-21,74.30533599853516,120.15625,121.34375,119.0,119.25,8580700
1998-12-22,74.63384246826172,120.6875,121.21875,119.1875,120.40625,5461100
1998-12-23,76.19921875,123.21875,123.21875,120.8125,121.1875,7791000
1998-12-24,75.87066650390625,122.6875,123.25,122.5,123.15625,1507100
1998-12-28,75.67742919921875,122.375,123.3125,122.0,123.25,4203600
1998-12-29,76.8756103515625,124.3125,124.484375,122.125,122.71875,3935800
1998-12-30,76.25718688964844,123.3125,124.75,123.03125,123.9375,6810700
1998-12-31,76.25718688964844,123.3125,123.9375,122.46875,123.3125,6790500
1999-01-04,76.08329772949219,123.03125,125.21875,121.71875,123.375,9450400
1999-01-05,76.95289611816406,124.4375,124.875,122.9375,122.9375,8031000
1999-01-06,78.80810546875,127.4375,127.75,125.75,125.8125,7737700
1999-01-07,78.42159271240234,126.8125,127.21875,125.78125,126.375,5504900
1999-01-08,79.0013427734375,127.75,128.5,125.96875,128.1875,6224400
1999-01-11,78.24771118164062,126.53125,127.6875,125.21875,127.6875,7578300
1999-01-12,76.83692932128906,124.25,126.21875,123.75,126.21875,7768800
1999-01-13,76.29580688476562,123.375,125.125,120.375,120.40625,10810600
1999-01-14,74.9624252319336,121.21875,123.90625,120.90625,123.625,11400700
1999-01-15,76.91424560546875,124.375,124.78125,122.0625,122.375,7817700
1999-01-19,77.41670227050781,125.1875,125.625,123.5,125.296875,6535100
1999-01-20,78.03507232666016,126.1875,127.9375,125.03125,126.09375,6534400
1999-01-21,75.96729278564453,122.84375,125.84375,122.59375,125.578125,6937500
1999-01-22,75.79340362548828,122.5625,123.84375,121.78125,122.125,7522300
1999-01-25,76.56636810302734,123.8125,124.0,121.90625,123.28125,5700300
1999-01-26,77.95781707763672,126.0625,126.0625,123.625,124.125,6047000
1999-01-27,77.04951477050781,124.59375,126.625,124.15625,126.375,7399400
1999-01-28,78.34428405761719,126.6875,126.96875,125.1875,125.25,5961700
1999-01-29,78.94335174560547,127.65625,128.296875,125.40625,127.34375,6456800
1999-02-01,78.4795913696289,126.90625,128.6875,126.90625,128.6875,9426800
1999-02-02,77.9964599609375,126.125,127.21875,124.765625,127.078125,9194500
1999-02-03,78.7887954711914,127.40625,127.9375,125.65625,125.6875,10290700
1999-02-04,77.60995483398438,125.5,127.5,124.78125,127.375,7761100
1999-02-05,76.72099304199219,124.0625,125.65625,123.21875,125.65625,7516100
1999-02-08,76.8756103515625,124.3125,125.09375,123.34375,125.09375,8528400
1999-02-09,75.15567779541016,121.53125,124.5,121.515625,124.375,8985700
1999-02-10,75.63876342773438,122.3125,123.0,121.328125,122.125,6936700
1999-02-11,77.37802124023438,125.125,126.09375,122.5,123.0625,9181800
1999-02-12,76.450439453125,123.625,125.5,122.625,124.8125,10676600
1999-02-16,75.98660278320312,122.875,125.625,122.875,124.75,6915500
1999-02-17,75.90934753417969,122.75,125.359375,122.25,123.1875,7858100
1999-02-18,76.50840759277344,123.71875,124.375,122.21875,123.1875,9048900
1999-02-19,76.83692932128906,124.25,125.75,123.375,124.0,5312200
1999-02-22,78.88540649414062,127.5625,127.71875,124.28125,124.4375,10695800
1999-02-23,78.84674835205078,127.5,128.5,126.59375,127.59375,7770700
1999-02-24,77.45536804199219,125.25,128.84375,125.0,127.84375,7271000
1999-02-25,76.72099304199219,124.0625,125.28125,122.6875,124.53125,11633000
1999-02-26,76.41177368164062,123.5625,124.84375,122.8125,124.75,9621300
1999-03-01,76.62435150146484,123.90625,124.3125,122.375,123.65625,7607200
1999-03-02,75.94796752929688,122.8125,125.3125,122.3125,124.5,9651500
1999-03-03,76.35382080078125,123.46875,123.5625,121.78125,123.09375,7881400
1999-03-04,77.32005310058594,125.03125,125.484375,123.265625,124.0625,8256400
1999-03-05,78.87574768066406,127.546875,128.125,126.5625,127.5,10703100
1999-03-08,79.38787841796875,128.375,128.796875,127.25,128.28125,4802200
1999-03-09,79.19462585449219,128.0625,129.9375,127.75,128.125,7893400
1999-03-10,79.89032745361328,129.1875,129.25,127.78125,128.46875,3950000
1999-03-11,80.77925109863281,130.625,131.1875,128.875,129.6875,6583700
1999-03-12,80.00627136230469,129.375,131.03125,129.21875,131.0,5286500
1999-03-15,81.14646911621094,131.21875,131.25,129.5,129.9375,5394400
1999-03-16,80.83724975585938,130.71875,131.65625,130.46875,131.125,4547500
1999-03-17,80.48941040039062,130.15625,130.9375,129.625,130.6875,4524100
1999-03-18,81.7842025756836,132.25,132.375,129.75,129.78125,3506300
1999-03-19,80.39407348632812,129.6875,132.625,129.6875,132.3125,5526700
1999-03-22,80.5489730834961,129.9375,130.59375,129.421875,130.0625,4603800
1999-03-23,78.224365234375,126.1875,129.53125,125.703125,129.3125,9713800
1999-03-24,78.6699447631836,126.90625,127.171875,125.625,126.84375,6280900
1999-03-25,80.2778091430664,129.5,129.5,127.75,128.0625,6639600
1999-03-26,79.69664001464844,128.5625,129.125,127.71875,128.625,6159700
1999-03-29,81.3045425415039,131.15625,131.4375,129.15625,129.15625,5863900
1999-03-30,80.87835693359375,130.46875,131.21875,129.5625,129.9375,5401400
1999-03-31,79.58042907714844,128.375,131.609375,128.3125,131.15625,7413600
1999-04-01,80.18097686767578,129.34375,129.6875,128.125,129.6875,7683600
1999-04-05,82.07940673828125,132.40625,132.59375,130.25,130.9375,5791100
1999-04-06,81.88568878173828,132.09375,132.984375,131.15625,132.1875,5381300
1999-04-07,82.5443344116211,133.15625,133.375,131.375,132.6875,6248600
1999-04-08,83.59042358398438,134.84375,134.9375,132.28125,133.1875,5909100
1999-04-09,83.60977935791016,134.875,135.5,133.59375,134.4375,4365800
1999-04-12,84.50093841552734,136.3125,136.40625,133.21875,133.46875,8213200
1999-04-13,83.95851135253906,135.4375,136.46875,134.5,136.25,10071400
1999-04-14,82.5443344116211,133.15625,136.0625,132.6875,136.0625,11551700
1999-04-15,82.234375,132.65625,133.5625,131.0,133.4375,11150000
1999-04-16,81.53700256347656,131.53125,132.90625,131.1875,132.90625,6476200
1999-04-19,80.2778091430664,129.5,134.53125,128.375,132.6875,12487200
1999-04-20,81.2851333618164,131.125,131.1875,129.0,129.8125,9049600
1999-04-21,83.60977935791016,134.875,135.625,130.40625,131.0625,5772200
1999-04-22,84.404052734375,136.15625,136.375,134.390625,135.125,6897400
1999-04-23,84.19094848632812,135.8125,136.75,135.0,135.875,4593100
1999-04-26,84.67525482177734,136.59375,136.8125,135.46875,136.5,3606500
1999-04-27,85.08209991455078,137.25,137.5,135.84375,137.125,5147200
1999-04-28,83.91975402832031,135.375,137.25,135.0,136.4375,5544300
1999-04-29,83.28050231933594,134.34375,136.0625,133.8125,135.5625,9824300
1999-04-30,82.60247039794922,133.25,135.625,131.5,135.09375,10991900
1999-05-03,84.11345672607422,135.6875,135.84375,133.09375,133.4375,10709700
1999-05-04,82.91239929199219,133.75,135.8125,133.125,135.125,10509300
1999-05-05,83.57105255126953,134.8125,135.0625,131.84375,133.9375,10032300
1999-05-06,83.05770874023438,133.984375,135.125,132.375,134.4375,13507200
1999-05-07,83.68731689453125,135.0,135.125,133.4375,134.5,8680700
1999-05-10,83.27080535888672,134.328125,135.71875,133.53125,134.84375,5580100
1999-05-11,84.11345672607422,135.6875,136.875,134.71875,135.3125,7000600
1999-05-12,84.77210998535156,136.75,137.21875,131.5,135.75,13865800
1999-05-13,85.14019775390625,137.34375,138.0,136.8125,137.25,4485700
1999-05-14,82.93177032470703,133.78125,135.875,133.5,134.5625,8370100
1999-05-17,83.18360137939453,134.1875,134.484375,132.375,133.625,6268100
1999-05-18,83.02861785888672,133.9375,134.984375,132.625,134.53125,8218600
1999-05-19,83.629150390625,134.90625,135.0,133.25,134.46875,5052400
1999-05-20,83.12552642822266,134.09375,135.59375,134.0625,135.125,4670400
1999-05-21,82.66059875488281,133.34375,134.6875,132.59375,134.125,6418200
1999-05-24,81.2851333618164,131.125,133.84375,130.390625,133.84375,7952000
1999-05-25,79.96784973144531,129.0,132.34375,128.4375,131.375,15406400
1999-05-26,80.85897827148438,130.4375,131.0,128.09375,129.3125,12575900
1999-05-27,79.69664001464844,128.5625,130.28125,128.0,129.84375,14515400
1999-05-28,80.71369934082031,130.203125,130.75,128.59375,129.0,8748000
1999-06-01,80.43280792236328,129.75,130.15625,128.375,130.125,6705300
1999-06-02,80.51025390625,129.875,130.1875,128.015625,129.75,6981900
1999-06-03,80.9558334350586,130.59375,130.875,129.78125,130.6875,6076600
1999-06-04,82.58307647705078,133.21875,133.359375,130.9375,131.46875,9787200
1999-06-07,82.79617309570312,133.5625,134.1875,132.90625,133.4375,5299100
1999-06-08,81.98255157470703,132.25,133.796875,131.59375,133.375,4895700
1999-06-09,81.90510559082031,132.125,133.09375,131.8125,132.40625,7409700
1999-06-10,81.1495361328125,130.90625,131.46875,129.59375,131.4375,7040700
1999-06-11,80.47151947021484,129.8125,132.21875,129.09375,131.21875,12824800
1999-06-14,80.5489730834961,129.9375,130.75,129.546875,130.6875,6823500
1999-06-15,81.09143829345703,130.8125,131.65625,130.078125,130.46875,5700900
1999-06-16,82.64122772216797,133.3125,133.875,132.375,132.375,7865800
1999-06-17,83.41609191894531,134.5625,135.5625,132.625,132.875,8162800
1999-06-18,83.51244354248047,134.3125,134.6875,133.375,134.0625,2875100
1999-06-21,83.70677185058594,134.625,135.25,133.65625,134.46875,4646400
1999-06-22,83.12385559082031,133.6875,135.1875,133.5,134.0,5862400
1999-06-23,82.71581268310547,133.03125,133.625,132.125,133.0,9629200
1999-06-24,82.09400939941406,132.03125,132.9375,130.65625,132.875,9176900
1999-06-25,81.88999938964844,131.703125,133.015625,131.25,132.59375,4087000
1999-06-28,82.89066314697266,133.3125,133.625,132.5,132.6875,5028900
1999-06-29,83.66796112060547,134.5625,135.1875,132.78125,133.0,6956200
1999-06-30,85.18348693847656,137.0,137.5,133.84375,134.625,16856100
1999-07-01,85.82470703125,138.03125,138.5,136.0625,137.0,9939500
1999-07-02,86.67961120605469,139.40625,139.5,137.90625,138.125,3772800
1999-07-06,86.66023254394531,139.375,140.75,138.59375,139.25,11221100
1999-07-07,86.77677154541016,139.5625,139.71875,138.515625,139.0625,3230700
1999-07-08,86.84479522705078,139.671875,140.625,138.75,139.0625,7101500
1999-07-09,87.35970306396484,140.5,140.59375,139.5625,140.0,2976800
1999-07-12,86.9710922241211,139.875,140.9375,139.5,140.9375,4436300
1999-07-13,86.66023254394531,139.375,139.921875,138.65625,139.375,6477600
1999-07-14,87.14595031738281,140.15625,140.21875,138.75,140.0,4382500
1999-07-15,87.69972229003906,141.046875,141.375,140.3125,140.78125,3348600
1999-07-16,88.17578887939453,141.8125,142.15625,140.75,141.25,2281500
1999-07-19,87.59288024902344,140.875,142.25,140.5625,142.1875,4287000
1999-07-20,85.79553985595703,137.984375,140.40625,137.53125,140.125,7060100
1999-07-21,85.69837951660156,137.828125,138.90625,137.3125,138.09375,4793700
1999-07-22,84.57145690917969,136.015625,138.0,135.46875,137.4375,7804100
1999-07-23,84.40623474121094,135.75,137.0,135.125,136.65625,4603000
1999-07-26,83.78451538085938,134.75,136.125,134.625,134.875,4333400
1999-07-27,84.4839859008789,135.875,137.203125,135.375,136.0,5908500
1999-07-28,84.75603485107422,136.3125,137.3125,135.59375,136.25,3955500
1999-07-29,83.57076263427734,134.40625,135.25,133.3125,134.9375,7760600
1999-07-30,82.54093933105469,132.75,135.34375,132.5625,134.8125,5994300
1999-08-02,82.73519134521484,133.0625,134.75,132.5,132.75,6065500
1999-08-03,82.34661865234375,132.4375,133.84375,131.375,133.71875,5445400
1999-08-04,81.21965789794922,130.625,133.875,130.4375,132.71875,6497900
1999-08-05,81.9579849243164,131.8125,131.9375,128.84375,130.875,10322000
1999-08-06,81.06419372558594,130.375,132.0,129.5,131.21875,7537700
1999-08-09,80.88934326171875,130.09375,131.796875,129.75,130.59375,5565900
1999-08-10,79.99551391601562,128.65625,130.15625,127.0,129.875,9793300
1999-08-11,80.96704864501953,130.21875,130.53125,128.625,129.6875,8003400
1999-08-12,80.91848754882812,130.140625,131.8125,129.90625,130.6875,7036800
1999-08-13,82.79351806640625,133.15625,133.25,131.125,131.625,5857700
1999-08-16,83.1626968383789,133.75,133.96875,132.25,133.125,3927000
1999-08-17,83.70677185058594,134.625,134.84375,133.125,134.4375,4808000
1999-08-18,83.10440063476562,133.65625,134.375,133.25,134.203125,4355500
1999-08-19,82.42432403564453,132.5625,133.234375,131.6875,132.375,6448100
1999-08-20,83.25984954833984,133.90625,134.125,132.6875,133.0625,3663700
1999-08-23,84.85317993164062,136.46875,136.546875,134.65625,134.8125,5637800
1999-08-24,85.16404724121094,136.96875,137.96875,135.375,136.0625,9279500
1999-08-25,86.0384292602539,138.375,138.78125,136.15625,137.1875,6005300
1999-08-26,85.00859069824219,136.71875,138.421875,136.5,138.28125,4322300
1999-08-27,83.9787826538086,135.0625,137.0625,135.0625,136.875,6247400
1999-08-30,82.42432403564453,132.5625,135.5,132.0,135.34375,4652000
1999-08-31,82.11346435546875,132.0625,133.75,130.875,132.9375,11453700
1999-09-01,83.12385559082031,133.6875,133.734375,132.3125,132.9375,6863900
1999-09-02,82.1426010131836,132.109375,132.671875,130.65625,132.125,10896300
1999-09-03,84.54227447509766,135.96875,136.5,134.6875,134.875,9160800
1999-09-07,84.2314453125,135.46875,136.625,135.21875,136.0625,4560800
1999-09-08,83.8233413696289,134.8125,136.0625,134.03125,134.84375,6159600
1999-09-09,83.78451538085938,134.75,135.25,133.6875,134.75,6177800
1999-09-10,84.4839859008789,135.875,136.359375,134.9375,136.25,2934500
1999-09-13,83.91079711914062,134.953125,135.46875,134.5,135.125,2320500
1999-09-14,83.35697174072266,134.0625,134.5625,133.375,134.0625,3736000
1999-09-15,82.03575897216797,131.9375,135.4375,131.875,135.4375,6984500
1999-09-16,82.35635375976562,132.453125,132.8125,130.3125,132.5,15377600
1999-09-17,83.39690399169922,133.75,133.9375,132.15625,132.625,8542300
1999-09-20,83.2800064086914,133.5625,134.0,133.09375,133.9375,2803900
1999-09-21,81.52633666992188,130.75,132.46875,130.15625,132.25,9335200
1999-09-22,81.43868255615234,130.609375,131.84375,129.75,131.25,13009100
1999-09-23,79.73368072509766,127.875,131.8125,127.625,131.8125,12204100
1999-09-24,79.65576934814453,127.75,128.375,126.3125,127.75,13792900
1999-09-27,80.18184661865234,128.59375,129.75,128.28125,128.75,6970300
1999-09-28,80.0260009765625,128.34375,128.8125,125.5625,127.9375,11063400
1999-09-29,79.07118225097656,126.8125,129.125,126.75,128.4375,7580300
1999-09-30,80.279296875,128.75,129.4375,126.96875,127.4375,7498900
1999-10-01,80.10391235351562,128.46875,128.5625,126.625,127.9375,11127100
1999-10-04,81.52633666992188,130.75,130.875,128.75,129.1875,6341600
1999-10-05,81.44837951660156,130.625,131.96875,128.6875,130.71875,11976000
1999-10-06,82.69547271728516,132.625,132.8125,130.6875,130.75,10308200
1999-10-07,82.22786712646484,131.875,133.0,131.5,132.859375,6535600
1999-10-08,83.47486114501953,133.875,133.875,131.234375,131.75,9674300
1999-10-11,83.33847045898438,133.65625,134.125,133.3125,133.59375,4282000
1999-10-12,82.05244445800781,131.59375,133.3125,131.1875,133.125,8686100
1999-10-13,79.92853546142578,128.1875,131.3125,128.1875,130.6875,10469300
1999-10-14,79.90906524658203,128.15625,129.1875,126.75,128.484375,10562200
1999-10-15,77.86311340332031,124.875,126.75,124.5,126.0,14238700
1999-10-18,78.42820739746094,125.78125,125.9375,123.4375,124.9375,9758800
1999-10-19,79.18805694580078,127.0,128.25,125.9375,127.1875,14392900
1999-10-20,79.96753692626953,128.25,129.46875,127.125,127.75,9759400
1999-10-21,80.43516540527344,129.0,129.0,126.625,127.21875,9105400
1999-10-22,81.11717987060547,130.09375,131.21875,129.5625,129.75,8309600
1999-10-25,80.7079849243164,129.4375,130.46875,128.75,129.3125,8114300
1999-10-26,79.69474792480469,127.8125,130.6875,127.8125,130.1875,6256300
1999-10-27,81.13665008544922,130.125,130.3125,128.25,128.375,5433300
1999-10-28,83.9035873413086,134.5625,134.859375,132.1875,132.4375,10509700
1999-10-29,85.42337799072266,137.0,137.6875,135.71875,135.84375,10988600
1999-11-01,84.52708435058594,135.5625,137.0,135.5625,136.5,4006500
1999-11-02,83.92304992675781,134.59375,137.25,134.59375,135.96875,6516900
1999-11-03,84.48809814453125,135.5,136.375,135.125,136.0,7222300
1999-11-04,85.13114166259766,136.53125,137.359375,135.765625,136.75,7907500
1999-11-05,85.96900177001953,137.875,139.109375,136.78125,138.625,7431500
1999-11-08,86.04692077636719,138.0,138.375,136.75,137.0,4649200
1999-11-09,85.23828125,136.703125,138.6875,136.28125,138.5,4533700
1999-11-10,85.87154388427734,137.71875,138.390625,136.078125,136.25,6405600
1999-11-11,86.35870361328125,138.5,138.5,137.46875,138.1875,4794100
1999-11-12,87.1380844116211,139.75,139.984375,137.125,139.25,11802900
1999-11-15,87.3426742553711,140.078125,140.25,139.40625,139.84375,2187500
1999-11-16,88.0733642578125,141.25,143.0,140.09375,140.5625,7544800
1999-11-17,88.30720520019531,141.625,142.9375,141.3125,142.25,9459000
1999-11-18,88.93074798583984,142.625,143.0,141.625,142.4375,4491000
1999-11-19,88.8527603149414,142.5,142.96875,142.0,142.40625,4832100
1999-11-22,88.83333587646484,142.46875,143.0,141.5,142.4375,4155400
1999-11-23,88.05390167236328,141.21875,142.84375,140.375,142.84375,5918000
1999-11-24,88.5215835571289,141.96875,142.4375,140.0,140.75,4459700
1999-11-26,88.1903076171875,141.4375,142.875,141.25,142.46875,1693900
1999-11-29,87.8785629272461,140.9375,141.921875,140.4375,140.875,7348600
1999-11-30,86.84584045410156,139.28125,142.3125,139.0,140.75,7682000
1999-12-01,87.54730987548828,140.40625,140.5,139.0,139.3125,6980200
1999-12-02,88.0733642578125,141.25,141.375,140.375,140.625,6698300
1999-12-03,89.690673828125,143.84375,145.34375,143.03125,143.03125,10045400
1999-12-06,89.02813720703125,142.78125,143.71875,142.25,143.53125,3138900
1999-12-07,88.30720520019531,141.625,143.3125,141.375,143.28125,10714200
1999-12-08,87.74214935302734,140.71875,142.0625,140.5,141.34375,4611400
1999-12-09,88.1707992553711,141.40625,142.21875,139.375,141.8125,6474700
1999-12-10,88.46308898925781,141.875,142.8125,140.875,142.28125,5127300
1999-12-13,88.61896514892578,142.125,142.71875,141.28125,141.4375,4210800
1999-12-14,87.7616195678711,140.75,142.484375,140.625,141.625,5739000
1999-12-15,88.22926330566406,141.5,142.203125,140.03125,140.375,6879100
1999-12-16,88.61896514892578,142.125,142.65625,141.15625,142.1875,5854900
1999-12-17,89.1881103515625,142.6875,143.3125,142.0625,143.0,4775400
1999-12-20,88.54352569580078,141.65625,143.1875,141.09375,142.5625,4608700
1999-12-21,89.89128112792969,143.8125,144.0625,141.34375,141.59375,7981300
1999-12-22,90.125732421875,144.1875,144.1875,142.96875,143.625,5377500
1999-12-23,91.5613784790039,146.484375,146.484375,145.0,145.015625,5721700
1999-12-27,91.43441009521484,146.28125,146.78125,145.0625,146.5,2691000
1999-12-28,91.37580871582031,146.1875,146.5,145.484375,145.875,4084500
1999-12-29,91.76644897460938,146.8125,146.8125,145.3125,146.3125,3001000
1999-12-30,91.65901947021484,146.640625,147.5625,146.1875,147.125,3641300
1999-12-31,91.80552673339844,146.875,147.5,146.25,146.84375,3172700
2000-01-03,90.90703582763672,145.4375,148.25,143.875,148.25,8164300
2000-01-04,87.3519515991211,139.75,144.0625,139.640625,143.53125,8089800
2000-01-05,87.50828552246094,140.0,141.53125,137.25,139.9375,12177900
2000-01-06,86.10187530517578,137.75,141.5,137.75,139.625,6227200
2000-01-07,91.10235595703125,145.75,145.75,140.0625,140.3125,8066500
2000-01-10,91.41493225097656,146.25,146.90625,145.03125,146.25,5741700
2000-01-11,90.32102966308594,144.5,146.09375,143.5,145.8125,7503700
2000-01-12,89.42249298095703,143.0625,144.59375,142.875,144.59375,6907700
2000-01-13,90.63353729248047,145.0,145.75,143.28125,144.46875,5158300
2000-01-14,91.8641128540039,146.96875,147.46875,145.96875,146.53125,7437300
2000-01-18,91.14137268066406,145.8125,146.625,145.1875,145.34375,6488500
2000-01-19,91.88365173339844,147.0,147.0,145.0,145.3125,6157900
2000-01-20,90.47730255126953,144.75,146.96875,143.8125,146.96875,5800100
2000-01-21,90.28194427490234,144.4375,145.5,144.0625,145.5,6244800
2000-01-24,87.72312927246094,140.34375,145.84375,139.40625,145.65625,7896900
2000-01-25,88.71929168701172,141.9375,141.9375,139.0,140.515625,9942500
2000-01-26,88.01610565185547,140.8125,141.546875,140.09375,141.0,5158100
2000-01-27,87.66450500488281,140.25,142.21875,138.125,141.84375,10922700
2000-01-28,84.92987823486328,135.875,140.0625,135.53125,139.4375,11916200
2000-01-31,87.23478698730469,139.5625,139.671875,135.0,135.8125,10768700
2000-02-01,88.09426879882812,140.9375,141.6875,138.53125,139.75,8419900
2000-02-02,88.17235565185547,141.0625,142.25,140.375,141.28125,6205900
2000-02-03,89.5006103515625,143.1875,143.25,140.0,140.875,7997500
2000-02-04,89.12947082519531,142.59375,144.0,142.125,143.1875,4925400
2000-02-07,88.99273681640625,142.375,142.78125,141.4375,142.5625,5845800
2000-02-08,90.20382690429688,144.3125,144.5625,143.625,143.96875,4936400
2000-02-09,88.30908203125,141.28125,144.46875,141.265625,144.46875,8511500
2000-02-10,88.48492431640625,141.5625,142.5625,140.875,141.625,6690600
2000-02-11,86.68787384033203,138.6875,141.9375,138.03125,141.84375,9849800
2000-02-14,87.1956787109375,139.5,139.78125,138.3125,139.78125,8528800
2000-02-15,88.18218231201172,141.078125,141.21875,137.796875,139.25,11078300
2000-02-16,86.88320922851562,139.0,140.9375,138.796875,140.375,8845400
2000-02-17,86.43392181396484,138.28125,140.4375,138.21875,140.4375,7584200
2000-02-18,84.57826232910156,135.3125,138.875,134.625,138.875,9409200
2000-02-22,84.36339569091797,134.96875,136.34375,133.53125,135.1875,16415400
2000-02-23,85.35958862304688,136.5625,137.46875,134.5,135.625,12119000
2000-02-24,83.64068603515625,133.8125,137.03125,133.09375,136.6875,17375000
2000-02-25,83.33795166015625,133.328125,136.71875,133.125,135.1875,10559900
2000-02-28,85.08617401123047,136.125,136.6875,132.71875,133.375,13397800
2000-02-29,85.90655517578125,137.4375,137.4375,135.75,136.0625,8242500
2000-03-01,86.53160858154297,138.4375,139.0,137.21875,137.625,6868000
2000-03-02,86.59017944335938,138.53125,139.125,137.34375,138.6875,7600200
2000-03-03,88.21145629882812,141.125,141.71875,139.71875,140.4375,12770300
2000-03-06,87.3519515991211,139.75,141.34375,138.75,140.8125,11967100
2000-03-07,85.66233825683594,137.046875,140.15625,135.21875,140.0,20062000
2000-03-08,85.55493927001953,136.875,137.84375,135.03125,136.46875,11808500
2000-03-09,88.05523681640625,140.875,140.875,136.125,137.25,5500900
2000-03-10,87.58642578125,140.125,142.0,139.53125,140.1875,7924600
2000-03-13,86.6292495727539,138.59375,140.46875,135.6875,136.6875,10540500
2000-03-14,85.39866638183594,136.625,140.09375,136.15625,139.28125,8263900
2000-03-15,87.39105987548828,139.8125,140.4375,136.0625,136.875,10300800
2000-03-16,91.47347259521484,146.34375,146.84375,140.875,141.625,25601400
2000-03-17,92.07801055908203,146.9375,148.0,145.4375,145.8125,10272900
2000-03-20,91.6080322265625,146.1875,147.34375,144.78125,146.875,12502300
2000-03-21,93.48802947998047,149.1875,149.75,144.5,145.53125,13612600
2000-03-22,94.05584716796875,150.09375,150.84375,148.6875,149.5625,8260000
2000-03-23,95.66165161132812,152.65625,153.46875,149.15625,149.15625,11654500
2000-03-24,96.22956085205078,153.5625,155.75,151.71875,152.875,11462900
2000-03-27,95.2112808227539,151.9375,153.78125,151.8125,153.375,8798600
2000-03-28,94.66300201416016,151.0625,152.984375,150.59375,151.25,6334400
2000-03-29,94.76082611083984,151.21875,152.484375,149.65625,151.5625,6747500
2000-03-30,93.1746597290039,148.6875,151.921875,147.125,150.15625,9491900
2000-03-31,94.23213958740234,150.375,152.3125,148.4375,149.625,9249100
2000-04-03,94.7804183959961,151.25,151.25,148.6875,150.125,8508200
2000-04-04,94.07546997070312,150.125,153.0,141.390625,151.75,19585500
2000-04-05,93.48802947998047,149.1875,150.8125,147.625,147.875,8387200
2000-04-06,94.3006591796875,150.484375,151.6875,149.0,150.25,6378500
2000-04-07,94.89795684814453,151.4375,152.125,150.5,151.5625,6023600
2000-04-10,94.52584838867188,150.84375,153.109375,150.3125,151.75,9624200
2000-04-11,94.25173950195312,150.40625,151.625,148.375,150.0,9006400
2000-04-12,91.66678619384766,146.28125,151.15625,146.15625,150.375,10779200
2000-04-13,90.39392852783203,144.25,148.15625,143.78125,147.46875,12225800
2000-04-14,85.22409057617188,136.0,142.8125,133.5,142.625,29604000
2000-04-17,88.20061492919922,140.75,140.75,134.6875,135.1875,23918200
2000-04-18,90.53094482421875,144.46875,144.46875,139.78125,140.5625,11069200
2000-04-19,89.68891906738281,143.125,145.125,142.53125,144.5,6553700
2000-04-20,90.11972045898438,143.8125,143.9375,142.375,143.5625,8537600
2000-04-24,89.14061737060547,142.25,143.3125,140.5,141.5,12893100
2000-04-25,92.84172821044922,148.15625,148.15625,144.4375,144.625,14102000
2000-04-26,91.79409790039062,146.484375,148.75,146.0,147.96875,7711100
2000-04-27,91.49055480957031,146.0,147.34375,143.0,143.0,15595300
2000-04-28,90.922607421875,145.09375,147.859375,145.0625,147.0,8743400
2000-05-01,92.15634155273438,147.0625,148.484375,145.84375,146.5625,7328300
2000-05-02,90.31558990478516,144.125,147.125,144.125,145.5,9411900
2000-05-03,88.20061492919922,140.75,144.0,139.78125,144.0,12630700
2000-05-04,88.86646270751953,141.8125,142.359375,140.75,142.0,5963600
2000-05-05,89.9435043334961,143.53125,144.0,140.9375,141.0625,7862400
2000-05-08,89.26790618896484,142.453125,143.375,141.84375,142.75,5064100
2000-05-09,88.55311584472656,141.3125,143.40625,140.265625,143.0625,5620300
2000-05-10,86.55569458007812,138.125,140.96875,137.75,140.5,10293900
2000-05-11,88.53357696533203,141.28125,141.5,139.125,140.125,7091100
2000-05-12,89.49308013916016,142.8125,143.46875,141.625,141.8125,5960800
2000-05-15,91.04013061523438,145.28125,145.609375,142.0,142.75,4441300
2000-05-16,91.92137145996094,146.6875,147.71875,145.3125,146.5625,8192200
2000-05-17,90.9617691040039,145.15625,146.1875,144.46875,145.6875,5907200
2000-05-18,89.84556579589844,143.375,146.3125,143.375,145.625,4325600
2000-05-19,88.43561553955078,141.125,143.234375,140.40625,142.5625,6518400
2000-05-22,87.76980590820312,140.0625,141.46875,137.0,141.25,10839400
2000-05-23,86.47734832763672,138.0,140.8125,137.5625,140.4375,7979200
2000-05-24,87.8873062133789,140.25,140.6875,136.5,138.0,11081500
2000-05-25,86.37943267822266,137.84375,141.8125,137.71875,140.6875,8278900
2000-05-26,86.47734832763672,138.0,139.6875,137.328125,138.8125,4814000
2000-05-30,89.29727935791016,142.5,142.9375,139.46875,140.0,5362700
2000-05-31,89.49308013916016,142.8125,144.0,142.09375,142.5625,6056500
2000-06-01,91.05974578857422,145.3125,145.4375,143.0,143.6875,8961600
2000-06-02,92.64592742919922,147.84375,149.09375,147.484375,148.9375,8962200
2000-06-05,92.19554138183594,147.125,148.21875,146.875,147.46875,6998100
2000-06-06,91.78428649902344,146.46875,147.78125,145.90625,146.625,4858900
2000-06-07,92.42068481445312,147.484375,148.0,146.0,146.625,4919500
2000-06-08,92.05846405029297,146.90625,147.75,146.0625,147.5,5723100
2000-06-09,91.86264038085938,146.59375,147.96875,145.625,147.5,3085300
2000-06-12,90.78558349609375,144.875,146.96875,144.875,146.96875,3678900
2000-06-13,92.4892578125,147.59375,147.75,144.625,144.8125,6558700
2000-06-14,92.64592742919922,147.84375,148.875,147.1875,148.25,6420500
2000-06-15,92.84172821044922,148.15625,148.75,146.84375,148.125,5881200
2000-06-16,92.07890319824219,146.59375,148.3125,145.875,148.3125,5567900
2000-06-19,93.25665283203125,148.46875,149.15625,146.25,146.46875,5106900
2000-06-20,92.9229736328125,147.9375,148.875,147.0,148.1875,6480000
2000-06-21,92.88368225097656,147.875,148.4375,146.890625,146.9375,3115000
2000-06-22,91.4704360961914,145.625,147.6875,145.0,147.5625,7490500
2000-06-23,90.68522644042969,144.375,146.125,143.875,145.8125,4863300
2000-06-26,91.85317993164062,146.234375,146.25,144.875,145.375,5201300
2000-06-27,91.17594146728516,145.15625,146.71875,145.015625,145.984375,4159500
2000-06-28,91.4311294555664,145.5625,146.984375,145.3125,145.625,5347700
2000-06-29,90.56751251220703,144.1875,145.75,143.515625,144.75,6345700
2000-06-30,91.25447082519531,145.28125,145.59375,143.890625,143.9375,7420200
2000-07-03,92.51080322265625,147.28125,147.4375,145.1875,145.4375,1436600
2000-07-05,90.84229278564453,144.625,146.65625,144.375,146.375,2748200
2000-07-06,91.54891967773438,145.75,146.46875,144.21875,144.9375,5963200
2000-07-07,93.02104949951172,148.09375,148.78125,146.25,146.6875,3034800
2000-07-10,92.864013671875,147.84375,148.90625,147.53125,147.875,2816100
2000-07-11,93.06031799316406,148.15625,149.125,147.15625,147.46875,5431600
2000-07-12,93.6688003540039,149.125,150.125,148.6875,149.28125,5883000
2000-07-13,94.08100891113281,149.78125,150.375,149.1875,149.984375,5356000
2000-07-14,95.00360870361328,151.25,151.25,149.671875,150.4375,5341900
2000-07-17,94.8465576171875,151.0,151.984375,150.6875,150.984375,4208300
2000-07-18,94.07121276855469,149.765625,150.625,149.34375,150.625,4262100
2000-07-19,93.31551361083984,148.5625,149.90625,148.25,149.46875,8506800
2000-07-20,94.61104583740234,150.625,150.625,148.8125,149.0,4538900
2000-07-21,92.7658920288086,147.6875,149.75,147.6875,149.75,5656900
2000-07-24,92.23592376708984,146.84375,148.859375,146.5625,148.125,5628500
2000-07-25,92.53035736083984,147.3125,147.84375,146.78125,147.75,4757100
2000-07-26,91.62736511230469,145.875,147.15625,145.640625,146.96875,12062500
2000-07-27,91.31339263916016,145.375,146.625,144.6875,145.9375,7652600
2000-07-28,89.25235748291016,142.09375,145.90625,141.515625,145.71875,6229500
2000-07-31,89.8215560913086,143.0,144.125,142.0625,142.9375,5265500
2000-08-01,90.37117767333984,143.875,144.71875,143.125,143.625,3946600
2000-08-02,90.82262420654297,144.59375,145.40625,143.625,143.875,7439800
2000-08-03,91.4507827758789,145.59375,145.8125,142.625,142.875,4607100
2000-08-04,91.94152069091797,146.375,146.71875,145.40625,146.3125,3686600
2000-08-07,93.04071044921875,148.125,148.4375,146.375,146.71875,4159800
2000-08-08,93.39401245117188,148.6875,148.8125,147.5,147.5,3658700
2000-08-09,92.60887145996094,147.4375,149.21875,147.375,149.140625,5383800
2000-08-10,92.15741729736328,146.71875,147.859375,146.28125,147.53125,4193400
2000-08-11,92.58924865722656,147.40625,148.0,145.5625,146.625,5089400
2000-08-14,93.7669677734375,149.28125,149.5625,147.0625,147.78125,2966700
2000-08-15,93.68848419189453,149.15625,149.8125,148.5625,149.34375,5564600
2000-08-16,93.35478210449219,148.625,149.9375,147.84375,149.3125,5191600
2000-08-17,94.33619689941406,150.1875,150.4375,148.34375,148.6875,5652200
2000-08-18,94.02220153808594,149.6875,150.375,149.21875,150.375,4626400
2000-08-21,94.53250885009766,150.5,150.71875,149.40625,150.03125,2380600
2000-08-22,94.37545776367188,150.25,151.3125,150.09375,150.5625,3075300
2000-08-23,94.74842071533203,150.84375,151.28125,149.28125,149.8125,5483200
2000-08-24,95.0428466796875,151.3125,151.5,150.5,151.15625,4529000
2000-08-25,95.00360870361328,151.25,151.625,150.9375,151.15625,2822200
2000-08-28,95.3274154663086,151.765625,152.90625,151.25,151.25,5518700
2000-08-29,95.34711456298828,151.796875,151.875,150.90625,151.4375,3561900
2000-08-30,94.43434143066406,150.34375,151.5,150.34375,151.3125,3964800
2000-08-31,95.69060516357422,152.34375,153.09375,150.90625,151.0625,4863100
2000-09-01,95.78875732421875,152.5,153.59375,152.0,153.25,3191200
2000-09-05,95.02318572998047,151.28125,152.203125,150.8125,151.875,3470800
2000-09-06,93.94359588623047,149.5625,151.953125,149.53125,151.1875,4322200
2000-09-07,94.74842071533203,150.84375,151.078125,149.828125,150.25,4265500
2000-09-08,94.10067749023438,149.8125,150.5,149.328125,150.28125,3518200
2000-09-11,93.96327209472656,149.59375,151.1875,148.6875,149.75,3937500
2000-09-12,93.2762451171875,148.5,150.25,148.4375,149.75,4769100
2000-09-13,93.52162170410156,148.890625,149.34375,147.65625,148.0,7691600
2000-09-14,93.99270629882812,149.640625,149.9375,148.15625,149.875,3397100
2000-09-15,91.93632507324219,146.0,148.25,146.0,148.1875,4085700
2000-09-18,91.09015655517578,144.65625,146.96875,144.203125,146.375,5109300
2000-09-19,91.91670227050781,145.96875,146.3125,144.703125,145.125,6588200
2000-09-20,91.23782348632812,144.890625,146.03125,143.15625,145.6875,6508100
2000-09-21,89.85044860839844,142.6875,145.5625,142.625,144.46875,5972300
2000-09-22,91.48374938964844,145.28125,145.3125,142.421875,142.625,7791300
2000-09-25,90.8343734741211,144.25,146.0625,143.71875,145.9375,9726300
2000-09-26,89.67337036132812,142.40625,145.0,142.40625,144.375,5302400
2000-09-27,90.14561462402344,143.15625,143.96875,142.125,143.5625,7186200
2000-09-28,91.30664825439453,145.0,146.328125,142.890625,143.1875,7036400
2000-09-29,90.4407958984375,143.625,145.96875,143.625,145.46875,9333600
2000-10-02,90.57858276367188,143.84375,144.90625,143.140625,144.28125,5517800
2000-10-03,89.73238372802734,142.5,145.75,142.28125,144.53125,9347200
2000-10-04,90.48014831542969,143.6875,144.25,141.75,142.875,6148900
2000-10-05,90.7950668334961,144.1875,144.84375,143.3125,143.40625,4566900
2000-10-06,88.8271713256836,141.0625,144.640625,139.75,143.875,10014900
2000-10-09,88.15814208984375,140.0,141.3125,139.375,141.3125,4508000
2000-10-10,86.70196533203125,137.6875,141.25,137.6875,140.09375,6104700
2000-10-11,85.97389221191406,136.53125,138.625,135.125,137.625,10346000
2000-10-12,83.82894134521484,133.125,137.59375,132.78125,137.28125,12336900
2000-10-13,86.62322998046875,137.5625,137.65625,132.875,132.9375,11778800
2000-10-16,87.01681518554688,138.1875,138.234375,136.6875,137.40625,5659000
2000-10-17,84.85224914550781,134.75,138.5625,134.40625,138.4375,7831700
2000-10-18,84.5373764038086,134.25,136.125,130.15625,132.625,10897300
2000-10-19,87.7251968383789,139.3125,139.453125,136.4375,136.84375,8767300
2000-10-20,88.09908294677734,139.90625,141.1875,138.375,138.375,7373500
2000-10-23,88.49269104003906,140.53125,141.03125,138.9375,139.9375,5290000
2000-10-24,87.90235900878906,139.59375,141.9375,139.0,140.96875,5750700
2000-10-25,85.83611297607422,136.3125,139.5625,136.125,138.75,9137600
2000-10-26,86.07223510742188,136.6875,137.65625,134.03125,137.125,9345800
2000-10-27,87.70552062988281,139.28125,139.28125,136.625,137.875,9762900
2000-10-30,88.49269104003906,140.53125,141.09375,138.15625,138.4375,10154100
2000-10-31,90.01771545410156,142.953125,143.6875,140.0625,141.015625,7752400
2000-11-01,89.71269226074219,142.46875,143.25,141.21875,142.25,6753600
2000-11-02,89.8603286743164,142.703125,143.90625,142.515625,143.15625,11395100
2000-11-03,89.90949249267578,142.78125,143.75,142.375,143.46875,5187100
2000-11-06,90.53917694091797,143.78125,144.296875,143.03125,143.15625,4042500
2000-11-07,90.51953125,143.75,144.0,142.5625,143.140625,5231300
2000-11-08,88.51235961914062,140.5625,144.0625,140.5625,144.0625,6123300
2000-11-09,88.17780303955078,140.03125,141.21875,137.25,140.0,10635300
2000-11-10,86.03286743164062,136.625,139.46875,136.53125,139.0,8569500
2000-11-13,85.36384582519531,135.5625,136.984375,133.015625,135.625,17285300
2000-11-14,87.60713958740234,139.125,139.625,137.0,137.46875,7668900
2000-11-15,87.88263702392578,139.5625,140.109375,137.75,139.0625,8837700
2000-11-16,86.5051498413086,137.375,139.875,137.3125,138.578125,6684100
2000-11-17,86.04278564453125,136.640625,139.0,135.75,137.3125,6551100
2000-11-20,84.8128662109375,134.6875,136.375,134.3125,135.75,5458500
2000-11-21,85.24578094482422,135.375,136.1875,133.515625,134.875,7684300
2000-11-22,83.20907592773438,132.140625,134.875,132.125,134.34375,5736900
2000-11-24,84.91119384765625,134.84375,134.96875,133.625,133.625,3411600
2000-11-27,85.65904235839844,136.03125,136.6875,135.3125,136.46875,5992000
2000-11-28,84.18316650390625,133.6875,136.59375,133.640625,135.125,5336100
2000-11-29,84.02576446533203,133.4375,135.90625,133.265625,134.375,6914100
2000-11-30,83.29763793945312,132.28125,133.5,129.75,132.5,11201600
2000-12-01,83.25828552246094,132.21875,134.0625,131.0,133.1875,7587200
2000-12-04,83.96673583984375,133.34375,133.875,131.5,131.875,6996600
2000-12-05,86.72163391113281,137.71875,138.25,134.40625,134.875,8883400
2000-12-06,85.33432006835938,135.515625,138.34375,135.03125,137.78125,12888000
2000-12-07,84.16344451904297,133.65625,135.875,133.65625,134.875,6529100
2000-12-08,84.36023712158203,133.96875,139.46875,133.875,137.0625,10276300
2000-12-11,87.29229736328125,138.625,139.5625,136.71875,137.375,6405600
2000-12-12,86.91840362548828,138.03125,138.8125,137.375,138.1875,5022900
2000-12-13,85.72785949707031,136.140625,139.40625,136.03125,139.25,6070500
2000-12-14,84.6357421875,134.40625,136.5,134.03125,135.875,7678400
2000-12-15,82.72410583496094,130.96875,133.125,130.5625,133.125,9065300
2000-12-18,83.82945251464844,132.71875,133.46875,131.765625,132.0625,7235400
2000-12-19,82.12210083007812,130.015625,134.96875,130.015625,132.46875,9616600
2000-12-20,79.74359893798828,126.25,128.9375,126.09375,128.625,9994300
2000-12-21,80.2962875366211,127.125,128.859375,125.53125,126.0,14331500
2000-12-22,82.70440673828125,130.9375,131.109375,128.84375,129.0,10182900
2000-12-26,83.59259796142578,132.34375,132.34375,130.28125,130.84375,4665300
2000-12-27,84.20448303222656,133.3125,133.734375,131.25,131.75,4854100
2000-12-28,84.46112823486328,133.71875,133.875,132.59375,132.8125,8358700
2000-12-29,82.86231231689453,131.1875,134.28125,131.1875,134.0625,8774600
2001-01-02,81.36213684082031,128.8125,132.15625,127.5625,132.0,8737500
2001-01-03,85.2703857421875,135.0,136.0,127.65625,128.3125,19431600
2001-01-04,84.35259246826172,133.546875,135.46875,133.0,134.9375,9219000
2001-01-05,81.59902954101562,129.1875,133.625,129.1875,133.46875,12911400
2001-01-08,82.2306900024414,130.1875,130.1875,127.6875,129.875,6625300
2001-01-09,82.0135269165039,129.84375,131.5,129.421875,131.046875,5702400
2001-01-10,83.45445251464844,132.125,132.125,128.8125,129.0,8746100
2001-01-11,83.53340911865234,132.25,133.484375,131.09375,131.09375,7245100
2001-01-12,83.37550354003906,132.0,133.71875,131.28125,132.6875,7244000
2001-01-16,83.90843200683594,132.84375,133.1875,131.515625,132.0,8542200
2001-01-17,84.29327392578125,133.453125,135.046875,132.640625,134.84375,7851400
2001-01-18,85.13218688964844,134.78125,135.703125,132.9375,133.4375,8107000
2001-01-19,84.64862823486328,134.015625,136.1875,133.875,136.1875,7782500
2001-01-22,85.21117401123047,134.90625,135.78125,133.5625,134.25,7050900
2001-01-23,85.88227844238281,135.96875,136.65625,134.15625,134.46875,8463100
2001-01-24,86.13890075683594,136.375,137.3125,135.84375,136.25,6199900
2001-01-25,85.9217758178711,136.03125,137.25,135.65625,136.25,10818300
2001-01-26,85.82305145263672,135.875,136.125,134.453125,135.15625,7136800
2001-01-29,86.281005859375,136.60000610351562,136.89999389648438,135.3699951171875,135.5,6705900
2001-01-30,87.03893280029297,137.8000030517578,137.9199981689453,135.7899932861328,136.3000030517578,7069100
2001-01-31,86.54627990722656,137.02000427246094,138.6999969482422,136.60000610351562,137.39999389648438,9706900
2001-02-01,87.1210708618164,137.92999267578125,137.9499969482422,136.25,137.10000610351562,8239100
2001-02-02,85.14407348632812,134.8000030517578,137.99000549316406,134.75,137.39999389648438,8276600
2001-02-05,85.7693862915039,135.7899932861328,135.94000244140625,134.75,134.8000030517578,4352900
2001-02-06,85.51671600341797,135.38999938964844,136.6999969482422,135.22000122070312,135.3000030517578,7106700
2001-02-07,85.07457733154297,134.69000244140625,135.39999389648438,133.67999267578125,134.72000122070312,5748700
2001-02-08,84.08290100097656,133.1199951171875,135.39999389648438,133.10000610351562,134.8000030517578,5943300
2001-02-09,83.27439880371094,131.83999633789062,133.35000610351562,131.25999450683594,133.35000610351562,9913000
2001-02-12,84.22821807861328,133.35000610351562,133.5,131.6999969482422,131.6999969482422,5804400
2001-02-13,83.53972625732422,132.25999450683594,134.1699981689453,132.0,133.6999969482422,6587600
2001-02-14,83.41339111328125,132.05999755859375,132.64999389648438,130.66000366210938,132.64999389648438,8400100
2001-02-15,84.22183990478516,133.33999633789062,133.52000427246094,131.99000549316406,132.83999633789062,5929800
2001-02-16,82.36483764648438,130.39999389648438,131.2899932861328,129.3000030517578,131.0,6434900
2001-02-20,81.09529876708984,128.38999938964844,131.13999938964844,128.10000610351562,131.0399932861328,5760000
2001-02-21,79.34567260742188,125.62000274658203,128.83999633789062,125.5,127.9000015258789,10910800
2001-02-22,79.46565246582031,125.80999755859375,126.54000091552734,123.0199966430664,126.3499984741211,21281600
2001-02-23,78.92877960205078,124.95999908447266,125.54000091552734,121.80000305175781,125.08000183105469,20173000
2001-02-26,80.60892486572266,127.62000274658203,127.62000274658203,124.5,125.80000305175781,11503700
2001-02-27,79.86359405517578,126.44000244140625,127.83999633789062,125.51000213623047,126.80000305175781,11415000
2001-02-28,78.29084777832031,123.94999694824219,126.83999633789062,123.2699966430664,126.75,14825800
2001-03-01,78.701416015625,124.5999984741211,124.5999984741211,121.75,124.05000305175781,14672000
2001-03-02,78.07606506347656,123.61000061035156,125.6500015258789,122.30000305175781,122.5,12564300
2001-03-05,78.78984069824219,124.73999786376953,124.77999877929688,123.80999755859375,124.1500015258789,5293200
2001-03-06,79.63621520996094,126.08000183105469,127.75,125.48999786376953,126.3499984741211,6917000
2001-03-07,80.20469665527344,126.9800033569336,127.04000091552734,125.76000213623047,126.9000015258789,6371700
2001-03-08,80.29310607910156,127.12000274658203,127.23999786376953,126.13999938964844,126.5999984741211,6055000
2001-03-09,77.91817474365234,123.36000061035156,126.0999984741211,123.11000061035156,126.0999984741211,10020300
2001-03-12,74.58320617675781,118.08000183105469,122.5,117.75,122.33999633789062,13972900
2001-03-13,75.80851745605469,120.0199966430664,120.44000244140625,117.52999877929688,119.4000015258789,12888000
2001-03-14,74.31158447265625,117.6500015258789,119.29000091552734,115.75,117.05000305175781,19883400
2001-03-15,74.33052825927734,117.68000030517578,118.86000061035156,117.36000061035156,118.44999694824219,10370300
2001-03-16,72.83964538574219,115.01000213623047,117.4000015258789,114.80999755859375,117.12999725341797,58514600
2001-03-19,74.32161712646484,117.3499984741211,117.69000244140625,114.81999969482422,115.76000213623047,10067800
2001-03-20,72.3266372680664,114.19999694824219,118.45999908447266,114.11000061035156,117.9000015258789,15083900
2001-03-21,71.09798431396484,112.26000213623047,115.26000213623047,111.9000015258789,114.18000030517578,19004600
2001-03-22,70.37594604492188,111.12000274658203,112.5999984741211,108.04000091552734,112.0199966430664,28624800
2001-03-23,72.50394439697266,114.4800033569336,114.66000366210938,111.5,113.25,12861700
2001-03-26,73.42867279052734,115.94000244140625,116.2699966430664,114.7699966430664,115.69999694824219,9943800
2001-03-27,74.92962646484375,118.30999755859375,118.6500015258789,115.27999877929688,115.62000274658203,12880700
2001-03-28,72.85865020751953,115.04000091552734,116.94999694824219,114.9000015258789,116.9000015258789,10953300
2001-03-29,73.1373291015625,115.4800033569336,116.5,112.13999938964844,114.69999694824219,12060300
2001-03-30,73.90364074707031,116.69000244140625,116.69000244140625,114.5,115.55000305175781,9183600
2001-04-02,72.3266372680664,114.19999694824219,117.37999725341797,113.80000305175781,116.30000305175781,10561000
2001-04-03,69.91362762451172,110.38999938964844,114.1500015258789,110.05999755859375,113.9800033569336,12836000
2001-04-04,70.20499420166016,110.8499984741211,112.0999984741211,109.30000305175781,110.56999969482422,14884300
2001-04-05,72.8649673461914,115.05000305175781,115.48999786376953,112.5,113.30000305175781,21522800
2001-04-06,71.75663757324219,113.30000305175781,114.4000015258789,112.05999755859375,113.98999786376953,14937800
2001-04-09,72.55464172363281,114.55999755859375,114.98999786376953,112.77999877929688,114.0,9034300
2001-04-10,73.87834167480469,116.6500015258789,117.75,115.16999816894531,115.44999694824219,17873600
2001-04-11,73.92897033691406,116.7300033569336,118.98999786376953,116.13999938964844,118.77999877929688,12722300
2001-04-12,75.27163696289062,118.8499984741211,118.94000244140625,115.95999908447266,116.30000305175781,9233200
2001-04-16,74.47998809814453,117.5999984741211,118.88999938964844,116.91000366210938,118.29000091552734,7350000
2001-04-17,75.53132629394531,119.26000213623047,119.66000366210938,117.0199966430664,117.30999755859375,10924700
2001-04-18,78.53336334228516,124.0,126.0,120.69000244140625,121.05999755859375,32481600
2001-04-19,79.57830810546875,125.6500015258789,125.83999633789062,123.58000183105469,124.25,13809900
2001-04-20,78.84999084472656,124.5,125.4000015258789,123.66000366210938,124.9000015258789,7626700
2001-04-23,77.41863250732422,122.23999786376953,123.88999938964844,121.91000366210938,123.6500015258789,8451800
2001-04-24,77.0006332397461,121.58000183105469,123.6500015258789,121.0999984741211,122.5199966430664,10044700
2001-04-25,78.00760650634766,123.16999816894531,123.66999816894531,120.94999694824219,121.41999816894531,8249000
2001-04-26,78.3559799194336,123.72000122070312,125.22000122070312,123.5,123.7300033569336,10590400
2001-04-27,79.66064453125,125.77999877929688,125.83999633789062,124.19999694824219,124.91999816894531,7938700
2001-04-30,80.21797943115234,126.66000366210938,127.2699966430664,124.66999816894531,126.44999694824219,10766900
2001-05-01,80.46500396728516,127.05000305175781,127.1500015258789,124.5999984741211,125.06999969482422,10578000
2001-05-02,80.31927490234375,126.81999969482422,127.69000244140625,126.0,127.41000366210938,9572900
2001-05-03,79.29964447021484,125.20999908447266,126.1500015258789,124.22000122070312,126.12999725341797,9926200
2001-05-04,80.64863586425781,127.33999633789062,127.3499984741211,123.44000244140625,123.6500015258789,12145300
2001-05-07,79.9520034790039,126.23999786376953,127.37999725341797,126.2300033569336,126.86000061035156,7185200
2001-05-08,79.91397857666016,126.18000030517578,127.0999984741211,125.55999755859375,126.86000061035156,6952600
2001-05-09,79.57830810546875,125.6500015258789,126.55000305175781,125.05999755859375,125.25,9507400
2001-05-10,79.81263732910156,126.0199966430664,127.5,125.7699966430664,127.26000213623047,6872400
2001-05-11,79.26165771484375,125.1500015258789,126.48999786376953,124.4000015258789,126.0,7734400
2001-05-14,79.41999816894531,125.4000015258789,125.44000244140625,124.45999908447266,124.9000015258789,7914000
2001-05-15,79.78730010986328,125.9800033569336,126.5,124.8499984741211,125.55000305175781,9782200
2001-05-16,81.6683349609375,128.9499969482422,129.1999969482422,124.62000274658203,124.83999633789062,14909000
2001-05-17,81.79496002197266,129.14999389648438,130.0800018310547,128.55999755859375,129.0,11824600
2001-05-18,82.16864776611328,129.74000549316406,129.74000549316406,128.10000610351562,129.08999633789062,6683100
2001-05-21,83.3783187866211,131.64999389648438,131.83999633789062,129.14999389648438,129.83999633789062,11531500
2001-05-22,83.27064514160156,131.47999572753906,132.08999633789062,131.07000732421875,131.8300018310547,8342700
2001-05-23,81.85832977294922,129.25,131.0500030517578,129.25,131.0500030517578,12330800
2001-05-24,82.09898376464844,129.6300048828125,130.0,128.5500030517578,129.47000122070312,7902800
2001-05-25,81.1299819946289,128.10000610351562,129.6999969482422,127.9000015258789,129.64999389648438,7425000
2001-05-29,80.48394012451172,127.08000183105469,128.35000610351562,126.9000015258789,128.22000122070312,9003900
2001-05-30,79.35663604736328,125.30000305175781,127.08999633789062,125.0,126.58999633789062,10041800
2001-05-31,79.76831817626953,125.94999694824219,126.76000213623047,125.26000213623047,125.43000030517578,9874200
2001-06-01,80.2623291015625,126.7300033569336,127.0999984741211,125.12000274658203,126.19999694824219,8848300
2001-06-04,80.64863586425781,127.33999633789062,127.43000030517578,126.08000183105469,126.80000305175781,5623500
2001-06-05,81.57333374023438,128.8000030517578,129.22999572753906,127.2699966430664,127.48999786376953,9115400
2001-06-06,80.89566040039062,127.7300033569336,128.8300018310547,127.36000061035156,128.8300018310547,12064900
2001-06-07,81.18698120117188,128.19000244140625,128.35000610351562,127.0,127.05000305175781,7355300
2001-06-08,80.43330383300781,127.0,127.87000274658203,126.13999938964844,127.69999694824219,8170600
2001-06-11,79.86331939697266,126.0999984741211,126.98999786376953,125.41000366210938,126.70999908447266,7012200
2001-06-12,79.72399139404297,125.87999725341797,126.73999786376953,124.04000091552734,124.86000061035156,9364400
2001-06-13,79.03994750976562,124.80000305175781,126.58000183105469,124.6500015258789,126.16999816894531,7629400
2001-06-14,77.26665496826172,122.0,124.30000305175781,121.75,124.18000030517578,12603000
2001-06-15,77.39109802246094,121.8499984741211,122.4000015258789,120.4000015258789,120.91000366210938,16821100
2001-06-18,77.01642608642578,121.26000213623047,122.44000244140625,120.91000366210938,121.6500015258789,11368300
2001-06-19,77.35301208496094,121.79000091552734,122.88999938964844,120.88999938964844,122.37999725341797,7732300
2001-06-20,77.7594985961914,122.43000030517578,122.86000061035156,121.0999984741211,121.19000244140625,8787200
2001-06-21,78.64232635498047,123.81999969482422,124.30999755859375,122.1500015258789,122.22000122070312,12259100
2001-06-22,78.0262680053711,122.8499984741211,123.58999633789062,122.16000366210938,123.48999786376953,12212000
2001-06-25,77.30856323242188,121.72000122070312,123.44000244140625,121.5,123.27999877929688,8406800
2001-06-26,77.20055389404297,121.55000305175781,122.38999938964844,120.56999969482422,120.9000015258789,8005800
2001-06-27,77.1561508178711,121.4800033569336,122.23999786376953,120.91000366210938,121.5999984741211,10105100
2001-06-28,77.58164978027344,122.1500015258789,123.94000244140625,121.93000030517578,122.0,10269300
2001-06-29,77.8674545288086,122.5999984741211,124.01000213623047,122.26000213623047,122.80000305175781,9824200
2001-07-02,78.8392333984375,124.12999725341797,124.31999969482422,122.62000274658203,122.80000305175781,8522200
2001-07-03,78.8201904296875,124.0999984741211,124.0999984741211,123.05000305175781,123.9800033569336,3303100
2001-07-05,77.28312683105469,121.68000030517578,123.6500015258789,121.66000366210938,123.06999969482422,5517900
2001-07-06,75.61276245117188,119.05000305175781,121.48999786376953,119.05000305175781,121.30999755859375,11665900
2001-07-09,76.02558898925781,119.69999694824219,120.54000091552734,119.19999694824219,119.48999786376953,8339300
2001-07-10,75.11094665527344,118.26000213623047,120.63999938964844,118.20999908447266,120.29000091552734,8630700
2001-07-11,75.18720245361328,118.37999725341797,118.88999938964844,117.08999633789062,118.0999984741211,15328600
2001-07-12,76.97193145751953,121.19000244140625,121.47000122070312,119.30999755859375,119.5,12002800
2001-07-13,77.63882446289062,122.23999786376953,122.31999969482422,120.62000274658203,120.83999633789062,10433800
2001-07-16,76.66707611083984,120.70999908447266,122.27999877929688,120.29000091552734,121.7699966430664,6915300
2001-07-17,77.38477325439453,121.83999633789062,121.94999694824219,119.83000183105469,120.19999694824219,7469800
2001-07-18,76.85762023925781,121.01000213623047,121.63999938964844,120.05999755859375,120.55999755859375,7709300
2001-07-19,77.53085327148438,122.06999969482422,122.9800033569336,120.76000213623047,122.18000030517578,10082900
2001-07-20,77.06722259521484,121.33999633789062,121.94000244140625,120.91999816894531,121.1500015258789,6705800
2001-07-23,75.54924774169922,118.94999694824219,121.87999725341797,118.94999694824219,121.80000305175781,8065200
2001-07-24,74.81884002685547,117.80000305175781,119.19999694824219,116.75,119.0,12269000
2001-07-25,75.6445083618164,119.0999984741211,119.4800033569336,117.45999908447266,117.91999816894531,12088500
2001-07-26,76.43846130371094,120.3499984741211,120.8499984741211,118.55999755859375,119.05999755859375,12898200
2001-07-27,76.7306137084961,120.80999755859375,121.3499984741211,119.91000366210938,120.83000183105469,8478800
2001-07-30,76.7560043334961,120.8499984741211,121.3499984741211,120.30000305175781,121.19000244140625,8547700
2001-07-31,77.07356262207031,121.3499984741211,122.68000030517578,120.80000305175781,121.0,11918100
2001-08-01,77.55626678466797,122.11000061035156,122.69999694824219,121.55000305175781,121.97000122070312,11940800
2001-08-02,77.87382507324219,122.61000061035156,123.25,121.88999938964844,123.2300033569336,11070100
2001-08-03,77.44825744628906,121.94000244140625,122.36000061035156,120.9000015258789,122.36000061035156,10816300
2001-08-06,76.40666198730469,120.30000305175781,121.51000213623047,120.0999984741211,121.3499984741211,8550100
2001-08-07,76.7051773071289,120.7699966430664,121.19999694824219,119.91000366210938,120.2699966430664,8865100
2001-08-08,75.28245544433594,118.52999877929688,121.16000366210938,118.43000030517578,120.12000274658203,15183800
2001-08-09,75.50477600097656,118.87999725341797,118.97000122070312,117.86000061035156,118.69999694824219,14118500
2001-08-10,75.76517486572266,119.29000091552734,119.83999633789062,117.33999633789062,118.80000305175781,11173300
2001-08-13,75.78424835205078,119.31999969482422,119.8499984741211,118.80999755859375,119.5999984741211,7431600
2001-08-14,75.75250244140625,119.2699966430664,120.3499984741211,118.80000305175781,120.13999938964844,13178100
2001-08-15,75.09831237792969,118.23999786376953,119.61000061035156,118.08000183105469,119.2300033569336,8520600
2001-08-16,75.35871887207031,118.6500015258789,118.75,117.0,117.80000305175781,10734700
2001-08-17,74.15196228027344,116.75,117.87000274658203,116.01000213623047,117.6500015258789,11604600
2001-08-20,74.837890625,117.83000183105469,117.9000015258789,116.55000305175781,116.80000305175781,10417400
2001-08-21,73.56124877929688,115.81999969482422,118.54000091552734,115.80000305175781,117.80000305175781,14480800
2001-08-22,74.32342529296875,117.0199966430664,117.43000030517578,115.77999877929688,116.75,11752300
2001-08-23,74.05664825439453,116.5999984741211,117.5199966430664,116.48999786376953,116.95999908447266,8744100
2001-08-24,75.59371185302734,119.0199966430664,119.12999725341797,116.73999786376953,117.20999908447266,11687700
2001-08-27,75.14273071289062,118.30999755859375,119.19999694824219,118.26000213623047,118.97000122070312,7425100
2001-08-28,74.04397583007812,116.58000183105469,118.48999786376953,116.58000183105469,118.27999877929688,12046600
2001-08-29,73.38343811035156,115.54000091552734,117.18000030517578,115.16999816894531,117.12999725341797,16180000
2001-08-30,71.97344207763672,113.31999969482422,115.73999786376953,112.04000091552734,114.8499984741211,17692600
2001-08-31,72.5005874633789,114.1500015258789,114.7699966430664,113.12999725341797,113.4000015258789,15985400
2001-09-04,72.03693389892578,113.41999816894531,116.16999816894531,113.37000274658203,113.8499984741211,24473400
2001-09-05,72.21475982666016,113.69999694824219,114.19000244140625,111.94999694824219,113.69999694824219,21477100
2001-09-06,70.35379791259766,110.7699966430664,113.30000305175781,110.7699966430664,112.6500015258789,21653000
2001-09-07,69.05181121826172,108.72000122070312,111.25,108.62999725341797,110.0199966430664,33133900
2001-09-10,69.89653015136719,110.05000305175781,110.3499984741211,107.69999694824219,107.69999694824219,23408700
2001-09-17,66.24452209472656,104.30000305175781,106.4000015258789,100.0,101.0,32388700
2001-09-18,66.08573913574219,104.05000305175781,105.30000305175781,103.36000061035156,104.33000183105469,22029200
2001-09-19,64.75194549560547,101.94999694824219,104.5,98.55999755859375,104.0999984741211,42771800
2001-09-20,62.694129943847656,98.70999908447266,101.80999755859375,98.55999755859375,100.4000015258789,36210900
2001-09-21,62.0177116394043,97.27999877929688,98.98999786376953,93.80000305175781,94.27999877929688,49782100
2001-09-24,64.19801330566406,100.69999694824219,101.16000366210938,99.05999755859375,99.72000122070312,25549600
2001-09-25,64.86739349365234,101.75,102.0,99.9000015258789,100.75,25466200
2001-09-26,64.63788604736328,101.38999938964844,102.4000015258789,100.43000030517578,102.3499984741211,18587500
2001-09-27,65.19892883300781,102.2699966430664,102.29000091552734,100.0,101.25,20536800
2001-09-28,66.58235931396484,104.44000244140625,109.62000274658203,102.5,102.9800033569336,21687200
2001-10-01,66.47398376464844,104.2699966430664,104.31999969482422,102.83000183105469,103.9000015258789,20457400
2001-10-02,67.30908203125,105.58000183105469,105.58000183105469,103.6500015258789,104.0,19833100
2001-10-03,68.43754577636719,107.3499984741211,107.87999725341797,104.3499984741211,104.5999984741211,32045800
2001-10-04,68.4948959350586,107.44000244140625,108.97000122070312,106.75,108.29000091552734,32674100
2001-10-05,68.36101531982422,107.2300033569336,107.62000274658203,105.5199966430664,107.25,29796100
2001-10-08,67.91471099853516,106.52999877929688,107.30000305175781,105.87000274658203,106.2699966430664,12970300
2001-10-09,67.55133819580078,105.95999908447266,106.75,105.5999984741211,106.61000061035156,15976300
2001-10-10,69.05592346191406,108.31999969482422,108.55000305175781,105.5199966430664,105.80000305175781,19987400
2001-10-11,70.1269760131836,110.0,110.30000305175781,108.94999694824219,108.94999694824219,23006300
2001-10-12,69.8082046508789,109.5,109.88999938964844,107.30000305175781,109.1500015258789,31360500
2001-10-15,69.6806869506836,109.30000305175781,109.44999694824219,108.05999755859375,108.62999725341797,16873000
2001-10-16,70.12056732177734,109.98999786376953,110.61000061035156,108.94999694824219,109.80000305175781,15877100
2001-10-17,68.6287841796875,107.6500015258789,111.1500015258789,107.6500015258789,111.06999969482422,28542300
2001-10-18,68.48212432861328,107.41999816894531,108.16000366210938,106.75,107.81999969482422,16510000
2001-10-19,68.43754577636719,107.3499984741211,107.91000366210938,106.01000213623047,107.0,21912500
2001-10-22,69.78904724121094,109.47000122070312,109.56999969482422,107.20999908447266,107.30000305175781,17540600
2001-10-23,69.4320297241211,108.91000366210938,110.27999877929688,108.37999725341797,109.95999908447266,22062500
2001-10-24,69.24716186523438,108.62000274658203,109.44999694824219,108.22000122070312,108.9800033569336,16065200
2001-10-25,70.49030303955078,110.56999969482422,110.5999984741211,106.73999786376953,107.44999694824219,27467900
2001-10-26,70.33091735839844,110.31999969482422,111.79000091552734,109.66999816894531,109.94999694824219,18623300
2001-10-29,68.50128936767578,107.44999694824219,110.55000305175781,107.44999694824219,110.16000366210938,18727500
2001-10-30,67.67888641357422,106.16000366210938,107.69999694824219,105.55999755859375,107.3499984741211,26178600
2001-10-31,67.44935607910156,105.80000305175781,107.86000061035156,105.80000305175781,106.9000015258789,28124200
2001-11-01,69.17703247070312,108.51000213623047,109.01000213623047,105.69999694824219,106.5999984741211,29806800
2001-11-02,69.64878845214844,109.25,109.37999725341797,107.87000274658203,108.44000244140625,17575900
2001-11-05,70.56041717529297,110.68000030517578,111.08999633789062,109.94999694824219,110.12000274658203,15929500
2001-11-06,71.65697479248047,112.4000015258789,112.4800033569336,109.8499984741211,110.3499984741211,23245800
2001-11-07,71.56134033203125,112.25,113.12000274658203,111.63999938964844,111.7699966430664,19716000
2001-11-08,71.78446960449219,112.5999984741211,114.08000183105469,111.9000015258789,112.87000274658203,22563500
2001-11-09,71.86100006103516,112.72000122070312,112.95999908447266,111.44000244140625,112.25,15895800
2001-11-12,71.4211196899414,112.02999877929688,112.6500015258789,110.0,111.0,26068800
2001-11-13,73.02764892578125,114.55000305175781,114.55000305175781,113.18000030517578,113.44000244140625,15296200
2001-11-14,73.09776306152344,114.66000366210938,115.4000015258789,113.70999908447266,115.16999816894531,17571300
2001-11-15,73.23163604736328,114.87000274658203,115.18000030517578,113.93000030517578,114.37000274658203,19470200
2001-11-16,72.90650177001953,114.36000061035156,115.0999984741211,113.4000015258789,115.08000183105469,18134900
2001-11-19,73.80540466308594,115.7699966430664,115.8499984741211,114.44999694824219,114.91999816894531,13625400
2001-11-20,73.18701171875,114.80000305175781,115.80000305175781,114.63999938964844,115.37000274658203,16209700
2001-11-21,72.7025146484375,114.04000091552734,114.66999816894531,113.51000213623047,114.5,11470200
2001-11-23,73.748046875,115.68000030517578,115.75,114.0,114.04000091552734,6717100
2001-11-26,73.90744018554688,115.93000030517578,116.33999633789062,115.06999969482422,115.75,13726000
2001-11-27,73.5886459350586,115.43000030517578,116.9000015258789,114.08999633789062,115.62000274658203,19261400
2001-11-28,72.25621795654297,113.33999633789062,115.16999816894531,113.25,114.73999786376953,20195500
2001-11-29,73.23163604736328,114.87000274658203,114.91999816894531,113.0,113.66000366210938,16354700
2001-11-30,72.70886993408203,114.05000305175781,114.91000366210938,114.0199966430664,114.4000015258789,13680300
2001-12-03,72.27538299560547,113.37000274658203,114.08000183105469,113.01000213623047,113.6500015258789,15220400
2001-12-04,73.4993896484375,115.29000091552734,115.30000305175781,113.3499984741211,113.91999816894531,17239900
2001-12-05,74.84452056884766,117.4000015258789,118.0,115.55999755859375,115.61000061035156,25204000
2001-12-06,74.80631256103516,117.33999633789062,117.94000244140625,116.93000030517578,117.33999633789062,17972900
2001-12-07,74.30904388427734,116.55999755859375,117.08999633789062,115.69999694824219,116.9000015258789,18857800
2001-12-10,72.91924285888672,114.37999725341797,116.38999938964844,114.3499984741211,115.8499984741211,13862700
2001-12-11,72.7726058959961,114.1500015258789,115.72000122070312,113.9000015258789,114.9000015258789,20833300
2001-12-12,72.85552215576172,114.27999877929688,114.77999877929688,113.11000061035156,114.55000305175781,16171500
2001-12-13,71.4402084350586,112.05999755859375,113.69999694824219,112.04000091552734,113.44999694824219,19026700
2001-12-14,72.12238311767578,113.12999725341797,113.48999786376953,112.0,112.33000183105469,16721900
2001-12-17,72.86825561523438,114.30000305175781,114.36000061035156,112.9000015258789,112.98999786376953,13925900
2001-12-18,73.3017807006836,114.9800033569336,115.1500015258789,114.33999633789062,114.62999725341797,13663700
2001-12-19,73.81816864013672,115.79000091552734,115.91999816894531,114.0,114.08999633789062,20143400
2001-12-20,73.09139251708984,114.6500015258789,115.80000305175781,114.55000305175781,115.5,14867900
2001-12-21,73.53470611572266,114.94999694824219,115.06999969482422,114.19999694824219,115.02999877929688,14037700
2001-12-24,73.39398956298828,114.7300033569336,115.04000091552734,114.61000061035156,114.83000183105469,5728800
2001-12-26,73.7970199584961,115.36000061035156,116.20999908447266,114.6500015258789,114.6500015258789,10304800
2001-12-27,74.24480438232422,116.05999755859375,116.08000183105469,115.25,115.30000305175781,9407300
2001-12-28,74.20641326904297,116.0,116.75,115.91999816894531,116.29000091552734,10593800
2001-12-31,73.1189193725586,114.30000305175781,116.38999938964844,114.2300033569336,116.1500015258789,14619500
2002-01-02,73.90573120117188,115.52999877929688,115.75,113.80999755859375,115.11000061035156,18651900
2002-01-03,74.74372100830078,116.83999633789062,116.94999694824219,115.54000091552734,115.6500015258789,15743000
2002-01-04,75.24274444580078,117.62000274658203,117.9800033569336,116.55000305175781,117.16999816894531,20140700
2002-01-07,74.71176147460938,116.79000091552734,117.98999786376953,116.55999755859375,117.69999694824219,13106500
2002-01-08,74.53907012939453,116.5199966430664,117.05999755859375,115.97000122070312,116.79000091552734,12683700
2002-01-09,73.93132781982422,115.56999969482422,117.77999877929688,115.33999633789062,116.68000030517578,16610300
2002-01-10,74.25760650634766,116.08000183105469,116.3499984741211,115.30000305175781,115.69000244140625,12823400
2002-01-11,73.52830505371094,114.94000244140625,116.27999877929688,114.69999694824219,116.20999908447266,13708400
2002-01-14,73.0677490234375,114.22000122070312,114.83999633789062,113.95999908447266,114.6500015258789,12301100
2002-01-15,73.66264343261719,115.1500015258789,115.38999938964844,113.9000015258789,114.55000305175781,20219900
2002-01-16,72.17212677001953,112.81999969482422,114.4000015258789,112.69000244140625,114.30000305175781,17067000
2002-01-17,72.71587371826172,113.66999816894531,114.23999786376953,113.4000015258789,113.76000213623047,17283400
2002-01-18,72.38324737548828,113.1500015258789,113.8499984741211,112.66999816894531,113.0,17028000
2002-01-22,71.88428497314453,112.37000274658203,113.93000030517578,112.0199966430664,113.75,11689300
2002-01-23,72.43439483642578,113.2300033569336,113.55000305175781,112.0199966430664,112.62999725341797,12438900
2002-01-24,72.65828704833984,113.58000183105469,114.25,113.31999969482422,113.63999938964844,12142800
2002-01-25,72.63914489746094,113.55000305175781,114.18000030517578,113.04000091552734,113.12000274658203,12810700
2002-01-28,72.8374252319336,113.86000061035156,114.19000244140625,112.91999816894531,113.9000015258789,10589200
2002-01-29,70.54728698730469,110.27999877929688,114.12999725341797,110.05000305175781,113.8499984741211,27720800
2002-01-30,71.56442260742188,111.87000274658203,113.38999938964844,108.4000015258789,110.38999938964844,34711800
2002-01-31,72.40242767333984,113.18000030517578,113.30000305175781,111.62000274658203,112.1500015258789,19909200
2002-02-01,72.06336212158203,112.6500015258789,113.30000305175781,112.16999816894531,113.08999633789062,15838500
2002-02-04,70.2721939086914,109.8499984741211,112.2300033569336,109.44000244140625,112.2300033569336,24243400
2002-02-05,69.83717346191406,109.16999816894531,110.48999786376953,108.52999877929688,109.4000015258789,33614000
2002-02-06,69.53656005859375,108.69999694824219,109.73999786376953,108.05999755859375,109.6500015258789,29486000
2002-02-07,69.10150146484375,108.0199966430664,109.86000061035156,108.0,108.72000122070312,23445400
2002-02-08,70.42574310302734,110.08999633789062,110.75,108.30000305175781,108.62999725341797,19277800
2002-02-11,71.28935241699219,111.44000244140625,111.63999938964844,109.81999969482422,110.05000305175781,18792400
2002-02-12,71.06544494628906,111.08999633789062,111.70999908447266,110.02999877929688,110.95999908447266,13942500
2002-02-13,71.82028198242188,112.2699966430664,112.54000091552734,111.3499984741211,111.4800033569336,16781100
2002-02-14,71.68592071533203,112.05999755859375,112.97000122070312,111.58999633789062,112.51000213623047,20453800
2002-02-15,70.93746948242188,110.88999938964844,112.23999786376953,110.70999908447266,112.1500015258789,18366800
2002-02-19,69.57486724853516,108.76000213623047,110.29000091552734,108.61000061035156,110.1500015258789,15988100
2002-02-20,70.74555206298828,110.58999633789062,110.58999633789062,107.81999969482422,109.05000305175781,29242800
2002-02-21,69.28064727783203,108.30000305175781,110.62999725341797,108.26000213623047,109.93000030517578,26288600
2002-02-22,70.13786315917969,109.63999938964844,109.94000244140625,107.87000274658203,108.3499984741211,26572900
2002-02-25,71.29573822021484,111.44999694824219,111.80999755859375,109.69999694824219,109.73999786376953,17458700
2002-02-26,71.14862060546875,111.22000122070312,112.04000091552734,110.56999969482422,111.5999984741211,22346500
2002-02-27,71.42366027832031,111.6500015258789,112.86000061035156,110.6500015258789,111.95999908447266,28597900
2002-02-28,71.10381317138672,111.1500015258789,112.75,111.02999877929688,111.83000183105469,23755400
2002-03-01,72.76062774658203,113.73999786376953,113.8499984741211,111.51000213623047,111.72000122070312,26273600
2002-03-04,74.04647064208984,115.75,115.98999786376953,113.6500015258789,113.9000015258789,27184600
2002-03-05,73.80977630615234,115.37999725341797,116.4000015258789,114.97000122070312,115.33000183105469,22718900
2002-03-06,74.68616485595703,116.75,117.1500015258789,115.06999969482422,115.0999984741211,20143200
2002-03-07,74.52622985839844,116.5,117.5,115.56999969482422,117.36000061035156,19330800
2002-03-08,74.83970642089844,116.98999786376953,117.9000015258789,116.4800033569336,117.37999725341797,19930100
2002-03-11,74.9996566772461,117.23999786376953,117.9000015258789,116.43000030517578,116.88999938964844,15621800
2002-03-12,74.95487976074219,117.16999816894531,117.25,115.94000244140625,116.0999984741211,17153600
2002-03-13,74.23198699951172,116.04000091552734,116.75,115.63999938964844,116.62999725341797,17175300
2002-03-14,74.129638671875,115.87999725341797,116.43000030517578,115.62999725341797,116.04000091552734,11168100
2002-03-15,74.83596801757812,116.6500015258789,116.94999694824219,115.9000015258789,115.97000122070312,21220100
2002-03-18,74.84880828857422,116.66999816894531,117.55999755859375,116.0999984741211,117.0999984741211,17548900
2002-03-19,75.34922790527344,117.44999694824219,117.73999786376953,116.81999969482422,117.30000305175781,17912000
2002-03-20,73.93140411376953,115.23999786376953,116.58000183105469,115.19000244140625,116.5,17114500
2002-03-21,73.96348571777344,115.29000091552734,115.9000015258789,114.12000274658203,115.30000305175781,25846800
2002-03-22,73.80310821533203,115.04000091552734,115.94000244140625,114.69999694824219,115.5,15235400
2002-03-25,72.88570404052734,113.61000061035156,115.36000061035156,113.30000305175781,115.08999633789062,17499600
2002-03-26,73.30912780761719,114.2699966430664,115.0199966430664,113.47000122070312,113.5199966430664,19947600
2002-03-27,73.50154876708984,114.56999969482422,115.01000213623047,113.76000213623047,114.02999877929688,19020300
2002-03-28,73.469482421875,114.5199966430664,115.7699966430664,114.5,114.97000122070312,17532900
2002-04-01,73.50154876708984,114.56999969482422,115.0999984741211,113.5,114.2300033569336,17711000
2002-04-02,73.097412109375,113.94000244140625,114.94999694824219,113.7699966430664,113.9800033569336,15669500
2002-04-03,72.58411407470703,113.13999938964844,114.20999908447266,112.16000366210938,114.01000213623047,25658500
2002-04-04,72.28263854980469,112.66999816894531,113.4000015258789,112.2300033569336,112.5999984741211,23549000
2002-04-05,72.29548645019531,112.69000244140625,113.62999725341797,112.18000030517578,113.19000244140625,19404900
2002-04-08,72.44943237304688,112.93000030517578,113.02999877929688,111.2300033569336,111.31999969482422,16470100
2002-04-09,71.942626953125,112.13999938964844,113.18000030517578,111.93000030517578,113.18000030517578,15122700
2002-04-10,72.75737762451172,113.41000366210938,113.54000091552734,112.08999633789062,112.0999984741211,17199300
2002-04-11,70.94822692871094,110.58999633789062,113.05000305175781,110.5,112.88999938964844,25453700
2002-04-12,71.48072814941406,111.41999816894531,111.6500015258789,110.04000091552734,111.0199966430664,14950600
2002-04-15,70.93537139892578,110.56999969482422,111.86000061035156,110.19999694824219,111.62000274658203,17394900
2002-04-16,72.62262725830078,113.19999694824219,113.31999969482422,111.66999816894531,111.69999694824219,15040900
2002-04-17,72.46868896484375,112.95999908447266,113.66999816894531,112.5999984741211,113.38999938964844,12920100
2002-04-18,72.15434265136719,112.47000122070312,113.45999908447266,111.1500015258789,112.9000015258789,25204800
2002-04-19,72.41732788085938,112.87999725341797,113.23999786376953,112.55999755859375,113.19999694824219,10499200
2002-04-22,71.21126556396484,111.0,112.43000030517578,110.83999633789062,112.37999725341797,13922900
2002-04-23,70.90333557128906,110.5199966430664,111.4800033569336,110.16999816894531,111.08999633789062,16967000
2002-04-24,70.19120788574219,109.41000366210938,111.80999755859375,109.4000015258789,110.55999755859375,18902700
2002-04-25,70.22967529296875,109.47000122070312,109.73999786376953,108.72000122070312,109.20999908447266,25451500
2002-04-26,68.89530181884766,107.38999938964844,110.01000213623047,107.29000091552734,109.79000091552734,19769800
2002-04-29,68.55529022216797,106.86000061035156,108.26000213623047,106.62999725341797,107.93000030517578,17724400
2002-04-30,69.19677734375,107.86000061035156,108.63999938964844,106.63999938964844,107.0199966430664,19473500
2002-05-01,70.0436782836914,109.18000030517578,109.25,106.80000305175781,107.97000122070312,24575600
2002-05-02,69.77420043945312,108.76000213623047,109.91000366210938,107.77999877929688,109.0999984741211,15666800
2002-05-03,69.01718139648438,107.58000183105469,108.76000213623047,107.19999694824219,108.5999984741211,18185500
2002-05-06,67.66351318359375,105.47000122070312,107.98999786376953,105.30999755859375,107.63999938964844,23630400
2002-05-07,67.42615509033203,105.0999984741211,106.31999969482422,104.9000015258789,106.0999984741211,21910000
2002-05-08,69.9345703125,109.01000213623047,109.36000061035156,106.79000091552734,107.05000305175781,27917400
2002-05-09,69.12623596191406,107.75,109.0999984741211,107.58000183105469,108.6500015258789,18085600
2002-05-10,67.82392120361328,105.72000122070312,108.05000305175781,105.5999984741211,107.97000122070312,18958900
2002-05-13,69.20321655273438,107.87000274658203,107.94999694824219,105.79000091552734,106.22000122070312,14677700
2002-05-14,70.71087646484375,110.22000122070312,110.37000274658203,109.0,109.62000274658203,34201200
2002-05-15,70.43498229980469,109.79000091552734,110.91000366210938,109.29000091552734,109.5,29535300
2002-05-16,70.80066680908203,110.36000061035156,110.4800033569336,109.33000183105469,109.69999694824219,28092000
2002-05-17,71.1471176147461,110.9000015258789,111.25,110.0999984741211,110.66000366210938,27823700
2002-05-20,70.37728881835938,109.69999694824219,110.69000244140625,109.48999786376953,110.63999938964844,13833800
2002-05-21,69.73573303222656,108.69999694824219,110.4800033569336,108.31999969482422,110.11000061035156,16877200
2002-05-22,69.88968658447266,108.94000244140625,109.12000274658203,108.0,108.22000122070312,15844200
2002-05-23,70.63387298583984,110.0999984741211,110.36000061035156,108.4800033569336,109.26000213623047,13879800
2002-05-24,69.72930145263672,108.69000244140625,110.19999694824219,108.61000061035156,109.9800033569336,11877000
2002-05-28,69.35079956054688,108.0999984741211,109.12999725341797,107.44999694824219,109.05000305175781,24236900
2002-05-29,68.83756256103516,107.30000305175781,108.0199966430664,107.12999725341797,107.62000274658203,14773300
2002-05-30,68.64511108398438,107.0,107.51000213623047,105.9000015258789,106.55000305175781,18217900
2002-05-31,68.78621673583984,107.22000122070312,108.55999755859375,106.8499984741211,107.4000015258789,19826300
2002-06-03,66.95780181884766,104.37000274658203,107.5999984741211,104.12999725341797,107.08999633789062,26056300
2002-06-04,67.1246109008789,104.62999725341797,105.19999694824219,103.55000305175781,104.1500015258789,25856200
2002-06-05,67.75334167480469,105.61000061035156,105.66999816894531,104.3499984741211,104.94999694824219,19695900
2002-06-06,66.3740005493164,103.45999908447266,105.5999984741211,103.1500015258789,105.54000091552734,22998500
2002-06-07,66.29704284667969,103.33999633789062,103.91999816894531,101.72000122070312,101.77999877929688,24011600
2002-06-10,66.55367279052734,103.73999786376953,104.45999908447266,103.0199966430664,103.23999786376953,18759900
2002-06-11,65.41169738769531,101.95999908447266,104.54000091552734,101.7300033569336,104.12999725341797,19990700
2002-06-12,65.8094711303711,102.58000183105469,102.80999755859375,100.77999877929688,101.70999908447266,31266000
2002-06-13,65.14869689941406,101.55000305175781,103.0,101.33999633789062,102.12999725341797,21043900
2002-06-14,65.05242156982422,101.4000015258789,101.55999755859375,98.5,100.30999755859375,39267500
2002-06-17,66.79742431640625,104.12000274658203,104.33999633789062,101.8499984741211,101.91999816894531,17647200
2002-06-18,67.34275817871094,104.97000122070312,105.02999877929688,103.62999725341797,103.73999786376953,21628500
2002-06-19,65.77095794677734,102.5199966430664,104.43000030517578,102.23999786376953,103.5,21540700
2002-06-20,64.9305419921875,101.20999908447266,103.05000305175781,100.95999908447266,102.26000213623047,25691000
2002-06-21,63.91529846191406,99.27999877929688,100.93000030517578,98.68000030517578,100.47000122070312,31190700
2002-06-24,64.25006866455078,99.80000305175781,100.69000244140625,97.25,98.61000061035156,37169700
2002-06-25,62.807987213134766,97.55999755859375,100.88999938964844,97.54000091552734,100.30000305175781,33355000
2002-06-26,62.911014556884766,97.72000122070312,98.1500015258789,95.19000244140625,95.19999694824219,37913600
2002-06-27,64.0118408203125,99.43000030517578,99.48999786376953,96.56999969482422,98.5,31616400
2002-06-28,63.70928192138672,98.95999908447266,100.5,98.87999725341797,99.23999786376953,28184200
2002-07-01,62.466773986816406,97.02999877929688,99.80000305175781,96.88999938964844,99.18000030517578,20270200
2002-07-02,61.14055252075195,94.97000122070312,97.19999694824219,94.7699966430664,96.86000061035156,34213900
2002-07-03,61.48822784423828,95.51000213623047,95.83999633789062,93.72000122070312,94.62000274658203,30565800
2002-07-05,63.934635162353516,99.30999755859375,99.52999877929688,96.66000366210938,96.77999877929688,19013500
2002-07-08,63.13632583618164,98.06999969482422,99.69999694824219,97.55999755859375,98.9800033569336,19118600
2002-07-09,61.546138763427734,95.5999984741211,98.33999633789062,95.01000213623047,97.7300033569336,28620400
2002-07-10,59.30576705932617,92.12000274658203,96.06999969482422,92.04000091552734,96.0,50522500
2002-07-11,59.788604736328125,92.87000274658203,93.3499984741211,90.31999969482422,91.76000213623047,59476500
2002-07-12,59.13193893432617,91.8499984741211,93.88999938964844,91.5199966430664,93.33000183105469,39018600
2002-07-15,59.447425842285156,92.33999633789062,92.4000015258789,87.88999938964844,91.63999938964844,77317200
2002-07-16,58.30146026611328,90.55999755859375,92.37999725341797,89.87000274658203,91.12000274658203,53282400
2002-07-17,58.4173469543457,90.73999786376953,93.30000305175781,89.75,92.45999908447266,48880600
2002-07-18,56.52460861206055,87.80000305175781,91.0999984741211,87.75,90.69999694824219,32656700
2002-07-19,54.535335540771484,84.70999908447266,87.55000305175781,84.30000305175781,86.76000213623047,77572600
2002-07-22,52.91940689086914,82.19999694824219,85.91000366210938,81.44999694824219,84.0999984741211,78134000
2002-07-23,51.47088623046875,79.94999694824219,83.23999786376953,79.75,82.55000305175781,74484100
2002-07-24,54.54173278808594,84.72000122070312,85.12000274658203,77.68000030517578,78.12999725341797,107022800
2002-07-25,54.0782356262207,84.0,85.8499984741211,81.5999984741211,84.2699966430664,87176600
2002-07-26,55.10829162597656,85.5999984741211,85.93000030517578,83.80000305175781,84.6500015258789,41206800
2002-07-29,57.792877197265625,89.7699966430664,90.33999633789062,87.30000305175781,87.5,53492900
2002-07-30,58.546112060546875,90.94000244140625,91.4000015258789,88.72000122070312,89.31999969482422,47532200
2002-07-31,58.68776321411133,91.16000366210938,91.55000305175781,89.25,90.48999786376953,44669900
2002-08-01,57.15552520751953,88.77999877929688,91.3499984741211,88.33000183105469,90.87999725341797,66571900
2002-08-02,55.87438201904297,86.79000091552734,88.91000366210938,85.62000274658203,88.5,51772900
2002-08-05,53.93012619018555,83.7699966430664,86.93000030517578,83.55000305175781,86.48999786376953,47191300
2002-08-06,55.745628356933594,86.58999633789062,87.9000015258789,85.11000061035156,85.2300033569336,64730000
2002-08-07,56.71773910522461,88.0999984741211,88.5,85.7699966430664,87.87000274658203,43289400
2002-08-08,58.55256271362305,90.94999694824219,91.0999984741211,87.80000305175781,88.41999816894531,48339800
2002-08-09,58.77145767211914,91.29000091552734,91.94000244140625,89.3499984741211,90.0999984741211,41879200
2002-08-12,58.340110778808594,90.62000274658203,91.2699966430664,89.55000305175781,89.98999786376953,25841700
2002-08-13,57.27785873413086,88.97000122070312,91.66000366210938,88.6500015258789,90.1500015258789,49690500
2002-08-14,59.37014389038086,92.22000122070312,92.62999725341797,88.0199966430664,89.0199966430664,57423600
2002-08-15,60.19422149658203,93.5,93.98999786376953,92.19999694824219,92.83999633789062,45551500
2002-08-16,60.01396942138672,93.22000122070312,94.08000183105469,92.0,92.81999969482422,36517300
2002-08-19,61.41741180419922,95.4000015258789,95.75,93.0999984741211,93.45999908447266,33669900
2002-08-20,60.767181396484375,94.38999938964844,95.4000015258789,93.62000274658203,94.81999969482422,30508300
2002-08-21,61.64274215698242,95.75,95.77999877929688,93.56999969482422,95.05999755859375,39628900
2002-08-22,62.2414436340332,96.68000030517578,97.1500015258789,95.06999969482422,95.48999786376953,38399800
2002-08-23,60.902374267578125,94.5999984741211,96.1500015258789,94.1500015258789,96.01000213623047,33716400
2002-08-26,61.327274322509766,95.26000213623047,95.63999938964844,93.5,94.91000366210938,33830100
2002-08-27,60.61909866333008,94.16000366210938,96.25,93.5,95.69999694824219,35335700
2002-08-28,59.29290008544922,92.0999984741211,93.48999786376953,91.80000305175781,93.27999877929688,38970600
2002-08-29,59.31864547729492,92.13999938964844,93.05000305175781,90.80999755859375,91.2699966430664,42965700
2002-08-30,59.0869026184082,91.77999877929688,93.38999938964844,91.4000015258789,91.68000030517578,30366700
2002-09-03,56.8336296081543,88.27999877929688,91.0,88.1500015258789,90.7300033569336,76586400
2002-09-04,57.644805908203125,89.54000091552734,90.25,88.05999755859375,88.61000061035156,51099500
2002-09-05,57.15552520751953,88.77999877929688,89.43000030517578,87.5,88.48999786376953,67250900
2002-09-06,57.94093704223633,90.0,90.56999969482422,89.33999633789062,89.75,38622200
2002-09-09,58.36585235595703,90.66000366210938,91.3499984741211,88.80000305175781,89.0999984741211,33998400
2002-09-10,59.035396575927734,91.69999694824219,91.77999877929688,90.55999755859375,91.13999938964844,41416600
2002-09-11,58.668426513671875,91.12999725341797,93.33000183105469,91.0999984741211,92.47000122070312,27711200
2002-09-12,57.58683776855469,89.44999694824219,90.83999633789062,88.98999786376953,90.75,43601700
2002-09-13,57.728485107421875,89.66999816894531,89.9000015258789,88.25,88.69000244140625,41131000
2002-09-16,57.87012481689453,89.88999938964844,89.88999938964844,88.45999908447266,89.30999755859375,28167600
2002-09-17,56.5439453125,87.83000183105469,91.19000244140625,87.75,90.88999938964844,47609700
2002-09-18,55.97737503051758,86.94999694824219,88.5,86.27999877929688,87.01000213623047,54719400
2002-09-19,54.528865814208984,84.69999694824219,86.80000305175781,84.69999694824219,85.98999786376953,48510500
2002-09-20,54.546974182128906,84.3499984741211,85.19999694824219,84.05000305175781,84.91999816894531,46325600
2002-09-23,54.100765228271484,83.66000366210938,84.05999755859375,82.69000244140625,83.6500015258789,46893800
2002-09-24,53.22776412963867,82.30999755859375,83.6500015258789,81.8499984741211,82.44000244140625,69507000
2002-09-25,54.546974182128906,84.3499984741211,84.7699966430664,82.04000091552734,83.37000274658203,59294400
2002-09-26,55.43938064575195,85.7300033569336,85.97000122070312,84.44999694824219,85.0199966430664,53638000
2002-09-27,53.51231384277344,82.75,85.62999725341797,82.75,85.0,64648300
2002-09-30,52.891483306884766,81.79000091552734,82.80000305175781,80.9000015258789,82.0,73096400
2002-10-01,55.432945251464844,85.72000122070312,85.7699966430664,81.47000122070312,82.43000030517578,67198100
2002-10-02,53.770973205566406,83.1500015258789,85.52999877929688,82.5999984741211,84.69000244140625,56749100
2002-10-03,53.22776412963867,82.30999755859375,84.5999984741211,81.94999694824219,83.13999938964844,55547000
2002-10-04,52.25130844116211,80.80000305175781,82.91999816894531,79.58000183105469,82.80000305175781,68483700
2002-10-07,51.17133331298828,79.12999725341797,81.19999694824219,78.55000305175781,80.05999755859375,53188000
2002-10-08,51.97319793701172,80.37000274658203,81.30999755859375,78.19999694824219,79.80999755859375,79531000
2002-10-09,50.505252838134766,78.0999984741211,79.69999694824219,77.77999877929688,79.08999633789062,79956400
2002-10-10,52.141334533691406,80.62999725341797,81.06999969482422,77.06999969482422,77.94000244140625,76749000
2002-10-11,54.424095153808594,84.16000366210938,84.7300033569336,81.81999969482422,82.0999984741211,82308300
2002-10-14,54.72805404663086,84.62999725341797,84.8499984741211,83.04000091552734,83.19999694824219,40631900
2002-10-15,57.360008239746094,88.69999694824219,88.72000122070312,86.8499984741211,86.98999786376953,82320300
2002-10-16,55.96965026855469,86.55000305175781,87.80000305175781,85.91999816894531,87.41000366210938,62977800
2002-10-17,57.081932067871094,88.2699966430664,89.30000305175781,87.8499984741211,88.87000274658203,68534100
2002-10-18,57.321197509765625,88.63999938964844,89.11000061035156,86.93000030517578,87.6500015258789,47448700
2002-10-21,58.31062316894531,90.16999816894531,90.5,87.56999969482422,88.12000274658203,45859100
2002-10-22,57.89027404785156,89.5199966430664,90.01000213623047,88.5199966430664,89.05000305175781,40966800
2002-10-23,58.330020904541016,90.19999694824219,90.2699966430664,87.68000030517578,88.7699966430664,54905800
2002-10-24,57.140132904052734,88.36000061035156,90.9000015258789,88.0999984741211,90.75,54987400
2002-10-25,58.330020904541016,90.19999694824219,90.38999938964844,87.94000244140625,88.20999908447266,43672100
2002-10-28,57.94849395751953,89.61000061035156,91.29000091552734,88.8499984741211,91.1500015258789,39416100
2002-10-29,57.27595901489258,88.56999969482422,89.48999786376953,87.0,89.08000183105469,59508200
2002-10-30,57.83207702636719,89.43000030517578,89.95999908447266,88.2300033569336,88.68000030517578,41688600
2002-10-31,57.243621826171875,88.5199966430664,90.30000305175781,88.19000244140625,89.66000366210938,41620600
2002-11-01,58.375282287597656,90.2699966430664,90.81999969482422,88.05000305175781,88.3499984741211,51878900
2002-11-04,58.931419372558594,91.12999725341797,92.94000244140625,90.9000015258789,91.80000305175781,49080600
2002-11-05,59.39702224731445,91.8499984741211,92.06999969482422,90.83999633789062,90.83999633789062,37270800
2002-11-06,60.166561126708984,93.04000091552734,93.06999969482422,90.79000091552734,92.4800033569336,65013100
2002-11-07,58.69216537475586,90.76000213623047,92.22000122070312,90.22000122070312,92.0199966430664,51572000
2002-11-08,57.9743537902832,89.6500015258789,91.56999969482422,89.5199966430664,90.52999877929688,37905400
2002-11-11,57.07545471191406,88.26000213623047,89.55999755859375,87.80000305175781,89.51000213623047,33505100
2002-11-12,57.52812957763672,88.95999908447266,89.93000030517578,88.37000274658203,88.66000366210938,37724500
2002-11-13,57.58634948730469,89.05000305175781,89.73999786376953,87.44999694824219,88.31999969482422,63891500
2002-11-14,58.67275619506836,90.7300033569336,91.0,89.75,90.06999969482422,31896800
2002-11-15,59.10602569580078,91.4000015258789,91.55000305175781,89.94999694824219,90.0,39152100
2002-11-18,58.511112213134766,90.4800033569336,92.1500015258789,90.3499984741211,92.1500015258789,28934800
2002-11-19,58.433494567871094,90.36000061035156,91.0999984741211,89.76000213623047,90.0199966430664,32806600
2002-11-20,59.733306884765625,92.37000274658203,92.41999816894531,89.94999694824219,89.9800033569336,36688400
2002-11-21,60.84558868408203,94.08999633789062,94.19000244140625,92.43000030517578,92.5999984741211,55128200
2002-11-22,60.41231918334961,93.41999816894531,94.2699966430664,93.2699966430664,93.4800033569336,32513800
2002-11-25,60.45110321044922,93.4800033569336,94.26000213623047,92.7699966430664,93.43000030517578,33846400
2002-11-26,59.300025939941406,91.69999694824219,93.44999694824219,91.62000274658203,93.06999969482422,42284700
2002-11-27,60.968421936035156,94.27999877929688,94.6500015258789,92.43000030517578,92.5199966430664,37764000
2002-11-29,60.774417877197266,93.9800033569336,94.94999694824219,93.7699966430664,94.80000305175781,19385700
2002-12-02,60.87145233154297,94.12999725341797,96.05000305175781,93.22000122070312,95.47000122070312,49911900
2002-12-03,60.05666732788086,92.87000274658203,93.4000015258789,92.3499984741211,93.25,34407700
2002-12-04,59.78505325317383,92.44999694824219,93.13999938964844,91.43000030517578,91.7699966430664,64040800
2002-12-05,59.125423431396484,91.43000030517578,92.80000305175781,91.0999984741211,92.7300033569336,36724900
2002-12-06,59.51343536376953,92.02999877929688,92.16999816894531,89.9800033569336,90.12000274658203,49824100
2002-12-09,57.87732696533203,89.5,91.45999908447266,89.4800033569336,91.06999969482422,36789600
2002-12-10,58.653358459472656,90.69999694824219,91.0999984741211,89.76000213623047,90.0199966430664,33319900
2002-12-11,58.705108642578125,90.77999877929688,91.62000274658203,90.16000366210938,90.41999816894531,39201000
2002-12-12,58.69862365722656,90.7699966430664,91.48999786376953,90.19999694824219,91.19999694824219,34465600
2002-12-13,57.77387619018555,89.33999633789062,90.4800033569336,89.2699966430664,89.91000366210938,36862200
2002-12-16,59.267677307128906,91.6500015258789,91.79000091552734,89.66000366210938,89.81999969482422,37098400
2002-12-17,58.75035095214844,90.8499984741211,91.73999786376953,90.73999786376953,91.37000274658203,32353900
2002-12-18,58.07135772705078,89.80000305175781,90.4000015258789,89.33000183105469,90.31999969482422,35612600
2002-12-19,57.65748596191406,89.16000366210938,90.69999694824219,88.5999984741211,89.3499984741211,39264200
2002-12-20,58.48017883300781,89.98999786376953,90.0199966430664,89.0999984741211,89.19999694824219,31176900
2002-12-23,58.49966812133789,90.0199966430664,90.47000122070312,89.30999755859375,89.58999633789062,22599300
2002-12-24,58.064300537109375,89.3499984741211,89.86000061035156,89.25,89.58999633789062,10937000
2002-12-26,58.09027862548828,89.38999938964844,90.61000061035156,88.83999633789062,89.69999694824219,17485600
2002-12-27,56.78406524658203,87.37999725341797,89.29000091552734,87.37999725341797,88.95999908447266,22205700
2002-12-30,57.25849914550781,88.11000061035156,88.47000122070312,87.22000122070312,87.79000091552734,29968000
2002-12-31,57.33647918701172,88.2300033569336,88.43000030517578,87.11000061035156,87.98999786376953,34036600
2003-01-02,59.18207550048828,91.06999969482422,91.30000305175781,88.54000091552734,88.8499984741211,44516300
2003-01-03,59.3640022277832,91.3499984741211,91.37999725341797,90.5,90.91000366210938,32222600
2003-01-06,60.41024398803711,92.95999908447266,93.48999786376953,91.16999816894531,91.23999786376953,40984500
2003-01-07,60.26077651977539,92.7300033569336,93.37000274658203,92.19999694824219,92.9000015258789,38640400
2003-01-08,59.389976501464844,91.38999938964844,92.4000015258789,91.05000305175781,92.19999694824219,38702200
2003-01-09,60.312767028808594,92.80999755859375,93.18000030517578,91.41000366210938,91.81999969482422,34804900
2003-01-10,60.4752311706543,93.05999755859375,93.63999938964844,91.80000305175781,91.94999694824219,37768900
2003-01-13,60.45572280883789,93.02999877929688,93.86000061035156,92.44000244140625,93.54000091552734,31649900
2003-01-14,60.65070724487305,93.33000183105469,93.83000183105469,92.41000366210938,92.69000244140625,30733000
2003-01-15,60.04631805419922,92.4000015258789,93.56999969482422,91.91000366210938,93.54000091552734,33511800
2003-01-16,59.79938507080078,92.0199966430664,92.93000030517578,91.44999694824219,92.5,44812100
2003-01-17,58.91559600830078,90.66000366210938,92.30000305175781,90.1500015258789,90.98999786376953,35618300
2003-01-21,57.99933624267578,89.25,90.91999816894531,88.94999694824219,90.87000274658203,36826200
2003-01-22,57.29745864868164,88.16999816894531,89.80000305175781,88.0,88.7699966430664,42286500
2003-01-23,57.648399353027344,88.70999908447266,89.37999725341797,87.94999694824219,88.75,55919800
2003-01-24,56.134220123291016,86.37999725341797,88.68000030517578,86.16999816894531,88.58999633789062,68633900
2003-01-27,55.36738204956055,85.19999694824219,86.80000305175781,84.5,85.7300033569336,57884400
2003-01-28,55.77678298950195,85.83000183105469,86.4000015258789,85.12999725341797,85.62999725341797,46929100
2003-01-29,56.19922637939453,86.4800033569336,87.18000030517578,84.7699966430664,85.41999816894531,53712200
2003-01-30,54.867008209228516,84.43000030517578,86.87999725341797,84.4000015258789,86.79000091552734,49845900
2003-01-31,55.92627716064453,86.05999755859375,86.20999908447266,84.1500015258789,84.1500015258789,55317000
2003-02-03,56.036746978759766,86.2300033569336,86.80999755859375,85.91999816894531,86.13999938964844,39696000
2003-02-04,55.48439407348633,85.37999725341797,85.75,84.30000305175781,85.30999755859375,43633400
2003-02-05,55.13994598388672,84.8499984741211,86.54000091552734,84.4800033569336,85.75,55270600
2003-02-06,54.88001251220703,84.44999694824219,84.88999938964844,83.6500015258789,84.37000274658203,53638000
2003-02-07,54.21065902709961,83.41999816894531,84.98999786376953,82.97000122070312,84.91000366210938,43165000
2003-02-10,54.59407424926758,84.01000213623047,84.12999725341797,82.6500015258789,83.45999908447266,45455900
2003-02-11,54.21715545654297,83.43000030517578,84.87999725341797,82.83000183105469,84.37000274658203,46861000
2003-02-12,53.352840423583984,82.0999984741211,83.62000274658203,82.08999633789062,83.16000366210938,35873600
2003-02-13,53.51534652709961,82.3499984741211,82.66000366210938,81.0,82.1500015258789,57934100
2003-02-14,54.685081481933594,84.1500015258789,84.19999694824219,81.81999969482422,82.37000274658203,59580900
2003-02-18,55.646827697753906,85.62999725341797,85.80000305175781,84.38999938964844,84.52999877929688,39492700
2003-02-19,55.35441589355469,85.18000030517578,85.47000122070312,84.27999877929688,85.31999969482422,31432000
2003-02-20,54.802005767822266,84.33000183105469,85.41999816894531,84.05000305175781,85.20999908447266,29280100
2003-02-21,55.35441589355469,85.18000030517578,85.73999786376953,83.45999908447266,84.37999725341797,60955800
2003-02-24,54.45760726928711,83.80000305175781,85.0,83.58999633789062,84.93000030517578,30628600
2003-02-25,54.89302062988281,84.47000122070312,84.48999786376953,82.22000122070312,82.94999694824219,56770600
2003-02-26,54.09368133544922,83.23999786376953,84.52999877929688,83.08000183105469,84.0199966430664,37787200
2003-02-27,54.80851364135742,84.33999633789062,84.75,83.16000366210938,83.69999694824219,51126000
2003-02-28,55.17243576049805,84.9000015258789,85.2300033569336,84.16000366210938,84.47000122070312,43666800
2003-03-03,54.64608383178711,84.08999633789062,85.77999877929688,83.72000122070312,85.26000213623047,42923100
2003-03-04,53.77527618408203,82.75,84.01000213623047,82.6500015258789,83.94999694824219,31440500
2003-03-05,54.23014450073242,83.44999694824219,83.54000091552734,82.36000061035156,82.61000061035156,43974700
2003-03-06,53.77527618408203,82.75,83.5199966430664,82.47000122070312,82.87000274658203,41217700
2003-03-07,54.14567947387695,83.31999969482422,83.98999786376953,81.43000030517578,81.61000061035156,63538000
2003-03-10,52.845985412597656,81.31999969482422,82.86000061035156,81.0999984741211,82.5999984741211,41014100
2003-03-11,52.326072692871094,80.5199966430664,82.0,80.4800033569336,81.4800033569336,48102700
2003-03-12,52.676998138427734,81.05999755859375,81.0999984741211,79.37999725341797,80.37999725341797,62459800
2003-03-13,54.496612548828125,83.86000061035156,83.91000366210938,81.52999877929688,82.18000030517578,72117800
2003-03-14,54.672035217285156,84.12999725341797,84.7699966430664,83.3499984741211,84.19999694824219,63951800
2003-03-17,56.39419937133789,86.77999877929688,86.94999694824219,83.22000122070312,83.45999908447266,88217500
2003-03-18,56.72557067871094,87.29000091552734,87.3499984741211,86.27999877929688,87.1500015258789,50792300
2003-03-19,57.160972595214844,87.95999908447266,88.16000366210938,86.68000030517578,87.27999877929688,49630800
2003-03-20,57.28447341918945,88.1500015258789,88.58999633789062,86.3499984741211,87.33000183105469,67321600
2003-03-21,58.5072135925293,89.66999816894531,89.87999725341797,87.93000030517578,88.80000305175781,71165300
2003-03-24,56.56283187866211,86.69000244140625,88.13999938964844,86.3499984741211,88.0199966430664,65398900
2003-03-25,57.10436248779297,87.5199966430664,88.26000213623047,86.44000244140625,86.73999786376953,61040100
2003-03-26,56.817291259765625,87.08000183105469,87.8499984741211,86.80000305175781,87.55999755859375,45740800
2003-03-27,56.86298751831055,87.1500015258789,87.66000366210938,85.98999786376953,86.4000015258789,53120200
2003-03-28,56.57588577270508,86.70999908447266,87.27999877929688,86.25,86.47000122070312,32583000
2003-03-31,55.29049301147461,84.73999786376953,86.58999633789062,84.4000015258789,85.3499984741211,61119500
2003-04-01,56.13874053955078,86.04000091552734,86.38999938964844,84.91000366210938,85.25,53574000
2003-04-02,57.49586868286133,88.12000274658203,88.7699966430664,87.5,87.54000091552734,50431200
2003-04-03,57.221832275390625,87.69999694824219,88.98999786376953,87.6500015258789,88.87000274658203,48755500
2003-04-04,57.56111145019531,88.22000122070312,88.58999633789062,87.62000274658203,88.43000030517578,36250100
2003-04-07,57.45021438598633,88.05000305175781,90.8499984741211,87.97000122070312,90.33999633789062,69776200
2003-04-08,57.54155731201172,88.19000244140625,88.6500015258789,87.70999908447266,88.30000305175781,39712700
2003-04-09,56.784664154052734,87.02999877929688,89.0999984741211,86.7699966430664,88.36000061035156,55647300
2003-04-10,57.09786605834961,87.51000213623047,87.62999725341797,85.70999908447266,87.08999633789062,41812400
2003-04-11,56.86298751831055,87.1500015258789,88.69999694824219,86.86000061035156,88.16000366210938,47730100
2003-04-14,58.037410736083984,88.94999694824219,89.0,87.0,87.47000122070312,36711700
2003-04-15,58.578975677490234,89.77999877929688,89.77999877929688,88.41999816894531,88.83999633789062,49709800
2003-04-16,57.580692291259766,88.25,90.05999755859375,88.02999877929688,89.91000366210938,51788000
2003-04-17,58.43543243408203,89.55999755859375,89.72000122070312,88.19000244140625,88.30000305175781,37403100
2003-04-21,58.49416732788086,89.6500015258789,90.16000366210938,89.05999755859375,89.86000061035156,32052700
2003-04-22,59.59684371948242,91.33999633789062,91.55999755859375,88.88999938964844,89.0999984741211,59763600
2003-04-23,60.14490509033203,92.18000030517578,92.3499984741211,91.23999786376953,91.62000274658203,44227100
2003-04-24,59.609832763671875,91.36000061035156,92.08000183105469,90.95999908447266,91.52999877929688,49692400
2003-04-25,58.872596740722656,90.2300033569336,91.47000122070312,90.0199966430664,91.30000305175781,43917200
2003-04-28,59.89044189453125,91.79000091552734,92.19000244140625,90.30000305175781,90.44000244140625,46432900
2003-04-29,60.099246978759766,92.11000061035156,92.80000305175781,91.4000015258789,92.13999938964844,52017100
2003-04-30,59.96871566772461,91.91000366210938,92.56999969482422,91.41000366210938,91.91000366210938,48709100
2003-05-01,59.96220397949219,91.9000015258789,92.7300033569336,90.5,91.91999816894531,50240400
2003-05-02,60.81694412231445,93.20999908447266,93.47000122070312,91.48999786376953,91.55999755859375,50201500
2003-05-05,60.699459075927734,93.02999877929688,93.77999877929688,92.5,93.47000122070312,35437800
2003-05-06,61.273719787597656,93.91000366210938,94.37999725341797,93.0,93.04000091552734,44401000
2003-05-07,60.93440628051758,93.38999938964844,94.13999938964844,92.97000122070312,93.41999816894531,41413100
2003-05-08,60.32109451293945,92.44999694824219,93.33000183105469,92.27999877929688,92.5199966430664,40570700
2003-05-09,61.156227111816406,93.7300033569336,93.80000305175781,92.61000061035156,92.83000183105469,33608100
2003-05-12,61.90656280517578,94.87999725341797,95.12000274658203,93.27999877929688,93.5,35662300
2003-05-13,61.7956657409668,94.70999908447266,95.18000030517578,94.26000213623047,94.52999877929688,39253600
2003-05-14,61.66515350341797,94.51000213623047,95.23999786376953,93.91000366210938,95.08999633789062,32195100
2003-05-15,62.056678771972656,95.11000061035156,95.33000183105469,94.25,94.88999938964844,43879200
2003-05-16,61.900062561035156,94.87000274658203,95.44999694824219,94.26000213623047,94.88999938964844,38905000
2003-05-19,60.45158004760742,92.6500015258789,94.41999816894531,92.33000183105469,94.1500015258789,41606000
2003-05-20,60.327598571777344,92.45999908447266,93.02999877929688,91.58999633789062,92.81999969482422,55404600
2003-05-21,60.45158004760742,92.6500015258789,92.87999725341797,91.91000366210938,92.11000061035156,49333800
2003-05-22,61.051795959472656,93.56999969482422,94.05000305175781,92.68000030517578,92.94999694824219,38421800
2003-05-23,61.17580795288086,93.76000213623047,93.9800033569336,93.13999938964844,93.52999877929688,26155900
2003-05-27,62.245849609375,95.4000015258789,95.83999633789062,93.06999969482422,93.30000305175781,43719200
2003-05-28,62.42203140258789,95.66999816894531,96.47000122070312,95.43000030517578,95.8499984741211,37727100
2003-05-29,62.258941650390625,95.41999816894531,96.81999969482422,95.08000183105469,95.87999725341797,50844200
2003-05-30,63.25716018676758,96.94999694824219,97.08999633789062,95.55999755859375,95.9000015258789,52529500
2003-06-02,63.51815414428711,97.3499984741211,98.44999694824219,96.66999816894531,97.52999877929688,50305500
2003-06-03,63.77915954589844,97.75,97.83999633789062,96.8499984741211,97.1500015258789,38254500
2003-06-04,64.69918823242188,99.16000366210938,99.3499984741211,97.56999969482422,97.66000366210938,49360700
2003-06-05,65.0188980102539,99.6500015258789,99.6500015258789,98.2699966430664,98.58000183105469,46262400
2003-06-06,64.76441192626953,99.26000213623047,101.4000015258789,99.12999725341797,100.4000015258789,60356800
2003-06-09,64.10541534423828,98.25,99.0999984741211,97.7699966430664,98.7699966430664,37808500
2003-06-10,64.75786590576172,99.25,99.26000213623047,98.19000244140625,98.45999908447266,29965900
2003-06-11,65.44300079345703,100.30000305175781,100.38999938964844,98.70999908447266,99.16000366210938,37610200
2003-06-12,65.64523315429688,100.61000061035156,100.9000015258789,99.62000274658203,100.75,36442000
2003-06-13,64.9601058959961,99.55999755859375,100.75,98.94999694824219,100.61000061035156,48628300
2003-06-16,66.3303451538086,101.66000366210938,101.69999694824219,99.80000305175781,99.95999908447266,36326300
2003-06-17,66.3303451538086,101.66000366210938,102.18000030517578,101.2300033569336,102.06999969482422,36801800
2003-06-18,66.27164459228516,101.56999969482422,102.13999938964844,101.0,101.29000091552734,35521000
2003-06-19,65.26026153564453,100.0199966430664,101.7300033569336,99.83999633789062,101.63999938964844,43551700
2003-06-20,65.11621856689453,99.44000244140625,100.5,99.41999816894531,100.38999938964844,41545000
2003-06-23,64.44824981689453,98.41999816894531,99.66000366210938,97.91999816894531,99.44999694824219,34237500
2003-06-24,64.51378631591797,98.5199966430664,99.08999633789062,98.0199966430664,98.22000122070312,36213600
2003-06-25,63.86552047729492,97.52999877929688,99.44000244140625,97.52999877929688,98.52999877929688,47743400
2003-06-26,64.69715881347656,98.80000305175781,98.9800033569336,96.95999908447266,97.77999877929688,33477300
2003-06-27,63.95063781738281,97.66000366210938,99.19000244140625,97.58000183105469,98.75,54208800
2003-06-30,63.93098449707031,97.62999725341797,98.66999816894531,97.47000122070312,98.22000122070312,33349000
2003-07-01,64.52031707763672,98.52999877929688,98.8499984741211,96.43000030517578,97.25,51322800
2003-07-02,65.33230590820312,99.7699966430664,99.79000091552734,98.56999969482422,98.7699966430664,34662100
2003-07-03,64.65782928466797,98.73999786376953,99.8499984741211,97.9000015258789,99.06999969482422,30792800
2003-07-07,65.94129943847656,100.69999694824219,100.9000015258789,99.6500015258789,99.6500015258789,31391100
2003-07-08,66.23599243164062,101.1500015258789,101.29000091552734,100.16999816894531,100.5,30952500
2003-07-09,65.86272430419922,100.58000183105469,101.4000015258789,100.02999877929688,100.91999816894531,36528500
2003-07-10,65.0245590209961,99.30000305175781,100.04000091552734,98.62999725341797,99.83999633789062,49777700
2003-07-11,65.64008331298828,100.23999786376953,100.44999694824219,99.38999938964844,99.38999938964844,39976300
2003-07-14,65.9609375,100.7300033569336,101.9000015258789,100.44999694824219,101.19999694824219,42114900
2003-07-15,65.81689453125,100.51000213623047,101.45999908447266,99.94999694824219,101.37999725341797,42573600
2003-07-16,65.4305419921875,99.91999816894531,100.87000274658203,99.2300033569336,100.80999755859375,39894200
2003-07-17,64.50067901611328,98.5,99.87999725341797,98.16000366210938,99.1500015258789,52253500
2003-07-18,65.16207122802734,99.51000213623047,99.80000305175781,98.45999908447266,99.0199966430664,35698100
2003-07-21,64.35662841796875,98.27999877929688,99.48999786376953,97.8499984741211,99.44999694824219,34786000
2003-07-22,64.93940734863281,99.16999816894531,99.41000366210938,97.91999816894531,98.69000244140625,49968300
2003-07-23,64.98526000976562,99.23999786376953,99.44999694824219,98.27999877929688,99.20999908447266,37275400
2003-07-24,64.49412536621094,98.48999786376953,100.33999633789062,98.37000274658203,99.98999786376953,40896200
2003-07-25,65.6335220336914,100.2300033569336,100.29000091552734,98.04000091552734,98.66000366210938,43241100
2003-07-28,65.39124298095703,99.86000061035156,100.9800033569336,99.66999816894531,100.37000274658203,34382800
2003-07-29,65.09004974365234,99.4000015258789,100.26000213623047,98.68000030517578,100.13999938964844,53472100
2003-07-30,64.93289947509766,99.16000366210938,99.75,98.93000030517578,99.5999984741211,28363300
2003-07-31,65.08349609375,99.38999938964844,100.91000366210938,99.16999816894531,99.9800033569336,54937200
2003-08-01,64.50724792480469,98.51000213623047,99.52999877929688,98.23999786376953,99.19000244140625,49321000
2003-08-04,64.50724792480469,98.51000213623047,99.0,97.0,98.30999755859375,55214100
2003-08-05,63.138641357421875,96.41999816894531,98.76000213623047,96.33999633789062,98.41000366210938,61415600
2003-08-06,63.50535583496094,96.9800033569336,98.05999755859375,96.41999816894531,96.69000244140625,50096900
2003-08-07,64.17328643798828,98.0,98.06999969482422,96.76000213623047,97.16999816894531,43427400
2003-08-08,64.35662841796875,98.27999877929688,98.55000305175781,97.76000213623047,98.31999969482422,27357300
2003-08-11,64.598876953125,98.6500015258789,99.04000091552734,97.83999633789062,98.26000213623047,34631400
2003-08-12,65.1882553100586,99.55000305175781,99.58999633789062,98.41999816894531,98.70999908447266,43285600
2003-08-13,64.85430145263672,99.04000091552734,99.8499984741211,98.52999877929688,99.81999969482422,36152000
2003-08-14,65.03108978271484,99.30999755859375,99.75,98.44999694824219,99.0999984741211,35525100
2003-08-15,65.23407745361328,99.62000274658203,99.79000091552734,99.12000274658203,99.36000061035156,12567000
2003-08-18,65.7972183227539,100.4800033569336,100.5999984741211,99.73999786376953,99.93000030517578,22873800
2003-08-19,66.04605865478516,100.86000061035156,100.94000244140625,100.0,100.69000244140625,37437700
2003-08-20,65.77759552001953,100.44999694824219,100.88999938964844,100.16000366210938,100.29000091552734,21295300
2003-08-21,65.98713684082031,100.7699966430664,101.5199966430664,100.4000015258789,101.05000305175781,46494200
2003-08-22,65.33230590820312,99.7699966430664,101.81999969482422,99.7300033569336,101.75,52040300
2003-08-25,65.43709564208984,99.93000030517578,100.83000183105469,99.27999877929688,99.70999908447266,23473000
2003-08-26,65.55496978759766,100.11000061035156,100.38999938964844,98.83000183105469,99.5,45065800
2003-08-27,65.57463073730469,100.13999938964844,100.36000061035156,99.56999969482422,100.05000305175781,18919500
2003-08-28,65.9805908203125,100.76000213623047,101.0,99.66000366210938,100.4000015258789,27402400
2003-08-29,66.42589569091797,101.44000244140625,101.4800033569336,100.4800033569336,100.61000061035156,28706600
2003-09-02,67.31645202636719,102.80000305175781,102.87999725341797,101.05000305175781,101.63999938964844,49419100
2003-09-03,67.68315124511719,103.36000061035156,103.69999694824219,102.77999877929688,103.02999877929688,44912400
2003-09-04,67.7159194946289,103.41000366210938,103.55000305175781,102.76000213623047,103.0999984741211,28381000
2003-09-05,67.33612060546875,102.83000183105469,103.55000305175781,102.4000015258789,102.94000244140625,31637300
2003-09-08,67.89271545410156,103.68000030517578,103.87999725341797,102.93000030517578,103.04000091552734,32632800
2003-09-09,67.4473876953125,103.0,103.45999908447266,102.68000030517578,103.37000274658203,35053200
2003-09-10,66.76640319824219,101.95999908447266,102.80000305175781,101.55000305175781,102.52999877929688,45904900
2003-09-11,66.96286010742188,102.26000213623047,102.76000213623047,101.83999633789062,102.0999984741211,38396300
2003-09-12,67.08726501464844,102.44999694824219,102.63999938964844,101.3499984741211,101.91000366210938,42524800
2003-09-15,66.85150146484375,102.08999633789062,102.62999725341797,101.94999694824219,102.5199966430664,21312800
2003-09-16,67.82721710205078,103.58000183105469,103.63999938964844,102.16999816894531,102.2300033569336,37892600
2003-09-17,67.6962661743164,103.37999725341797,103.79000091552734,103.05000305175781,103.4800033569336,31885800
2003-09-18,68.49514770507812,104.5999984741211,104.69999694824219,103.16999816894531,103.4000015258789,30243600
2003-09-19,68.1467514038086,103.66999816894531,104.5999984741211,103.4000015258789,104.2699966430664,34331600
2003-09-22,67.4105453491211,102.55000305175781,102.95999908447266,102.02999877929688,102.8499984741211,36677400
2003-09-23,67.66687774658203,102.94000244140625,103.29000091552734,102.36000061035156,102.58999633789062,32489200
2003-09-24,66.4639663696289,101.11000061035156,103.22000122070312,101.06999969482422,103.12000274658203,41694700
2003-09-25,65.91835021972656,100.27999877929688,101.87999725341797,100.19999694824219,101.41000366210938,52673100
2003-09-26,65.7014389038086,99.94999694824219,100.66000366210938,99.8499984741211,100.44000244140625,42914700
2003-09-29,66.34565734863281,100.93000030517578,100.98999786376953,99.79000091552734,100.30000305175781,36771600
2003-09-30,65.7014389038086,99.94999694824219,100.76000213623047,99.25,100.4800033569336,70764500
2003-10-01,67.1015625,102.08000183105469,102.18000030517578,100.19999694824219,100.23999786376953,65797600
2003-10-02,67.34479522705078,102.44999694824219,102.55999755859375,101.62999725341797,101.93000030517578,44591500
2003-10-03,67.96270751953125,103.38999938964844,104.27999877929688,103.08000183105469,103.66999816894531,48806900
2003-10-06,68.27167510986328,103.86000061035156,103.98999786376953,103.19999694824219,103.4800033569336,20226500
2003-10-07,68.53457641601562,104.26000213623047,104.30999755859375,102.91000366210938,103.26000213623047,42602900
2003-10-08,68.36368560791016,104.0,104.38999938964844,103.41000366210938,104.33000183105469,30920800
2003-10-09,68.54776000976562,104.27999877929688,105.22000122070312,103.83000183105469,104.87999725341797,40066500
2003-10-10,68.73836517333984,104.56999969482422,104.5999984741211,103.91000366210938,104.2699966430664,22682800
2003-10-13,68.95528411865234,104.9000015258789,105.29000091552734,104.51000213623047,104.70999908447266,23825600
2003-10-14,69.19847869873047,105.2699966430664,105.43000030517578,104.36000061035156,104.80000305175781,38484400
2003-10-15,69.01441955566406,104.98999786376953,105.88999938964844,104.63999938964844,105.86000061035156,39021700
2003-10-16,69.29052734375,105.41000366210938,105.7300033569336,104.6500015258789,104.68000030517578,32772200
2003-10-17,68.53457641601562,104.26000213623047,105.62999725341797,103.9800033569336,105.47000122070312,32790300
2003-10-20,69.04731750488281,105.04000091552734,105.04000091552734,103.94000244140625,104.44999694824219,27657000
2003-10-21,68.928955078125,104.86000061035156,105.27999877929688,104.31999969482422,104.81999969482422,26729100
2003-10-22,68.06127166748047,103.54000091552734,104.19000244140625,103.19000244140625,104.02999877929688,33914500
2003-10-23,67.93639373779297,103.3499984741211,103.94999694824219,102.83999633789062,102.88999938964844,45830500
2003-10-24,68.08760070800781,103.58000183105469,103.58000183105469,102.18000030517578,102.83000183105469,51723600
2003-10-27,68.1204605102539,103.62999725341797,104.18000030517578,103.2699966430664,103.73999786376953,32460200
2003-10-28,69.04731750488281,105.04000091552734,105.1500015258789,103.81999969482422,103.9800033569336,34956200
2003-10-29,69.13932800292969,105.18000030517578,105.43000030517578,103.87000274658203,104.7699966430664,30955400
2003-10-30,69.2839584350586,105.4000015258789,105.97000122070312,104.80000305175781,105.79000091552734,39123100
2003-10-31,69.21822357177734,105.30000305175781,105.73999786376953,105.22000122070312,105.4000015258789,25761600
2003-11-03,69.67176055908203,105.98999786376953,106.61000061035156,105.70999908447266,105.75,37589300
2003-11-04,69.52059936523438,105.76000213623047,106.2699966430664,105.58000183105469,105.98999786376953,31421600
2003-11-05,69.57318115234375,105.83999633789062,105.97000122070312,104.9000015258789,105.48999786376953,33558800
2003-11-06,69.94129180908203,106.4000015258789,106.44000244140625,105.0999984741211,105.5999984741211,28392300
2003-11-07,69.42198944091797,105.61000061035156,106.72000122070312,105.56999969482422,106.63999938964844,31723200
2003-11-10,69.13932800292969,105.18000030517578,105.83999633789062,105.01000213623047,105.73999786376953,25530800
2003-11-11,69.11961364746094,105.1500015258789,105.33000183105469,104.80000305175781,105.08999633789062,26558600
2003-11-12,69.89527130126953,106.33000183105469,106.47000122070312,105.16000366210938,105.2300033569336,28000000
2003-11-13,69.91500091552734,106.36000061035156,106.54000091552734,105.77999877929688,106.01000213623047,29714800
2003-11-14,69.32339477539062,105.45999908447266,106.94999694824219,105.29000091552734,106.4000015258789,49158500
2003-11-17,68.97501373291016,104.93000030517578,105.13999938964844,104.04000091552734,104.91000366210938,44382100
2003-11-18,68.25851440429688,103.83999633789062,105.44999694824219,103.69999694824219,105.23999786376953,41155000
2003-11-19,68.83696746826172,104.72000122070312,105.01000213623047,103.91999816894531,104.02999877929688,29827000
2003-11-20,68.21903228759766,103.77999877929688,105.23999786376953,103.75,104.0,53578700
2003-11-21,68.50171661376953,104.20999908447266,104.33000183105469,103.62000274658203,104.23999786376953,30016000
2003-11-24,69.40884399414062,105.58999633789062,105.77999877929688,104.68000030517578,104.69000244140625,28906400
2003-11-25,69.67176055908203,105.98999786376953,106.41999816894531,105.44999694824219,105.7300033569336,37580000
2003-11-26,69.92156219482422,106.37000274658203,106.44999694824219,105.38999938964844,106.41999816894531,33053600
2003-11-28,69.97418212890625,106.44999694824219,106.66000366210938,106.19999694824219,106.27999877929688,10507500
2003-12-01,70.73013305664062,107.5999984741211,107.68000030517578,106.80000305175781,106.8499984741211,38699000
2003-12-02,70.5526351928711,107.33000183105469,107.7699966430664,107.06999969482422,107.37999725341797,35352000
2003-12-03,70.4408950805664,107.16000366210938,108.08000183105469,107.06999969482422,107.6500015258789,39078600
2003-12-04,70.73013305664062,107.5999984741211,107.72000122070312,106.94000244140625,107.16999816894531,36089500
2003-12-05,70.23710632324219,106.8499984741211,107.80000305175781,106.62000274658203,107.12000274658203,28824400
2003-12-08,70.71039581298828,107.56999969482422,107.63999938964844,106.68000030517578,106.73999786376953,32482900
2003-12-09,70.164794921875,106.73999786376953,107.93000030517578,106.54000091552734,107.9000015258789,43596100
2003-12-10,70.15825653076172,106.7300033569336,106.9800033569336,105.95999908447266,106.7699966430664,36915400
2003-12-11,70.94703674316406,107.93000030517578,108.0999984741211,106.66999816894531,106.68000030517578,45304000
2003-12-12,71.0850601196289,108.13999938964844,108.19999694824219,107.38999938964844,107.97000122070312,34142200
2003-12-15,70.73013305664062,107.5999984741211,109.2300033569336,107.4800033569336,109.16999816894531,38693400
2003-12-16,71.09823608398438,108.16000366210938,108.5,107.5199966430664,107.68000030517578,32894200
2003-12-17,71.32170104980469,108.5,108.5,107.80000305175781,108.05999755859375,23198800
2003-12-18,72.12368774414062,109.72000122070312,109.7300033569336,108.38999938964844,108.55000305175781,29353100
2003-12-19,71.92288970947266,108.9000015258789,109.37000274658203,108.58000183105469,109.30000305175781,41465100
2003-12-22,72.4248275756836,109.66000366210938,109.66000366210938,108.77999877929688,108.79000091552734,27611300
2003-12-23,72.47106170654297,109.7300033569336,109.94999694824219,109.37999725341797,109.4800033569336,24741200
2003-12-24,72.3984375,109.62000274658203,109.87999725341797,109.43000030517578,109.5199966430664,8055800
2003-12-26,72.45126342773438,109.69999694824219,110.08000183105469,109.62999725341797,109.70999908447266,8308400
2003-12-29,73.41551971435547,111.16000366210938,111.2699966430664,109.77999877929688,110.0999984741211,22483700
2003-12-30,73.4287109375,111.18000030517578,111.2699966430664,110.8499984741211,111.08999633789062,19559500
2003-12-31,73.49478149414062,111.27999877929688,111.5199966430664,110.83999633789062,111.22000122070312,31501800
2004-01-02,73.46174621582031,111.2300033569336,112.19000244140625,110.7300033569336,111.73999786376953,38072300
2004-01-05,74.2608642578125,112.44000244140625,112.5199966430664,111.58999633789062,111.69000244140625,27959800
2004-01-06,74.33352661132812,112.55000305175781,112.7300033569336,112.0,112.16000366210938,20472800
2004-01-07,74.58451843261719,112.93000030517578,113.05999755859375,111.88999938964844,112.38999938964844,30170400
2004-01-08,74.8816909790039,113.37999725341797,113.41000366210938,112.7699966430664,113.25,36438400
2004-01-09,74.22785949707031,112.38999938964844,113.5,112.2699966430664,112.83000183105469,54084300
2004-01-12,74.77601623535156,113.22000122070312,113.25,112.36000061035156,112.55000305175781,31564100
2004-01-13,74.34014892578125,112.55999755859375,113.2300033569336,111.76000213623047,113.08999633789062,54239700
2004-01-14,74.96099853515625,113.5,113.66000366210938,112.66999816894531,112.76000213623047,30112800
2004-01-15,75.1458969116211,113.77999877929688,114.05999755859375,112.58000183105469,113.56999969482422,38408700
2004-01-16,75.44308471679688,114.2300033569336,114.30999755859375,113.62999725341797,114.04000091552734,31922700
2004-01-20,75.42325592041016,114.19999694824219,114.6500015258789,113.81999969482422,114.52999877929688,29863000
2004-01-21,76.0177001953125,115.0999984741211,115.30000305175781,113.72000122070312,114.12999725341797,30725000
2004-01-22,75.81954956054688,114.80000305175781,115.37999725341797,114.58000183105469,115.13999938964844,29888500
2004-01-23,75.57520294189453,114.43000030517578,115.37000274658203,113.94999694824219,115.0,44245300
2004-01-26,76.5262222290039,115.87000274658203,115.93000030517578,114.37999725341797,114.38999938964844,30460600
2004-01-27,75.74034881591797,114.68000030517578,116.5,114.6500015258789,115.75,35322800
2004-01-28,74.87510681152344,113.37000274658203,115.27999877929688,112.94000244140625,114.9800033569336,52621300
2004-01-29,74.94778442382812,113.4800033569336,113.8499984741211,112.55999755859375,113.55999755859375,60117100
2004-01-30,74.94778442382812,113.4800033569336,113.72000122070312,113.08999633789062,113.5199966430664,30984400
2004-02-02,75.27140045166016,113.97000122070312,114.68000030517578,113.12000274658203,113.69999694824219,38832400
2004-02-03,75.1458969116211,113.77999877929688,114.13999938964844,113.44000244140625,113.73999786376953,25093500
2004-02-04,74.53167724609375,112.8499984741211,113.7300033569336,112.79000091552734,113.19000244140625,39332600
2004-02-05,74.74961853027344,113.18000030517578,113.54000091552734,112.77999877929688,113.16999816894531,37226800
2004-02-06,75.58838653564453,114.44999694824219,114.69999694824219,113.19999694824219,113.41999816894531,37216000
2004-02-09,75.60820770263672,114.4800033569336,114.87000274658203,114.29000091552734,114.66999816894531,24851300
2004-02-10,75.8525619506836,114.8499984741211,115.13999938964844,114.26000213623047,114.27999877929688,27908100
2004-02-11,76.65830993652344,116.06999969482422,116.38999938964844,114.16999816894531,114.8499984741211,42965700
2004-02-12,76.38094329833984,115.6500015258789,116.2699966430664,115.58000183105469,115.97000122070312,27814700
2004-02-13,76.0374984741211,115.12999725341797,116.19999694824219,114.75,115.81999969482422,44739900
2004-02-17,76.72437286376953,116.16999816894531,116.43000030517578,115.7699966430664,115.8499984741211,23984300
2004-02-18,76.3875503540039,115.66000366210938,116.5999984741211,115.3499984741211,116.19999694824219,28618000
2004-02-19,76.10356903076172,115.2300033569336,116.38999938964844,115.05999755859375,116.33000183105469,51146200
2004-02-20,75.87237548828125,114.87999725341797,115.55999755859375,114.31999969482422,115.4800033569336,46728800
2004-02-23,75.68087005615234,114.58999633789062,115.26000213623047,114.16999816894531,115.22000122070312,36357000
2004-02-24,75.54877471923828,114.38999938964844,114.98999786376953,113.02999877929688,114.2699966430664,43953000
2004-02-25,75.86578369140625,114.87000274658203,115.05999755859375,114.31999969482422,114.45999908447266,31213600
2004-02-26,75.91199493408203,114.94000244140625,115.29000091552734,114.33999633789062,114.61000061035156,29683000
2004-02-27,75.96485137939453,115.0199966430664,115.73999786376953,114.62999725341797,115.19000244140625,39312000
2004-03-01,76.71776580810547,116.16000366210938,116.33999633789062,115.25,115.43000030517578,33130800
2004-03-02,76.26868438720703,115.4800033569336,116.97000122070312,115.2300033569336,115.94000244140625,38556400
2004-03-03,76.40736389160156,115.69000244140625,115.87000274658203,114.91999816894531,115.25,31346200
2004-03-04,76.60548400878906,115.98999786376953,116.0999984741211,115.5199966430664,115.72000122070312,21060000
2004-03-05,76.86306762695312,116.37999725341797,116.94999694824219,115.27999877929688,115.41999816894531,55905600
2004-03-08,75.92522430419922,114.95999908447266,116.62000274658203,114.91000366210938,116.33999633789062,39281600
2004-03-09,75.62141418457031,114.5,115.20999908447266,114.23999786376953,115.0999984741211,39746100
2004-03-10,74.35336303710938,112.58000183105469,114.7699966430664,112.55999755859375,114.72000122070312,67671800
2004-03-11,73.38907623291016,111.12000274658203,113.2699966430664,111.0999984741211,112.4000015258789,89134800
2004-03-12,74.35336303710938,112.58000183105469,112.70999908447266,111.58000183105469,111.7300033569336,54012200
2004-03-15,73.44194793701172,111.19999694824219,112.3499984741211,110.9000015258789,112.2699966430664,57677200
2004-03-16,73.83160400390625,111.79000091552734,112.05999755859375,110.83999633789062,111.77999877929688,59832600
2004-03-17,74.65715789794922,113.04000091552734,113.26000213623047,112.0999984741211,112.18000030517578,41607300
2004-03-18,74.677001953125,113.06999969482422,113.2699966430664,111.93000030517578,112.69999694824219,60014300
2004-03-19,73.60658264160156,111.05999755859375,112.56999969482422,111.04000091552734,112.41000366210938,48636200
2004-03-22,72.67211151123047,109.6500015258789,110.56999969482422,109.0999984741211,110.54000091552734,62752100
2004-03-23,72.5461654663086,109.45999908447266,110.4000015258789,109.36000061035156,110.25,54080200
2004-03-24,72.60584259033203,109.55000305175781,110.13999938964844,108.8499984741211,109.58000183105469,51584300
2004-03-25,73.56684875488281,111.0,111.30000305175781,109.79000091552734,110.08000183105469,49873600
2004-03-26,73.58673095703125,111.02999877929688,111.79000091552734,110.80000305175781,110.95999908447266,37409500
2004-03-29,74.62064361572266,112.58999633789062,112.73999786376953,111.58000183105469,111.62999725341797,44113600
2004-03-30,74.87251281738281,112.97000122070312,113.06999969482422,112.22000122070312,112.30000305175781,39059900
2004-03-31,74.95864868164062,113.0999984741211,113.4000015258789,112.37999725341797,112.98999786376953,48517600
2004-04-01,75.40934753417969,113.77999877929688,113.87000274658203,113.05000305175781,113.06999969482422,45103800
2004-04-02,75.97931671142578,114.63999938964844,114.83999633789062,113.9000015258789,114.80999755859375,50987700
2004-04-05,76.3968276977539,115.2699966430664,115.37999725341797,114.44000244140625,114.45999908447266,30251800
2004-04-06,76.15162658691406,114.9000015258789,115.18000030517578,114.62000274658203,114.83000183105469,28420900
2004-04-07,75.97265625,114.62999725341797,114.9800033569336,114.11000061035156,114.94999694824219,45890500
2004-04-08,75.80036163330078,114.37000274658203,115.41000366210938,113.73999786376953,115.41000366210938,46929700
2004-04-12,76.09861755371094,114.81999969482422,115.08000183105469,114.56999969482422,114.58000183105469,23085200
2004-04-13,75.03153228759766,113.20999908447266,115.30000305175781,113.0199966430664,115.26000213623047,56210300
2004-04-14,75.15087127685547,113.38999938964844,113.63999938964844,112.55000305175781,112.61000061035156,62322300
2004-04-15,74.8658676147461,112.95999908447266,113.77999877929688,112.36000061035156,113.44999694824219,61602500
2004-04-16,75.44245910644531,113.83000183105469,114.05000305175781,112.9800033569336,113.37999725341797,47059200
2004-04-19,75.44245910644531,113.83000183105469,113.98999786376953,113.2699966430664,113.55000305175781,28277600
2004-04-20,74.17658996582031,111.91999816894531,114.31999969482422,111.77999877929688,114.08000183105469,53299400
2004-04-21,74.67366790771484,112.66999816894531,112.94999694824219,111.87000274658203,112.19999694824219,50177300
2004-04-22,75.72080993652344,114.25,114.66999816894531,112.44000244140625,112.4800033569336,62071500
2004-04-23,75.79371643066406,114.36000061035156,114.56999969482422,113.79000091552734,114.41999816894531,29395700
2004-04-26,75.68770599365234,114.19999694824219,114.94000244140625,113.5999984741211,114.5,35515200
2004-04-27,75.75399017333984,114.30000305175781,115.12000274658203,113.95999908447266,114.2300033569336,43485500
2004-04-28,74.77306365966797,112.81999969482422,114.01000213623047,112.5,113.88999938964844,50165800
2004-04-29,74.11692810058594,111.83000183105469,113.31999969482422,111.16000366210938,112.72000122070312,69687600
2004-04-30,73.54034423828125,110.95999908447266,112.37999725341797,110.9000015258789,112.16999816894531,48681400
2004-05-03,74.32901000976562,112.1500015258789,112.29000091552734,111.3499984741211,111.37000274658203,33758000
2004-05-04,74.2693862915039,112.05999755859375,113.26000213623047,111.66000366210938,112.25,51185100
2004-05-05,74.74656677246094,112.77999877929688,112.95999908447266,112.16000366210938,112.41000366210938,34405000
2004-05-06,74.10369873046875,111.80999755859375,112.58999633789062,111.0,112.0199966430664,54997000
2004-05-07,72.87757873535156,109.95999908447266,112.2300033569336,109.95999908447266,111.22000122070312,60950000
2004-05-10,72.1286392211914,108.83000183105469,109.75,108.36000061035156,109.44000244140625,75279400
2004-05-11,72.73836517333984,109.75,110.05000305175781,109.33000183105469,109.45999908447266,48300600
2004-05-12,73.20230102539062,110.44999694824219,110.54000091552734,108.05999755859375,109.56999969482422,90830500
2004-05-13,72.89747619628906,109.98999786376953,110.80999755859375,109.62999725341797,109.76000213623047,57393700
2004-05-14,72.93059539794922,110.04000091552734,110.73999786376953,109.2699966430664,109.94999694824219,54123100
2004-05-17,72.30760955810547,109.0999984741211,109.5,108.41000366210938,108.88999938964844,55020400
2004-05-18,72.67211151123047,109.6500015258789,109.94000244140625,109.33000183105469,109.48999786376953,30193100
2004-05-19,72.42024993896484,109.2699966430664,111.18000030517578,109.1500015258789,110.5,54804100
2004-05-20,72.65227508544922,109.62000274658203,109.87000274658203,109.04000091552734,109.44999694824219,38082900
2004-05-21,72.77812194824219,109.80999755859375,110.55000305175781,109.47000122070312,109.97000122070312,47480400
2004-05-24,73.08304595947266,110.2699966430664,110.76000213623047,109.68000030517578,110.52999877929688,40961500
2004-05-25,74.13019561767578,111.8499984741211,111.9800033569336,109.5999984741211,109.9000015258789,48668000
2004-05-26,74.38864135742188,112.23999786376953,112.29000091552734,111.51000213623047,111.66000366210938,35977000
2004-05-27,74.80622863769531,112.87000274658203,113.02999877929688,112.05999755859375,112.54000091552734,45306900
2004-05-28,74.79957580566406,112.86000061035156,112.87999725341797,112.36000061035156,112.7300033569336,23367200
2004-06-01,74.7001724243164,112.70999908447266,112.86000061035156,111.87000274658203,112.45999908447266,41044700
2004-06-02,74.97854614257812,113.12999725341797,113.4800033569336,112.45999908447266,113.02999877929688,39774200
2004-06-03,74.28926086425781,112.08999633789062,113.19000244140625,112.06999969482422,112.80999755859375,38688300
2004-06-04,74.87908172607422,112.9800033569336,113.58000183105469,112.70999908447266,112.9800033569336,32739500
2004-06-07,76.01908111572266,114.69999694824219,114.80999755859375,113.41999816894531,113.43000030517578,31643800
2004-06-08,76.12511444091797,114.86000061035156,114.91999816894531,114.16999816894531,114.37000274658203,32846500
2004-06-09,75.41595458984375,113.79000091552734,114.69999694824219,113.72000122070312,114.51000213623047,36737600
2004-06-10,75.78712463378906,114.3499984741211,114.3499984741211,113.93000030517578,114.04000091552734,21711000
2004-06-14,75.03817749023438,113.22000122070312,113.8499984741211,112.87000274658203,113.81999969482422,34633000
2004-06-15,75.56838989257812,114.0199966430664,114.44999694824219,113.51000213623047,113.9000015258789,37445000
2004-06-16,75.55516052246094,114.0,114.19999694824219,113.69999694824219,114.0,26633400
2004-06-17,75.44245910644531,113.83000183105469,114.06999969482422,113.33000183105469,113.8499984741211,28402400
2004-06-18,75.58480834960938,113.62999725341797,114.22000122070312,113.18000030517578,113.2699966430664,31799800
2004-06-21,75.29876708984375,113.19999694824219,114.13999938964844,113.12999725341797,113.75,25284000
2004-06-22,75.67792510986328,113.7699966430664,113.87999725341797,112.66999816894531,113.12999725341797,37334000
2004-06-23,76.32980346679688,114.75,114.83999633789062,113.41999816894531,113.61000061035156,35580000
2004-06-24,76.09034729003906,114.38999938964844,114.93000030517578,114.26000213623047,114.55999755859375,35272100
2004-06-25,75.7245101928711,113.83999633789062,114.94000244140625,113.68000030517578,114.41000366210938,32837900
2004-06-28,75.465087890625,113.44999694824219,114.61000061035156,113.41000366210938,114.5199966430664,40824500
2004-06-29,75.7777099609375,113.91999816894531,114.16999816894531,113.41999816894531,113.52999877929688,28418100
2004-06-30,76.18350982666016,114.52999877929688,114.79000091552734,113.6500015258789,114.06999969482422,52230600
2004-07-01,75.12583923339844,112.94000244140625,114.4000015258789,112.58000183105469,114.25,57734700
2004-07-02,75.0859375,112.87999725341797,113.29000091552734,112.5999984741211,113.16000366210938,34615100
2004-07-06,74.42743682861328,111.88999938964844,112.44999694824219,111.62999725341797,112.37000274658203,38698200
2004-07-07,74.64693450927734,112.22000122070312,112.56999969482422,111.75,111.80999755859375,29839800
2004-07-08,74.12806701660156,111.44000244140625,112.31999969482422,111.19999694824219,111.80999755859375,45291100
2004-07-09,74.3209457397461,111.7300033569336,111.94000244140625,111.37999725341797,111.72000122070312,27412900
2004-07-12,74.35423278808594,111.77999877929688,112.04000091552734,111.0,111.5199966430664,35691300
2004-07-13,74.40745544433594,111.86000061035156,112.0199966430664,111.5999984741211,111.91999816894531,26752000
2004-07-14,74.18126678466797,111.5199966430664,112.38999938964844,111.12000274658203,111.26000213623047,54089400
2004-07-15,73.70233154296875,110.80000305175781,111.91000366210938,110.69999694824219,111.73999786376953,38403500
2004-07-16,73.64248657226562,110.70999908447266,111.66999816894531,110.44000244140625,111.56999969482422,40871200
2004-07-19,73.32982635498047,110.23999786376953,110.95999908447266,109.98999786376953,110.75,39592800
2004-07-20,74.26109313964844,111.63999938964844,111.9000015258789,110.25,110.52999877929688,46679800
2004-07-21,72.89081573486328,109.58000183105469,112.05999755859375,109.44999694824219,111.81999969482422,56241100
2004-07-22,73.09037017822266,109.87999725341797,110.38999938964844,108.7699966430664,109.36000061035156,72477100
2004-07-23,72.4783935546875,108.95999908447266,109.70999908447266,108.69000244140625,109.62000274658203,49610500
2004-07-26,72.3387222290039,108.75,109.43000030517578,108.20999908447266,109.19000244140625,49679100
2004-07-27,73.0171890258789,109.7699966430664,110.11000061035156,108.97000122070312,109.05000305175781,51295100
2004-07-28,73.2366943359375,110.0999984741211,110.37000274658203,108.58999633789062,109.55000305175781,65862300
2004-07-29,73.54936981201172,110.56999969482422,110.87000274658203,110.0,110.54000091552734,52200500
2004-07-30,73.72892761230469,110.83999633789062,110.9000015258789,110.0999984741211,110.31999969482422,41581700
2004-08-02,73.8819580078125,111.06999969482422,111.36000061035156,110.05000305175781,110.19000244140625,38263100
2004-08-03,73.30989837646484,110.20999908447266,111.05999755859375,110.16000366210938,110.93000030517578,40948800
2004-08-04,73.3032455444336,110.19999694824219,110.75,109.63999938964844,109.88999938964844,40763200
2004-08-05,72.10590362548828,108.4000015258789,110.37999725341797,108.2699966430664,110.29000091552734,50772000
2004-08-06,71.07488250732422,106.8499984741211,107.95999908447266,106.62000274658203,107.62999725341797,74729000
2004-08-09,71.17463684082031,107.0,107.4800033569336,106.87000274658203,107.0199966430664,37476300
2004-08-10,72.09258270263672,108.37999725341797,108.41000366210938,107.26000213623047,107.30999755859375,55870600
2004-08-11,71.94624328613281,108.16000366210938,108.33000183105469,107.0999984741211,107.68000030517578,52933200
2004-08-12,71.16136932373047,106.9800033569336,107.94999694824219,106.62999725341797,107.68000030517578,50015900
2004-08-13,71.30101776123047,107.19000244140625,107.3499984741211,106.58999633789062,107.0999984741211,41634700
2004-08-16,72.03936767578125,108.30000305175781,108.63999938964844,107.0999984741211,107.13999938964844,45731900
2004-08-17,72.44514465332031,108.91000366210938,109.27999877929688,108.52999877929688,108.75,40701600
2004-08-18,73.19017791748047,110.02999877929688,110.16999816894531,108.48999786376953,108.5199966430664,43165400
2004-08-19,72.97731018066406,109.70999908447266,110.0199966430664,109.18000030517578,109.80999755859375,39881600
2004-08-20,73.4895248413086,110.4800033569336,110.62999725341797,109.51000213623047,109.61000061035156,44870900
2004-08-23,73.3032455444336,110.19999694824219,110.7699966430664,110.05000305175781,110.55000305175781,33745100
2004-08-24,73.40303039550781,110.3499984741211,110.7300033569336,109.8499984741211,110.63999938964844,30453100
2004-08-25,73.90188598632812,111.0999984741211,111.2699966430664,109.9000015258789,110.33000183105469,38551400
2004-08-26,73.90188598632812,111.0999984741211,111.30999755859375,110.8499984741211,110.95999908447266,26629500
2004-08-27,74.13469696044922,111.44999694824219,111.62999725341797,111.05000305175781,111.19999694824219,24902900
2004-08-30,73.52274322509766,110.52999877929688,111.33999633789062,110.44999694824219,111.22000122070312,26726500
2004-08-31,73.9085464477539,111.11000061035156,111.16000366210938,110.0999984741211,110.66000366210938,44125300
2004-09-01,74.04826354980469,111.31999969482422,111.63999938964844,110.4800033569336,110.94999694824219,52778300
2004-09-02,74.88640594482422,112.58000183105469,112.69999694824219,111.23999786376953,111.23999786376953,42736600
2004-09-03,74.58036804199219,112.12000274658203,112.81999969482422,112.01000213623047,112.33000183105469,30480500
2004-09-07,75.07261657714844,112.86000061035156,113.12999725341797,112.31999969482422,112.54000091552734,37338800
2004-09-08,74.88640594482422,112.58000183105469,113.05999755859375,112.30999755859375,112.62000274658203,32963100
2004-09-09,74.81986999511719,112.4800033569336,112.87999725341797,112.02999877929688,112.56999969482422,34314800
2004-09-10,75.20565032958984,113.05999755859375,113.2699966430664,112.08000183105469,112.5199966430664,27900600
2004-09-13,75.45179748535156,113.43000030517578,113.73999786376953,113.01000213623047,113.30999755859375,44398100
2004-09-14,75.60476684570312,113.66000366210938,113.69000244140625,113.19000244140625,113.30000305175781,28048900
2004-09-15,75.03273010253906,112.80000305175781,113.36000061035156,112.68000030517578,113.30000305175781,38295000
2004-09-16,75.25890350341797,113.13999938964844,113.37000274658203,112.80000305175781,112.8499984741211,23911700
2004-09-17,75.57882690429688,113.1500015258789,113.36000061035156,112.69000244140625,112.94999694824219,33683000
2004-09-20,75.12464141845703,112.47000122070312,112.98999786376953,112.27999877929688,112.66999816894531,37149400
2004-09-21,75.4519271850586,112.95999908447266,113.47000122070312,112.54000091552734,112.75,40920800
2004-09-22,74.51009368896484,111.55000305175781,112.5199966430664,111.47000122070312,112.5,49042100
2004-09-23,74.10932922363281,110.94999694824219,111.69999694824219,110.94999694824219,111.5999984741211,44068700
2004-09-24,74.44998931884766,111.45999908447266,111.7300033569336,111.12999725341797,111.16999816894531,34981100
2004-09-27,73.97576904296875,110.75,111.19999694824219,110.58000183105469,111.0999984741211,39355100
2004-09-28,74.32975769042969,111.27999877929688,111.51000213623047,110.41000366210938,110.91000366210938,41662900
2004-09-29,74.70378112792969,111.83999633789062,111.8499984741211,111.0,111.20999908447266,33325700
2004-09-30,74.65033721923828,111.76000213623047,111.9800033569336,111.26000213623047,111.55000305175781,43536700
2004-10-01,75.91280364990234,113.6500015258789,113.6500015258789,112.20999908447266,112.26000213623047,62824300
2004-10-04,76.03971862792969,113.83999633789062,114.44000244140625,113.80000305175781,114.0999984741211,33082400
2004-10-05,76.07978057861328,113.9000015258789,114.16000366210938,113.54000091552734,113.8499984741211,36910600
2004-10-06,76.60078430175781,114.68000030517578,114.68000030517578,113.68000030517578,113.7699966430664,42297800
2004-10-07,75.77924346923828,113.44999694824219,114.4000015258789,113.36000061035156,114.37999725341797,39388800
2004-10-08,75.15133666992188,112.51000213623047,113.7699966430664,112.3499984741211,113.1500015258789,51872600
2004-10-11,75.45858001708984,112.97000122070312,113.0199966430664,112.63999938964844,112.77999877929688,20229100
2004-10-12,75.16468811035156,112.52999877929688,112.83000183105469,111.94000244140625,112.19999694824219,41754700
2004-10-13,74.5034408569336,111.54000091552734,113.06999969482422,111.31999969482422,113.0,54212600
2004-10-14,73.90227508544922,110.63999938964844,111.93000030517578,110.58000183105469,111.68000030517578,64082200
2004-10-15,74.3163833618164,111.26000213623047,111.73999786376953,110.56999969482422,111.0199966430664,63482200
2004-10-18,74.59691619873047,111.68000030517578,111.9000015258789,110.69999694824219,110.88999938964844,43535100
2004-10-19,73.96903228759766,110.73999786376953,112.2300033569336,110.58999633789062,112.0199966430664,55851900
2004-10-20,73.82210540771484,110.5199966430664,110.81999969482422,109.75,110.37999725341797,57118500
2004-10-21,74.30303192138672,111.23999786376953,111.31999969482422,110.20999908447266,110.79000091552734,53218300
2004-10-22,73.46810150146484,109.98999786376953,111.25,109.86000061035156,111.19000244140625,48752400
2004-10-25,73.38126373291016,109.86000061035156,110.12000274658203,109.3499984741211,109.75,43990900
2004-10-26,74.5034408569336,111.54000091552734,111.5999984741211,109.87999725341797,110.12999725341797,54337400
2004-10-27,75.39851379394531,112.87999725341797,113.0999984741211,111.12000274658203,111.37999725341797,73896000
2004-10-28,75.62555694580078,113.22000122070312,113.55999755859375,112.48999786376953,112.77999877929688,54413300
2004-10-29,75.61223602294922,113.19999694824219,113.63999938964844,112.9000015258789,113.12000274658203,48820200
2004-11-01,75.81932830810547,113.51000213623047,113.83999633789062,113.19999694824219,113.55999755859375,36720900
2004-11-02,75.84602355957031,113.55000305175781,114.56999969482422,113.22000122070312,113.66999816894531,56210000
2004-11-03,76.80120849609375,114.9800033569336,115.36000061035156,114.23999786376953,115.02999877929688,76960200
2004-11-04,77.84986877441406,116.55000305175781,116.66999816894531,114.68000030517578,114.77999877929688,55350300
2004-11-05,78.33749389648438,117.27999877929688,117.63999938964844,116.48999786376953,117.05000305175781,63287200
2004-11-08,78.22395324707031,117.11000061035156,117.2300033569336,116.72000122070312,116.9800033569336,33863800
2004-11-09,78.07028198242188,116.87999725341797,117.5,116.76000213623047,117.08000183105469,44658100
2004-11-10,78.13038635253906,116.97000122070312,117.55000305175781,116.76000213623047,117.05999755859375,45265400
2004-11-11,78.72490692138672,117.86000061035156,118.12000274658203,117.0999984741211,117.18000030517578,37863200
2004-11-12,79.3460464477539,118.79000091552734,119.0,117.68000030517578,117.97000122070312,55583700
2004-11-15,79.54100036621094,118.7300033569336,118.7699966430664,118.2300033569336,118.5,35297900
2004-11-16,78.97159576416016,117.87999725341797,118.41000366210938,117.7300033569336,118.36000061035156,40028700
2004-11-17,79.44050598144531,118.58000183105469,119.13999938964844,118.06999969482422,118.37000274658203,54494000
2004-11-18,79.54774475097656,118.73999786376953,118.80000305175781,118.2300033569336,118.52999877929688,31854300
2004-11-19,78.6634292602539,117.41999816894531,118.72000122070312,117.13999938964844,118.69999694824219,54276500
2004-11-22,79.03858184814453,117.9800033569336,118.12000274658203,117.02999877929688,117.16999816894531,37560200
2004-11-23,79.1591567993164,118.16000366210938,118.26000213623047,117.37000274658203,117.93000030517578,41968800
2004-11-24,79.34676361083984,118.44000244140625,118.58999633789062,118.05000305175781,118.2699966430664,29724800
2004-11-26,79.28644561767578,118.3499984741211,118.9800033569336,118.30000305175781,118.51000213623047,15487700
2004-11-29,78.92469024658203,117.80999755859375,119.01000213623047,117.4800033569336,118.79000091552734,61460800
2004-11-30,78.97828674316406,117.88999938964844,118.23999786376953,117.63999938964844,118.0,53685200
2004-12-01,79.8759765625,119.2300033569336,119.5,118.0999984741211,118.16000366210938,49898300
2004-12-02,79.94300842285156,119.33000183105469,119.87000274658203,119.01000213623047,119.0999984741211,60163500
2004-12-03,79.88939666748047,119.25,120.13999938964844,119.08999633789062,119.30999755859375,49067900
2004-12-06,79.86258697509766,119.20999908447266,119.63999938964844,118.83999633789062,119.20999908447266,33030500
2004-12-07,79.11898040771484,118.0999984741211,119.62000274658203,118.04000091552734,119.48999786376953,52047200
2004-12-08,79.58120727539062,118.79000091552734,118.81999969482422,118.01000213623047,118.20999908447266,43895100
2004-12-09,79.86258697509766,119.20999908447266,119.45999908447266,117.7300033569336,118.13999938964844,60922800
2004-12-10,79.94300842285156,119.33000183105469,119.55999755859375,118.8499984741211,118.91999816894531,47828600
2004-12-13,80.63971710205078,120.37000274658203,120.4000015258789,119.3499984741211,119.76000213623047,38541000
2004-12-14,80.92108917236328,120.79000091552734,120.95999908447266,120.18000030517578,120.18000030517578,41500700
2004-12-15,80.98139953613281,120.87999725341797,121.11000061035156,120.30999755859375,120.69999694824219,46699200
2004-12-16,80.93448638916016,120.80999755859375,121.23999786376953,120.04000091552734,120.72000122070312,51641800
2004-12-17,80.3946533203125,119.44000244140625,119.97000122070312,119.16000366210938,119.45999908447266,70761900
2004-12-20,80.41487121582031,119.47000122070312,120.29000091552734,119.16999816894531,119.75,47187400
2004-12-21,81.03412628173828,120.38999938964844,120.4800033569336,119.45999908447266,119.5999984741211,33094200
2004-12-22,81.22930908203125,120.68000030517578,121.08000183105469,120.30000305175781,120.37999725341797,31500700
2004-12-23,81.28988647460938,120.7699966430664,121.27999877929688,120.66000366210938,120.87000274658203,25646100
2004-12-27,81.12159729003906,120.5199966430664,121.36000061035156,120.38999938964844,121.19999694824219,29944100
2004-12-28,81.56586456298828,121.18000030517578,121.33000183105469,120.5999984741211,120.63999938964844,23422900
2004-12-29,81.68701171875,121.36000061035156,121.4000015258789,120.94999694824219,121.08000183105469,22650600
2004-12-30,81.53219604492188,121.12999725341797,121.56999969482422,121.04000091552734,121.4000015258789,21076900
2004-12-31,81.35718536376953,120.87000274658203,121.66000366210938,120.80000305175781,121.30000305175781,28648800
2005-01-03,80.97354125976562,120.30000305175781,121.76000213623047,119.9000015258789,121.55999755859375,55748000
2005-01-04,79.98406982421875,118.83000183105469,120.54000091552734,118.44000244140625,120.45999908447266,69167600
2005-01-05,79.43214416503906,118.01000213623047,119.25,118.0,118.73999786376953,65667300
2005-01-06,79.83599853515625,118.61000061035156,119.1500015258789,118.26000213623047,118.44000244140625,47814700
2005-01-07,79.72157287597656,118.44000244140625,119.2300033569336,118.12999725341797,118.97000122070312,55847700
2005-01-10,80.09850311279297,119.0,119.45999908447266,118.33999633789062,118.33999633789062,56563300
2005-01-11,79.54656982421875,118.18000030517578,118.73999786376953,117.98999786376953,118.63999938964844,63099700
2005-01-12,79.80905151367188,118.56999969482422,118.83999633789062,117.5199966430664,118.4000015258789,72720500
2005-01-13,79.16962432861328,117.62000274658203,118.7300033569336,117.5,118.63999938964844,55537500
2005-01-14,79.58695983886719,118.23999786376953,118.52999877929688,117.76000213623047,117.97000122070312,42032500
2005-01-18,80.41487121582031,119.47000122070312,119.62000274658203,117.94999694824219,118.05000305175781,57391700
2005-01-19,79.573486328125,118.22000122070312,119.5199966430664,118.20999908447266,119.43000030517578,54378900
2005-01-20,79.08885955810547,117.5,118.19999694824219,117.29000091552734,117.88999938964844,72049300
2005-01-21,78.60425567626953,116.77999877929688,118.0,116.6500015258789,117.79000091552734,63160400
2005-01-24,78.44943237304688,116.55000305175781,117.33999633789062,116.37000274658203,117.08999633789062,58441900
2005-01-25,78.67152404785156,116.87999725341797,117.47000122070312,116.72000122070312,116.91000366210938,68245000
2005-01-26,78.90714263916016,117.2300033569336,117.5999984741211,117.04000091552734,117.31999969482422,57195100
2005-01-27,79.041748046875,117.43000030517578,117.75,116.9800033569336,117.19000244140625,55878800
2005-01-28,79.041748046875,117.43000030517578,117.55000305175781,116.61000061035156,117.48999786376953,60738900
2005-01-31,79.53309631347656,118.16000366210938,118.25,117.70999908447266,117.94999694824219,52532700
2005-02-01,80.03793334960938,118.91000366210938,119.08000183105469,118.0999984741211,118.25,49841200
2005-02-02,80.28023529052734,119.2699966430664,119.58999633789062,118.9000015258789,119.05999755859375,52468900
2005-02-03,80.07159423828125,118.95999908447266,119.16000366210938,118.56999969482422,119.05999755859375,48837100
2005-02-04,80.9263687133789,120.2300033569336,120.43000030517578,118.9800033569336,119.0,50024600
2005-02-07,80.81871032714844,120.06999969482422,120.5199966430664,119.95999908447266,120.25,45412000
2005-02-08,80.9129409790039,120.20999908447266,120.6500015258789,120.06999969482422,120.16999816894531,39263500
2005-02-09,80.30716705322266,119.30999755859375,120.48999786376953,119.25,120.41999816894531,55279400
2005-02-10,80.59663391113281,119.73999786376953,120.0199966430664,119.26000213623047,119.66000366210938,45858600
2005-02-11,81.28988647460938,120.7699966430664,121.04000091552734,119.45999908447266,119.69999694824219,53133000
2005-02-14,81.22930908203125,120.68000030517578,120.86000061035156,120.4800033569336,120.69000244140625,32432100
2005-02-15,81.53219604492188,121.12999725341797,121.43000030517578,120.68000030517578,120.80000305175781,43852700
2005-02-16,81.5860824584961,121.20999908447266,121.45999908447266,120.66999816894531,120.93000030517578,55523000
2005-02-17,80.9263687133789,120.2300033569336,121.33000183105469,120.22000122070312,121.2300033569336,58124000
2005-02-18,81.03412628173828,120.38999938964844,120.4800033569336,119.9000015258789,120.23999786376953,47723300
2005-02-22,79.82927703857422,118.5999984741211,120.47000122070312,118.58000183105469,119.9000015258789,80697600
2005-02-23,80.40139770507812,119.44999694824219,119.56999969482422,118.62000274658203,118.93000030517578,68292600
2005-02-24,80.93315124511719,120.23999786376953,120.31999969482422,118.9800033569336,119.23999786376953,68563600
2005-02-25,81.7341537475586,121.43000030517578,121.66999816894531,120.18000030517578,120.2699966430664,60899900
2005-02-28,81.19562530517578,120.62999725341797,121.30000305175781,120.04000091552734,121.1500015258789,69381300
2005-03-01,81.59949493408203,121.2300033569336,121.5199966430664,120.77999877929688,120.81999969482422,47294400
2005-03-02,81.55912780761719,121.16999816894531,121.93000030517578,120.6500015258789,120.76000213623047,64226500
2005-03-03,81.59278869628906,121.22000122070312,121.9000015258789,120.69999694824219,121.66000366210938,61230800
2005-03-04,82.60916900634766,122.7300033569336,122.83000183105469,121.79000091552734,122.05000305175781,56168500
2005-03-07,82.64954376220703,122.79000091552734,123.25,122.4000015258789,122.66000366210938,43442400
2005-03-08,82.33991241455078,122.33000183105469,123.0,122.11000061035156,122.66999816894531,44362000
2005-03-09,81.42449951171875,120.97000122070312,122.29000091552734,120.95999908447266,121.97000122070312,73263600
2005-03-10,81.60623931884766,121.23999786376953,121.5,120.4000015258789,121.19999694824219,65149000
2005-03-11,81.03412628173828,120.38999938964844,121.72000122070312,120.16000366210938,121.30999755859375,57976500
2005-03-14,81.53897857666016,121.13999938964844,121.16000366210938,120.27999877929688,120.61000061035156,36336400
2005-03-15,80.86582946777344,120.13999938964844,121.45999908447266,120.08000183105469,121.41999816894531,62438500
2005-03-16,80.17927551269531,119.12000274658203,120.16000366210938,118.9000015258789,119.69999694824219,74874200
2005-03-17,80.34081268310547,119.36000061035156,119.73999786376953,118.9800033569336,119.30999755859375,62584200
2005-03-18,80.10226440429688,118.54000091552734,119.52999877929688,118.1500015258789,119.11000061035156,60232000
2005-03-21,79.80496215820312,118.0999984741211,118.77999877929688,117.76000213623047,118.70999908447266,61244300
2005-03-22,78.99404907226562,116.9000015258789,118.93000030517578,116.9000015258789,118.37000274658203,92472400
2005-03-23,79.06159973144531,117.0,117.72000122070312,116.75,116.94999694824219,70817300
2005-03-24,79.15625,117.13999938964844,117.98999786376953,117.05999755859375,117.45999908447266,51932500
2005-03-28,79.2711181640625,117.30999755859375,117.94000244140625,117.30999755859375,117.41999816894531,46765500
2005-03-29,78.74405670166016,116.52999877929688,117.9000015258789,116.25,117.13999938964844,71160300
2005-03-30,79.85900115966797,118.18000030517578,118.19999694824219,116.7699966430664,116.77999877929688,62002100
2005-03-31,79.71033477783203,117.95999908447266,118.45999908447266,117.87000274658203,118.19000244140625,64575400
2005-04-01,79.35218048095703,117.43000030517578,118.98999786376953,116.91000366210938,118.62999725341797,95255300
2005-04-04,79.48734283447266,117.62999725341797,117.86000061035156,116.73999786376953,117.36000061035156,71581200
2005-04-05,79.86576843261719,118.19000244140625,118.37999725341797,117.66999816894531,117.77999877929688,46853900
2005-04-06,80.14283752441406,118.5999984741211,118.94999694824219,118.18000030517578,118.44999694824219,53268200
2005-04-07,80.57527160644531,119.23999786376953,119.26000213623047,118.31999969482422,118.41000366210938,46734600
2005-04-08,79.7374038696289,118.0,119.20999908447266,118.0,119.16999816894531,63772900
2005-04-11,79.7981948852539,118.08999633789062,118.41999816894531,117.83000183105469,118.29000091552734,44945000
2005-04-12,80.21040344238281,118.69999694824219,119.05999755859375,117.06999969482422,117.88999938964844,86144800
2005-04-13,79.26435089111328,117.30000305175781,118.80000305175781,117.12999725341797,118.55999755859375,65949000
2005-04-14,78.23050689697266,115.7699966430664,117.5,115.7699966430664,117.4000015258789,96119800
2005-04-15,77.1357650756836,114.1500015258789,116.19999694824219,114.0999984741211,115.73999786376953,128677300
2005-04-18,77.37227630615234,114.5,114.95999908447266,113.95999908447266,114.12000274658203,100035200
2005-04-19,77.9872055053711,115.41000366210938,115.52999877929688,114.83000183105469,115.0999984741211,64930100
2005-04-20,76.8992691040039,113.80000305175781,115.62999725341797,113.55000305175781,115.37999725341797,107735900
2005-04-21,78.39266967773438,116.01000213623047,116.20999908447266,114.37999725341797,114.79000091552734,86952200
2005-04-22,78.0953140258789,115.56999969482422,116.5,114.2699966430664,115.73999786376953,88845800
2005-04-25,78.6089096069336,116.33000183105469,116.5,115.72000122070312,115.86000061035156,52284100
2005-04-26,77.84527587890625,115.19999694824219,116.7699966430664,115.1500015258789,115.95999908447266,72626000
2005-04-27,78.1494140625,115.6500015258789,116.06999969482422,114.44000244140625,114.86000061035156,84131900
2005-04-28,77.1695785522461,114.19999694824219,115.68000030517578,114.19999694824219,115.2699966430664,72481500
2005-04-29,78.21697235107422,115.75,115.87000274658203,113.97000122070312,115.06999969482422,103993800
2005-05-02,78.65621948242188,116.4000015258789,116.41000366210938,115.5199966430664,116.06999969482422,56026400
2005-05-03,78.79132843017578,116.5999984741211,116.8499984741211,115.69000244140625,116.06999969482422,86000300
2005-05-04,79.3995132446289,117.5,117.75,116.27999877929688,116.6500015258789,81055700
2005-05-05,79.37247467041016,117.45999908447266,118.0,116.73999786376953,117.66999816894531,96906700
2005-05-06,79.12246704101562,117.08999633789062,117.98999786376953,117.05999755859375,117.93000030517578,67415400
2005-05-09,79.61576080322266,117.81999969482422,118.08000183105469,117.05000305175781,117.20999908447266,43750500
2005-05-10,78.79132843017578,116.5999984741211,117.5,116.38999938964844,117.36000061035156,74613500
2005-05-11,79.22380828857422,117.23999786376953,117.4000015258789,115.8499984741211,116.93000030517578,91647400
2005-05-12,78.35210418701172,115.94999694824219,117.58999633789062,115.94999694824219,117.31999969482422,95086800
2005-05-13,78.19668579101562,115.72000122070312,116.62000274658203,114.80000305175781,116.30000305175781,85267000
2005-05-16,78.92647552490234,116.80000305175781,116.83999633789062,115.66000366210938,115.69999694824219,49207000
2005-05-17,79.45359802246094,117.58000183105469,117.69999694824219,116.16000366210938,116.41000366210938,61071800
2005-05-18,80.27120971679688,118.79000091552734,119.08000183105469,118.01000213623047,118.08999633789062,77944900
2005-05-19,80.60906219482422,119.29000091552734,119.41000366210938,118.69999694824219,119.0199966430664,61768100
2005-05-20,80.49422454833984,119.12000274658203,119.38999938964844,118.73999786376953,119.33999633789062,46345500
2005-05-23,80.94021606445312,119.77999877929688,120.04000091552734,119.19000244140625,119.20999908447266,51047900
2005-05-24,80.7509994506836,119.5,119.83000183105469,119.19999694824219,119.44000244140625,50654100
2005-05-25,80.69014739990234,119.41000366210938,119.87000274658203,118.83000183105469,119.3499984741211,47608800
2005-05-26,81.12262725830078,120.05000305175781,120.20999908447266,119.62000274658203,119.79000091552734,43256200
2005-05-27,81.25777435302734,120.25,120.25,119.80000305175781,120.05999755859375,24596100
2005-05-31,80.73747253417969,119.4800033569336,120.16999816894531,119.4000015258789,120.08000183105469,43377200
2005-06-01,81.42674255371094,120.5,120.91999816894531,119.44999694824219,119.5199966430664,69611000
2005-06-02,81.60244750976562,120.76000213623047,120.83999633789062,120.0999984741211,120.2300033569336,39704500
2005-06-03,81.19023895263672,120.1500015258789,120.88999938964844,119.7300033569336,120.55000305175781,60999400
2005-06-06,81.1158447265625,120.04000091552734,120.19999694824219,119.55000305175781,119.94999694824219,36046400
2005-06-07,81.17669677734375,120.12999725341797,121.25,120.01000213623047,120.38999938964844,66501300
2005-06-08,81.02801513671875,119.91000366210938,120.58999633789062,119.66999816894531,120.43000030517578,46881200
2005-06-09,81.41319274902344,120.4800033569336,120.58000183105469,119.44000244140625,119.73999786376953,56653300
2005-06-10,81.22398376464844,120.19999694824219,120.6500015258789,119.5999984741211,120.55999755859375,36465300
2005-06-13,81.48078155517578,120.58000183105469,121.08000183105469,119.80999755859375,119.94000244140625,49383200
2005-06-14,81.66999816894531,120.86000061035156,121.19999694824219,120.37999725341797,120.44999694824219,33857100
2005-06-15,81.82543182373047,121.08999633789062,121.23999786376953,120.2300033569336,121.16000366210938,53195600
2005-06-16,82.03490447998047,121.4000015258789,121.63999938964844,120.91999816894531,121.05999755859375,46564500
2005-06-17,82.3388442993164,121.36000061035156,121.9000015258789,121.22000122070312,121.54000091552734,51529400
2005-06-20,82.36599731445312,121.4000015258789,121.83999633789062,120.94000244140625,121.08000183105469,41019400
2005-06-21,82.41352081298828,121.47000122070312,121.6500015258789,121.02999877929688,121.5,39879800
2005-06-22,82.48136138916016,121.56999969482422,121.94000244140625,121.06999969482422,121.68000030517578,46310100
2005-06-23,81.32115173339844,119.86000061035156,121.5999984741211,119.83000183105469,121.31999969482422,62185600
2005-06-24,80.72407531738281,118.9800033569336,120.01000213623047,118.83999633789062,119.87999725341797,58572500
2005-06-27,80.8394775390625,119.1500015258789,119.41000366210938,118.75,118.97000122070312,48183800
2005-06-28,81.51791381835938,120.1500015258789,120.23999786376953,119.37000274658203,119.4000015258789,41174200
2005-06-29,81.30079650878906,119.83000183105469,120.4000015258789,119.76000213623047,120.37000274658203,42316500
2005-06-30,80.85980987548828,119.18000030517578,120.31999969482422,118.94999694824219,120.22000122070312,62288800
2005-07-01,81.09725189208984,119.52999877929688,119.80000305175781,119.20999908447266,119.44999694824219,49737500
2005-07-05,81.74856567382812,120.48999786376953,120.6500015258789,119.19000244140625,119.25,51549000
2005-07-06,81.06331634521484,119.4800033569336,120.6500015258789,119.41000366210938,120.38999938964844,52363600
2005-07-07,81.38221740722656,119.94999694824219,119.94999694824219,118.26000213623047,118.29000091552734,103268800
2005-07-08,82.31172180175781,121.31999969482422,121.31999969482422,119.72000122070312,119.97000122070312,64491200
2005-07-11,82.73236083984375,121.94000244140625,122.0999984741211,121.30999755859375,121.33000183105469,49688300
2005-07-12,82.9494857788086,122.26000213623047,122.62999725341797,121.63999938964844,121.98999786376953,51871100
2005-07-13,83.0648193359375,122.43000030517578,122.5199966430664,121.98999786376953,122.2699966430664,41182300
2005-07-14,83.39051055908203,122.91000366210938,123.44000244140625,122.48999786376953,122.9800033569336,63638800
2005-07-15,83.34298706054688,122.83999633789062,123.04000091552734,122.36000061035156,122.79000091552734,56075900
2005-07-18,83.01055908203125,122.3499984741211,122.62999725341797,122.05000305175781,122.5,56598400
2005-07-19,83.46509552001953,123.0199966430664,123.11000061035156,122.41000366210938,122.70999908447266,59165700
2005-07-20,83.75005340576172,123.44000244140625,123.7300033569336,122.30000305175781,122.58999633789062,69477000
2005-07-21,83.2615737915039,122.72000122070312,123.61000061035156,122.47000122070312,123.55000305175781,101110900
2005-07-22,83.81792449951172,123.54000091552734,123.55999755859375,122.62999725341797,122.87999725341797,52607100
2005-07-25,83.58045196533203,123.19000244140625,123.94999694824219,122.8499984741211,123.41000366210938,57301600
2005-07-26,83.68222045898438,123.33999633789062,123.52999877929688,122.94999694824219,123.2300033569336,42758800
2005-07-27,83.98751068115234,123.79000091552734,123.88999938964844,123.05000305175781,123.5,43181600
2005-07-28,84.51675415039062,124.56999969482422,124.63999938964844,123.63999938964844,123.95999908447266,47880700
2005-07-29,83.95362091064453,123.73999786376953,124.62999725341797,123.5,124.41000366210938,62358100
2005-08-01,83.89253234863281,123.6500015258789,124.04000091552734,123.44999694824219,123.83000183105469,40418200
2005-08-02,84.39462280273438,124.38999938964844,124.5999984741211,123.73999786376953,123.87000274658203,45147400
2005-08-03,84.6185073852539,124.72000122070312,124.73999786376953,124.12000274658203,124.25,36837200
2005-08-04,83.94007110595703,123.72000122070312,124.30999755859375,123.56999969482422,124.2300033569336,50855600
2005-08-05,83.37014770507812,122.87999725341797,123.9800033569336,122.66999816894531,123.44999694824219,53595500
2005-08-08,83.21406555175781,122.6500015258789,123.41000366210938,122.37999725341797,123.1500015258789,47616000
2005-08-09,83.71614837646484,123.38999938964844,123.58999633789062,122.87000274658203,123.05999755859375,47170000
2005-08-10,83.67542266845703,123.33000183105469,124.5,122.81999969482422,123.81999969482422,72863700
2005-08-11,84.00789642333984,123.81999969482422,124.02999877929688,123.01000213623047,123.2699966430664,58570200
2005-08-12,83.49223327636719,123.05999755859375,123.69000244140625,122.75,123.56999969482422,54776900
2005-08-15,84.00789642333984,123.81999969482422,123.87000274658203,122.83000183105469,123.22000122070312,36208500
2005-08-16,82.91556549072266,122.20999908447266,123.5199966430664,122.08999633789062,123.44000244140625,71942100
2005-08-17,82.90876770019531,122.19999694824219,122.87000274658203,122.02999877929688,122.19000244140625,62275100
2005-08-18,82.90198516845703,122.19000244140625,122.55999755859375,121.83999633789062,122.05000305175781,53388600
2005-08-19,83.09194946289062,122.47000122070312,122.81999969482422,122.19999694824219,122.62999725341797,39842100
2005-08-22,83.09194946289062,122.47000122070312,123.2300033569336,121.87999725341797,122.58000183105469,69912000
2005-08-23,82.9358901977539,122.23999786376953,122.61000061035156,121.1500015258789,122.5,55168600
2005-08-24,82.1963882446289,121.1500015258789,122.7300033569336,121.08999633789062,121.94000244140625,79104600
2005-08-25,82.4948959350586,121.58999633789062,121.66999816894531,121.20999908447266,121.3499984741211,35631100
2005-08-26,81.93179321289062,120.76000213623047,121.48999786376953,120.68000030517578,121.4800033569336,61956800
2005-08-29,82.562744140625,121.69000244140625,121.77999877929688,120.37999725341797,120.41000366210938,56179200
2005-08-30,82.12855529785156,121.05000305175781,121.30000305175781,120.38999938964844,121.25,74160200
2005-08-31,83.16655731201172,122.58000183105469,122.66000366210938,120.73999786376953,121.19000244140625,102945200
2005-09-01,83.10553741455078,122.48999786376953,123.1500015258789,121.13999938964844,122.5199966430664,74578700
2005-09-02,82.95626068115234,122.2699966430664,122.87999725341797,122.04000091552734,122.8499984741211,47653400
2005-09-06,83.92646789550781,123.69999694824219,123.80000305175781,122.6500015258789,122.66000366210938,57251300
2005-09-07,84.06891632080078,123.91000366210938,124.12999725341797,123.45999908447266,123.62999725341797,41749700
2005-09-08,83.79075622558594,123.5,124.0,123.30999755859375,123.66000366210938,39068700
2005-09-09,84.5370864868164,124.5999984741211,124.73999786376953,123.80000305175781,123.83000183105469,43093900
2005-09-12,84.36748504638672,124.3499984741211,124.66999816894531,124.2699966430664,124.44999694824219,33017600
2005-09-13,83.89933776855469,123.66000366210938,124.41999816894531,123.5199966430664,124.12999725341797,58427500
2005-09-14,83.5940170288086,123.20999908447266,123.91999816894531,123.0199966430664,123.73999786376953,57694600
2005-09-15,83.55329132080078,123.1500015258789,123.6500015258789,122.9000015258789,123.58999633789062,73156900
2005-09-16,84.14743041992188,123.5,123.73999786376953,122.87000274658203,123.30000305175781,75424100
2005-09-19,83.86807250976562,123.08999633789062,123.55000305175781,122.63999938964844,123.47000122070312,53355300
2005-09-20,83.15946197509766,122.05000305175781,123.61000061035156,121.87000274658203,123.19999694824219,84480300
2005-09-21,82.38277435302734,120.91000366210938,121.87000274658203,120.77999877929688,121.79000091552734,94469100
2005-09-22,82.67575073242188,121.33999633789062,121.66000366210938,120.44000244140625,120.94999694824219,84597200
2005-09-23,82.74385070800781,121.44000244140625,121.88999938964844,120.9000015258789,121.23999786376953,59368100
2005-09-26,82.83924102783203,121.58000183105469,122.23999786376953,121.08000183105469,122.0199966430664,70415400
2005-09-27,82.81883239746094,121.55000305175781,121.98999786376953,121.0199966430664,121.5199966430664,66150800
2005-09-28,82.90059661865234,121.66999816894531,122.12000274658203,121.19999694824219,121.93000030517578,58620500
2005-09-29,83.57511901855469,122.66000366210938,122.86000061035156,121.08000183105469,121.55000305175781,66607700
2005-09-30,83.83402252197266,123.04000091552734,123.04000091552734,121.73999786376953,122.62000274658203,47824200
2005-10-03,83.53424835205078,122.5999984741211,123.33999633789062,122.44999694824219,122.95999908447266,50994800
2005-10-04,82.59396362304688,121.22000122070312,123.02999877929688,121.16000366210938,122.79000091552734,60776300
2005-10-05,81.51061248779297,119.62999725341797,121.30999755859375,119.56999969482422,121.25,106052100
2005-10-06,81.21762084960938,119.19999694824219,120.26000213623047,118.16999816894531,119.77999877929688,140941800
2005-10-07,81.49698638916016,119.61000061035156,120.05000305175781,119.12999725341797,119.69999694824219,75661400
2005-10-10,80.80882263183594,118.5999984741211,119.70999908447266,118.30000305175781,119.68000030517578,52677000
2005-10-11,80.69294738769531,118.43000030517578,119.38999938964844,118.31999969482422,118.98999786376953,75629800
2005-10-12,80.0593032836914,117.5,119.12999725341797,117.41000366210938,118.38999938964844,100510400
2005-10-13,80.01161193847656,117.43000030517578,118.08000183105469,116.87999725341797,117.45999908447266,99052900
2005-10-14,80.85652160644531,118.66999816894531,118.80999755859375,117.55999755859375,118.12000274658203,88651000
2005-10-17,81.15628814697266,119.11000061035156,119.2699966430664,118.44999694824219,118.80000305175781,68109300
2005-10-18,80.27737426757812,117.81999969482422,118.95999908447266,117.80000305175781,118.94000244140625,74996900
2005-10-19,81.61279296875,119.77999877929688,119.80000305175781,117.12000274658203,117.5,116563800
2005-10-20,80.1751480102539,117.66999816894531,119.80999755859375,117.30000305175781,119.48999786376953,131966700
2005-10-21,80.48857879638672,118.12999725341797,118.77999877929688,117.51000213623047,118.29000091552734,96579500
2005-10-24,81.73540496826172,119.95999908447266,120.08999633789062,118.41000366210938,118.44000244140625,71308400
2005-10-25,81.5719223022461,119.72000122070312,120.23999786376953,118.94000244140625,119.72000122070312,76594500
2005-10-26,81.33345794677734,119.37000274658203,120.54000091552734,119.19000244140625,119.51000213623047,80855800
2005-10-27,80.46815490722656,118.0999984741211,119.37000274658203,117.93000030517578,119.19999694824219,66623100
2005-10-28,81.62644958496094,119.80000305175781,119.94999694824219,118.0999984741211,118.43000030517578,72322000
2005-10-31,81.85125732421875,120.12999725341797,121.30000305175781,120.12999725341797,120.29000091552734,77698900
2005-11-01,82.0965576171875,120.48999786376953,120.9000015258789,120.22000122070312,120.58000183105469,66365100
2005-11-02,82.9551010131836,121.75,121.75,120.12999725341797,120.16999816894531,74012300
2005-11-03,83.30939483642578,122.2699966430664,122.66000366210938,121.75,122.1500015258789,84897600
2005-11-04,83.20037841796875,122.11000061035156,122.45999908447266,121.55000305175781,122.4000015258789,59156000
2005-11-07,83.2821273803711,122.2300033569336,122.62000274658203,121.8499984741211,122.37000274658203,46765400
2005-11-08,83.2821273803711,122.2300033569336,122.41999816894531,121.79000091552734,121.93000030517578,42152800
2005-11-09,83.3911361694336,122.38999938964844,122.94999694824219,121.86000061035156,122.08000183105469,57666800
2005-11-10,84.0384292602539,123.33999633789062,123.5199966430664,121.75,122.33999633789062,79048100
2005-11-11,84.32456970214844,123.76000213623047,123.83999633789062,122.43000030517578,123.3499984741211,34867000
2005-11-14,84.27693939208984,123.69000244140625,124.0199966430664,123.37999725341797,123.79000091552734,45092200
2005-11-15,83.9703140258789,123.23999786376953,124.08999633789062,122.86000061035156,123.55000305175781,69592500
2005-11-16,84.14067077636719,123.48999786376953,123.55000305175781,122.9800033569336,123.37000274658203,51133000
2005-11-17,84.92420196533203,124.63999938964844,124.6500015258789,123.13999938964844,123.68000030517578,55717500
2005-11-18,85.25806427001953,125.12999725341797,125.27999877929688,124.33000183105469,125.05999755859375,72437200
2005-11-21,85.68730926513672,125.76000213623047,125.91000366210938,124.9800033569336,125.1500015258789,50021200
2005-11-22,86.05523681640625,126.30000305175781,126.5199966430664,125.41999816894531,125.55999755859375,66438800
2005-11-23,86.55262756347656,127.02999877929688,127.41000366210938,126.20999908447266,126.25,50854700
2005-11-25,86.62078857421875,127.12999725341797,127.22000122070312,126.80999755859375,126.9800033569336,15270000
2005-11-28,86.00756072998047,126.2300033569336,127.2699966430664,126.04000091552734,127.25,54498500
2005-11-29,85.91216278076172,126.08999633789062,126.9800033569336,126.08999633789062,126.6500015258789,51738900
2005-11-30,85.44886016845703,125.41000366210938,126.5199966430664,125.29000091552734,126.16000366210938,56007200
2005-12-01,86.32098388671875,126.69000244140625,127.02999877929688,125.9800033569336,126.0199966430664,65468200
2005-12-02,86.43001556396484,126.8499984741211,127.08000183105469,126.5,126.7699966430664,46699400
2005-12-05,86.24600982666016,126.58000183105469,126.7300033569336,126.18000030517578,126.69999694824219,59273400
2005-12-06,86.4095458984375,126.81999969482422,127.73999786376953,126.62999725341797,127.05000305175781,57935200
2005-12-07,85.90538024902344,126.08000183105469,126.87000274658203,125.68000030517578,126.7699966430664,66816500
2005-12-08,85.85084533691406,126.0,126.81999969482422,125.4800033569336,126.22000122070312,62608600
2005-12-09,86.07568359375,126.33000183105469,126.77999877929688,125.81999969482422,126.16000366210938,50744500
2005-12-12,86.15746307373047,126.44999694824219,126.86000061035156,125.95999908447266,126.70999908447266,48389900
2005-12-13,86.74341583251953,127.30999755859375,127.69999694824219,126.29000091552734,126.41999816894531,88630900
2005-12-14,87.0840835571289,127.80999755859375,128.08999633789062,127.13999938964844,127.19000244140625,64375000
2005-12-15,86.83197021484375,127.44000244140625,128.0,127.18000030517578,127.83999633789062,55900300
2005-12-16,86.55254364013672,126.36000061035156,127.36000061035156,126.36000061035156,127.27999877929688,46238300
2005-12-19,86.10729217529297,125.70999908447266,126.87000274658203,125.69000244140625,126.7300033569336,48733000
2005-12-20,86.18948364257812,125.83000183105469,126.58999633789062,125.4800033569336,125.86000061035156,46603200
2005-12-21,86.32648468017578,126.02999877929688,126.76000213623047,125.80000305175781,126.22000122070312,51806900
2005-12-22,86.778564453125,126.69000244140625,126.69000244140625,126.08000183105469,126.30999755859375,32247900
2005-12-23,86.82650756835938,126.76000213623047,126.86000061035156,126.41999816894531,126.77999877929688,27977300
2005-12-27,85.94293212890625,125.47000122070312,127.05000305175781,125.37999725341797,126.95999908447266,44499500
2005-12-28,86.13471221923828,125.75,125.98999786376953,125.5,125.73999786376953,30764300
2005-12-29,85.75111389160156,125.19000244140625,125.95999908447266,125.05999755859375,125.72000122070312,32788900
2005-12-30,85.28533172607422,124.51000213623047,125.05999755859375,124.36000061035156,124.80000305175781,44645600
2006-01-03,86.78538513183594,126.69999694824219,127.0,124.38999938964844,125.19000244140625,73256700
2006-01-04,87.19636535644531,127.30000305175781,127.48999786376953,126.69999694824219,126.86000061035156,51899600
2006-01-05,87.2511978149414,127.37999725341797,127.58999633789062,126.87999725341797,127.1500015258789,47307500
2006-01-06,87.97726440429688,128.44000244140625,128.5800018310547,127.36000061035156,128.02000427246094,62885900
2006-01-09,88.20329284667969,128.77000427246094,129.05999755859375,128.3800048828125,128.4199981689453,43527400
2006-01-10,88.29234313964844,128.89999389648438,128.97999572753906,128.25999450683594,128.38999938964844,44960800
2006-01-11,88.57318115234375,129.30999755859375,129.44000244140625,128.72999572753906,129.02000427246094,49598900
2006-01-12,88.22383880615234,128.8000030517578,129.27999877929688,128.44000244140625,129.0800018310547,40509200
2006-01-13,88.14168548583984,128.67999267578125,128.89999389648438,128.1999969482422,128.57000732421875,44856700
2006-01-17,87.90190124511719,128.3300018310547,128.4199981689453,127.80999755859375,128.1999969482422,52066600
2006-01-18,87.55255126953125,127.81999969482422,128.89999389648438,127.16000366210938,127.58000183105469,75067600
2006-01-19,87.88822937011719,128.30999755859375,128.77000427246094,127.80999755859375,128.1300048828125,81530400
2006-01-20,86.28539276123047,125.97000122070312,128.30999755859375,125.97000122070312,128.27999877929688,114957800
2006-01-23,86.59361267089844,126.41999816894531,126.81999969482422,126.12999725341797,126.20999908447266,67017400
2006-01-24,86.68266296386719,126.55000305175781,127.1500015258789,126.41999816894531,126.62999725341797,53008800
2006-01-25,86.75800323486328,126.66000366210938,127.18000030517578,125.83999633789062,127.04000091552734,87747700
2006-01-26,87.23748779296875,127.36000061035156,127.66999816894531,126.76000213623047,127.25,71294000
2006-01-27,88.04573822021484,128.5399932861328,128.66000366210938,127.44999694824219,127.66000366210938,65771200
2006-01-30,87.97726440429688,128.44000244140625,128.80999755859375,128.35000610351562,128.44000244140625,33709600
2006-01-31,87.3333740234375,127.5,128.5399932861328,127.48999786376953,128.32000732421875,72937000
2006-02-01,87.94302368164062,128.38999938964844,128.42999267578125,127.72000122070312,127.81999969482422,63561000
2006-02-02,86.92240905761719,126.9000015258789,128.13999938964844,126.80000305175781,128.10000610351562,83626900
2006-02-03,86.4908676147461,126.2699966430664,128.38999938964844,126.13999938964844,126.58000183105469,86040400
2006-02-06,86.71691131591797,126.5999984741211,126.80000305175781,126.16999816894531,126.44000244140625,45511900
2006-02-07,85.94976043701172,125.4800033569336,126.66000366210938,125.4000015258789,126.37999725341797,71208100
2006-02-08,86.73062133789062,126.62000274658203,128.10000610351562,125.5999984741211,125.8499984741211,59422200
2006-02-09,86.5867919921875,126.41000366210938,127.5999984741211,126.37000274658203,126.91999816894531,62023300
2006-02-10,86.74435424804688,126.63999938964844,127.12999725341797,125.44999694824219,126.43000030517578,64508700
2006-02-13,86.5867919921875,126.41000366210938,126.79000091552734,125.94999694824219,126.5999984741211,52308700
2006-02-14,87.50462341308594,127.75,128.02999877929688,126.20999908447266,126.45999908447266,90964400
2006-02-15,87.81281280517578,128.1999969482422,128.32000732421875,127.23999786376953,127.68000030517578,85471300
2006-02-16,88.47044372558594,129.16000366210938,129.2100067138672,128.17999267578125,128.33999633789062,61017900
2006-02-17,88.230712890625,128.80999755859375,129.16000366210938,128.5800018310547,129.0500030517578,40342600
2006-02-21,88.01152801513672,128.49000549316406,129.39999389648438,128.2899932861328,129.11000061035156,46456300
2006-02-22,88.54579162597656,129.27000427246094,129.64999389648438,128.64999389648438,128.77000427246094,42326700
2006-02-23,88.4156265258789,129.0800018310547,129.63999938964844,128.27999877929688,129.27000427246094,43423200
2006-02-24,88.64165496826172,129.41000366210938,129.47999572753906,128.75999450683594,129.11000061035156,36777400
2006-02-27,88.67593383789062,129.4600067138672,130.0399932861328,129.27999877929688,129.39999389648438,35858600
2006-02-28,87.83341979980469,128.22999572753906,129.91000366210938,128.1300048828125,129.1999969482422,74394800
2006-03-01,88.61430358886719,129.3699951171875,129.49000549316406,128.5,128.60000610351562,48641600
2006-03-02,88.60745239257812,129.36000061035156,129.4199981689453,128.61000061035156,128.89999389648438,60642300
2006-03-03,88.1964340209961,128.75999450683594,130.07000732421875,128.64999389648438,128.6699981689453,73402500
2006-03-06,87.79231262207031,128.1699981689453,129.17999267578125,127.8499984741211,129.13999938964844,57478400
2006-03-07,87.65534210205078,127.97000122070312,128.05999755859375,127.4000015258789,127.86000061035156,61780800
2006-03-08,87.84028625488281,128.24000549316406,128.44000244140625,127.18000030517578,127.69999694824219,66692400
2006-03-09,87.2511978149414,127.37999725341797,128.67999267578125,127.37999725341797,128.27999877929688,56313600
2006-03-10,88.07999420166016,128.58999633789062,128.83999633789062,127.44000244140625,127.70999908447266,60490800
2006-03-13,88.24436950683594,128.8300018310547,129.16000366210938,128.52999877929688,128.83999633789062,45479100
2006-03-14,89.16909790039062,130.17999267578125,130.22999572753906,128.61000061035156,128.7100067138672,69877300
2006-03-15,89.56637573242188,130.75999450683594,130.86000061035156,129.85000610351562,130.14999389648438,53398900
2006-03-16,89.75132751464844,131.02999877929688,131.47000122070312,130.83999633789062,131.00999450683594,65526400
2006-03-17,89.82628631591797,130.6199951171875,130.89999389648438,130.3800048828125,130.67999267578125,47286800
2006-03-20,89.68189239501953,130.41000366210938,130.89999389648438,130.2100067138672,130.63999938964844,45538500
2006-03-21,89.11795806884766,129.58999633789062,130.99000549316406,129.4499969482422,130.3699951171875,87102700
2006-03-22,89.6612548828125,130.3800048828125,130.50999450683594,129.4499969482422,129.50999450683594,51605700
2006-03-23,89.47554779052734,130.11000061035156,130.38999938964844,129.66000366210938,130.25999450683594,46704200
2006-03-24,89.54434967041016,130.2100067138672,130.57000732421875,129.74000549316406,129.99000549316406,43209200
2006-03-27,89.41370391845703,130.02000427246094,130.27999877929688,129.74000549316406,130.02999877929688,32523000
2006-03-28,88.86347961425781,129.22000122070312,130.52999877929688,129.0500030517578,129.92999267578125,82079900
2006-03-29,89.42057037353516,130.02999877929688,130.5,129.2899932861328,129.41000366210938,61505700
2006-03-30,89.2623519897461,129.8000030517578,130.97999572753906,129.5500030517578,130.11000061035156,70571700
2006-03-31,89.28300476074219,129.8300018310547,130.24000549316406,129.3699951171875,130.02000427246094,62925600
2006-04-03,89.21422576904297,129.72999572753906,130.8699951171875,129.49000549316406,130.07000732421875,61624700
2006-04-04,89.7850341796875,130.55999755859375,130.72999572753906,129.36000061035156,129.72999572753906,54809300
2006-04-05,90.09446716308594,131.00999450683594,131.27999877929688,130.3800048828125,130.61000061035156,50607200
2006-04-06,89.99817657470703,130.8699951171875,131.2100067138672,130.19000244140625,130.85000610351562,57906200
2006-04-07,89.08356475830078,129.5399932861328,131.39999389648438,129.35000610351562,131.05999755859375,80180900
2006-04-10,89.22109985351562,129.74000549316406,130.0800018310547,129.25999450683594,129.74000549316406,41496500
2006-04-11,88.46463012695312,128.63999938964844,130.05999755859375,128.25,129.85000610351562,72799400
2006-04-12,88.62969207763672,128.8800048828125,129.1300048828125,128.61000061035156,128.77000427246094,43033700
2006-04-13,88.51278686523438,128.7100067138672,129.25,128.30999755859375,128.58999633789062,51051800
2006-04-17,88.47843170166016,128.66000366210938,129.30999755859375,128.02000427246094,128.8300018310547,64167700
2006-04-18,89.88128662109375,130.6999969482422,130.94000244140625,128.92999267578125,128.92999267578125,92531800
2006-04-19,90.05321502685547,130.9499969482422,131.07000732421875,130.24000549316406,130.75,87269000
2006-04-20,90.17699432373047,131.1300048828125,131.86000061035156,130.60000610351562,131.0,86005500
2006-04-21,90.1907730102539,131.14999389648438,131.7899932861328,130.6199951171875,131.69000244140625,72342600
2006-04-24,90.02571868896484,130.91000366210938,131.07000732421875,130.3800048828125,130.88999938964844,52546400
2006-04-25,89.65436553955078,130.3699951171875,131.1199951171875,129.9199981689453,131.0399932861328,84359800
2006-04-26,89.67496490478516,130.39999389648438,131.13999938964844,130.3000030517578,130.5,67262400
2006-04-27,90.10824584960938,131.02999877929688,131.6300048828125,129.58999633789062,129.89999389648438,124478600
2006-04-28,90.41081237792969,131.47000122070312,131.75,130.7100067138672,130.7899932861328,55854400
2006-05-01,89.67496490478516,130.39999389648438,131.8000030517578,130.32000732421875,131.47000122070312,64990300
2006-05-02,90.34892272949219,131.3800048828125,131.4600067138672,130.74000549316406,131.00999450683594,49063500
2006-05-03,90.01195526123047,130.88999938964844,131.32000732421875,130.4499969482422,131.14999389648438,60821300
2006-05-04,90.33515930175781,131.36000061035156,131.6199951171875,130.97000122070312,131.0800018310547,42921400
2006-05-05,91.13288879394531,132.52000427246094,132.8000030517578,131.85000610351562,132.0500030517578,62588200
2006-05-08,91.02288055419922,132.36000061035156,132.77000427246094,132.36000061035156,132.50999450683594,30016700
2006-05-09,91.20167541503906,132.6199951171875,132.77000427246094,132.30999755859375,132.4199981689453,29864000
2006-05-10,91.15353393554688,132.5500030517578,132.75,131.88999938964844,132.41000366210938,64378200
2006-05-11,90.05321502685547,130.9499969482422,132.5500030517578,130.52000427246094,132.50999450683594,80626900
2006-05-12,88.87727355957031,129.24000549316406,130.72000122070312,129.19000244140625,130.36000061035156,91726500
2006-05-15,89.05606842041016,129.5,129.74000549316406,128.61000061035156,128.7899932861328,84029300
2006-05-16,88.9254150390625,129.30999755859375,130.0,129.00999450683594,129.75999450683594,62137600
2006-05-17,87.23371124267578,126.8499984741211,129.10000610351562,126.7699966430664,128.6699981689453,144789500
2006-05-18,86.79354858398438,126.20999908447266,127.75,126.11000061035156,127.3499984741211,87906300
2006-05-19,87.40562438964844,127.0999984741211,127.48999786376953,125.80000305175781,126.87000274658203,124309400
2006-05-22,86.73854064941406,126.12999725341797,127.16999816894531,125.5,126.27999877929688,110852800
2006-05-23,86.07836151123047,125.16999816894531,127.62999725341797,125.16999816894531,127.18000030517578,92006500
2006-05-24,86.76603698730469,126.16999816894531,126.88999938964844,124.76000213623047,125.68000030517578,168405000
2006-05-25,87.8388671875,127.7300033569336,127.7300033569336,126.43000030517578,126.91999816894531,78977900
2006-05-26,88.2858657836914,128.3800048828125,128.3800048828125,127.51000213623047,128.00999450683594,62989700
2006-05-30,86.71792602539062,126.0999984741211,128.0,126.05000305175781,127.97000122070312,72419900
2006-05-31,87.68759155273438,127.51000213623047,127.51000213623047,126.19999694824219,126.62000274658203,86926200
2006-06-01,88.52654266357422,128.72999572753906,128.94000244140625,127.2699966430664,127.37999725341797,73721700
2006-06-02,88.71224212646484,129.0,129.42999267578125,128.32000732421875,129.25,91702600
2006-06-05,87.41935729980469,127.12000274658203,128.86000061035156,126.7699966430664,128.85000610351562,86105100
2006-06-06,87.20618438720703,126.80999755859375,127.37999725341797,125.76000213623047,127.20999908447266,130498600
2006-06-07,86.5528793334961,125.86000061035156,127.6500015258789,125.79000091552734,126.91000366210938,108599400
2006-06-08,86.47723388671875,125.75,126.5,123.87000274658203,125.58000183105469,204957200
2006-06-09,86.20214080810547,125.3499984741211,126.95999908447266,125.29000091552734,126.36000061035156,94972200
2006-06-12,85.26692962646484,123.98999786376953,125.93000030517578,123.81999969482422,125.87999725341797,95815900
2006-06-13,84.2766342163086,122.55000305175781,124.83999633789062,122.55000305175781,123.73999786376953,185688800
2006-06-14,84.92987823486328,123.5,123.62999725341797,122.33999633789062,122.83999633789062,163566400
2006-06-15,86.73165130615234,126.12000274658203,126.36000061035156,123.86000061035156,123.94999694824219,134057000
2006-06-16,86.09966278076172,124.6500015258789,125.55999755859375,124.45999908447266,125.29000091552734,94253500
2006-06-19,85.42274475097656,123.66999816894531,125.4800033569336,123.55000305175781,125.4000015258789,95804400
2006-06-20,85.71283721923828,124.08999633789062,124.80999755859375,123.72000122070312,124.01000213623047,65494700
2006-06-21,86.34832000732422,125.01000213623047,125.69999694824219,123.95999908447266,124.0,75008200
2006-06-22,85.96842956542969,124.45999908447266,125.05999755859375,124.04000091552734,124.94999694824219,74566100
2006-06-23,85.9546127319336,124.44000244140625,125.30000305175781,124.02999877929688,124.33000183105469,54107000
2006-06-26,86.33450317382812,124.98999786376953,125.05999755859375,124.25,124.54000091552734,37899600
2006-06-27,85.5885238647461,123.91000366210938,125.29000091552734,123.7699966430664,125.01000213623047,69780200
2006-06-28,86.16870880126953,124.75,124.7699966430664,123.6500015258789,124.19000244140625,62368100
2006-06-29,87.90938568115234,127.2699966430664,127.3499984741211,125.16999816894531,125.19999694824219,110634800
2006-06-30,87.91624450683594,127.27999877929688,127.66000366210938,126.95999908447266,127.54000091552734,54227800
2006-07-03,88.27544403076172,127.80000305175781,128.00999450683594,127.30999755859375,127.43000030517578,23914000
2006-07-05,87.77122497558594,127.06999969482422,127.44999694824219,126.5199966430664,127.29000091552734,69653400
2006-07-06,88.02676391601562,127.44000244140625,127.8499984741211,127.08000183105469,127.19999694824219,50100300
2006-07-07,87.4534912109375,126.61000061035156,127.55999755859375,126.29000091552734,127.19000244140625,81626500
2006-07-10,87.61927032470703,126.8499984741211,127.43000030517578,126.41000366210938,126.94000244140625,60964100
2006-07-11,88.00606536865234,127.41000366210938,127.41000366210938,125.94000244140625,126.61000061035156,73640800
2006-07-12,87.066650390625,126.05000305175781,127.4000015258789,125.72000122070312,127.1500015258789,82561300
2006-07-13,85.65068817138672,124.0,125.68000030517578,124.0,125.44999694824219,102405700
2006-07-14,85.31909942626953,123.5199966430664,124.26000213623047,122.83000183105469,124.12999725341797,103242500
2006-07-17,85.19479370117188,123.33999633789062,124.0999984741211,123.1500015258789,123.5199966430664,81159000
2006-07-18,85.62992858886719,123.97000122070312,124.05000305175781,122.38999938964844,123.70999908447266,122771000
2006-07-19,86.81802368164062,125.69000244140625,126.26000213623047,123.72000122070312,124.18000030517578,133565300
2006-07-20,86.22396850585938,124.83000183105469,126.30000305175781,124.66000366210938,126.12000274658203,112259800
2006-07-21,85.61614990234375,123.94999694824219,125.19000244140625,123.81999969482422,125.1500015258789,101560000
2006-07-24,87.17720031738281,126.20999908447266,126.31999969482422,124.44000244140625,124.44000244140625,92884000
2006-07-25,87.48802185058594,126.66000366210938,127.30000305175781,125.72000122070312,125.9800033569336,95480700
2006-07-26,87.60543060302734,126.83000183105469,127.44999694824219,126.18000030517578,126.58999633789062,84525800
2006-07-27,87.52256774902344,126.70999908447266,127.69000244140625,126.19999694824219,127.37999725341797,87257100
2006-07-28,88.39977264404297,127.9800033569336,128.13999938964844,126.86000061035156,127.04000091552734,82137000
2006-07-31,88.30998992919922,127.8499984741211,127.95999908447266,127.44999694824219,127.66000366210938,49593100
2006-08-01,87.8748550415039,127.22000122070312,127.37999725341797,126.5999984741211,127.33999633789062,65225600
2006-08-02,88.46887969970703,128.0800018310547,128.4600067138672,127.55000305175781,127.58000183105469,64770900
2006-08-03,88.70368957519531,128.4199981689453,128.5500030517578,127.1500015258789,127.33999633789062,63693800
2006-08-04,88.55177307128906,128.1999969482422,129.42999267578125,127.4800033569336,129.0800018310547,96294200
2006-08-07,88.34453582763672,127.9000015258789,128.0800018310547,127.4000015258789,127.9000015258789,45377300
2006-08-08,88.00606536865234,127.41000366210938,128.4600067138672,126.94999694824219,128.08999633789062,90901300
2006-08-09,87.70905303955078,126.9800033569336,128.60000610351562,126.61000061035156,128.17999267578125,78910600
2006-08-10,87.97845458984375,127.37000274658203,127.5,126.27999877929688,126.58000183105469,69322300
2006-08-11,87.72980499267578,127.01000213623047,127.19999694824219,126.38999938964844,127.16999816894531,47482200
2006-08-14,87.798828125,127.11000061035156,128.16000366210938,126.91999816894531,127.62999725341797,57839000
2006-08-15,88.84876251220703,128.6300048828125,128.8699951171875,127.9000015258789,128.25,68143000
2006-08-16,89.58782196044922,129.6999969482422,129.88999938964844,129.0399932861328,129.32000732421875,71737600
2006-08-17,89.8157958984375,130.02999877929688,130.3699951171875,129.49000549316406,129.5800018310547,70992800
2006-08-18,90.27165222167969,130.69000244140625,130.69000244140625,129.58999633789062,130.19000244140625,58288400
2006-08-21,89.88484191894531,130.1300048828125,130.27999877929688,129.8000030517578,130.17999267578125,42133600
2006-08-22,89.87794494628906,130.1199951171875,130.52000427246094,129.67999267578125,129.99000549316406,60839900
2006-08-23,89.62926483154297,129.75999450683594,130.44000244140625,129.19000244140625,130.17999267578125,66592100
2006-08-24,89.55329895019531,129.64999389648438,130.10000610351562,129.39999389648438,129.99000549316406,57983000
2006-08-25,89.66382598876953,129.80999755859375,130.25,129.5500030517578,129.63999938964844,41756000
2006-08-28,90.0920639038086,130.42999267578125,130.82000732421875,129.63999938964844,129.64999389648438,52681500
2006-08-29,90.19567108154297,130.5800018310547,130.8300018310547,129.80999755859375,130.49000549316406,61817800
2006-08-30,90.25093841552734,130.66000366210938,131.0399932861328,130.5500030517578,130.8699951171875,50052200
2006-08-31,90.23716735839844,130.63999938964844,130.99000549316406,130.5800018310547,130.85000610351562,37510300
2006-09-01,90.77590942382812,131.4199981689453,131.5800018310547,130.83999633789062,131.13999938964844,48794500
2006-09-05,90.94859313964844,131.6699981689453,131.85000610351562,131.1999969482422,131.50999450683594,52348300
2006-09-06,90.1473388671875,130.50999450683594,131.16000366210938,130.3300018310547,131.11000061035156,53795600
2006-09-07,89.73290252685547,129.91000366210938,130.57000732421875,129.35000610351562,130.05999755859375,86269400
2006-09-08,89.98846435546875,130.27999877929688,130.4600067138672,129.8300018310547,130.0800018310547,45096300
2006-09-11,90.0782699584961,130.41000366210938,130.69000244140625,129.47999572753906,129.86000061035156,68496600
2006-09-12,90.9623794555664,131.69000244140625,131.83999633789062,130.3699951171875,130.55999755859375,69875600
2006-09-13,91.32848358154297,132.22000122070312,132.4499969482422,131.52000427246094,131.63999938964844,62898400
2006-09-14,91.33537292480469,132.22999572753906,132.24000549316406,131.75,131.9600067138672,57805400
2006-09-15,91.54976654052734,131.9600067138672,132.38999938964844,131.67999267578125,132.30999755859375,76703100
2006-09-18,91.6746597290039,132.13999938964844,132.38999938964844,131.64999389648438,131.7899932861328,64154100
2006-09-19,91.44569396972656,131.80999755859375,132.1300048828125,131.07000732421875,132.1199951171875,92089100
2006-09-20,91.93135070800781,132.50999450683594,132.77000427246094,132.05999755859375,132.25,75204100
2006-09-21,91.48731994628906,131.8699951171875,132.75,131.4199981689453,132.61000061035156,88932500
2006-09-22,91.20983123779297,131.47000122070312,131.67999267578125,131.0,131.6699981689453,65966800
2006-09-25,91.9105224609375,132.47999572753906,132.85000610351562,131.0500030517578,131.72999572753906,92299100
2006-09-26,92.67365264892578,133.5800018310547,133.60000610351562,132.39999389648438,132.5,73962700
2006-09-27,92.78466796875,133.74000549316406,133.97000122070312,133.27000427246094,133.49000549316406,82432200
2006-09-28,92.7499771118164,133.69000244140625,133.99000549316406,133.27999877929688,133.74000549316406,58597500
2006-09-29,92.67365264892578,133.5800018310547,133.94000244140625,133.47999572753906,133.8000030517578,47966600
2006-10-02,92.32678985595703,133.0800018310547,133.8300018310547,132.9499969482422,133.5399932861328,51687400
2006-10-03,92.52104949951172,133.36000061035156,133.8699951171875,132.64999389648438,132.88999938964844,73108100
2006-10-04,93.60334014892578,134.9199981689453,135.0,133.0800018310547,133.22999572753906,80890500
2006-10-05,93.78368377685547,135.17999267578125,135.41000366210938,134.75,134.9199981689453,60505900
2006-10-06,93.66578674316406,135.00999450683594,135.10000610351562,134.39999389648438,134.9499969482422,64983600
2006-10-09,93.72125244140625,135.08999633789062,135.3000030517578,134.63999938964844,134.85000610351562,41176800
2006-10-10,93.84617614746094,135.27000427246094,135.4499969482422,134.83999633789062,135.10000610351562,56403700
2006-10-11,93.73513793945312,135.11000061035156,135.42999267578125,134.3000030517578,134.83999633789062,104071800
2006-10-12,94.54686737060547,136.27999877929688,136.38999938964844,135.39999389648438,135.4499969482422,59158600
2006-10-13,94.78966522216797,136.6300048828125,136.7100067138672,136.0399932861328,136.16000366210938,53944000
2006-10-16,94.93533325195312,136.83999633789062,137.0500030517578,136.4199981689453,136.52000427246094,42273000
2006-10-17,94.63703918457031,136.41000366210938,136.6999969482422,135.6699981689453,136.47000122070312,90500600
2006-10-18,94.76188659667969,136.58999633789062,137.3699951171875,136.10000610351562,137.0399932861328,86848600
2006-10-19,94.91453552246094,136.80999755859375,136.8800048828125,136.22999572753906,136.38999938964844,64063200
2006-10-20,94.93533325195312,136.83999633789062,136.9499969482422,136.3300018310547,136.83999633789062,48094500
2006-10-23,95.37242126464844,137.47000122070312,137.8000030517578,136.38999938964844,136.55999755859375,66219900
2006-10-24,95.65689086914062,137.8800048828125,137.92999267578125,137.22000122070312,137.27999877929688,53234900
2006-10-25,95.98297119140625,138.35000610351562,138.41000366210938,137.50999450683594,137.74000549316406,78105400
2006-10-26,96.28125,138.77999877929688,139.0,137.97999572753906,138.66000366210938,66843700
2006-10-27,95.67768096923828,137.91000366210938,138.75,137.6300048828125,138.61000061035156,80238000
2006-10-30,95.60832214355469,137.80999755859375,138.1999969482422,137.39999389648438,137.66000366210938,49717800
2006-10-31,95.59440612792969,137.7899932861328,138.25999450683594,137.25,138.07000732421875,71274100
2006-11-01,94.9492416381836,136.86000061035156,138.30999755859375,136.72000122070312,138.22000122070312,83005600
2006-11-02,94.89374542236328,136.77999877929688,137.00999450683594,136.36000061035156,136.50999450683594,60693100
2006-11-03,94.72718048095703,136.5399932861328,137.38999938964844,135.6199951171875,137.27000427246094,71346400
2006-11-06,95.79559326171875,138.0800018310547,138.27999877929688,136.9499969482422,136.9600067138672,63303300
2006-11-07,96.16329956054688,138.61000061035156,138.97999572753906,138.0,138.1999969482422,63318900
2006-11-08,96.37144470214844,138.91000366210938,139.0500030517578,136.86000061035156,138.0,87517800
2006-11-09,95.86500549316406,138.17999267578125,139.13999938964844,137.89999389648438,139.00999450683594,95916300
2006-11-10,95.9066162109375,138.24000549316406,138.33999633789062,137.72000122070312,138.13999938964844,48991500
2006-11-13,96.1424789428711,138.5800018310547,139.0399932861328,138.07000732421875,138.17999267578125,59398200
2006-11-14,96.86404418945312,139.6199951171875,139.74000549316406,138.1199951171875,138.97000122070312,96704000
2006-11-15,97.14158630371094,140.02000427246094,140.4499969482422,139.52999877929688,139.57000732421875,76509600
2006-11-16,97.39134216308594,140.3800048828125,140.67999267578125,139.49000549316406,140.44000244140625,76728800
2006-11-17,97.4190673828125,140.4199981689453,140.42999267578125,139.72999572753906,139.92999267578125,56353800
2006-11-20,97.47455596923828,140.5,140.74000549316406,139.94000244140625,140.3000030517578,69174200
2006-11-21,97.57168579101562,140.63999938964844,140.6699981689453,140.2899932861328,140.49000549316406,51367900
2006-11-22,97.76595306396484,140.9199981689453,141.16000366210938,140.5,140.75,45505300
2006-11-24,97.3704833984375,140.35000610351562,140.83999633789062,140.1999969482422,140.24000549316406,30998000
2006-11-27,96.03150177001953,138.4199981689453,140.35000610351562,138.3800048828125,140.27999877929688,84545100
2006-11-28,96.44780731201172,139.02000427246094,139.16000366210938,138.11000061035156,138.24000549316406,106652900
2006-11-29,97.45372772216797,140.47000122070312,140.52999877929688,139.0800018310547,139.47000122070312,90034900
2006-11-30,97.4953384399414,140.52999877929688,141.0500030517578,139.75999450683594,140.44000244140625,83994300
2006-12-01,97.28032684326172,140.22000122070312,140.66000366210938,138.97000122070312,140.52999877929688,126080000
2006-12-04,98.0226058959961,141.2899932861328,141.5500030517578,140.22999572753906,140.25,87813200
2006-12-05,98.44580841064453,141.89999389648438,141.9600067138672,141.25999450683594,141.55999755859375,73374400
2006-12-06,98.36260986328125,141.77999877929688,142.07000732421875,141.5,141.8699951171875,53253200
2006-12-07,97.9324722290039,141.16000366210938,142.3000030517578,141.11000061035156,142.02999877929688,62857400
2006-12-08,98.11284637451172,141.4199981689453,141.89999389648438,140.77999877929688,141.1300048828125,79625500
2006-12-11,98.3972396850586,141.8300018310547,142.08999633789062,141.33999633789062,141.4199981689453,39779400
2006-12-12,98.32095336914062,141.72000122070312,141.8699951171875,140.88999938964844,141.69000244140625,77451600
2006-12-13,98.42499542236328,141.8699951171875,142.33999633789062,141.55999755859375,142.22999572753906,55520200
2006-12-14,99.29222869873047,143.1199951171875,143.24000549316406,141.83999633789062,141.86000061035156,64755200
2006-12-15,99.30130004882812,142.33999633789062,142.88999938964844,142.24000549316406,142.63999938964844,70857400
2006-12-18,99.02922821044922,141.9499969482422,142.8800048828125,141.75,142.5399932861328,48954600
2006-12-19,99.21758270263672,142.22000122070312,142.55999755859375,141.19000244140625,141.5500030517578,65023600
2006-12-20,99.16173553466797,142.13999938964844,142.66000366210938,142.00999450683594,142.27999877929688,41469600
2006-12-21,98.79900360107422,141.6199951171875,142.42999267578125,141.32000732421875,142.27000427246094,48698400
2006-12-22,98.19207000732422,140.75,141.64999389648438,140.6699981689453,141.63999938964844,62069100
2006-12-26,98.77111053466797,141.5800018310547,141.61000061035156,140.77999877929688,140.80999755859375,32696900
2006-12-27,99.41988372802734,142.50999450683594,142.60000610351562,141.8300018310547,141.8699951171875,39727100
2006-12-28,99.21060943603516,142.2100067138672,142.6999969482422,141.99000549316406,142.41000366210938,37288800
2006-12-29,98.79900360107422,141.6199951171875,142.5399932861328,141.42999267578125,142.05999755859375,45461200
2007-01-03,98.62461853027344,141.3699951171875,142.86000061035156,140.57000732421875,142.25,94807600
2007-01-04,98.8338851928711,141.6699981689453,142.0500030517578,140.61000061035156,141.22999572753906,69620600
2007-01-05,98.04557037353516,140.5399932861328,141.39999389648438,140.3800048828125,141.3300018310547,76645300
2007-01-08,98.4990234375,141.19000244140625,141.41000366210938,140.25,140.82000732421875,71655000
2007-01-09,98.41527557373047,141.07000732421875,141.60000610351562,140.39999389648438,141.30999755859375,75680100
2007-01-10,98.74314880371094,141.5399932861328,141.57000732421875,140.3000030517578,140.5800018310547,72428000
2007-01-11,99.17572021484375,142.16000366210938,142.6199951171875,141.5,141.5800018310547,54476800
2007-01-12,99.92919921875,143.24000549316406,143.24000549316406,142.11000061035156,142.14999389648438,55370600
2007-01-16,99.73382568359375,142.9600067138672,143.44000244140625,142.72999572753906,143.07000732421875,44871300
2007-01-17,99.77571868896484,143.02000427246094,143.4600067138672,142.72999572753906,142.85000610351562,50241400
2007-01-18,99.4408187866211,142.5399932861328,143.25999450683594,142.30999755859375,143.1699981689453,68177300
2007-01-19,99.63619232177734,142.82000732421875,143.10000610351562,142.4600067138672,142.5399932861328,56973000
2007-01-22,99.3292007446289,142.3800048828125,143.10000610351562,141.92999267578125,143.07000732421875,60253600
2007-01-23,99.6222152709961,142.8000030517578,143.0800018310547,142.05999755859375,142.25999450683594,54064400
2007-01-24,100.42449188232422,143.9499969482422,143.97999572753906,142.91000366210938,142.97000122070312,55834700
2007-01-25,99.24549102783203,142.25999450683594,143.9199981689453,142.00999450683594,143.86000061035156,73583800
2007-01-26,99.15480041503906,142.1300048828125,142.64999389648438,141.5800018310547,142.57000732421875,67255600
2007-01-29,99.09896850585938,142.0500030517578,142.8000030517578,141.74000549316406,142.19000244140625,66114600
2007-01-30,99.61521911621094,142.7899932861328,142.86000061035156,142.05999755859375,142.35000610351562,70407600
2007-01-31,100.2849349975586,143.75,144.1300048828125,142.39999389648438,142.6300048828125,91868600
2007-02-01,100.88495635986328,144.61000061035156,144.66000366210938,143.91000366210938,144.14999389648438,69312400
2007-02-02,101.02445983886719,144.80999755859375,144.9499969482422,144.3800048828125,144.72999572753906,49607000
2007-02-05,101.05240631103516,144.85000610351562,144.94000244140625,144.33999633789062,144.6999969482422,45705300
2007-02-06,101.08023834228516,144.88999938964844,145.02999877929688,144.3300018310547,144.97000122070312,57081300
2007-02-07,101.30349731445312,145.2100067138672,145.36000061035156,144.57000732421875,145.1199951171875,55669700
2007-02-08,101.17096710205078,145.02000427246094,145.1199951171875,144.27000427246094,144.77999877929688,70641000
2007-02-09,100.41753387451172,143.94000244140625,145.3300018310547,143.38999938964844,145.05999755859375,79084400
2007-02-12,100.07567596435547,143.4499969482422,144.0399932861328,143.19000244140625,143.94000244140625,65657000
2007-02-13,100.91979217529297,144.66000366210938,144.89999389648438,143.75999450683594,143.77000427246094,64081800
2007-02-14,101.58257293701172,145.61000061035156,145.89999389648438,144.77999877929688,144.8000030517578,66039400
2007-02-15,101.71514129638672,145.8000030517578,145.9499969482422,145.42999267578125,145.6699981689453,38715200
2007-02-16,101.66626739501953,145.72999572753906,145.75999450683594,145.22999572753906,145.44000244140625,39841800
2007-02-20,101.88253784179688,146.0399932861328,146.1999969482422,145.0,145.55999755859375,56911800
2007-02-21,101.84066009521484,145.97999572753906,146.07000732421875,145.35000610351562,145.61000061035156,63971600
2007-02-22,101.76395416259766,145.8699951171875,146.4199981689453,145.1699981689453,146.0500030517578,79067400
2007-02-23,101.36632537841797,145.3000030517578,145.7899932861328,145.02999877929688,145.74000549316406,71966200
2007-02-26,101.27558898925781,145.1699981689453,145.9499969482422,144.75,145.8300018310547,69192800
2007-02-27,97.32002258300781,139.5,144.1999969482422,139.0,143.8800048828125,274466500
2007-02-28,98.3176498413086,140.92999267578125,141.97999572753906,139.8000030517578,140.38999938964844,177536300
2007-03-01,98.02462005615234,140.50999450683594,141.25,138.0500030517578,139.33999633789062,212828600
2007-03-02,96.74097442626953,138.6699981689453,140.66000366210938,138.66000366210938,140.0500030517578,162574000
2007-03-05,95.82012176513672,137.35000610351562,139.5800018310547,137.3300018310547,137.92999267578125,143750400
2007-03-06,97.45954895019531,139.6999969482422,140.1199951171875,137.72000122070312,138.77999877929688,143333300
2007-03-07,97.36186981201172,139.55999755859375,140.4600067138672,139.39999389648438,139.58999633789062,115144900
2007-03-08,98.18509674072266,140.74000549316406,141.16000366210938,140.07000732421875,140.5399932861328,117891600
2007-03-09,98.21294403076172,140.77999877929688,141.4199981689453,140.0800018310547,141.30999755859375,107765100
2007-03-12,98.3594970703125,140.99000549316406,141.33999633789062,140.16000366210938,140.4199981689453,80366900
2007-03-13,96.44798278808594,138.25,140.77000427246094,138.0399932861328,140.17999267578125,190605200
2007-03-14,97.16654968261719,139.27999877929688,139.36000061035156,136.75,138.42999267578125,231853800
2007-03-15,97.2990951538086,139.47000122070312,139.99000549316406,138.8000030517578,138.97000122070312,132435900
2007-03-16,97.02665710449219,138.52999877929688,139.6300048828125,138.1199951171875,139.30999755859375,121531600
2007-03-19,98.19628143310547,140.1999969482422,140.3300018310547,139.14999389648438,139.25999450683594,96161200
2007-03-20,98.735595703125,140.97000122070312,141.0500030517578,139.9600067138672,140.0800018310547,82147400
2007-03-21,100.36054992675781,143.2899932861328,143.64999389648438,140.82000732421875,141.10000610351562,152368700
2007-03-22,100.28350830078125,143.17999267578125,143.67999267578125,142.7899932861328,143.47999572753906,118942200
2007-03-23,100.4305648803711,143.38999938964844,143.80999755859375,143.14999389648438,143.27999877929688,74416800
2007-03-26,100.29752349853516,143.1999969482422,143.64999389648438,142.08999633789062,143.5,113787500
2007-03-27,100.05939483642578,142.86000061035156,143.16000366210938,142.38999938964844,143.1199951171875,99864600
2007-03-28,99.3309555053711,141.82000732421875,142.47000122070312,141.25999450683594,142.13999938964844,152907900
2007-03-29,99.4360122680664,141.97000122070312,142.61000061035156,141.19000244140625,142.5399932861328,139432700
2007-03-30,99.45703887939453,142.0,142.83999633789062,140.55999755859375,142.24000549316406,128194100
2007-04-02,99.56908416748047,142.16000366210938,142.4600067138672,141.47999572753906,142.16000366210938,79416400
2007-04-03,100.64070892333984,143.69000244140625,143.97999572753906,142.91000366210938,142.97000122070312,82417800
2007-04-04,100.75274658203125,143.85000610351562,143.9499969482422,143.16000366210938,143.69000244140625,63995200
2007-04-05,101.02591705322266,144.24000549316406,144.44000244140625,143.61000061035156,143.6699981689453,46822800
2007-04-09,101.16600036621094,144.44000244140625,144.8000030517578,144.14999389648438,144.64999389648438,50967400
2007-04-10,101.28507232666016,144.61000061035156,144.85000610351562,144.27000427246094,144.3300018310547,56620000
2007-04-11,100.87181854248047,144.02000427246094,144.86000061035156,143.5399932861328,144.82000732421875,106365700
2007-04-12,101.32007598876953,144.66000366210938,144.9199981689453,143.33999633789062,143.74000549316406,115534400
2007-04-13,101.78235626220703,145.32000732421875,145.32000732421875,144.36000061035156,144.89999389648438,84287000
2007-04-16,102.7489013671875,146.6999969482422,146.86000061035156,145.82000732421875,145.8300018310547,83064600
2007-04-17,103.02204895019531,147.08999633789062,147.39999389648438,146.64999389648438,146.97000122070312,108424100
2007-04-18,103.14811706542969,147.27000427246094,147.6999969482422,146.57000732421875,146.60000610351562,88345300
2007-04-19,103.12012481689453,147.22999572753906,147.39999389648438,146.36000061035156,146.5500030517578,102947700
2007-04-20,104.09367370605469,148.6199951171875,148.6199951171875,147.0399932861328,148.22000122070312,124114100
2007-04-23,103.7014389038086,148.05999755859375,148.72999572753906,147.97000122070312,148.3699951171875,77270800
2007-04-24,103.74349975585938,148.1199951171875,148.39999389648438,147.32000732421875,148.22999572753906,114471000
2007-04-25,104.69601440429688,149.47999572753906,149.66000366210938,148.02000427246094,148.72999572753906,108418800
2007-04-26,104.81511688232422,149.64999389648438,149.8000030517578,149.10000610351562,149.49000549316406,88741600
2007-04-27,104.73104858398438,149.52999877929688,149.74000549316406,148.83999633789062,149.08999633789062,108191100
2007-04-30,103.86255645751953,148.2899932861328,149.74000549316406,148.2100067138672,149.63999938964844,100874100
2007-05-01,104.12870025634766,148.6699981689453,149.47000122070312,147.6699981689453,148.4199981689453,134342700
2007-05-02,104.738037109375,149.5399932861328,149.9499969482422,148.75,148.89999389648438,87129800
2007-05-03,105.30537414550781,150.35000610351562,150.39999389648438,149.72999572753906,149.97000122070312,86569700
2007-05-04,105.7045669555664,150.9199981689453,151.1199951171875,150.22000122070312,150.75,96409000
2007-05-07,105.72563934326172,150.9499969482422,151.1999969482422,150.80999755859375,150.8800048828125,63461400
2007-05-08,105.58555603027344,150.75,150.9199981689453,150.1300048828125,150.5800018310547,80584000
2007-05-09,105.8726806640625,151.16000366210938,152.82000732421875,150.3699951171875,150.63999938964844,102070100
2007-05-10,104.76605224609375,149.5800018310547,151.02000427246094,149.27000427246094,150.72999572753906,153617800
2007-05-11,105.66258239746094,150.86000061035156,150.92999267578125,149.72000122070312,149.75,113408900
2007-05-14,105.43146514892578,150.52999877929688,151.3000030517578,149.7899932861328,150.86000061035156,108027500
2007-05-15,105.45944213867188,150.57000732421875,151.66000366210938,150.19000244140625,150.6999969482422,180673300
2007-05-16,106.18087005615234,151.60000610351562,151.6300048828125,150.3800048828125,150.8000030517578,114166500
2007-05-17,105.97074127197266,151.3000030517578,151.9600067138672,151.11000061035156,151.3800048828125,101132800
2007-05-18,106.8952865600586,152.6199951171875,152.6199951171875,151.80999755859375,152.00999450683594,99182000
2007-05-21,106.83924102783203,152.5399932861328,153.22999572753906,152.5,152.5800018310547,174664600
2007-05-22,106.75517272949219,152.4199981689453,153.16000366210938,152.3800048828125,152.6999969482422,82148800
2007-05-23,106.76924133300781,152.44000244140625,153.5,152.36000061035156,152.9499969482422,133786600
2007-05-24,105.80265045166016,151.05999755859375,153.2100067138672,150.74000549316406,152.52999877929688,187593000
2007-05-25,106.24392700195312,151.69000244140625,152.02000427246094,151.17999267578125,151.5,83309200
2007-05-29,106.62913513183594,152.24000549316406,152.5,151.4499969482422,151.94000244140625,82020000
2007-05-30,107.49760437011719,153.47999572753906,153.5399932861328,151.33999633789062,151.4600067138672,129013600
2007-05-31,107.38556671142578,153.32000732421875,153.88999938964844,153.1199951171875,153.6699981689453,114866700
2007-06-01,107.91785430908203,154.0800018310547,154.39999389648438,153.50999450683594,153.8800048828125,107771700
2007-06-04,107.93191528320312,154.10000610351562,154.38999938964844,153.47999572753906,153.5399932861328,78008800
2007-06-05,107.50465393066406,153.49000549316406,153.89999389648438,152.86000061035156,153.74000549316406,126917900
2007-06-06,106.3489990234375,151.83999633789062,152.9499969482422,151.75,152.86000061035156,164096800
2007-06-07,104.4299087524414,149.10000610351562,152.5,149.05999755859375,151.55999755859375,232414600
2007-06-08,105.78865814208984,151.0399932861328,151.19000244140625,149.08999633789062,149.5800018310547,175886000
2007-06-11,105.97074127197266,151.3000030517578,151.9499969482422,150.6999969482422,150.92999267578125,102015600
2007-06-12,104.81511688232422,149.64999389648438,151.5399932861328,149.5500030517578,150.6699981689453,233898000
2007-06-13,106.38394927978516,151.88999938964844,152.07000732421875,149.72000122070312,150.5,193208200
2007-06-14,107.06342315673828,152.86000061035156,153.1199951171875,152.02999877929688,152.05999755859375,146396500
2007-06-15,107.67253875732422,153.07000732421875,153.66000366210938,152.92999267578125,153.13999938964844,154030800
2007-06-18,107.54591369628906,152.88999938964844,153.38999938964844,152.66000366210938,153.3800048828125,88537500
2007-06-19,107.81326293945312,153.27000427246094,153.3800048828125,152.36000061035156,152.5500030517578,110851700
2007-06-20,106.31494140625,151.13999938964844,153.5800018310547,150.9600067138672,153.5800018310547,177119700
2007-06-21,106.90585327148438,151.97999572753906,152.11000061035156,150.25,151.0800018310547,205262000
2007-06-22,105.8999252319336,150.5500030517578,151.77000427246094,149.85000610351562,151.52000427246094,204964700
2007-06-25,105.39347839355469,149.8300018310547,151.25,149.02000427246094,150.24000549316406,232014400
2007-06-26,104.31022644042969,148.2899932861328,150.4600067138672,148.27999877929688,150.2100067138672,198445700
2007-06-27,105.79444122314453,150.39999389648438,150.57000732421875,148.05999755859375,148.1300048828125,213638000
2007-06-28,105.78028869628906,150.3800048828125,151.41000366210938,149.6699981689453,150.3800048828125,157705000
2007-06-29,105.81552124023438,150.42999267578125,151.64999389648438,149.14999389648438,150.89999389648438,199701800
2007-07-02,106.77217864990234,151.7899932861328,151.9199981689453,150.77000427246094,150.8699951171875,103357000
2007-07-03,107.15907287597656,152.33999633789062,152.5,151.99000549316406,152.17999267578125,54048400
2007-07-05,107.04650115966797,152.17999267578125,152.55999755859375,151.6300048828125,152.39999389648438,89279000
2007-07-06,107.6092529296875,152.97999572753906,153.1699981689453,151.92999267578125,152.3800048828125,81109000
2007-07-09,107.69361114501953,153.10000610351562,153.36000061035156,152.6199951171875,153.16000366210938,72348100
2007-07-10,106.16016387939453,150.9199981689453,152.61000061035156,150.77000427246094,152.2899932861328,180362600
2007-07-11,106.91283416748047,151.99000549316406,152.0500030517578,150.52000427246094,150.75,175607600
2007-07-12,108.60104370117188,154.38999938964844,154.75,152.33999633789062,152.3699951171875,133882500
2007-07-13,108.92462921142578,154.85000610351562,155.4600067138672,154.38999938964844,154.57000732421875,111794300
2007-07-16,108.91059112548828,154.8300018310547,155.52999877929688,154.5800018310547,154.99000549316406,98378700
2007-07-17,108.85430145263672,154.75,155.47999572753906,154.67999267578125,154.92999267578125,126201300
2007-07-18,108.65734100341797,154.47000122070312,154.8000030517578,153.3000030517578,154.22999572753906,237887400
2007-07-19,109.07942962646484,155.07000732421875,155.52999877929688,154.75,155.1999969482422,145212700
2007-07-20,107.97501373291016,153.5,154.99000549316406,152.8300018310547,154.88999938964844,245502500
2007-07-23,108.30560302734375,153.97000122070312,154.72000122070312,153.3000030517578,154.17999267578125,121183900
2007-07-24,106.4275131225586,151.3000030517578,154.27999877929688,150.75999450683594,153.1199951171875,256732400
2007-07-25,106.64552307128906,151.61000061035156,152.38999938964844,150.25,152.02000427246094,265214500
2007-07-26,104.12026977539062,148.02000427246094,150.8000030517578,146.38999938964844,150.19000244140625,467592500
2007-07-27,102.07328033447266,145.11000061035156,148.8699951171875,145.0500030517578,148.2100067138672,422987600
2007-07-30,103.67005920410156,147.3800048828125,147.80999755859375,145.2899932861328,145.92999267578125,283017500
2007-07-31,102.5024185180664,145.72000122070312,149.4600067138672,145.0399932861328,148.3300018310547,316976700
2007-08-01,103.0018081665039,146.42999267578125,147.00999450683594,143.9499969482422,145.17999267578125,467670000
2007-08-02,103.82482147216797,147.60000610351562,147.75999450683594,145.25999450683594,146.75999450683594,294758400
2007-08-03,101.15184783935547,143.8000030517578,147.5800018310547,143.1999969482422,147.27999877929688,359398200
2007-08-06,102.8470687866211,146.2100067138672,146.8300018310547,142.52999877929688,144.2100067138672,324980000
2007-08-07,103.94444274902344,147.77000427246094,149.0,145.22999572753906,145.94000244140625,232568700
2007-08-08,105.39347839355469,149.8300018310547,150.58999633789062,147.33999633789062,148.41000366210938,274930600
2007-08-09,102.27025604248047,145.38999938964844,148.9499969482422,145.2899932861328,147.42999267578125,357622100
2007-08-10,101.79193115234375,144.7100067138672,146.5,143.1199951171875,144.38999938964844,411018400
2007-08-13,102.1577377319336,145.22999572753906,146.88999938964844,145.02000427246094,146.5,181917200
2007-08-14,100.59616088867188,143.00999450683594,146.05999755859375,142.72000122070312,145.6999969482422,264134500
2007-08-15,99.21038055419922,141.0399932861328,144.4600067138672,140.6199951171875,142.72000122070312,323834000
2007-08-16,99.9560317993164,142.10000610351562,142.94000244140625,137.0,139.7899932861328,546743700
2007-08-17,101.79193115234375,144.7100067138672,145.80999755859375,141.38999938964844,145.5,388218100
2007-08-20,101.74271392822266,144.63999938964844,145.47000122070312,143.2899932861328,145.1699981689453,187320400
2007-08-21,101.94669342041016,144.92999267578125,145.97000122070312,144.13999938964844,144.60000610351562,157066400
2007-08-22,103.15658569335938,146.64999389648438,146.8000030517578,145.3300018310547,146.00999450683594,173156700
2007-08-23,103.06517791748047,146.52000427246094,147.64999389648438,145.61000061035156,147.33999633789062,203915300
2007-08-24,104.3383560180664,148.3300018310547,148.3300018310547,146.27999877929688,146.47999572753906,128901900
2007-08-27,103.36760711669922,146.9499969482422,148.3300018310547,146.72999572753906,147.85000610351562,113024300
2007-08-28,101.09553527832031,143.72000122070312,146.25,143.4600067138672,146.16000366210938,219790700
2007-08-29,103.07917022705078,146.5399932861328,146.74000549316406,143.9600067138672,144.3699951171875,207654200
2007-08-30,102.80481719970703,146.14999389648438,147.19000244140625,145.30999755859375,145.4499969482422,191817300
2007-08-31,103.8177490234375,147.58999633789062,148.5,146.8300018310547,147.64999389648438,185477500
2007-09-04,104.86590576171875,149.0800018310547,149.97999572753906,147.39999389648438,147.4499969482422,120062000
2007-09-05,103.95846557617188,147.7899932861328,148.36000061035156,147.0,148.1999969482422,166261800
2007-09-06,104.19764709472656,148.1300048828125,148.61000061035156,147.1199951171875,147.9499969482422,127878400
2007-09-07,102.74861907958984,146.07000732421875,146.88999938964844,145.25999450683594,146.47999572753906,235447600
2007-09-10,102.55164337158203,145.7899932861328,146.72000122070312,144.3300018310547,146.52000427246094,192305900
2007-09-11,103.74746704101562,147.49000549316406,147.6999969482422,146.1300048828125,146.24000549316406,162081900
2007-09-12,104.01480865478516,147.8699951171875,148.44000244140625,146.97999572753906,147.2899932861328,149554600
2007-09-13,104.74634552001953,148.91000366210938,149.4499969482422,148.1999969482422,148.5500030517578,154079000
2007-09-14,104.73926544189453,148.89999389648438,149.08999633789062,147.74000549316406,147.9600067138672,121911000
2007-09-17,104.1765365600586,148.10000610351562,148.64999389648438,147.6300048828125,148.30999755859375,109870800
2007-09-18,107.24345397949219,152.4600067138672,152.5,148.1300048828125,148.8300018310547,263759500
2007-09-19,107.87653350830078,153.36000061035156,154.38999938964844,152.7100067138672,153.41000366210938,193779900
2007-09-20,107.1168441772461,152.27999877929688,153.42999267578125,152.11000061035156,153.33999633789062,175186800
2007-09-21,107.40593719482422,151.97000122070312,153.1199951171875,151.74000549316406,152.7100067138672,141457500
2007-09-24,107.20804595947266,151.69000244140625,152.82000732421875,151.36000061035156,152.4199981689453,139450200
2007-09-25,106.99600982666016,151.38999938964844,151.66000366210938,150.47000122070312,150.80999755859375,142289900
2007-09-26,107.56138610839844,152.19000244140625,152.77000427246094,151.38999938964844,152.25,135547000
2007-09-27,108.1974868774414,153.08999633789062,153.10000610351562,152.19000244140625,152.91000366210938,102713300
2007-09-28,107.83699035644531,152.5800018310547,153.19000244140625,151.97999572753906,152.85000610351562,133372100
2007-10-01,109.05265045166016,154.3000030517578,154.75,152.5,152.60000610351562,148162300
2007-10-02,108.90423583984375,154.08999633789062,154.64999389648438,153.80999755859375,154.61000061035156,112978800
2007-10-03,108.68510437011719,153.77999877929688,154.41000366210938,153.00999450683594,153.80999755859375,119055900
2007-10-04,108.85480499267578,154.02000427246094,154.25999450683594,153.58999633789062,154.11000061035156,76864400
2007-10-05,110.14810180664062,155.85000610351562,156.10000610351562,154.6300048828125,155.02999877929688,134579700
2007-10-08,109.56151580810547,155.02000427246094,155.49000549316406,154.77000427246094,155.38999938964844,71280400
2007-10-09,110.59341430664062,156.47999572753906,156.5,155.02999877929688,155.60000610351562,94054300
2007-10-10,110.40962982177734,156.22000122070312,156.44000244140625,155.41000366210938,156.0399932861328,101711100
2007-10-11,109.87955474853516,155.47000122070312,157.52000427246094,154.5399932861328,156.92999267578125,233529100
2007-10-12,110.48738098144531,156.3300018310547,156.35000610351562,155.27000427246094,155.4600067138672,124546700
2007-10-15,109.55448913574219,155.00999450683594,156.36000061035156,153.94000244140625,156.27000427246094,161151900
2007-10-16,108.68510437011719,153.77999877929688,154.52000427246094,153.47000122070312,154.41000366210938,166525700
2007-10-17,109.01732635498047,154.25,155.08999633789062,152.47000122070312,154.97999572753906,216687300
2007-10-18,108.62152862548828,153.69000244140625,154.19000244140625,153.0800018310547,153.4499969482422,148367500
2007-10-19,105.78034973144531,149.6699981689453,156.47999572753906,149.66000366210938,153.08999633789062,297169900
2007-10-22,106.3952407836914,150.5399932861328,150.75999450683594,148.66000366210938,148.86000061035156,261989800
2007-10-23,107.25746154785156,151.75999450683594,151.9499969482422,150.25,151.4600067138672,180085100
2007-10-24,107.05955505371094,151.47999572753906,151.74000549316406,148.83999633789062,151.2100067138672,326694200
2007-10-25,107.31399536132812,151.83999633789062,152.2899932861328,149.8800048828125,151.64999389648438,237374500
2007-10-26,108.57202911376953,153.6199951171875,153.6199951171875,151.89999389648438,153.05999755859375,176484000
2007-10-29,108.9325180053711,154.1300048828125,154.44000244140625,153.5500030517578,153.92999267578125,106841000
2007-10-30,108.17630004882812,153.05999755859375,153.75,152.8699951171875,153.4499969482422,132981600
2007-10-31,109.29998779296875,154.64999389648438,155.27000427246094,152.83999633789062,153.97999572753906,220954400
2007-11-01,106.74156951904297,151.02999877929688,153.41000366210938,150.58999633789062,153.2899932861328,333040800
2007-11-02,106.86174011230469,151.1999969482422,152.0,149.2100067138672,151.52999877929688,331228200
2007-11-05,106.0489501953125,150.0500030517578,151.16000366210938,148.97000122070312,149.63999938964844,226841000
2007-11-06,107.47663116455078,152.07000732421875,152.11000061035156,149.89999389648438,150.86000061035156,177800500
2007-11-07,104.53651428222656,147.91000366210938,151.1300048828125,147.5500030517578,150.44000244140625,306639700
2007-11-08,104.00640869140625,147.16000366210938,148.39999389648438,145.07000732421875,147.99000549316406,374509900
2007-11-09,102.5787124633789,145.13999938964844,147.5399932861328,144.88999938964844,145.69000244140625,277745100
2007-11-12,101.56103515625,143.6999969482422,146.61000061035156,143.6999969482422,145.2100067138672,243087800
2007-11-13,104.65664672851562,148.0800018310547,148.30999755859375,145.22000122070312,145.3699951171875,191117400
2007-11-14,104.36685180664062,147.6699981689453,149.39999389648438,146.77999877929688,149.22000122070312,230558800
2007-11-15,102.86143493652344,145.5399932861328,147.49000549316406,144.52000427246094,146.57000732421875,263111100
2007-11-16,103.03816223144531,145.7899932861328,146.47000122070312,144.57000732421875,146.30999755859375,308770600
2007-11-19,101.60346221923828,143.75999450683594,145.36000061035156,143.19000244140625,145.27999877929688,267746000
2007-11-20,102.22541809082031,144.63999938964844,145.52999877929688,142.11000061035156,144.02000427246094,414767500
2007-11-21,100.13337707519531,141.67999267578125,143.91000366210938,141.6699981689453,143.0800018310547,259012400
2007-11-23,101.86492156982422,144.1300048828125,144.33999633789062,142.6999969482422,143.07000732421875,77688400
2007-11-26,99.61744689941406,140.9499969482422,144.8800048828125,140.66000366210938,144.42999267578125,214232000
2007-11-27,100.76237487792969,142.57000732421875,143.22999572753906,140.9499969482422,141.74000549316406,293897900
2007-11-28,103.98518371582031,147.1300048828125,147.47000122070312,144.13999938964844,144.19000244140625,258596900
2007-11-29,104.0205307006836,147.17999267578125,147.72000122070312,146.10000610351562,146.6199951171875,199409900
2007-11-30,105.06651306152344,148.66000366210938,149.8699951171875,147.3300018310547,149.0399932861328,222908000
2007-12-03,104.37389373779297,147.67999267578125,148.4499969482422,147.2899932861328,148.19000244140625,146430400
2007-12-04,103.44102478027344,146.36000061035156,147.5399932861328,146.30999755859375,146.66000366210938,136533900
2007-12-05,105.17255401611328,148.80999755859375,149.1999969482422,147.8300018310547,147.92999267578125,171130000
2007-12-06,106.6779556274414,150.94000244140625,151.2100067138672,148.57000732421875,148.6300048828125,154457400
2007-12-07,106.65675354003906,150.91000366210938,151.5,150.5500030517578,151.4199981689453,148980100
2007-12-10,107.48363494873047,152.0800018310547,152.25,150.86000061035156,151.27999877929688,123914300
2007-12-11,104.53651428222656,147.91000366210938,152.88999938964844,147.8300018310547,152.13999938964844,250346400
2007-12-12,105.56837463378906,149.3699951171875,151.77000427246094,147.1999969482422,151.05999755859375,322435600
2007-12-13,105.34922790527344,149.05999755859375,149.38999938964844,147.3000030517578,148.32000732421875,237551300
2007-12-14,104.01347351074219,147.1699981689453,149.10000610351562,147.10000610351562,147.92999267578125,159152900
2007-12-17,102.52931213378906,145.07000732421875,146.8699951171875,144.86000061035156,146.61000061035156,177269400
2007-12-18,103.10175323486328,145.8800048828125,146.47999572753906,143.9600067138672,146.10000610351562,245569300
2007-12-19,103.10175323486328,145.8800048828125,146.88999938964844,144.94000244140625,145.94000244140625,198917200
2007-12-20,103.75194549560547,146.8000030517578,146.86000061035156,145.17999267578125,146.83999633789062,214813800
2007-12-21,105.24761199951172,148.1300048828125,148.4199981689453,147.08999633789062,147.3699951171875,146084400
2007-12-24,106.02913665771484,149.22999572753906,149.47999572753906,148.47999572753906,148.82000732421875,45601400
2007-12-26,106.25653839111328,149.5500030517578,149.67999267578125,148.5,148.64999389648438,67093100
2007-12-27,104.92074584960938,147.6699981689453,149.02999877929688,147.32000732421875,149.02000427246094,122981700
2007-12-28,104.65788269042969,147.3000030517578,148.61000061035156,146.89999389648438,148.5399932861328,116398100
2007-12-31,103.8834228515625,146.2100067138672,147.61000061035156,146.05999755859375,147.10000610351562,108126800
2008-01-02,102.97395324707031,144.92999267578125,146.99000549316406,143.8800048828125,146.52999877929688,204935600
2008-01-03,102.92427062988281,144.86000061035156,145.49000549316406,144.07000732421875,144.91000366210938,125133300
2008-01-04,100.40191650390625,141.30999755859375,143.44000244140625,140.91000366210938,143.33999633789062,232330900
2008-01-07,100.31668090820312,141.19000244140625,142.22999572753906,140.10000610351562,141.80999755859375,234991000
2008-01-08,98.69671630859375,138.91000366210938,142.89999389648438,138.44000244140625,142.0800018310547,326365700
2008-01-09,99.73404693603516,140.3699951171875,140.7899932861328,137.6999969482422,139.08999633789062,301824900
2008-01-10,100.38775634765625,141.2899932861328,142.8000030517578,139.3699951171875,139.67999267578125,335701200
2008-01-11,99.5777359008789,140.14999389648438,141.89999389648438,139.0,140.77999877929688,267076600
2008-01-14,100.38058471679688,141.27999877929688,141.86000061035156,140.39999389648438,141.16000366210938,170365500
2008-01-15,98.17098999023438,138.1699981689453,141.49000549316406,137.89999389648438,139.7899932861328,239940100
2008-01-16,97.3254623413086,136.97999572753906,139.1199951171875,136.27999877929688,137.36000061035156,378802600
2008-01-17,94.80313110351562,133.42999267578125,137.8800048828125,132.92999267578125,137.80999755859375,397892600
2008-01-18,93.8297119140625,132.05999755859375,135.02000427246094,131.10000610351562,134.74000549316406,348561500
2008-01-22,92.87767028808594,130.72000122070312,132.42999267578125,126.0,127.20999908447266,435923700
2008-01-23,95.10865020751953,133.86000061035156,134.19000244140625,126.83999633789062,127.08999633789062,511913000
2008-01-24,95.91149139404297,134.99000549316406,135.4600067138672,133.30999755859375,134.47999572753906,259949300
2008-01-25,94.52599334716797,133.0399932861328,136.75999450683594,132.60000610351562,136.50999450683594,269603900
2008-01-28,96.08914184570312,135.24000549316406,135.52000427246094,132.05999755859375,133.25999450683594,217934600
2008-01-29,96.56519317626953,135.91000366210938,136.4499969482422,134.8800048828125,136.10000610351562,168968300
2008-01-30,95.85467529296875,134.91000366210938,138.5399932861328,134.60000610351562,135.5800018310547,334939200
2008-01-31,97.60252380371094,137.3699951171875,138.5399932861328,133.1999969482422,133.39999389648438,343680800
2008-02-01,99.17276763916016,139.5800018310547,139.61000061035156,137.52000427246094,137.94000244140625,206843600
2008-02-04,97.9222640991211,137.82000732421875,139.3000030517578,137.63999938964844,139.2100067138672,124694300
2008-02-05,95.30048370361328,134.1300048828125,136.25,133.6699981689453,135.94000244140625,286882500
2008-02-06,94.53314971923828,133.0500030517578,135.25,132.41000366210938,134.5800018310547,250792900
2008-02-07,95.15836334228516,133.92999267578125,134.7899932861328,131.72999572753906,131.8000030517578,297368100
2008-02-08,94.54735565185547,133.07000732421875,134.22000122070312,132.10000610351562,133.08999633789062,221643500
2008-02-11,95.03044891357422,133.75,134.22999572753906,132.0399932861328,133.10000610351562,188576300
2008-02-12,95.91149139404297,134.99000549316406,136.30999755859375,133.97999572753906,134.91000366210938,256654400
2008-02-13,96.89203643798828,136.3699951171875,137.05999755859375,135.13999938964844,136.00999450683594,181967800
2008-02-14,96.03939819335938,135.1699981689453,137.0,134.7899932861328,136.9499969482422,215207200
2008-02-15,96.01809692382812,135.13999938964844,135.22000122070312,133.91000366210938,134.5,154110300
2008-02-19,96.2880859375,135.52000427246094,136.88999938964844,134.61000061035156,136.72000122070312,145190000
2008-02-20,96.5722427368164,135.9199981689453,136.5500030517578,133.75999450683594,133.99000549316406,220085700
2008-02-21,95.7694091796875,134.7899932861328,137.00999450683594,134.07000732421875,136.66000366210938,201051200
2008-02-22,96.3591537475586,135.6199951171875,135.85000610351562,132.86000061035156,134.97000122070312,205491000
2008-02-25,97.5740966796875,137.3300018310547,137.64999389648438,134.77999877929688,135.5399932861328,190107000
2008-02-26,98.30596160888672,138.36000061035156,138.9499969482422,136.5,136.75,212420700
2008-02-27,98.20645904541016,138.22000122070312,139.13999938964844,137.41000366210938,137.55999755859375,168395800
2008-02-28,97.24723052978516,136.8699951171875,137.9600067138672,136.5500030517578,137.24000549316406,170831100
2008-02-29,95.08026123046875,133.82000732421875,135.67999267578125,132.77999877929688,135.60000610351562,252715200
2008-03-03,94.85285949707031,133.5,133.80999755859375,132.24000549316406,133.13999938964844,189483500
2008-03-04,94.49051666259766,132.99000549316406,133.39999389648438,130.99000549316406,132.22999572753906,282513100
2008-03-05,95.08733367919922,133.8300018310547,134.77000427246094,132.33999633789062,133.4199981689453,270681400
2008-03-06,93.11920166015625,131.05999755859375,133.22000122070312,130.5500030517578,132.97999572753906,247911700
2008-03-07,92.16006469726562,129.7100067138672,131.74000549316406,128.5800018310547,129.77000427246094,326434600
2008-03-10,90.94507598876953,128.0,129.92999267578125,127.58999633789062,129.83999633789062,235683600
2008-03-11,94.21340942382812,132.60000610351562,132.72000122070312,128.9499969482422,130.72000122070312,341440600
2008-03-12,93.3323745727539,131.36000061035156,133.77000427246094,131.16000366210938,132.74000549316406,229161100
2008-03-13,93.53843688964844,131.64999389648438,132.63999938964844,128.60000610351562,129.61000061035156,351504200
2008-03-14,92.08897399902344,129.61000061035156,132.80999755859375,127.77999877929688,132.77000427246094,484687800
2008-03-17,91.15821838378906,128.3000030517578,129.25999450683594,126.06999969482422,126.56999969482422,405311100
2008-03-18,94.94522094726562,133.6300048828125,133.69000244140625,129.97999572753906,130.6199951171875,334416600
2008-03-19,92.59343719482422,130.32000732421875,134.64999389648438,130.0399932861328,134.13999938964844,345971600
2008-03-20,94.30853271484375,132.0800018310547,132.91000366210938,129.25999450683594,130.0500030517578,245320700
2008-03-24,96.19355773925781,134.72000122070312,135.80999755859375,133.24000549316406,133.30999755859375,208977300
2008-03-25,96.2863998413086,134.85000610351562,135.5500030517578,133.77000427246094,134.86000061035156,192947200
2008-03-26,95.10824584960938,133.1999969482422,135.08999633789062,133.11000061035156,134.4600067138672,196934300
2008-03-27,94.80835723876953,132.77999877929688,134.44000244140625,132.36000061035156,134.1999969482422,225153200
2008-03-28,93.90151977539062,131.50999450683594,133.36000061035156,131.05999755859375,132.99000549316406,180896100
2008-03-31,94.22996520996094,131.97000122070312,132.72999572753906,131.08999633789062,131.2899932861328,166692100
2008-04-01,97.5430679321289,136.61000061035156,136.83999633789062,133.50999450683594,133.61000061035156,254547300
2008-04-02,97.60735321044922,136.6999969482422,137.6699981689453,135.97999572753906,137.0500030517578,210910800
2008-04-03,97.85011291503906,137.0399932861328,137.44000244140625,135.7100067138672,135.9600067138672,175884800
2008-04-04,97.74298858642578,136.88999938964844,137.9600067138672,136.1199951171875,137.1199951171875,204446800
2008-04-07,97.7929916381836,136.9600067138672,138.57000732421875,136.74000549316406,137.8699951171875,154245500
2008-04-08,97.6929702758789,136.82000732421875,136.9199981689453,135.9499969482422,136.19000244140625,148937300
2008-04-09,96.98612976074219,135.8300018310547,136.8000030517578,134.88999938964844,136.61000061035156,195610600
2008-04-10,97.12177276611328,136.02000427246094,136.6699981689453,134.89999389648438,135.4199981689453,192967800
2008-04-11,95.23677825927734,133.3800048828125,135.1199951171875,133.00999450683594,134.49000549316406,222973300
2008-04-14,94.91543579101562,132.92999267578125,133.5399932861328,132.5500030517578,133.19000244140625,160522000
2008-04-15,95.13681030273438,133.24000549316406,133.69000244140625,132.3300018310547,133.5800018310547,172389200
2008-04-16,97.71443939208984,136.85000610351562,136.91000366210938,134.52000427246094,134.5399932861328,189268900
2008-04-17,97.85723114013672,137.0500030517578,137.25,135.66000366210938,136.02000427246094,179665700
2008-04-18,98.87828063964844,138.47999572753906,139.55999755859375,138.25999450683594,138.94000244140625,218530600
2008-04-21,98.92827606201172,138.5500030517578,138.97999572753906,137.85000610351562,138.22999572753906,118587400
2008-04-22,98.49274444580078,137.94000244140625,138.30999755859375,136.89999389648438,138.19000244140625,162166000
2008-04-23,98.33560943603516,137.72000122070312,138.77999877929688,137.1199951171875,138.08999633789062,193309000
2008-04-24,98.76404571533203,138.32000732421875,139.74000549316406,137.0399932861328,138.0800018310547,229381300
2008-04-25,99.67799377441406,139.60000610351562,139.88999938964844,137.91000366210938,139.39999389648438,190788100
2008-04-28,99.69942474365234,139.6300048828125,140.25,139.3800048828125,139.8800048828125,105610200
2008-04-29,99.30668640136719,139.0800018310547,139.72999572753906,138.61000061035156,139.38999938964844,125514100
2008-04-30,98.72116088867188,138.25999450683594,140.58999633789062,138.25999450683594,139.2899932861328,208395900
2008-05-01,100.76336669921875,141.1199951171875,141.1199951171875,138.27000427246094,138.3800048828125,187279500
2008-05-02,101.04179382324219,141.50999450683594,142.3699951171875,140.55999755859375,142.33999633789062,181585500
2008-05-05,100.55626678466797,140.8300018310547,141.61000061035156,140.41000366210938,141.0500030517578,118504500
2008-05-06,101.4273681640625,142.0500030517578,142.1999969482422,139.69000244140625,140.02000427246094,179339800
2008-05-07,99.62088775634766,139.52000427246094,142.0399932861328,139.1300048828125,141.88999938964844,199267300
2008-05-08,99.36383056640625,139.16000366210938,140.32000732421875,138.97999572753906,139.74000549316406,178321200
2008-05-09,99.17817687988281,138.89999389648438,139.38999938964844,138.4499969482422,138.60000610351562,152588200
2008-05-12,100.29210662841797,140.4600067138672,140.55999755859375,138.72999572753906,139.25,147865900
2008-05-13,100.30635070800781,140.47999572753906,140.88999938964844,139.72999572753906,140.8000030517578,159132200
2008-05-14,100.5134048461914,140.77000427246094,142.1999969482422,140.4600067138672,141.07000732421875,181910800
2008-05-15,101.77008819580078,142.52999877929688,142.6300048828125,140.8300018310547,141.0399932861328,166927000
2008-05-16,101.86290740966797,142.66000366210938,142.8699951171875,141.61000061035156,142.86000061035156,204236800
2008-05-19,102.14141082763672,143.0500030517578,144.3000030517578,142.3000030517578,142.80999755859375,165664400
2008-05-20,101.31312561035156,141.88999938964844,142.33999633789062,141.0,142.27000427246094,178552100
2008-05-21,99.59947967529297,139.49000549316406,142.1199951171875,139.0,141.80999755859375,252724800
2008-05-22,99.61373138427734,139.50999450683594,140.1699981689453,139.0,139.42999267578125,170820400
2008-05-23,98.27849578857422,137.63999938964844,139.66000366210938,137.52000427246094,139.0500030517578,181376400
2008-05-27,99.00679016113281,138.66000366210938,139.0,137.52999877929688,137.8000030517578,168322900
2008-05-28,99.46379089355469,139.3000030517578,140.0,138.0,139.1699981689453,181288100
2008-05-29,99.963623046875,140.0,140.92999267578125,139.0800018310547,139.1300048828125,173927200
2008-05-30,100.21351623535156,140.35000610351562,140.74000549316406,139.94000244140625,140.47000122070312,117362000
2008-06-02,99.17817687988281,138.89999389648438,139.86000061035156,138.0,139.8300018310547,181069900
2008-06-03,98.59983825683594,138.08999633789062,139.6199951171875,137.22999572753906,139.3000030517578,271965700
2008-06-04,98.54989624023438,138.02000427246094,139.16000366210938,137.4600067138672,137.6999969482422,246637700
2008-06-05,100.5205307006836,140.77999877929688,140.88999938964844,138.32000732421875,138.5800018310547,237867100
2008-06-06,97.3145523071289,136.2899932861328,139.8000030517578,136.22000122070312,139.5500030517578,384276300
2008-06-09,97.55024719238281,136.6199951171875,137.5,135.41000366210938,136.86000061035156,228263900
2008-06-10,97.06471252441406,135.94000244140625,137.10000610351562,135.35000610351562,135.6699981689453,260234900
2008-06-11,95.6366195678711,133.94000244140625,136.25999450683594,133.92999267578125,135.97000122070312,283890100
2008-06-12,96.0007553100586,134.4499969482422,135.8699951171875,133.52000427246094,134.60000610351562,252791800
2008-06-13,97.21463012695312,136.14999389648438,136.52000427246094,134.4199981689453,135.1699981689453,244726900
2008-06-16,97.27172088623047,136.22999572753906,136.92999267578125,135.4600067138672,135.5500030517578,185832500
2008-06-17,96.80050659179688,135.57000732421875,137.1199951171875,135.3699951171875,137.07000732421875,191707700
2008-06-18,95.85795593261719,134.25,135.52000427246094,133.7100067138672,134.69000244140625,265893000
2008-06-19,95.97933959960938,134.4199981689453,135.24000549316406,133.5,134.14999389648438,304204900
2008-06-20,94.42144012451172,131.5800018310547,133.08999633789062,131.22000122070312,132.83999633789062,289275700
2008-06-23,94.32818603515625,131.4499969482422,132.22999572753906,131.32000732421875,132.08999633789062,165096400
2008-06-24,94.1415786743164,131.19000244140625,132.44000244140625,130.19000244140625,131.0500030517578,267300600
2008-06-25,94.58647918701172,131.80999755859375,133.39999389648438,131.24000549316406,131.72000122070312,287853900
2008-06-26,92.01750183105469,128.22999572753906,131.4199981689453,128.0800018310547,130.57000732421875,297775000
2008-06-27,91.51515197753906,127.52999877929688,128.86000061035156,127.04000091552734,128.27999877929688,303423400
2008-06-30,91.8381118774414,127.9800033569336,128.91000366210938,127.30000305175781,127.88999938964844,258842600
2008-07-01,92.12516784667969,128.3800048828125,128.47000122070312,125.93000030517578,126.5199966430664,388622000
2008-07-02,90.54643249511719,126.18000030517578,129.16000366210938,125.94999694824219,128.7899932861328,288064600
2008-07-03,90.63970184326172,126.30999755859375,127.11000061035156,124.98999786376953,127.11000061035156,239352500
2008-07-07,89.71400451660156,125.0199966430664,127.33999633789062,123.91999816894531,126.79000091552734,372427300
2008-07-08,91.3071060180664,127.23999786376953,127.38999938964844,124.19999694824219,124.98999786376953,375973700
2008-07-09,89.54895782470703,124.79000091552734,127.73999786376953,124.38999938964844,127.5,336729400
2008-07-10,89.91490936279297,125.30000305175781,125.79000091552734,123.58000183105469,124.43000030517578,436475700
2008-07-11,88.86725616455078,123.83999633789062,125.9000015258789,122.48999786376953,123.97000122070312,481124600
2008-07-14,88.06356048583984,122.72000122070312,125.5,122.4000015258789,125.26000213623047,322720800
2008-07-15,86.82210540771484,120.98999786376953,123.48999786376953,120.0199966430664,121.80000305175781,502502500
2008-07-16,88.95332336425781,123.95999908447266,124.56999969482422,121.0999984741211,121.44999694824219,371642900
2008-07-17,89.84315490722656,125.19999694824219,126.26000213623047,124.08999633789062,125.13999938964844,375490600
2008-07-18,90.40290069580078,125.9800033569336,126.41999816894531,125.1500015258789,126.16999816894531,267030100
2008-07-21,90.45316314697266,126.05000305175781,126.80000305175781,125.19000244140625,126.51000213623047,222863000
2008-07-22,91.47927856445312,127.4800033569336,127.80000305175781,124.8499984741211,125.1500015258789,296904200
2008-07-23,91.97444152832031,128.1699981689453,129.14999389648438,127.55000305175781,127.88999938964844,311698400
2008-07-24,90.06563568115234,125.51000213623047,128.41000366210938,125.16000366210938,128.33999633789062,248634500
2008-07-25,90.04410552978516,125.4800033569336,126.48999786376953,125.16999816894531,125.88999938964844,219131000
2008-07-28,88.7237319946289,123.63999938964844,126.05999755859375,123.41999816894531,125.51000213623047,205201300
2008-07-29,90.61814880371094,126.27999877929688,126.37999725341797,123.63999938964844,123.9800033569336,261505600
2008-07-30,92.23280334472656,128.52999877929688,128.60000610351562,126.27999877929688,127.11000061035156,354710000
2008-07-31,91.01287078857422,126.83000183105469,128.57000732421875,126.62999725341797,127.4000015258789,277402100
2008-08-01,90.53205108642578,126.16000366210938,127.27999877929688,125.45999908447266,127.12000274658203,248690900
2008-08-04,89.69245910644531,124.98999786376953,126.13999938964844,124.76000213623047,126.04000091552734,188239600
2008-08-05,92.11078643798828,128.36000061035156,128.55999755859375,124.97000122070312,126.0199966430664,251577600
2008-08-06,92.51980590820312,128.92999267578125,129.3000030517578,127.4800033569336,128.02000427246094,209555400
2008-08-07,91.14205169677734,127.01000213623047,128.44000244140625,126.54000091552734,127.95999908447266,246312500
2008-08-08,92.83555603027344,129.3699951171875,129.92999267578125,126.37999725341797,126.58000183105469,260811700
2008-08-11,93.79714965820312,130.7100067138672,131.50999450683594,129.22999572753906,129.47000122070312,249425800
2008-08-12,92.82121276855469,129.35000610351562,130.6999969482422,128.72999572753906,130.27999877929688,213200800
2008-08-13,92.26148223876953,128.57000732421875,129.64999389648438,127.66999816894531,128.7899932861328,256393200
2008-08-14,92.95757293701172,129.5399932861328,130.27999877929688,127.75,127.83999633789062,239555300
2008-08-15,93.40966033935547,130.1699981689453,130.5,129.3000030517578,129.92999267578125,181000800
2008-08-18,92.13230895996094,128.38999938964844,130.47999572753906,127.66000366210938,130.42999267578125,172275100
2008-08-19,91.12765502929688,126.98999786376953,127.69000244140625,126.52999877929688,127.41999816894531,194673700
2008-08-20,91.55107116699219,127.58000183105469,127.94999694824219,126.33999633789062,127.38999938964844,225498200
2008-08-21,91.70893859863281,127.80000305175781,128.44000244140625,126.5999984741211,126.75,180609800
2008-08-22,93.03649139404297,129.64999389648438,129.64999389648438,127.80000305175781,128.6699981689453,167715300
2008-08-25,91.14920806884766,127.0199966430664,129.64999389648438,126.75,128.8000030517578,171936900
2008-08-26,91.41474151611328,127.38999938964844,127.87000274658203,126.58000183105469,127.0199966430664,159117200
2008-08-27,92.30453491210938,128.6300048828125,128.8300018310547,127.30000305175781,127.55000305175781,171032800
2008-08-28,93.42402648925781,130.19000244140625,130.33999633789062,129.11000061035156,129.27999877929688,167537100
2008-08-29,92.41934967041016,128.7899932861328,130.13999938964844,128.50999450683594,129.72999572753906,189195800
2008-09-02,91.84525299072266,127.98999786376953,130.7100067138672,127.5199966430664,130.02999877929688,252364900
2008-09-03,91.76631164550781,127.87999725341797,128.5,126.93000030517578,127.87999725341797,251947000
2008-09-04,89.00358581542969,124.02999877929688,127.2300033569336,123.95999908447266,126.97000122070312,340042500
2008-09-05,89.283447265625,124.41999816894531,124.94999694824219,122.0,123.29000091552734,289503400
2008-09-08,91.12765502929688,126.98999786376953,128.24000549316406,124.41999816894531,128.0399932861328,364075300
2008-09-09,88.4223403930664,123.22000122070312,127.36000061035156,122.80000305175781,127.0999984741211,377326800
2008-09-10,88.78113555908203,123.72000122070312,124.9000015258789,122.55000305175781,123.88999938964844,298916600
2008-09-11,90.06563568115234,125.51000213623047,125.73999786376953,121.5999984741211,122.12000274658203,375369400
2008-09-12,90.48180389404297,126.08999633789062,126.20999908447266,123.83000183105469,124.29000091552734,297851200
2008-09-15,86.1762466430664,120.08999633789062,125.6500015258789,119.88999938964844,121.62999725341797,483607000
2008-09-16,87.61864471435547,122.0999984741211,122.31999969482422,117.0,117.19999694824219,581744300
2008-09-17,83.67900848388672,116.61000061035156,121.8499984741211,116.0,119.63999938964844,624095600
2008-09-18,86.16191101074219,120.06999969482422,121.79000091552734,113.80000305175781,118.05000305175781,776114700
2008-09-19,89.5837173461914,124.12000274658203,128.0,123.33000183105469,126.69999694824219,501087800
2008-09-22,87.55561065673828,121.30999755859375,124.75,120.36000061035156,124.44999694824219,249966500
2008-09-23,85.5635986328125,118.55000305175781,122.0199966430664,118.27999877929688,120.8499984741211,327470400
2008-09-24,85.83785247802734,118.93000030517578,120.0,117.79000091552734,119.3499984741211,311818400
2008-09-25,87.1802749633789,120.79000091552734,121.91000366210938,118.44000244140625,119.4000015258789,328253000
2008-09-26,87.22360229492188,120.8499984741211,121.5,118.51000213623047,118.83000183105469,285917400
2008-09-29,80.38859558105469,111.37999725341797,119.33999633789062,110.97000122070312,119.13999938964844,459562300
2008-09-30,83.71590423583984,115.98999786376953,116.80000305175781,110.52999877929688,113.51000213623047,328154400
2008-10-01,83.76640319824219,116.05999755859375,116.69000244140625,113.94999694824219,115.2699966430664,332783000
2008-10-02,80.72785186767578,111.8499984741211,115.11000061035156,111.05999755859375,114.94999694824219,365337800
2008-10-03,79.63800811767578,110.33999633789062,115.44999694824219,109.68000030517578,112.86000061035156,461798000
2008-10-06,75.58177947998047,104.72000122070312,107.62000274658203,100.63999938964844,107.1500015258789,610637500
2008-10-07,72.1967544555664,100.02999877929688,107.33000183105469,99.6500015258789,106.83999633789062,540012100
2008-10-08,70.37792205810547,97.51000213623047,102.18000030517578,96.80999755859375,97.5199966430664,725414800
2008-10-09,65.46281433105469,90.69999694824219,100.62000274658203,90.25,99.66000366210938,534485200
2008-10-10,63.87495422363281,88.5,93.94000244140625,83.58000183105469,86.76000213623047,871026300
2008-10-13,73.14942932128906,101.3499984741211,101.3499984741211,89.94999694824219,93.87000274658203,455584000
2008-10-14,72.06681823730469,99.8499984741211,105.52999877929688,97.11000061035156,104.69999694824219,546268300
2008-10-15,64.97200775146484,90.0199966430664,97.80000305175781,89.70999908447266,97.45999908447266,484627500
2008-10-16,67.67860412597656,93.7699966430664,94.7699966430664,86.54000091552734,91.29000091552734,708811200
2008-10-17,67.27439880371094,93.20999908447266,98.58999633789062,91.6500015258789,91.98999786376953,476649000
2008-10-20,71.31620788574219,98.80999755859375,99.0999984741211,94.08999633789062,95.3499984741211,321294200
2008-10-21,69.18702697753906,95.86000061035156,98.63999938964844,95.22000122070312,96.97000122070312,356502000
2008-10-22,65.41951751708984,90.63999938964844,95.86000061035156,87.52999877929688,93.19999694824219,516168000
2008-10-23,66.17733764648438,91.69000244140625,92.44999694824219,85.80999755859375,90.29000091552734,634666400
2008-10-24,62.8211784362793,87.04000091552734,89.91999816894531,84.0,84.05999755859375,545812600
2008-10-27,60.59099578857422,83.94999694824219,89.51000213623047,83.69999694824219,85.97000122070312,397288600
2008-10-28,67.67137145996094,93.76000213623047,94.23999786376953,84.52999877929688,87.33999633789062,639939500
2008-10-29,67.18060302734375,93.08000183105469,97.16999816894531,92.0999984741211,93.7699966430664,531270100
2008-10-30,69.5046157836914,96.30000305175781,96.54000091552734,92.9000015258789,95.77999877929688,414582100
2008-10-31,69.88715362548828,96.83000183105469,98.56999969482422,94.4800033569336,95.08000183105469,411394000
2008-11-03,70.08921813964844,97.11000061035156,97.69000244140625,95.94999694824219,96.77999877929688,205419400
2008-11-04,72.4710464477539,100.41000366210938,100.86000061035156,96.70999908447266,99.05999755859375,346793400
2008-11-05,69.42520904541016,96.19000244140625,100.70999908447266,95.0,99.19999694824219,387844100
2008-11-06,65.57828521728516,90.86000061035156,95.44000244140625,90.05999755859375,94.45999908447266,477721900
2008-11-07,67.74352264404297,93.86000061035156,94.0,90.5,91.6500015258789,380391000
2008-11-10,66.85578155517578,92.62999725341797,95.52999877929688,90.91999816894531,95.20999908447266,301773000
2008-11-11,64.79158020019531,89.7699966430664,92.13999938964844,88.6500015258789,90.76000213623047,418498200
2008-11-12,61.94064712524414,85.81999969482422,88.94999694824219,85.12000274658203,88.2300033569336,454330600
2008-11-13,65.80204010009766,91.16999816894531,91.7300033569336,82.08999633789062,86.12999725341797,753141900
2008-11-14,62.51805114746094,86.62000274658203,92.05999755859375,86.5199966430664,89.41000366210938,540352300
2008-11-17,61.68804931640625,85.47000122070312,88.55999755859375,85.16000366210938,86.37999725341797,415254900
2008-11-18,62.850093841552734,87.08000183105469,87.22000122070312,82.91000366210938,85.1500015258789,523811800
2008-11-19,58.82269287109375,81.5,86.87000274658203,80.91999816894531,85.91000366210938,558327600
2008-11-20,54.456092834472656,75.44999694824219,82.51000213623047,75.05000305175781,80.12999725341797,814180400
2008-11-21,57.393619537353516,79.5199966430664,80.9000015258789,74.33999633789062,77.45999908447266,718536500
2008-11-24,61.370487213134766,85.02999877929688,86.98999786376953,80.36000061035156,81.91999816894531,523305300
2008-11-25,61.82517623901367,85.66000366210938,87.51000213623047,83.81999969482422,87.30000305175781,454112400
2008-11-26,64.21419525146484,88.97000122070312,89.19000244140625,84.23999786376953,84.30000305175781,370134200
2008-11-28,65.02251434326172,90.08999633789062,90.12999725341797,88.4800033569336,88.62999725341797,118308100
2008-12-01,59.26298141479492,82.11000061035156,87.55000305175781,81.86000061035156,87.51000213623047,369927100
2008-12-02,61.543697357177734,85.2699966430664,85.48999786376953,82.04000091552734,83.47000122070312,469508400
2008-12-03,63.023319244384766,87.31999969482422,87.83000183105469,83.13999938964844,83.4000015258789,519863500
2008-12-04,61.565345764160156,85.30000305175781,88.05000305175781,83.73999786376953,86.05999755859375,444173800
2008-12-05,63.463531494140625,87.93000030517578,88.41999816894531,82.23999786376953,83.6500015258789,471905300
2008-12-08,65.6793212890625,91.0,92.37999725341797,88.08000183105469,90.33999633789062,412859300
2008-12-09,64.59669494628906,89.5,92.12999725341797,88.9800033569336,90.37000274658203,370790000
2008-12-10,65.0369873046875,90.11000061035156,91.36000061035156,89.0,90.31999969482422,396187400
2008-12-11,63.47077178955078,87.94000244140625,91.0,87.37000274658203,89.54000091552734,365061000
2008-12-12,64.22857666015625,88.98999786376953,89.06999969482422,85.19999694824219,85.55000305175781,415060400
2008-12-15,63.33363342285156,87.75,89.1500015258789,86.29000091552734,89.0199966430664,256694200
2008-12-16,66.31446838378906,91.87999725341797,92.0199966430664,88.18000030517578,91.87999725341797,377699500
2008-12-17,65.6720962524414,90.98999786376953,92.43000030517578,90.05999755859375,90.83999633789062,281819800
2008-12-18,64.44515228271484,89.29000091552734,91.66999816894531,88.20999908447266,91.4000015258789,374673300
2008-12-19,64.16790771484375,88.19000244140625,90.62000274658203,88.08999633789062,89.0999984741211,301451300
2008-12-22,63.3456916809082,87.05999755859375,88.66999816894531,85.48999786376953,88.58000183105469,243759500
2008-12-23,62.69090270996094,86.16000366210938,87.93000030517578,85.80000305175781,87.52999877929688,221625200
2008-12-24,63.05470275878906,86.66000366210938,86.87000274658203,86.0,86.44999694824219,62061600
2008-12-26,63.41847610473633,87.16000366210938,87.30000305175781,86.5,87.23999786376953,74767700
2008-12-29,63.2365837097168,86.91000366210938,87.33000183105469,85.5999984741211,87.23999786376953,127795900
2008-12-30,64.73545837402344,88.97000122070312,89.05000305175781,86.87999725341797,87.51000213623047,168256300
2008-12-31,65.65955352783203,90.23999786376953,90.97000122070312,88.87000274658203,89.08000183105469,193987200
2009-01-02,67.63864135742188,92.95999908447266,93.44000244140625,89.8499984741211,90.44000244140625,227566300
2009-01-05,67.55856323242188,92.8499984741211,93.66000366210938,91.88999938964844,92.62999725341797,240349700
2009-01-06,68.00969696044922,93.47000122070312,94.44999694824219,92.68000030517578,93.63999938964844,328260900
2009-01-07,65.97240447998047,90.66999816894531,92.26000213623047,90.19999694824219,92.0,280899200
2009-01-08,66.24161529541016,91.04000091552734,91.08999633789062,89.66999816894531,90.16000366210938,263834400
2009-01-09,64.82276916503906,89.08999633789062,91.31999969482422,85.36000061035156,91.16000366210938,330953600
2009-01-12,63.26567840576172,86.94999694824219,88.91000366210938,86.41000366210938,88.83999633789062,277858500
2009-01-13,63.38210678100586,87.11000061035156,87.87999725341797,86.19999694824219,86.7300033569336,356432300
2009-01-14,61.38843536376953,84.37000274658203,85.75,83.16000366210938,85.54000091552734,435491600
2009-01-15,61.41029739379883,84.4000015258789,85.25,81.72000122070312,84.12000274658203,532647300
2009-01-16,61.8904914855957,85.05999755859375,85.98999786376953,83.05000305175781,85.86000061035156,399237200
2009-01-20,58.623538970947266,80.56999969482422,85.05999755859375,80.05000305175781,84.2300033569336,419855200
2009-01-21,61.1556282043457,84.05000305175781,84.23999786376953,80.47000122070312,81.94000244140625,364360700
2009-01-22,60.209693908691406,82.75,84.04000091552734,81.16999816894531,82.41999816894531,427940300
2009-01-23,60.47166442871094,83.11000061035156,83.98999786376953,80.56999969482422,80.9000015258789,386800600
2009-01-26,60.88639831542969,83.68000030517578,85.36000061035156,82.80999755859375,83.58999633789062,317978800
2009-01-27,61.50484848022461,84.52999877929688,85.1500015258789,83.30000305175781,84.12999725341797,273789700
2009-01-28,63.585811614990234,87.38999938964844,87.94999694824219,86.06999969482422,86.4000015258789,330007000
2009-01-29,61.51941680908203,84.55000305175781,87.48999786376953,84.47000122070312,86.11000061035156,294392500
2009-01-30,60.26792526245117,82.83000183105469,85.4000015258789,82.20999908447266,84.9800033569336,383383600
2009-02-02,60.086029052734375,82.58000183105469,83.18000030517578,81.30999755859375,81.56999969482422,288233300
2009-02-03,60.930084228515625,83.73999786376953,84.36000061035156,82.22000122070312,83.0999984741211,278385800
2009-02-04,60.63176345825195,83.33000183105469,85.37000274658203,83.04000091552734,84.30000305175781,322989300
2009-02-05,61.53396224975586,84.56999969482422,85.29000091552734,77.7300033569336,82.69999694824219,417679400
2009-02-06,63.287513732910156,86.9800033569336,87.33999633789062,84.68000030517578,84.86000061035156,366101700
2009-02-09,63.374820709228516,87.0999984741211,87.73999786376953,86.31999969482422,86.95999908447266,240075200
2009-02-10,60.47166442871094,83.11000061035156,87.02999877929688,82.44999694824219,86.2699966430664,536212800
2009-02-11,60.82818603515625,83.5999984741211,84.05000305175781,82.4000015258789,83.44999694824219,324442500
2009-02-12,60.87184143066406,83.66000366210938,83.81999969482422,81.05000305175781,82.16999816894531,469302200
2009-02-13,60.21701431274414,82.76000213623047,84.23999786376953,82.73999786376953,83.55000305175781,293998400
2009-02-17,57.641239166259766,79.22000122070312,82.95999908447266,79.16999816894531,80.16000366210938,478910100
2009-02-18,57.50300598144531,79.02999877929688,79.94000244140625,78.27999877929688,79.79000091552734,362964800
2009-02-19,56.88456344604492,78.18000030517578,80.1500015258789,78.0199966430664,79.83999633789062,316867500
2009-02-20,56.3315544128418,77.41999816894531,78.33999633789062,75.7699966430664,76.7300033569336,477176600
2009-02-23,54.316078186035156,74.6500015258789,78.2699966430664,74.58999633789062,78.2699966430664,379641400
2009-02-24,56.37520980834961,77.4800033569336,77.94999694824219,74.69999694824219,75.29000091552734,426260900
2009-02-25,55.931358337402344,76.87000274658203,78.41999816894531,75.62999725341797,77.13999938964844,461985800
2009-02-26,55.02187728881836,75.62000274658203,79.66999816894531,75.52999877929688,77.81999969482422,363353900
2009-02-27,53.79219436645508,73.93000030517578,75.69000244140625,73.80999755859375,74.01000213623047,470510900
2009-03-02,51.36924362182617,70.5999984741211,73.91999816894531,70.37000274658203,72.5199966430664,426452600
2009-03-03,50.9836311340332,70.06999969482422,71.69999694824219,69.63999938964844,71.61000061035156,443761000
2009-03-04,52.19145584106445,71.7300033569336,72.87000274658203,70.06999969482422,71.2300033569336,462753100
2009-03-05,50.0595703125,68.80000305175781,71.7300033569336,68.16999816894531,70.0999984741211,485549400
2009-03-06,50.146881103515625,68.91999816894531,70.44999694824219,67.0999984741211,69.4000015258789,490470000
2009-03-09,49.557498931884766,68.11000061035156,70.0,67.7300033569336,67.94999694824219,379905300
2009-03-10,52.5115852355957,72.16999816894531,72.37000274658203,69.37000274658203,69.51000213623047,406227900
2009-03-11,52.85358428955078,72.63999938964844,73.75,71.83000183105469,73.0,356648300
2009-03-12,54.93454360961914,75.5,75.75,71.97000122070312,72.62000274658203,409702700
2009-03-13,55.36385726928711,76.08999633789062,76.9800033569336,74.7300033569336,76.01000213623047,337474700
2009-03-16,55.19648742675781,75.86000061035156,77.97000122070312,75.80999755859375,76.95999908447266,360644900
2009-03-17,56.88456344604492,78.18000030517578,78.36000061035156,75.44999694824219,76.06999969482422,356814300
2009-03-18,58.15785217285156,79.93000030517578,80.9000015258789,77.06999969482422,77.80999755859375,473273200
2009-03-19,57.43754196166992,78.94000244140625,81.0,78.69000244140625,80.93000030517578,428520400
2009-03-20,56.21442794799805,76.70999908447266,78.91000366210938,76.52999877929688,78.76000213623047,371078200
2009-03-23,60.252281188964844,82.22000122070312,82.29000091552734,78.30999755859375,78.73999786376953,419933300
2009-03-24,59.065120697021484,80.5999984741211,82.36000061035156,80.51000213623047,81.23999786376953,330271000
2009-03-25,59.68798828125,81.44999694824219,82.69999694824219,79.05999755859375,81.2300033569336,441775100
2009-03-26,60.90448760986328,83.11000061035156,83.30000305175781,81.31999969482422,82.25,422025200
2009-03-27,59.80528259277344,81.61000061035156,82.52999877929688,81.30999755859375,82.05000305175781,322332300
2009-03-30,57.73873519897461,78.79000091552734,79.87000274658203,77.95999908447266,79.80000305175781,324108500
2009-03-31,58.273651123046875,79.5199966430664,81.08000183105469,79.05000305175781,79.55999755859375,364238300
2009-04-01,59.40218734741211,81.05999755859375,81.41999816894531,78.33000183105469,78.52999877929688,377018300
2009-04-02,61.139015197753906,83.43000030517578,84.61000061035156,81.12999725341797,83.08000183105469,476230700
2009-04-03,61.747196197509766,84.26000213623047,84.27999877929688,82.66999816894531,83.48999786376953,284646300
2009-04-06,61.2635612487793,83.5999984741211,84.27999877929688,82.29000091552734,83.33999633789062,264866600
2009-04-07,59.834564208984375,81.6500015258789,82.6500015258789,81.51000213623047,82.25,258947800
2009-04-08,60.47945785522461,82.52999877929688,82.94000244140625,81.54000091552734,82.05999755859375,230402800
2009-04-09,62.883056640625,85.80999755859375,85.81999969482422,84.33000183105469,84.66999816894531,269653500
2009-04-13,62.89774703979492,85.83000183105469,86.54000091552734,84.58000183105469,84.91999816894531,224847500
2009-04-14,61.81318283081055,84.3499984741211,85.76000213623047,84.08000183105469,85.02999877929688,276598800
2009-04-15,62.472713470458984,85.25,85.41999816894531,83.61000061035156,83.83999633789062,250726100
2009-04-16,63.388755798339844,86.5,87.1500015258789,84.7699966430664,85.93000030517578,335202900
2009-04-17,63.813785552978516,87.08000183105469,87.6500015258789,86.13999938964844,86.83000183105469,262649000
2009-04-20,61.139015197753906,83.43000030517578,87.05000305175781,83.33999633789062,85.54000091552734,293690100
2009-04-21,62.33346939086914,85.05999755859375,85.12999725341797,82.75,82.81999969482422,114090900
2009-04-22,61.95241928100586,84.54000091552734,86.33999633789062,84.06999969482422,84.29000091552734,340395200
2009-04-23,62.560665130615234,85.37000274658203,85.41999816894531,83.62999725341797,84.70999908447266,324903700
2009-04-24,63.50599670410156,86.66000366210938,87.30999755859375,85.69000244140625,86.02999877929688,287703000
2009-04-27,62.90509033203125,85.83999633789062,87.01000213623047,85.54000091552734,85.68000030517578,289581600
2009-04-28,62.707210540771484,85.56999969482422,86.58999633789062,84.76000213623047,84.97000122070312,247926300
2009-04-29,64.04094696044922,87.38999938964844,88.36000061035156,86.30000305175781,86.5199966430664,311505700
2009-04-30,64.06298065185547,87.41999816894531,89.0199966430664,86.91999816894531,88.55000305175781,301419800
2009-05-01,64.40736389160156,87.88999938964844,88.20999908447266,86.72000122070312,87.44000244140625,236110300
2009-05-04,66.59848022460938,90.87999725341797,90.94000244140625,88.37999725341797,88.55000305175781,287120000
2009-05-05,66.37132263183594,90.56999969482422,90.93000030517578,89.83999633789062,90.56999969482422,243036300
2009-05-06,67.52184295654297,92.13999938964844,92.19999694824219,90.61000061035156,91.68000030517578,291941000
2009-05-07,66.58383178710938,90.86000061035156,93.1500015258789,90.27999877929688,93.01000213623047,317728000
2009-05-08,68.13738250732422,92.9800033569336,93.22000122070312,91.44000244140625,92.02999877929688,299081700
2009-05-11,66.86231231689453,91.23999786376953,92.11000061035156,91.04000091552734,91.69999694824219,247923600
2009-05-12,66.66444396972656,90.97000122070312,91.83000183105469,89.8499984741211,91.62999725341797,282431300
2009-05-13,64.98627471923828,88.68000030517578,90.01000213623047,88.5,89.73999786376953,269619100
2009-05-14,65.54325103759766,89.44000244140625,90.12000274658203,88.5,88.72000122070312,260098700
2009-05-15,65.00825500488281,88.70999908447266,90.0,88.1500015258789,89.37000274658203,271502700
2009-05-18,66.85498809814453,91.2300033569336,91.33999633789062,88.56999969482422,89.55000305175781,241447400
2009-05-19,66.77436065673828,91.12000274658203,91.97000122070312,90.80999755859375,91.18000030517578,206102200
2009-05-20,66.32735443115234,90.51000213623047,92.80000305175781,90.41000366210938,91.94999694824219,285722200
2009-05-21,65.37467956542969,89.20999908447266,89.80000305175781,88.26000213623047,89.45999908447266,258988400
2009-05-22,65.23542022705078,89.0199966430664,90.0,88.68000030517578,89.45999908447266,166811900
2009-05-26,66.90628051757812,91.30000305175781,91.55999755859375,88.31999969482422,88.36000061035156,236318500
2009-05-27,65.71175384521484,89.66999816894531,91.75,89.52999877929688,91.44000244140625,246015800
2009-05-28,66.6277847290039,90.91999816894531,91.33999633789062,89.0999984741211,90.45999908447266,289095000
2009-05-29,67.8076400756836,92.52999877929688,93.69999694824219,90.68000030517578,91.41999816894531,258641500
2009-06-01,69.44917297363281,94.7699966430664,95.16999816894531,93.43000030517578,93.66999816894531,276246800
2009-06-02,69.50774383544922,94.8499984741211,95.37000274658203,94.2300033569336,94.4000015258789,230874500
2009-06-03,68.6283950805664,93.6500015258789,94.12999725341797,92.76000213623047,94.04000091552734,235310500
2009-06-04,69.27327728271484,94.52999877929688,94.66999816894531,93.30000305175781,94.0,210102300
2009-06-05,69.28789520263672,94.55000305175781,95.66999816894531,93.80000305175781,95.48999786376953,284257900
2009-06-08,69.0020980834961,94.16000366210938,95.0999984741211,93.04000091552734,93.83999633789062,238565100
2009-06-09,69.35386657714844,94.63999938964844,95.13999938964844,94.0199966430664,94.69000244140625,225125500
2009-06-10,69.17799377441406,94.4000015258789,95.48999786376953,93.19000244140625,95.4800033569336,296100400
2009-06-11,69.48577880859375,94.81999969482422,96.11000061035156,94.55999755859375,94.58000183105469,275414200
2009-06-12,69.67630767822266,95.08000183105469,95.13999938964844,94.0,94.4000015258789,184361800
2009-06-15,68.07877349853516,92.9000015258789,94.0199966430664,92.4000015258789,93.95999908447266,224190500
2009-06-16,67.1554183959961,91.63999938964844,93.29000091552734,91.58000183105469,93.2300033569336,227319000
2009-06-17,67.08946228027344,91.55000305175781,92.33000183105469,90.83000183105469,91.5999984741211,223445200
2009-06-18,67.58045959472656,92.22000122070312,92.66999816894531,91.25,91.69000244140625,211725100
2009-06-19,67.82958221435547,92.04000091552734,92.69999694824219,91.5199966430664,92.58000183105469,215655600
2009-06-22,65.79553985595703,89.27999877929688,91.19000244140625,89.25,91.13999938964844,251913600
2009-06-23,65.84712219238281,89.3499984741211,89.87999725341797,88.8499984741211,89.47000122070312,188309800
2009-06-24,66.41458892822266,90.12000274658203,91.08000183105469,89.5999984741211,90.16000366210938,211577700
2009-06-25,67.8590316772461,92.08000183105469,92.16999816894531,89.56999969482422,89.66999816894531,279411000
2009-06-26,67.68212127685547,91.83999633789062,92.23999786376953,91.2699966430664,91.7699966430664,167579000
2009-06-29,68.31595611572266,92.69999694824219,92.81999969482422,91.5999984741211,92.11000061035156,168481300
2009-06-30,67.76323699951172,91.94999694824219,93.05999755859375,91.2699966430664,92.72000122070312,228888200
2009-07-01,68.04326629638672,92.33000183105469,93.2300033569336,92.20999908447266,92.33999633789062,173041100
2009-07-02,66.18614196777344,89.80999755859375,92.36000061035156,89.76000213623047,91.12999725341797,212309900
2009-07-06,66.17877197265625,89.80000305175781,89.93000030517578,88.66000366210938,88.94000244140625,174499600
2009-07-07,64.89646911621094,88.05999755859375,89.81999969482422,88.0,89.70999908447266,197088900
2009-07-08,64.85223388671875,88.0,88.80000305175781,87.0,88.58999633789062,248050500
2009-07-09,64.97752380371094,88.16999816894531,88.9000015258789,87.91000366210938,88.61000061035156,163777600
2009-07-10,64.82276153564453,87.95999908447266,88.48999786376953,87.3499984741211,87.69999694824219,173520300
2009-07-13,66.39986419677734,90.0999984741211,90.16999816894531,87.58999633789062,88.30999755859375,217413500
2009-07-14,66.77572631835938,90.61000061035156,90.69000244140625,89.7300033569336,90.37999725341797,181487400
2009-07-15,68.72864532470703,93.26000213623047,93.51000213623047,90.68000030517578,91.80999755859375,220877900
2009-07-16,68.61808013916016,93.11000061035156,94.51000213623047,92.81999969482422,93.0,231174500
2009-07-17,69.36978149414062,94.12999725341797,94.31999969482422,93.54000091552734,94.05999755859375,138561700
2009-07-20,70.10676574707031,95.12999725341797,95.29000091552734,94.19000244140625,94.68000030517578,164179400
2009-07-21,70.43102264404297,95.56999969482422,95.9000015258789,94.41999816894531,95.87000274658203,217718300
2009-07-22,70.41629028320312,95.55000305175781,96.12999725341797,94.88999938964844,94.95999908447266,196068100
2009-07-23,71.97127532958984,97.66000366210938,98.08000183105469,95.52999877929688,95.61000061035156,258795500
2009-07-24,72.26604461669922,98.05999755859375,98.13999938964844,96.69000244140625,97.19999694824219,154003100
2009-07-27,72.47977447509766,98.3499984741211,98.4000015258789,97.33999633789062,97.87999725341797,159259400
2009-07-28,72.14075469970703,97.88999938964844,98.37000274658203,97.05999755859375,97.66000366210938,186685200
2009-07-29,71.96388244628906,97.6500015258789,98.08999633789062,96.9800033569336,97.44000244140625,194399300
2009-07-30,72.715576171875,98.66999816894531,99.83000183105469,98.5999984741211,98.83000183105469,225575400
2009-07-31,72.8187484741211,98.80999755859375,99.47000122070312,98.37999725341797,98.6500015258789,207358000
2009-08-03,74.0199966430664,100.44000244140625,100.52999877929688,99.30999755859375,99.8499984741211,175776900
2009-08-04,74.21160125732422,100.69999694824219,100.83999633789062,99.77999877929688,99.98999786376953,176714600
2009-08-05,73.99789428710938,100.41000366210938,100.86000061035156,99.58000183105469,100.7699966430664,184726400
2009-08-06,73.61469268798828,99.88999938964844,101.0199966430664,99.41999816894531,100.87000274658203,193203800
2009-08-07,74.58007049560547,101.19999694824219,102.02999877929688,100.38999938964844,100.94000244140625,220640900
2009-08-10,74.4253158569336,100.98999786376953,101.22000122070312,100.2699966430664,100.73999786376953,130898700
2009-08-11,73.49673461914062,99.7300033569336,100.61000061035156,99.45999908447266,100.54000091552734,157301000
2009-08-12,74.2852783203125,100.80000305175781,101.55999755859375,99.51000213623047,99.55999755859375,219052400
2009-08-13,74.8527603149414,101.56999969482422,101.61000061035156,100.26000213623047,101.26000213623047,176449500
2009-08-14,74.27790069580078,100.79000091552734,101.5999984741211,99.69999694824219,101.5199966430664,199616100
2009-08-17,72.45027923583984,98.30999755859375,98.94999694824219,98.11000061035156,98.8499984741211,237667500
2009-08-18,73.02510833740234,99.08999633789062,99.44000244140625,98.3499984741211,98.52999877929688,173461500
2009-08-19,73.66626739501953,99.95999908447266,100.30000305175781,98.20999908447266,98.30999755859375,192812800
2009-08-20,74.4253158569336,100.98999786376953,101.22000122070312,99.87000274658203,100.08999633789062,174131300
2009-08-21,75.88447570800781,102.97000122070312,103.12999725341797,101.62000274658203,101.81999969482422,224605000
2009-08-24,75.87711334228516,102.95999908447266,103.94999694824219,102.58999633789062,103.38999938964844,191279000
2009-08-25,76.0245132446289,103.16000366210938,104.26000213623047,102.94000244140625,103.37000274658203,215310600
2009-08-26,76.03187561035156,103.16999816894531,103.63999938964844,102.48999786376953,102.83999633789062,194620700
2009-08-27,76.20137023925781,103.4000015258789,103.72000122070312,101.94000244140625,103.11000061035156,196230100
2009-08-28,76.18665313720703,103.37999725341797,104.3499984741211,102.66999816894531,104.2300033569336,147024400
2009-08-31,75.5086441040039,102.45999908447266,102.58000183105469,101.79000091552734,102.37000274658203,176051600
2009-09-01,73.84314727783203,100.19999694824219,103.23999786376953,99.98999786376953,101.94999694824219,321276800
2009-09-02,73.56305694580078,99.81999969482422,100.44000244140625,99.56999969482422,99.77999877929688,171805000
2009-09-03,74.1748046875,100.6500015258789,100.7699966430664,99.58999633789062,100.4000015258789,143572300
2009-09-04,75.21383666992188,102.05999755859375,102.08999633789062,100.55000305175781,100.8499984741211,142687900
2009-09-08,75.86241149902344,102.94000244140625,103.05000305175781,102.38999938964844,103.0,132909100
2009-09-09,76.44459533691406,103.7300033569336,104.08000183105469,102.80000305175781,103.12000274658203,154612500
2009-09-10,77.22576904296875,104.79000091552734,104.86000061035156,103.22000122070312,103.80000305175781,162902400
2009-09-11,77.21102142333984,104.7699966430664,105.30000305175781,104.27999877929688,104.98999786376953,152360100
2009-09-14,77.58686828613281,105.27999877929688,105.45999908447266,103.1500015258789,103.87999725341797,149593800
2009-09-15,77.9111328125,105.72000122070312,106.11000061035156,104.76000213623047,105.44999694824219,196795900
2009-09-16,79.0902328491211,107.31999969482422,107.33999633789062,105.7300033569336,106.0999984741211,206406300
2009-09-17,78.97236633300781,107.16000366210938,108.05999755859375,106.56999969482422,107.16999816894531,229170900
2009-09-18,79.02271270751953,106.72000122070312,107.16000366210938,106.36000061035156,107.1500015258789,153799100
2009-09-21,78.8227767944336,106.44999694824219,107.0,105.66000366210938,105.88999938964844,151892000
2009-09-22,79.28184509277344,107.06999969482422,107.37000274658203,106.5999984741211,107.08000183105469,143126700
2009-09-23,78.62286376953125,106.18000030517578,108.02999877929688,105.98999786376953,107.31999969482422,225947400
2009-09-24,77.75652313232422,105.01000213623047,106.63999938964844,104.55000305175781,106.41000366210938,228636800
2009-09-25,77.34183502197266,104.44999694824219,105.36000061035156,104.08999633789062,104.77999877929688,204059000
2009-09-28,78.72652435302734,106.31999969482422,106.55000305175781,104.83000183105469,104.8499984741211,118285800
2009-09-29,78.48955535888672,106.0,107.0199966430664,105.77999877929688,106.51000213623047,133733900
2009-09-30,78.18596649169922,105.58999633789062,106.45999908447266,104.62000274658203,106.36000061035156,254383000
2009-10-01,76.24594116210938,102.97000122070312,105.7300033569336,102.94999694824219,103.0,281840600
2009-10-02,75.89054107666016,102.48999786376953,103.0999984741211,101.98999786376953,102.0199966430664,224748800
2009-10-05,77.02344512939453,104.0199966430664,104.31999969482422,102.5999984741211,102.9000015258789,149875000
2009-10-06,78.12672424316406,105.51000213623047,106.11000061035156,104.70999908447266,104.7699966430664,202491100
2009-10-07,78.34146881103516,105.80000305175781,105.91000366210938,105.06999969482422,105.2699966430664,159200300
2009-10-08,78.9412612915039,106.61000061035156,107.16999816894531,105.8499984741211,106.55000305175781,183305800
2009-10-09,79.42257690429688,107.26000213623047,107.26000213623047,106.36000061035156,106.63999938964844,135008300
2009-10-12,79.73356628417969,107.68000030517578,108.08999633789062,107.27999877929688,107.76000213623047,118031000
2009-10-13,79.5706787109375,107.45999908447266,107.70999908447266,106.76000213623047,107.38999938964844,157692700
2009-10-14,80.94047546386719,109.30999755859375,109.41999816894531,107.41999816894531,108.72000122070312,191421600
2009-10-15,81.23672485351562,109.70999908447266,109.70999908447266,108.7300033569336,108.77999877929688,173873600
2009-10-16,80.6295166015625,108.88999938964844,109.2699966430664,108.2300033569336,108.80000305175781,192069400
2009-10-19,81.29592895507812,109.79000091552734,110.12999725341797,108.7300033569336,109.06999969482422,159530400
2009-10-20,80.86646270751953,109.20999908447266,109.98999786376953,108.68000030517578,109.94999694824219,180921100
2009-10-21,80.14077758789062,108.2300033569336,110.30999755859375,108.1500015258789,109.04000091552734,225379300
2009-10-22,80.9553451538086,109.33000183105469,109.68000030517578,107.5,108.19000244140625,238444000
2009-10-23,80.02972412109375,108.08000183105469,109.76000213623047,107.62999725341797,109.69000244140625,240033200
2009-10-26,79.16338348388672,106.91000366210938,109.30999755859375,106.61000061035156,108.19999694824219,242028200
2009-10-27,78.80054473876953,106.41999816894531,107.38999938964844,106.16000366210938,107.02999877929688,253266300
2009-10-28,77.3122329711914,104.41000366210938,106.4800033569336,104.3499984741211,106.1500015258789,248821400
2009-10-29,78.9708480834961,106.6500015258789,106.86000061035156,104.94000244140625,105.19000244140625,198110600
2009-10-30,76.68284606933594,103.55999755859375,106.62000274658203,103.44000244140625,106.30000305175781,325608100
2009-11-02,77.24559783935547,104.31999969482422,105.41000366210938,103.08000183105469,104.12999725341797,254222900
2009-11-03,77.48993682861328,104.6500015258789,104.80000305175781,103.54000091552734,103.73999786376953,228362600
2009-11-04,77.68985748291016,104.91999816894531,106.33000183105469,104.6500015258789,105.51000213623047,247996700
2009-11-05,79.11897277832031,106.8499984741211,106.87999725341797,105.44000244140625,105.66000366210938,180015300
2009-11-06,79.3262939453125,107.12999725341797,107.4000015258789,106.05000305175781,106.26000213623047,170954100
2009-11-09,81.13300323486328,109.56999969482422,109.62999725341797,107.87000274658203,107.94999694824219,159495700
2009-11-10,81.14783477783203,109.58999633789062,109.93000030517578,108.97000122070312,109.30999755859375,171899800
2009-11-11,81.56253814697266,110.1500015258789,110.81999969482422,109.62000274658203,110.30999755859375,169466200
2009-11-12,80.73318481445312,109.02999877929688,110.56999969482422,108.75,110.0,157144500
2009-11-13,81.1700439453125,109.62000274658203,110.08999633789062,108.75,109.30999755859375,150963000
2009-11-16,82.34736633300781,111.20999908447266,111.69000244140625,110.31999969482422,110.37999725341797,210922200
2009-11-17,82.44367218017578,111.33999633789062,111.38999938964844,110.5,110.91999816894531,147134100
2009-11-18,82.39179992675781,111.2699966430664,111.43000030517578,110.56999969482422,111.26000213623047,156486800
2009-11-19,81.3181381225586,109.81999969482422,111.30999755859375,109.12999725341797,110.51000213623047,208734600
2009-11-20,81.02936553955078,109.43000030517578,109.76000213623047,109.01000213623047,109.25,134196000
2009-11-23,82.05862426757812,110.81999969482422,111.73999786376953,110.5999984741211,110.72000122070312,148010200
2009-11-24,82.18450164794922,110.98999786376953,111.19999694824219,110.01000213623047,111.0,138420100
2009-11-25,82.47325897216797,111.37999725341797,111.5,110.81999969482422,111.16999816894531,109564800
2009-11-27,81.13300323486328,109.56999969482422,110.31999969482422,108.29000091552734,108.4000015258789,126001800
2009-11-30,81.40699768066406,109.94000244140625,110.19999694824219,108.12000274658203,109.4800033569336,160874800
2009-12-01,82.4140625,111.30000305175781,111.66000366210938,110.7300033569336,110.91999816894531,159613700
2009-12-02,82.37699890136719,111.25,112.01000213623047,110.91999816894531,111.27999877929688,132315100
2009-12-03,81.7327880859375,110.37999725341797,112.18000030517578,110.29000091552734,111.55000305175781,167324900
2009-12-04,82.19929504394531,111.01000213623047,112.37999725341797,110.04000091552734,111.83999633789062,274907800
2009-12-07,82.07342529296875,110.83999633789062,111.52999877929688,110.48999786376953,110.91000366210938,127973800
2009-12-08,81.16265869140625,109.61000061035156,110.7699966430664,109.2699966430664,110.04000091552734,169863700
2009-12-09,81.46623229980469,110.0199966430664,110.18000030517578,109.0199966430664,109.58000183105469,155063400
2009-12-10,81.92533874511719,110.63999938964844,111.12000274658203,110.44999694824219,110.69999694824219,138014600
2009-12-11,82.27335357666016,111.11000061035156,111.36000061035156,110.61000061035156,111.11000061035156,124854000
2009-12-14,82.83609771728516,111.87000274658203,112.0,111.12999725341797,111.87000274658203,107141500
2009-12-15,82.45105743408203,111.3499984741211,111.91999816894531,111.0,111.45999908447266,120408800
2009-12-16,82.57691192626953,111.5199966430664,112.12999725341797,111.2699966430664,111.80000305175781,155358200
2009-12-17,81.58470153808594,110.18000030517578,110.93000030517578,110.08000183105469,110.72000122070312,183390100
2009-12-18,82.0462417602539,110.20999908447266,110.30000305175781,109.27999877929688,110.19999694824219,174591200
2009-12-21,82.88007354736328,111.33000183105469,111.69999694824219,110.76000213623047,110.76000213623047,118039600
2009-12-22,83.1778564453125,111.7300033569336,111.97000122070312,111.43000030517578,111.56999969482422,91707500
2009-12-23,83.3416519165039,111.94999694824219,112.11000061035156,111.5,112.0,111783100
2009-12-24,83.73617553710938,112.4800033569336,112.5999984741211,112.0,112.19000244140625,39677500
2009-12-28,83.91482543945312,112.72000122070312,112.98999786376953,112.31999969482422,112.9000015258789,87508500
2009-12-29,83.79570770263672,112.55999755859375,113.02999877929688,112.55000305175781,113.01000213623047,80572500
2009-12-30,83.76594543457031,112.5199966430664,112.6500015258789,112.16999816894531,112.2300033569336,73138400
2009-12-31,82.96195983886719,111.44000244140625,112.80000305175781,111.38999938964844,112.7699966430664,90637900
2010-01-04,84.36897277832031,113.33000183105469,113.38999938964844,111.51000213623047,112.37000274658203,118944600
2010-01-05,84.5923080444336,113.62999725341797,113.68000030517578,112.8499984741211,113.26000213623047,111579900
2010-01-06,84.65185546875,113.70999908447266,113.98999786376953,113.43000030517578,113.5199966430664,116074400
2010-01-07,85.00921630859375,114.19000244140625,114.33000183105469,113.18000030517578,113.5,131091100
2010-01-08,85.2920913696289,114.56999969482422,114.62000274658203,113.66000366210938,113.88999938964844,126402800
2010-01-11,85.41120910644531,114.7300033569336,115.12999725341797,114.23999786376953,115.08000183105469,106375700
2010-01-12,84.61465454101562,113.66000366210938,114.20999908447266,113.22000122070312,113.97000122070312,163333500
2010-01-13,85.3293228149414,114.62000274658203,114.94000244140625,113.37000274658203,113.94999694824219,161822000
2010-01-14,85.56009674072266,114.93000030517578,115.13999938964844,114.41999816894531,114.48999786376953,115718800
2010-01-15,84.59977722167969,113.63999938964844,114.83999633789062,113.19999694824219,114.7300033569336,212283100
2010-01-19,85.65687561035156,115.05999755859375,115.12999725341797,113.58999633789062,113.62000274658203,139172700
2010-01-20,84.7858657836914,113.88999938964844,114.44999694824219,112.9800033569336,114.27999877929688,216490200
2010-01-21,83.155517578125,111.69999694824219,114.2699966430664,111.55999755859375,113.91999816894531,344859600
2010-01-22,81.30181884765625,109.20999908447266,111.73999786376953,109.08999633789062,111.19999694824219,345942400
2010-01-25,81.71870422363281,109.7699966430664,110.41000366210938,109.41000366210938,110.20999908447266,186937500
2010-01-26,81.37628173828125,109.30999755859375,110.47000122070312,109.04000091552734,109.33999633789062,211168800
2010-01-27,81.76337432861328,109.83000183105469,110.08000183105469,108.33000183105469,109.16999816894531,271863600
2010-01-28,80.82537078857422,108.56999969482422,110.25,107.91000366210938,110.19000244140625,316104000
2010-01-29,79.94688415527344,107.38999938964844,109.80000305175781,107.22000122070312,109.04000091552734,310677600
2010-02-01,81.1901626586914,109.05999755859375,109.06999969482422,107.5,108.1500015258789,187865000
2010-02-02,82.17279815673828,110.37999725341797,110.58999633789062,108.87999725341797,109.26000213623047,216327900
2010-02-03,81.76337432861328,109.83000183105469,110.4800033569336,109.51000213623047,109.87999725341797,172730700
2010-02-04,79.2396469116211,106.44000244140625,109.02999877929688,106.41999816894531,108.9800033569336,356715700
2010-02-05,79.40348815917969,106.66000366210938,106.87999725341797,104.58000183105469,106.55999755859375,493585800
2010-02-08,78.83024597167969,105.88999938964844,107.33000183105469,105.80999755859375,106.73999786376953,224166900
2010-02-09,79.82035064697266,107.22000122070312,108.1500015258789,106.2699966430664,107.12999725341797,337820500
2010-02-10,79.66403198242188,107.01000213623047,107.5999984741211,106.11000061035156,107.05000305175781,240511500
2010-02-11,80.4978256225586,108.12999725341797,108.25,106.25,106.87000274658203,223591600
2010-02-12,80.43082427978516,108.04000091552734,108.0999984741211,106.51000213623047,106.98999786376953,304622100
2010-02-16,81.6963882446289,109.73999786376953,109.8499984741211,107.81999969482422,108.86000061035156,159317500
2010-02-17,82.08350372314453,110.26000213623047,110.41000366210938,109.73999786376953,110.2699966430664,168845100
2010-02-18,82.56742095947266,110.91000366210938,111.13999938964844,110.04000091552734,110.08000183105469,193708600
2010-02-19,82.7386474609375,111.13999938964844,111.56999969482422,110.36000061035156,110.62000274658203,222684900
2010-02-22,82.7535171508789,111.16000366210938,111.58000183105469,110.83000183105469,111.55000305175781,132346900
2010-02-23,81.7485122680664,109.80999755859375,111.19999694824219,109.5199966430664,110.86000061035156,207497000
2010-02-24,82.50041961669922,110.81999969482422,111.0,109.86000061035156,110.13999938964844,176350700
2010-02-25,82.38873291015625,110.66999816894531,110.75,108.94000244140625,109.23999786376953,259634700
2010-02-26,82.44078826904297,110.73999786376953,111.12000274658203,110.11000061035156,110.7699966430664,173589300
2010-03-01,83.29695129394531,111.88999938964844,112.0,111.16999816894531,111.19999694824219,147709700
2010-03-02,83.52776336669922,112.19999694824219,112.73999786376953,112.0,112.37000274658203,160992400
2010-03-03,83.6021957397461,112.30000305175781,112.97000122070312,112.0199966430664,112.48999786376953,150785000
2010-03-04,83.8553237915039,112.63999938964844,112.80000305175781,112.02999877929688,112.44999694824219,135770400
2010-03-05,85.05390167236328,114.25,114.33999633789062,113.0999984741211,113.37000274658203,176118800
2010-03-08,85.0687484741211,114.2699966430664,114.5199966430664,114.06999969482422,114.26000213623047,114631200
2010-03-09,85.21022033691406,114.45999908447266,114.98999786376953,113.87000274658203,113.93000030517578,154556700
2010-03-10,85.58989715576172,114.97000122070312,115.27999877929688,114.41000366210938,114.51000213623047,186088800
2010-03-11,85.94719696044922,115.44999694824219,115.4800033569336,114.3499984741211,114.69999694824219,160791100
2010-03-12,85.95466613769531,115.45999908447266,115.97000122070312,115.13999938964844,115.94999694824219,162074800
2010-03-15,85.97699737548828,115.48999786376953,115.56999969482422,114.5999984741211,115.26000213623047,146816800
2010-03-16,86.66191864013672,116.41000366210938,116.5199966430664,115.48999786376953,115.80999755859375,168673000
2010-03-17,87.17554473876953,117.0999984741211,117.4800033569336,116.41999816894531,116.76000213623047,177468100
2010-03-18,87.1308822631836,117.04000091552734,117.2699966430664,116.56999969482422,117.11000061035156,196509100
2010-03-19,86.68986511230469,115.97000122070312,117.29000091552734,115.5199966430664,115.97000122070312,226641100
2010-03-22,87.1533203125,116.58999633789062,116.80000305175781,115.23999786376953,115.30999755859375,184477800
2010-03-23,87.76631927490234,117.41000366210938,117.51000213623047,116.37999725341797,116.76000213623047,182941600
2010-03-24,87.34019470214844,116.83999633789062,117.43000030517578,115.58000183105469,116.97000122070312,196072600
2010-03-25,87.19819641113281,116.6500015258789,118.16999816894531,116.51000213623047,117.62999725341797,223396300
2010-03-26,87.1458511352539,116.58000183105469,117.41999816894531,116.12000274658203,116.87000274658203,205808500
2010-03-29,87.69902038574219,117.31999969482422,117.52999877929688,116.69000244140625,117.16999816894531,134513500
2010-03-30,87.75882720947266,117.4000015258789,117.83000183105469,116.91000366210938,117.45999908447266,145772500
2010-03-31,87.45980072021484,117.0,117.5199966430664,116.61000061035156,116.94999694824219,161078700
2010-04-01,88.05782318115234,117.80000305175781,118.25,117.0999984741211,117.80000305175781,161215200
2010-04-05,88.77544403076172,118.76000213623047,118.83999633789062,117.91999816894531,118.25,105847600
2010-04-06,88.9847412109375,119.04000091552734,119.25,118.29000091552734,118.41999816894531,110384200
2010-04-07,88.47647094726562,118.36000061035156,119.36000061035156,117.80999755859375,118.80000305175781,184576300
2010-04-08,88.78290557861328,118.7699966430664,118.97000122070312,117.5999984741211,117.94999694824219,158704000
2010-04-09,89.36597442626953,119.55000305175781,119.5999984741211,118.80000305175781,119.0199966430664,133006500
2010-04-12,89.50801849365234,119.73999786376953,120.05000305175781,119.55999755859375,119.69999694824219,110279000
2010-04-13,89.5752944946289,119.83000183105469,120.04000091552734,119.0,119.62000274658203,125043600
2010-04-14,90.59194946289062,121.19000244140625,121.19000244140625,120.08000183105469,120.2699966430664,161609000
2010-04-15,90.6666488647461,121.29000091552734,121.56999969482422,120.94999694824219,120.98999786376953,144615300
2010-04-16,89.22396850585938,119.36000061035156,121.29000091552734,118.75,120.86000061035156,366786700
2010-04-19,89.5603256225586,119.80999755859375,119.93000030517578,118.47000122070312,119.01000213623047,217947800
2010-04-20,90.36017608642578,120.87999725341797,120.9800033569336,119.87000274658203,120.55999755859375,157708000
2010-04-21,90.19570922851562,120.66000366210938,121.2300033569336,119.98999786376953,120.94999694824219,192910100
2010-04-22,90.46483612060547,121.0199966430664,121.16999816894531,119.12000274658203,119.80999755859375,115360300
2010-04-23,91.05535888671875,121.80999755859375,121.86000061035156,120.62999725341797,120.94000244140625,177335500
2010-04-26,90.71147918701172,121.3499984741211,122.12000274658203,121.2300033569336,121.8499984741211,143457300
2010-04-27,88.56614685058594,118.4800033569336,121.33999633789062,118.25,120.6500015258789,355853300
2010-04-28,89.23889923095703,119.37999725341797,119.68000030517578,118.2699966430664,119.05000305175781,300674100
2010-04-29,90.34519958496094,120.86000061035156,121.11000061035156,120.06999969482422,120.0999984741211,193775000
2010-04-30,88.81282043457031,118.80999755859375,121.01000213623047,118.77999877929688,120.87999725341797,270000900
2010-05-03,89.96398162841797,120.3499984741211,120.68000030517578,119.19999694824219,119.37999725341797,182747900
2010-05-04,87.8485107421875,117.5199966430664,119.02999877929688,116.91999816894531,119.01000213623047,360353400
2010-05-05,87.32527160644531,116.81999969482422,117.80000305175781,115.97000122070312,116.55999755859375,328973200
2010-05-06,84.42487335205078,112.94000244140625,117.0,105.0,116.26000213623047,647356600
2010-05-07,83.1690444946289,111.26000213623047,113.7699966430664,109.41000366210938,112.63999938964844,637558800
2010-05-10,86.83190155029297,116.16000366210938,116.6500015258789,114.91000366210938,115.80999755859375,396159600
2010-05-11,86.58522033691406,115.83000183105469,117.36000061035156,114.91000366210938,115.06999969482422,317849800
2010-05-12,87.79620361328125,117.44999694824219,117.62000274658203,116.08999633789062,116.29000091552734,235607100
2010-05-13,86.7048110961914,115.98999786376953,117.68000030517578,115.88999938964844,117.12999725341797,234452500
2010-05-14,85.13501739501953,113.88999938964844,115.33000183105469,112.87000274658203,115.12000274658203,345601400
2010-05-17,85.17986297607422,113.94999694824219,114.5199966430664,111.7699966430664,114.19999694824219,325739800
2010-05-18,84.02119445800781,112.4000015258789,115.22000122070312,112.02999877929688,114.87999725341797,360556800
2010-05-19,83.54277038574219,111.76000213623047,112.7699966430664,110.36000061035156,111.7699966430664,394742700
2010-05-20,80.3883056640625,107.54000091552734,109.88999938964844,107.47000122070312,109.37999725341797,530418300
2010-05-21,81.56187438964844,109.11000061035156,109.37999725341797,105.36000061035156,105.91000366210938,500909400
2010-05-24,80.51534271240234,107.70999908447266,109.38999938964844,107.61000061035156,108.5199966430664,269823000
2010-05-25,80.59756469726562,107.81999969482422,107.87000274658203,104.37999725341797,105.11000061035156,396505200
2010-05-26,80.1116943359375,107.16999816894531,109.47000122070312,106.8499984741211,108.4800033569336,349719300
2010-05-27,82.79529571533203,110.76000213623047,110.80000305175781,108.77999877929688,109.19000244140625,300870500
2010-05-28,81.75624084472656,109.37000274658203,110.72000122070312,108.8499984741211,110.63999938964844,297933500
2010-06-01,80.38079833984375,107.52999877929688,109.94999694824219,107.37000274658203,108.3499984741211,277909400
2010-06-02,82.47384643554688,110.33000183105469,110.33999633789062,107.51000213623047,108.08000183105469,240243700
2010-06-03,82.75790405273438,110.70999908447266,111.05999755859375,109.58000183105469,110.6500015258789,226618300
2010-06-04,79.85003662109375,106.81999969482422,109.33000183105469,106.45999908447266,108.61000061035156,398475600
2010-06-07,78.85588073730469,105.48999786376953,107.61000061035156,105.41000366210938,107.19999694824219,264609100
2010-06-08,79.70054626464844,106.62000274658203,106.83000183105469,104.6500015258789,105.56999969482422,357774300
2010-06-09,79.27447509765625,106.05000305175781,108.27999877929688,105.5999984741211,107.23999786376953,268023300
2010-06-10,81.591796875,109.1500015258789,109.27999877929688,106.04000091552734,107.86000061035156,317890600
2010-06-11,81.98799133300781,109.68000030517578,109.75,108.12000274658203,108.19000244140625,214128200
2010-06-14,81.86088562011719,109.51000213623047,111.12000274658203,109.4000015258789,110.5199966430664,207196100
2010-06-15,83.7221908569336,112.0,112.0999984741211,110.08999633789062,110.27999877929688,238268700
2010-06-16,83.69232940673828,111.95999908447266,112.41999816894531,111.19999694824219,111.41999816894531,216374000
2010-06-17,83.82687377929688,112.13999938964844,112.33000183105469,111.05000305175781,112.27999877929688,263185800
2010-06-18,83.91773223876953,111.7300033569336,112.12999725341797,111.37000274658203,111.83000183105469,174006600
2010-06-21,83.67740631103516,111.41000366210938,113.19999694824219,110.79000091552734,113.12000274658203,213140700
2010-06-22,82.29540252685547,109.56999969482422,111.9000015258789,109.41000366210938,111.41000366210938,239355400
2010-06-23,82.0400390625,109.2300033569336,110.02999877929688,108.4800033569336,109.63999938964844,254639900
2010-06-24,80.68059539794922,107.41999816894531,108.83000183105469,107.13999938964844,108.69000244140625,268523600
2010-06-25,81.01860809326172,107.87000274658203,108.41999816894531,106.7699966430664,107.73999786376953,238726500
2010-06-28,80.76322174072266,107.52999877929688,108.31999969482422,107.13999938964844,108.02999877929688,169218600
2010-06-29,78.26966857910156,104.20999908447266,107.51000213623047,103.55000305175781,106.0199966430664,373649500
2010-06-30,77.52608489990234,103.22000122070312,104.87999725341797,102.87999725341797,103.91999816894531,284101700
2010-07-01,77.18059539794922,102.76000213623047,103.48999786376953,101.12999725341797,103.1500015258789,382924800
2010-07-02,76.75995635986328,102.19999694824219,103.41999816894531,101.62000274658203,103.11000061035156,233385200
2010-07-06,77.26322937011719,102.87000274658203,104.37000274658203,101.87999725341797,103.63999938964844,256935300
2010-07-07,79.6966781616211,106.11000061035156,106.23999786376953,103.0199966430664,103.12999725341797,253769400
2010-07-08,80.48532104492188,107.16000366210938,107.27999877929688,105.91000366210938,107.0,210842100
2010-07-09,81.08616638183594,107.95999908447266,107.97000122070312,106.93000030517578,107.12999725341797,144999900
2010-07-12,81.13878631591797,108.02999877929688,108.23999786376953,107.1500015258789,107.5999984741211,131283600
2010-07-13,82.36302947998047,109.66000366210938,110.08999633789062,108.93000030517578,109.1500015258789,213025900
2010-07-14,82.35553741455078,109.6500015258789,110.08000183105469,108.86000061035156,109.30999755859375,184426800
2010-07-15,82.37806701660156,109.68000030517578,110.05999755859375,108.16999816894531,109.61000061035156,232337900
2010-07-16,80.10977935791016,106.66000366210938,109.20999908447266,106.44999694824219,109.08999633789062,282693400
2010-07-19,80.58299255371094,107.29000091552734,107.62999725341797,106.22000122070312,107.05000305175781,186709000
2010-07-20,81.47674560546875,108.4800033569336,108.55999755859375,105.81999969482422,105.87000274658203,258162400
2010-07-21,80.417724609375,107.06999969482422,109.06999969482422,106.62999725341797,109.04000091552734,264527000
2010-07-22,82.21280670166016,109.45999908447266,109.94000244140625,108.33000183105469,108.33999633789062,274781300
2010-07-23,82.92630767822266,110.41000366210938,110.56999969482422,108.93000030517578,109.23999786376953,222020800
2010-07-26,83.7900390625,111.55999755859375,111.66999816894531,110.29000091552734,110.5999984741211,184445700
2010-07-27,83.7825927734375,111.55000305175781,112.29000091552734,111.11000061035156,112.16999816894531,204855600
2010-07-28,83.24176788330078,110.83000183105469,111.66000366210938,110.45999908447266,111.31999969482422,163056200
2010-07-29,82.8362045288086,110.29000091552734,111.81999969482422,109.41000366210938,111.5199966430664,220149100
2010-07-30,82.8211669921875,110.2699966430664,110.86000061035156,108.9800033569336,109.16999816894531,220070600
2010-08-02,84.69136810302734,112.76000213623047,112.94000244140625,111.54000091552734,111.98999786376953,188263200
2010-08-03,84.2857894897461,112.22000122070312,112.7699966430664,111.8499984741211,112.4800033569336,146657300
2010-08-04,84.84907531738281,112.97000122070312,113.11000061035156,112.16000366210938,112.52999877929688,158171700
2010-08-05,84.75896453857422,112.8499984741211,112.91000366210938,112.08000183105469,112.25,140473800
2010-08-06,84.41345977783203,112.38999938964844,112.56999969482422,110.91999816894531,111.73999786376953,239728300
2010-08-09,84.86410522460938,112.98999786376953,113.18000030517578,112.31999969482422,112.91999816894531,120800400
2010-08-10,84.40593719482422,112.37999725341797,112.9800033569336,111.37000274658203,112.02999877929688,242916300
2010-08-11,82.09263610839844,109.30000305175781,110.69000244140625,109.12000274658203,110.6500015258789,273406900
2010-08-12,81.58940887451172,108.62999725341797,109.0199966430664,107.5999984741211,107.6500015258789,239542600
2010-08-13,81.34909057617188,108.30999755859375,108.95999908447266,108.18000030517578,108.29000091552734,158698500
2010-08-16,81.3115234375,108.26000213623047,108.61000061035156,107.18000030517578,107.56999969482422,147895300
2010-08-17,82.3104476928711,109.58999633789062,110.38999938964844,108.87999725341797,109.19000244140625,172270300
2010-08-18,82.46065521240234,109.79000091552734,110.37999725341797,108.91000366210938,109.54000091552734,182922100
2010-08-19,81.02608489990234,107.87999725341797,109.48999786376953,107.43000030517578,109.22000122070312,265847600
2010-08-20,80.76322174072266,107.52999877929688,107.94000244140625,106.75,107.55999755859375,209714200
2010-08-23,80.45530700683594,107.12000274658203,108.56999969482422,107.06999969482422,108.04000091552734,163490300
2010-08-24,79.26107788085938,105.52999877929688,106.38999938964844,104.97000122070312,105.94999694824219,280677800
2010-08-25,79.56903076171875,105.94000244140625,106.33999633789062,104.29000091552734,104.94999694824219,272234800
2010-08-26,79.03572082519531,105.2300033569336,106.58000183105469,104.87999725341797,106.44000244140625,224439500
2010-08-27,80.26000213623047,106.86000061035156,106.97000122070312,104.30999755859375,105.88999938964844,272649000
2010-08-30,79.09584045410156,105.30999755859375,106.91000366210938,105.30000305175781,106.58000183105469,167238600
2010-08-31,79.09584045410156,105.30999755859375,105.9800033569336,104.48999786376953,104.91999816894531,273933100
2010-09-01,81.46171569824219,108.45999908447266,108.61000061035156,106.66000366210938,106.7300033569336,256828100
2010-09-02,82.22026824951172,109.47000122070312,109.48999786376953,108.48999786376953,108.72000122070312,156112200
2010-09-03,83.28685760498047,110.88999938964844,110.98999786376953,109.94999694824219,110.54000091552734,212197300
2010-09-07,82.34799194335938,109.63999938964844,110.51000213623047,109.55000305175781,110.37000274658203,141973700
2010-09-08,82.92630767822266,110.41000366210938,110.8499984741211,109.80999755859375,109.86000061035156,149924400
2010-09-09,83.30938720703125,110.91999816894531,111.68000030517578,110.62000274658203,111.6500015258789,147017900
2010-09-10,83.72997283935547,111.4800033569336,111.61000061035156,110.87000274658203,111.12000274658203,127819000
2010-09-13,84.6612777709961,112.72000122070312,112.94999694824219,112.12999725341797,112.58000183105469,178503500
2010-09-14,84.60874938964844,112.6500015258789,113.29000091552734,112.08000183105469,112.5,209823600
2010-09-15,84.93170166015625,113.08000183105469,113.20999908447266,111.9800033569336,112.31999969482422,168608400
2010-09-16,84.90914916992188,113.05000305175781,113.12000274658203,112.3499984741211,112.7300033569336,199962900
2010-09-17,84.94087982177734,112.48999786376953,113.1500015258789,112.18000030517578,113.04000091552734,195836900
2010-09-20,86.23963165283203,114.20999908447266,114.45999908447266,112.5199966430664,112.87999725341797,214555200
2010-09-21,86.06596374511719,113.9800033569336,114.83999633789062,113.51000213623047,114.30000305175781,268389100
2010-09-22,85.64313507080078,113.41999816894531,114.44000244140625,113.0999984741211,113.80000305175781,191322400
2010-09-23,84.94841003417969,112.5,113.66999816894531,112.18000030517578,112.48999786376953,202354300
2010-09-24,86.70024871826172,114.81999969482422,114.9000015258789,113.6500015258789,113.75,209671800
2010-09-27,86.28494262695312,114.2699966430664,114.98999786376953,114.16000366210938,114.86000061035156,128761800
2010-09-28,86.58698272705078,114.66999816894531,115.04000091552734,113.18000030517578,114.41999816894531,209207500
2010-09-29,86.43595886230469,114.47000122070312,114.91000366210938,114.0199966430664,114.37999725341797,179665800
2010-09-30,86.17923736572266,114.12999725341797,115.79000091552734,113.58999633789062,115.05000305175781,287106700
2010-10-01,86.54169464111328,114.61000061035156,115.12000274658203,113.93000030517578,114.98999786376953,174638700
2010-10-04,85.89227294921875,113.75,114.8499984741211,113.18000030517578,114.37000274658203,166153200
2010-10-05,87.62149047851562,116.04000091552734,116.31999969482422,114.66999816894531,114.80000305175781,229634100
2010-10-06,87.61388397216797,116.02999877929688,116.33000183105469,115.55999755859375,116.0199966430664,148626600
2010-10-07,87.5082015991211,115.88999938964844,116.52999877929688,115.19000244140625,116.5,164860000
2010-10-08,87.9990234375,116.54000091552734,116.86000061035156,115.61000061035156,116.05000305175781,177760100
2010-10-11,88.08211517333984,116.6500015258789,116.97000122070312,116.25,116.72000122070312,103098300
2010-10-12,88.35391998291016,117.01000213623047,117.3499984741211,115.6500015258789,116.2699966430664,182210000
2010-10-13,89.04107666015625,117.91999816894531,118.55000305175781,117.37999725341797,117.66000366210938,194347200
2010-10-14,88.6937026977539,117.45999908447266,118.01000213623047,116.72000122070312,117.80999755859375,217764300
2010-10-15,88.87494659423828,117.69999694824219,118.3499984741211,116.76000213623047,118.27999877929688,243705000
2010-10-18,89.3128662109375,118.27999877929688,118.66999816894531,117.30999755859375,117.73999786376953,141204800
2010-10-19,88.14248657226562,116.7300033569336,117.8499984741211,116.0199966430664,117.19000244140625,280604700
2010-10-20,89.00332641601562,117.87000274658203,118.44000244140625,116.87000274658203,116.94000244140625,200051800
2010-10-21,89.19961547851562,118.12999725341797,119.08999633789062,117.20999908447266,118.4000015258789,221585500
2010-10-22,89.36573791503906,118.3499984741211,118.52999877929688,118.0,118.30999755859375,108212400
2010-10-25,89.6300277709961,118.69999694824219,119.76000213623047,118.61000061035156,119.13999938964844,151145700
2010-10-26,89.64514923095703,118.72000122070312,118.83999633789062,117.87000274658203,118.0999984741211,158982900
2010-10-27,89.38838195800781,118.37999725341797,118.51000213623047,117.26000213623047,117.88999938964844,190024000
2010-10-28,89.40348052978516,118.4000015258789,119.11000061035156,117.83000183105469,119.05999755859375,168576000
2010-10-29,89.47144317626953,118.48999786376953,118.72000122070312,118.06999969482422,118.27999877929688,144305500
2010-11-01,89.50166320800781,118.52999877929688,119.75,117.8499984741211,119.06999969482422,174074800
2010-11-02,90.21145629882812,119.47000122070312,119.75,119.0999984741211,119.41999816894531,158345900
2010-11-03,90.57391357421875,119.94999694824219,120.0199966430664,118.44999694824219,119.68000030517578,226702800
2010-11-04,92.31817626953125,122.26000213623047,122.31999969482422,119.97000122070312,121.27999877929688,215039400
2010-11-05,92.66551971435547,122.72000122070312,122.91999816894531,122.18000030517578,122.33999633789062,180654100
2010-11-08,92.49185943603516,122.48999786376953,122.69000244140625,121.94000244140625,122.33999633789062,156107100
2010-11-09,91.82738494873047,121.61000061035156,122.94999694824219,121.12000274658203,122.81999969482422,186621600
2010-11-10,92.19737243652344,122.0999984741211,122.16000366210938,120.66000366210938,121.58000183105469,221387400
2010-11-11,91.85002136230469,121.63999938964844,121.81999969482422,120.68000030517578,121.05000305175781,158017600
2010-11-12,90.76268768310547,120.19999694824219,121.3499984741211,119.6500015258789,120.81999969482422,239068800
2010-11-15,90.63431549072266,120.02999877929688,121.05000305175781,119.9800033569336,120.58000183105469,163940800
2010-11-16,89.22229766845703,118.16000366210938,119.48999786376953,117.58999633789062,119.29000091552734,299566200
2010-11-17,89.26758575439453,118.22000122070312,118.70999908447266,117.86000061035156,118.20999908447266,172308900
2010-11-18,90.58146667480469,119.95999908447266,120.38999938964844,119.3499984741211,119.36000061035156,197723700
2010-11-19,90.83059692382812,120.29000091552734,120.33999633789062,119.25,119.9000015258789,156852900
2010-11-22,90.7551040649414,120.19000244140625,120.23999786376953,118.7699966430664,119.69000244140625,181361000
2010-11-23,89.44126892089844,118.44999694824219,119.0199966430664,117.98999786376953,118.7699966430664,222309000
2010-11-24,90.76268768310547,120.19999694824219,120.2300033569336,119.18000030517578,119.19999694824219,140046100
2010-11-26,89.70556640625,118.80000305175781,119.80999755859375,118.80000305175781,119.16000366210938,76007800
2010-11-29,89.97738647460938,119.16000366210938,119.4800033569336,117.73999786376953,118.5,223642300
2010-11-30,89.47144317626953,118.48999786376953,119.16999816894531,117.80999755859375,117.9800033569336,233930700
2010-12-01,91.37433624267578,121.01000213623047,121.23999786376953,120.19000244140625,120.19999694824219,221037200
2010-12-02,92.54473114013672,122.55999755859375,122.6500015258789,121.12999725341797,121.19999694824219,191213600
2010-12-03,92.79387664794922,122.88999938964844,123.02999877929688,122.11000061035156,122.13999938964844,151288900
2010-12-06,92.69572448730469,122.76000213623047,123.04000091552734,122.5,122.62999725341797,103050500
2010-12-07,92.74854278564453,122.83000183105469,124.01000213623047,122.76000213623047,123.94000244140625,206581000
2010-12-08,93.08836364746094,123.27999877929688,123.37999725341797,122.41000366210938,122.9800033569336,138019200
2010-12-09,93.45081329345703,123.76000213623047,124.0199966430664,123.1500015258789,123.97000122070312,123705100
2010-12-10,93.99447631835938,124.4800033569336,124.5999984741211,123.7300033569336,124.13999938964844,117571700
2010-12-13,94.0549087524414,124.55999755859375,125.19999694824219,124.5199966430664,125.05000305175781,133812700
2010-12-14,94.1379623413086,124.66999816894531,125.2300033569336,124.29000091552734,124.75,147249600
2010-12-15,93.70753479003906,124.0999984741211,124.93000030517578,123.88999938964844,124.44000244140625,160823100
2010-12-16,94.2512435913086,124.81999969482422,124.91000366210938,123.75,124.18000030517578,185035200
2010-12-17,94.3521728515625,124.30000305175781,124.45999908447266,123.81999969482422,124.08000183105469,141075300
2010-12-20,94.57989501953125,124.5999984741211,124.9000015258789,123.9800033569336,124.63999938964844,119085500
2010-12-21,95.17957305908203,125.38999938964844,125.47000122070312,124.87000274658203,124.98999786376953,94965500
2010-12-22,95.4755859375,125.77999877929688,125.81999969482422,125.41000366210938,125.4800033569336,78878100
2010-12-23,95.33895111083984,125.5999984741211,125.77999877929688,125.29000091552734,125.63999938964844,70053700
2010-12-27,95.37693786621094,125.6500015258789,125.7699966430664,125.04000091552734,125.12999725341797,58126000
2010-12-28,95.51358032226562,125.83000183105469,125.94999694824219,125.5,125.9000015258789,55309100
2010-12-29,95.58186340332031,125.91999816894531,126.19999694824219,125.9000015258789,125.9800033569336,58033100
2010-12-30,95.43006134033203,125.72000122070312,126.12999725341797,125.52999877929688,125.80000305175781,76616900
2010-12-31,95.45283508300781,125.75,125.87000274658203,125.33000183105469,125.52999877929688,91218900
2011-01-03,96.43963623046875,127.05000305175781,127.5999984741211,125.69999694824219,126.70999908447266,138725200
2011-01-04,96.386474609375,126.9800033569336,127.37000274658203,126.19000244140625,127.33000183105469,137409700
2011-01-05,96.88748168945312,127.63999938964844,127.72000122070312,126.45999908447266,126.58000183105469,133975300
2011-01-06,96.6977310180664,127.38999938964844,127.83000183105469,127.01000213623047,127.69000244140625,122519000
2011-01-07,96.5079574584961,127.13999938964844,127.7699966430664,126.1500015258789,127.55999755859375,156034600
2011-01-10,96.386474609375,126.9800033569336,127.16000366210938,126.19999694824219,126.58000183105469,122401700
2011-01-11,96.72806549072266,127.43000030517578,127.73999786376953,126.94999694824219,127.44000244140625,110287000
2011-01-12,97.60101318359375,128.5800018310547,128.72000122070312,127.45999908447266,128.2100067138672,107929200
2011-01-13,97.44159698486328,128.3699951171875,128.69000244140625,128.0500030517578,128.6300048828125,129048400
2011-01-14,98.14751434326172,129.3000030517578,129.3300018310547,128.10000610351562,128.19000244140625,117677900
2011-01-18,98.31449890136719,129.52000427246094,129.63999938964844,129.02999877929688,129.17999267578125,114401300
2011-01-19,97.35052490234375,128.25,129.5399932861328,127.91000366210938,129.41000366210938,151958400
2011-01-20,97.22147369384766,128.0800018310547,128.39999389648438,127.12999725341797,127.95999908447266,175745700
2011-01-21,97.44159698486328,128.3699951171875,129.1699981689453,128.22999572753906,128.8800048828125,151462900
2011-01-24,97.99574279785156,129.10000610351562,129.25,128.25999450683594,128.2899932861328,113715500
2011-01-25,98.04884338378906,129.1699981689453,129.27999877929688,128.11000061035156,128.75999450683594,167552200
2011-01-26,98.42839050292969,129.6699981689453,130.0500030517578,129.22999572753906,129.49000549316406,141281500
2011-01-27,98.67129516601562,129.99000549316406,130.2100067138672,129.47000122070312,129.6999969482422,123302700
2011-01-28,96.94818115234375,127.72000122070312,130.35000610351562,127.51000213623047,130.13999938964844,295637300
2011-01-31,97.6768798828125,128.67999267578125,128.77999877929688,127.75,128.07000732421875,149249200
2011-02-01,99.24057006835938,130.74000549316406,130.97000122070312,129.3800048828125,129.4600067138672,167194300
2011-02-02,99.05082702636719,130.49000549316406,130.83999633789062,130.3300018310547,130.39999389648438,118323600
2011-02-03,99.27094268798828,130.77999877929688,130.97999572753906,129.57000732421875,130.25999450683594,145886700
2011-02-04,99.55181884765625,131.14999389648438,131.1999969482422,130.22999572753906,130.8300018310547,134634800
2011-02-07,100.17424011230469,131.97000122070312,132.39999389648438,131.42999267578125,131.44000244140625,112439100
2011-02-08,100.62971496582031,132.57000732421875,132.63999938964844,131.72999572753906,132.08999633789062,99072800
2011-02-09,100.40198516845703,132.27000427246094,132.6300048828125,131.61000061035156,132.2100067138672,146436700
2011-02-10,100.43990325927734,132.32000732421875,132.47000122070312,131.3000030517578,131.60000610351562,162708500
2011-02-11,101.03956604003906,133.11000061035156,133.27999877929688,131.77000427246094,131.8000030517578,137710300
2011-02-14,101.2824478149414,133.42999267578125,133.5399932861328,132.8800048828125,133.02999877929688,101690700
2011-02-15,100.96366882324219,133.00999450683594,133.22000122070312,132.32000732421875,133.02000427246094,119575400
2011-02-16,101.6012954711914,133.85000610351562,134.00999450683594,133.19000244140625,133.4600067138672,130183500
2011-02-17,101.90493774414062,134.25,134.42999267578125,133.33999633789062,133.4600067138672,109810500
2011-02-18,102.11747741699219,134.52999877929688,134.69000244140625,134.05999755859375,134.3699951171875,130002400
2011-02-22,100.06793212890625,131.8300018310547,134.55999755859375,131.47000122070312,133.1199951171875,233116400
2011-02-23,99.45313262939453,131.02000427246094,132.07000732421875,130.2100067138672,131.75,227584000
2011-02-24,99.38482666015625,130.92999267578125,131.44000244140625,129.6999969482422,130.8800048828125,260431400
2011-02-25,100.4474868774414,132.3300018310547,132.41000366210938,131.39999389648438,131.47999572753906,141686900
2011-02-28,101.06995391845703,133.14999389648438,133.32000732421875,132.3800048828125,132.82000732421875,141585500
2011-03-01,99.38482666015625,130.92999267578125,133.69000244140625,130.88999938964844,133.57000732421875,258565500
2011-03-02,99.59735870361328,131.2100067138672,131.82000732421875,130.35000610351562,130.75,200277400
2011-03-03,101.31283569335938,133.47000122070312,133.6199951171875,132.38999938964844,132.39999389648438,176480100
2011-03-04,100.55377197265625,132.47000122070312,133.6300048828125,131.60000610351562,133.3699951171875,277202300
2011-03-07,99.76432800292969,131.42999267578125,133.16000366210938,130.74000549316406,132.86000061035156,216790400
2011-03-08,100.63726806640625,132.5800018310547,133.0,131.07000732421875,131.63999938964844,174615000
2011-03-09,100.49305725097656,132.38999938964844,132.8000030517578,131.60000610351562,132.32000732421875,153806000
2011-03-10,98.63335418701172,129.94000244140625,131.17999267578125,129.80999755859375,131.0,301291800
2011-03-11,99.31648254394531,130.83999633789062,131.30999755859375,129.49000549316406,129.52000427246094,225621800
2011-03-14,98.71682739257812,130.0500030517578,130.47999572753906,129.05999755859375,129.99000549316406,234974100
2011-03-15,97.5858154296875,128.55999755859375,129.3300018310547,126.5,126.58999633789062,359585400
2011-03-16,95.77922058105469,126.18000030517578,128.57000732421875,125.27999877929688,128.14999389648438,468670300
2011-03-17,97.04688262939453,127.8499984741211,128.38999938964844,127.0999984741211,128.0,254303700
2011-03-18,97.3998794555664,127.76000213623047,128.8800048828125,127.51000213623047,128.83999633789062,230435400
2011-03-21,98.90933990478516,129.74000549316406,130.00999450683594,129.1999969482422,129.35000610351562,153992600
2011-03-22,98.56626892089844,129.2899932861328,129.88999938964844,129.1699981689453,129.72000122070312,129538600
2011-03-23,98.84835052490234,129.66000366210938,130.0,128.32000732421875,128.92999267578125,148603100
2011-03-24,99.7936782836914,130.89999389648438,131.08999633789062,129.6699981689453,130.39999389648438,159129800
2011-03-25,100.0986099243164,131.3000030517578,131.8699951171875,130.88999938964844,131.24000549316406,155642800
2011-03-28,99.85467529296875,130.97999572753906,131.9199981689453,130.94000244140625,131.5800018310547,109762400
2011-03-29,100.52557373046875,131.86000061035156,131.89999389648438,130.44000244140625,130.8699951171875,129798800
2011-03-30,101.21932220458984,132.77000427246094,133.16000366210938,132.36000061035156,132.5500030517578,135835000
2011-03-31,101.08207702636719,132.58999633789062,132.9600067138672,132.4499969482422,132.60000610351562,132537100
2011-04-01,101.50901794433594,133.14999389648438,133.77000427246094,132.8300018310547,133.41000366210938,153850100
2011-04-04,101.59284973144531,133.25999450683594,133.6699981689453,132.8800048828125,133.42999267578125,100768900
2011-04-05,101.57759857177734,133.24000549316406,133.8300018310547,132.94000244140625,133.0,120791500
2011-04-06,101.89781188964844,133.66000366210938,134.0,133.1199951171875,133.8800048828125,120411600
2011-04-07,101.63859558105469,133.32000732421875,133.97999572753906,132.66000366210938,133.4199981689453,170731500
2011-04-08,101.28791046142578,132.86000061035156,133.99000549316406,132.30999755859375,133.91000366210938,147945400
2011-04-11,100.98295593261719,132.4600067138672,133.4499969482422,132.13999938964844,133.0,121385400
2011-04-12,100.22821044921875,131.47000122070312,131.97999572753906,130.99000549316406,131.72000122070312,161187400
2011-04-13,100.22061920166016,131.4600067138672,132.17999267578125,130.9600067138672,132.0800018310547,162059000
2011-04-14,100.29683685302734,131.55999755859375,131.75999450683594,130.27000427246094,130.6999969482422,161220400
2011-04-15,100.66275787353516,132.0399932861328,132.3699951171875,131.41000366210938,131.8000030517578,170006700
2011-04-18,99.53446960449219,130.55999755859375,132.02999877929688,129.50999450683594,130.58999633789062,210759300
2011-04-19,100.10624694824219,131.30999755859375,131.35000610351562,130.44000244140625,130.75999450683594,124258800
2011-04-20,101.47090911865234,133.10000610351562,133.38999938964844,132.7899932861328,132.8800048828125,156133800
2011-04-21,101.98931884765625,133.77999877929688,133.83999633789062,133.10000610351562,133.7899932861328,135935400
2011-04-25,101.8825454711914,133.63999938964844,133.86000061035156,133.1999969482422,133.67999267578125,65757100
2011-04-26,102.75926971435547,134.7899932861328,135.05999755859375,133.91000366210938,134.0500030517578,146600000
2011-04-27,103.43016052246094,135.6699981689453,135.8699951171875,134.5,135.0500030517578,143031000
2011-04-28,103.76559448242188,136.11000061035156,136.2899932861328,135.41000366210938,135.42999267578125,124791100
2011-04-29,104.00955200195312,136.42999267578125,136.57000732421875,135.97999572753906,136.16000366210938,115094100
2011-05-02,103.8494644165039,136.22000122070312,137.17999267578125,135.9499969482422,137.07000732421875,126278700
2011-05-03,103.47590637207031,135.72999572753906,136.19000244140625,135.0399932861328,135.9600067138672,138375000
2011-05-04,102.7898178100586,134.8300018310547,135.72999572753906,134.22999572753906,135.6699981689453,182678500
2011-05-05,101.85970306396484,133.61000061035156,134.9499969482422,133.02000427246094,134.0800018310547,226900000
2011-05-06,102.30948638916016,134.1999969482422,135.6300048828125,133.67999267578125,134.94000244140625,222787200
2011-05-09,102.7059326171875,134.72000122070312,135.11000061035156,133.97999572753906,134.19000244140625,114104500
2011-05-10,103.58264923095703,135.8699951171875,136.11000061035156,135.0,135.1699981689453,114806900
2011-05-11,102.49250030517578,134.44000244140625,135.69000244140625,133.82000732421875,135.6699981689453,193564200
2011-05-12,102.98036193847656,135.0800018310547,135.36000061035156,133.38999938964844,134.0800018310547,171550700
2011-05-13,102.1875228881836,134.0399932861328,135.33999633789062,133.55999755859375,135.14999389648438,157444900
2011-05-16,101.5395278930664,133.19000244140625,134.61000061035156,132.97000122070312,133.55999755859375,141675400
2011-05-17,101.52426147460938,133.1699981689453,133.35000610351562,132.1199951171875,132.69000244140625,192686200
2011-05-18,102.43143463134766,134.36000061035156,134.5,132.9499969482422,133.24000549316406,135217900
2011-05-19,102.67542266845703,134.67999267578125,135.02999877929688,133.94000244140625,134.8000030517578,119489500
2011-05-20,101.85970306396484,133.61000061035156,134.67999267578125,133.36000061035156,134.3300018310547,182594900
2011-05-23,100.67801666259766,132.05999755859375,132.72000122070312,131.58999633789062,131.97999572753906,168700000
2011-05-24,100.59416961669922,131.9499969482422,132.72999572753906,131.6999969482422,132.44000244140625,147199600
2011-05-25,100.92962646484375,132.38999938964844,132.94000244140625,131.3800048828125,131.4199981689453,151050100
2011-05-26,101.39463806152344,133.0,133.24000549316406,131.77999877929688,132.02999877929688,164850000
2011-05-27,101.7834701538086,133.50999450683594,133.8699951171875,132.9600067138672,133.3699951171875,120921900
2011-05-31,102.8431396484375,134.89999389648438,134.9199981689453,133.83999633789062,134.77000427246094,164731200
2011-06-01,100.53318786621094,131.8699951171875,134.9199981689453,131.75999450683594,134.50999450683594,233094300
2011-06-02,100.42644500732422,131.72999572753906,132.24000549316406,130.9600067138672,131.9600067138672,200466800
2011-06-03,99.4277572631836,130.4199981689453,131.4199981689453,130.0800018310547,130.14999389648438,234690200
2011-06-06,98.37567901611328,129.0399932861328,130.36000061035156,128.8699951171875,130.08999633789062,179951200
2011-06-07,98.314697265625,128.9600067138672,130.07000732421875,128.85000610351562,129.6999969482422,161660500
2011-06-08,97.90301513671875,128.4199981689453,129.19000244140625,128.17999267578125,128.75999450683594,198696400
2011-06-09,98.65013122558594,129.39999389648438,129.92999267578125,128.4600067138672,128.77000427246094,160964400
2011-06-10,97.27787017822266,127.5999984741211,128.92999267578125,127.26000213623047,128.85000610351562,238629400
2011-06-13,97.35411834716797,127.69999694824219,128.24000549316406,127.05000305175781,127.88999938964844,207599800
2011-06-14,98.58914947509766,129.32000732421875,129.77000427246094,128.82000732421875,128.8699951171875,160570400
2011-06-15,96.8357162475586,127.0199966430664,129.3000030517578,126.68000030517578,128.24000549316406,300958000
2011-06-16,97.0491714477539,127.30000305175781,127.97000122070312,126.31999969482422,127.05999755859375,308032800
2011-06-17,97.33879852294922,127.05000305175781,127.94000244140625,126.62000274658203,127.93000030517578,233284900
2011-06-20,97.83676147460938,127.69999694824219,127.97000122070312,126.58000183105469,126.62000274658203,159479000
2011-06-21,99.1775131225586,129.4499969482422,129.6999969482422,127.75,128.36000061035156,193157300
2011-06-22,98.5799331665039,128.6699981689453,129.80999755859375,128.58999633789062,129.0500030517578,176703000
2011-06-23,98.29644012451172,128.3000030517578,128.63999938964844,126.19000244140625,127.16000366210938,334286500
2011-06-24,97.15489959716797,126.80999755859375,128.3699951171875,126.62000274658203,128.27000427246094,226129300
2011-06-27,98.0206298828125,127.94000244140625,128.42999267578125,126.63999938964844,126.88999938964844,168904700
2011-06-28,99.30008697509766,129.61000061035156,129.6300048828125,128.27000427246094,128.4499969482422,165556300
2011-06-29,100.15052795410156,130.72000122070312,130.92999267578125,129.6300048828125,130.1999969482422,244295500
2011-06-30,101.10822296142578,131.97000122070312,132.17999267578125,130.7100067138672,131.13999938964844,223322700
2011-07-01,102.60218811035156,133.9199981689453,134.10000610351562,131.77999877929688,132.08999633789062,202385700
2011-07-05,102.51791381835938,133.80999755859375,134.0800018310547,133.38999938964844,133.77999877929688,165936000
2011-07-06,102.64048767089844,133.97000122070312,134.13999938964844,133.11000061035156,133.49000549316406,143331600
2011-07-07,103.70545196533203,135.36000061035156,135.6999969482422,134.8800048828125,135.16000366210938,170464200
2011-07-08,102.96991729736328,134.39999389648438,135.36000061035156,133.38999938964844,133.8300018310547,194100500
2011-07-11,101.10822296142578,131.97000122070312,133.17999267578125,131.66000366210938,132.75,195918600
2011-07-12,100.6715087890625,131.39999389648438,132.77999877929688,131.36000061035156,131.69000244140625,214675700
2011-07-13,101.00858306884766,131.83999633789062,133.22000122070312,131.52000427246094,132.08999633789062,204062600
2011-07-14,100.31143188476562,130.92999267578125,132.77999877929688,130.67999267578125,132.1699981689453,226111800
2011-07-15,100.8936767578125,131.69000244140625,131.8699951171875,130.77000427246094,131.66000366210938,220012800
2011-07-18,100.06623840332031,130.61000061035156,131.27999877929688,129.6300048828125,131.0800018310547,196872100
2011-07-19,101.69046020507812,132.72999572753906,132.88999938964844,131.30999755859375,131.33999633789062,166554900
2011-07-20,101.62916564941406,132.64999389648438,133.14999389648438,132.4199981689453,133.07000732421875,137145400
2011-07-21,103.03890991210938,134.49000549316406,134.82000732421875,132.6699981689453,133.39999389648438,245246300
2011-07-22,103.10784912109375,134.5800018310547,134.72000122070312,133.75999450683594,134.52000427246094,126019400
2011-07-25,102.53324890136719,133.8300018310547,134.49000549316406,133.16000366210938,133.3000030517578,136653800
2011-07-26,102.15015411376953,133.3300018310547,133.9600067138672,133.02999877929688,133.74000549316406,131278200
2011-07-27,100.05860900878906,130.60000610351562,132.6300048828125,130.42999267578125,132.58999633789062,249020100
2011-07-28,99.76746368408203,130.22000122070312,131.77000427246094,130.00999450683594,130.60000610351562,207939900
2011-07-29,99.08560943603516,129.3300018310547,130.5500030517578,127.97000122070312,128.91000366210938,307038400
2011-08-01,98.66423034667969,128.77999877929688,130.9600067138672,127.52999877929688,130.83999633789062,325790900
2011-08-02,96.1435775756836,125.48999786376953,128.5,125.48999786376953,127.80999755859375,346653800
2011-08-03,96.6645736694336,126.16999816894531,126.30999755859375,123.52999877929688,125.66000366210938,370830800
2011-08-04,92.13665771484375,120.26000213623047,124.62000274658203,120.05999755859375,124.41999816894531,520721800
2011-08-05,91.99873352050781,120.08000183105469,122.06999969482422,116.86000061035156,121.76000213623047,655619200
2011-08-08,86.00748443603516,112.26000213623047,120.12000274658203,112.0199966430664,116.91000366210938,702263900
2011-08-09,90.00675964355469,117.4800033569336,117.63999938964844,110.2699966430664,114.06999969482422,717828700
2011-08-10,86.03046417236328,112.29000091552734,116.27999877929688,111.94999694824219,115.26000213623047,662607400
2011-08-11,89.89181518554688,117.33000183105469,118.91999816894531,112.31999969482422,113.26000213623047,487979700
2011-08-12,90.49708557128906,118.12000274658203,119.20999908447266,117.27999877929688,118.4000015258789,313731600
2011-08-15,92.41242980957031,120.62000274658203,120.73999786376953,119.0,119.19000244140625,258810600
2011-08-16,91.62334442138672,119.58999633789062,120.69000244140625,118.30999755859375,119.47000122070312,294095200
2011-08-17,91.68460083007812,119.66999816894531,121.19999694824219,118.72000122070312,120.25,238201100
2011-08-18,87.73131561279297,114.51000213623047,119.70999908447266,113.38999938964844,116.5,512956300
2011-08-19,86.29863739013672,112.63999938964844,115.87999725341797,112.5,112.95999908447266,428281300
2011-08-22,86.36756134033203,112.7300033569336,115.2300033569336,112.41000366210938,115.16999816894531,275090600
2011-08-23,89.2099838256836,116.44000244140625,116.56999969482422,112.58000183105469,113.1500015258789,331136600
2011-08-24,90.4664306640625,118.08000183105469,118.23999786376953,115.91999816894531,116.19000244140625,246869700
2011-08-25,89.08740997314453,116.27999877929688,119.4000015258789,115.87000274658203,118.7300033569336,312365400
2011-08-26,90.38219451904297,117.97000122070312,118.51000213623047,113.8499984741211,115.69000244140625,314495900
2011-08-29,92.97941589355469,121.36000061035156,121.43000030517578,118.05999755859375,119.55999755859375,190977200
2011-08-30,93.22460174560547,121.68000030517578,122.43000030517578,119.26000213623047,120.83000183105469,241315700
2011-08-31,93.63827514648438,122.22000122070312,123.51000213623047,121.30000305175781,122.45999908447266,301828400
2011-09-01,92.65760803222656,120.94000244140625,123.4000015258789,120.77999877929688,122.29000091552734,254585900
2011-09-02,90.29022979736328,117.8499984741211,120.87000274658203,117.43000030517578,118.41999816894531,255517200
2011-09-06,89.6313247680664,116.98999786376953,117.16000366210938,114.37999725341797,114.38999938964844,285130500
2011-09-07,92.15960693359375,120.29000091552734,120.33999633789062,118.36000061035156,118.76000213623047,209803200
2011-09-08,91.2019271850586,119.04000091552734,120.94000244140625,118.7699966430664,119.56999969482422,250568200
2011-09-09,88.81157684326172,115.91999816894531,119.05999755859375,115.27999877929688,117.68000030517578,380195100
2011-09-12,89.38618469238281,116.66999816894531,116.76000213623047,114.05000305175781,114.47000122070312,305793500
2011-09-13,90.20594787597656,117.73999786376953,118.18000030517578,116.22000122070312,117.05000305175781,272514700
2011-09-14,91.45480346679688,119.37000274658203,120.80000305175781,116.72000122070312,118.33999633789062,319389500
2011-09-15,93.03302764892578,121.43000030517578,121.47000122070312,119.4000015258789,120.6500015258789,326777200
2011-09-16,93.58367919921875,121.5199966430664,121.97000122070312,120.31999969482422,121.29000091552734,284528300
2011-09-19,92.65184020996094,120.30999755859375,120.93000030517578,118.72000122070312,119.52999877929688,241517000
2011-09-20,92.54402923583984,120.16999816894531,121.98999786376953,120.01000213623047,120.81999969482422,218932200
2011-09-21,89.81781005859375,116.62999725341797,120.5999984741211,116.44000244140625,120.2300033569336,316251300
2011-09-22,86.91448974609375,112.86000061035156,114.20999908447266,111.30000305175781,113.25,513911300
2011-09-23,87.43817138671875,113.54000091552734,114.16000366210938,112.0199966430664,112.11000061035156,307242500
2011-09-26,89.51748657226562,116.23999786376953,116.4000015258789,112.9800033569336,114.61000061035156,260673700
2011-09-27,90.51863861083984,117.54000091552734,119.55999755859375,116.83999633789062,118.52999877929688,311753900
2011-09-28,88.67037200927734,115.13999938964844,118.48999786376953,114.97000122070312,117.77999877929688,286696800
2011-09-29,89.37116241455078,116.05000305175781,117.62999725341797,113.93000030517578,117.05000305175781,298108900
2011-09-30,87.13784790039062,113.1500015258789,115.44999694824219,113.06999969482422,114.44999694824219,288392300
2011-10-03,84.6581039428711,109.93000030517578,113.94999694824219,109.80999755859375,112.48999786376953,365136800
2011-10-04,86.51405334472656,112.33999633789062,112.58000183105469,107.43000030517578,108.3499984741211,459177500
2011-10-05,88.11589813232422,114.41999816894531,114.72000122070312,111.58000183105469,112.62000274658203,284108000
2011-10-06,89.71000671386719,116.48999786376953,116.66000366210938,113.51000213623047,114.36000061035156,257800800
2011-10-07,89.10930633544922,115.70999908447266,117.25,115.05999755859375,117.16999816894531,312657900
2011-10-10,92.08963012695312,119.58000183105469,119.62999725341797,117.66999816894531,117.68000030517578,230666300
2011-10-11,92.18206787109375,119.69999694824219,120.04000091552734,118.75,118.87000274658203,209088000
2011-10-12,92.99065399169922,120.75,122.13999938964844,120.33000183105469,120.5999984741211,281544900
2011-10-13,92.80584716796875,120.51000213623047,120.87000274658203,119.12000274658203,120.04000091552734,212538800
2011-10-14,94.39228057861328,122.56999969482422,122.5999984741211,121.2300033569336,121.91000366210938,211397600
2011-10-17,92.5902099609375,120.2300033569336,122.55000305175781,119.93000030517578,121.98999786376953,202311600
2011-10-18,94.39997863769531,122.58000183105469,123.5,119.19999694824219,120.13999938964844,318857900
2011-10-19,93.2833023071289,121.12999725341797,123.08000183105469,120.70999908447266,122.37999725341797,226601300
2011-10-20,93.69146728515625,121.66000366210938,122.0999984741211,119.81999969482422,121.43000030517578,262075600
2011-10-21,95.47040557861328,123.97000122070312,124.12000274658203,122.72000122070312,123.08999633789062,278999400
2011-10-24,96.64099884033203,125.48999786376953,125.80000305175781,124.05999755859375,124.16999816894531,203215600
2011-10-25,94.76195526123047,123.05000305175781,124.94999694824219,122.77999877929688,124.88999938964844,268596800
2011-10-26,95.72456359863281,124.30000305175781,124.7699966430664,122.20999908447266,124.3499984741211,289053800
2011-10-27,99.05914306640625,128.6300048828125,129.4199981689453,126.61000061035156,127.62999725341797,393220200
2011-10-28,99.03605651855469,128.60000610351562,128.85000610351562,127.80000305175781,128.0,225906500
2011-10-31,96.64871215820312,125.5,128.6199951171875,125.31999969482422,127.16000366210938,228146700
2011-11-01,93.95331573486328,122.0,123.51000213623047,121.5199966430664,122.02999877929688,416565800
2011-11-02,95.4858169555664,123.98999786376953,124.4000015258789,122.79000091552734,123.83000183105469,244717600
2011-11-03,97.22628021240234,126.25,126.5,123.5999984741211,125.2699966430664,291174800
2011-11-04,96.63329315185547,125.4800033569336,125.69999694824219,124.01000213623047,125.2300033569336,249401600
2011-11-07,97.23396301269531,126.26000213623047,126.38999938964844,124.19999694824219,125.38999938964844,196617200
2011-11-08,98.4815444946289,127.87999725341797,128.02000427246094,125.70999908447266,126.91999816894531,224426300
2011-11-09,94.84664916992188,123.16000366210938,125.80000305175781,122.86000061035156,124.88999938964844,337982000
2011-11-10,95.73992919921875,124.31999969482422,124.94000244140625,123.0199966430664,124.79000091552734,231866500
2011-11-11,97.54203033447266,126.66000366210938,126.98999786376953,125.79000091552734,125.83000183105469,189924400
2011-11-14,96.61788940429688,125.45999908447266,127.44999694824219,124.91999816894531,126.19000244140625,159258300
2011-11-15,97.09532165527344,126.08000183105469,126.75,124.72000122070312,125.16999816894531,184709400
2011-11-16,95.55512237548828,124.08000183105469,126.33999633789062,123.9000015258789,124.80999755859375,235782500
2011-11-17,94.03803253173828,122.11000061035156,124.16000366210938,121.2300033569336,123.8499984741211,331219600
2011-11-18,93.93793487548828,121.9800033569336,122.75,121.47000122070312,122.5,215580400
2011-11-21,92.15126037597656,119.66000366210938,120.3499984741211,118.6500015258789,120.19999694824219,229611600
2011-11-22,91.78934478759766,119.19000244140625,120.0999984741211,118.5199966430664,119.4000015258789,216494900
2011-11-23,89.763916015625,116.55999755859375,119.19000244140625,116.55999755859375,118.06999969482422,224329100
2011-11-25,89.59449768066406,116.33999633789062,117.69999694824219,116.19999694824219,116.37999725341797,99557000
2011-11-28,92.18974304199219,119.70999908447266,120.18000030517578,118.81999969482422,119.54000091552734,210686000
2011-11-29,92.45159149169922,120.05000305175781,121.0,119.61000061035156,120.05000305175781,199241500
2011-11-30,96.25592803955078,124.98999786376953,125.22000122070312,120.0,123.48999786376953,324439500
2011-12-01,96.24052429199219,124.97000122070312,125.63999938964844,124.43000030517578,124.8499984741211,176954800
2011-12-02,96.15579986572266,124.86000061035156,126.5,124.77999877929688,126.12000274658203,221109700
2011-12-05,97.20320892333984,126.22000122070312,127.18000030517578,125.44000244140625,126.83999633789062,225263900
2011-12-06,97.23396301269531,126.26000213623047,127.11000061035156,125.76000213623047,126.20999908447266,178842100
2011-12-07,97.59595489501953,126.7300033569336,127.26000213623047,124.97000122070312,125.83999633789062,237802500
2011-12-08,95.45500946044922,123.94999694824219,126.18000030517578,123.6500015258789,125.9000015258789,240862800
2011-12-09,97.07221221923828,126.05000305175781,126.37000274658203,124.4000015258789,124.51000213623047,209111400
2011-12-12,95.65524291992188,124.20999908447266,124.97000122070312,123.16000366210938,124.94999694824219,215826100
2011-12-13,94.76195526123047,123.05000305175781,125.56999969482422,122.44999694824219,124.86000061035156,245159800
2011-12-14,93.75308990478516,121.73999786376953,123.02999877929688,121.47000122070312,122.55999755859375,238618800
2011-12-15,94.09196472167969,122.18000030517578,123.19999694824219,121.98999786376953,123.02999877929688,199109200
2011-12-16,94.2314453125,121.58999633789062,122.94999694824219,121.30000305175781,122.2300033569336,220481400
2011-12-19,93.22392272949219,120.29000091552734,122.31999969482422,120.02999877929688,122.05999755859375,183903000
2011-12-20,96.04491424560547,123.93000030517578,124.13999938964844,120.37000274658203,122.18000030517578,225418100
2011-12-21,96.23091125488281,124.16999816894531,124.36000061035156,122.75,123.93000030517578,194230900
2011-12-22,97.08340454101562,125.2699966430664,125.4000015258789,124.2300033569336,124.62999725341797,119465400
2011-12-23,97.95140075683594,126.38999938964844,126.43000030517578,125.41000366210938,125.66999816894531,92187200
2011-12-27,98.02889251708984,126.48999786376953,126.81999969482422,126.05999755859375,126.16999816894531,86075700
2011-12-28,96.7424087524414,124.83000183105469,126.52999877929688,124.7300033569336,126.51000213623047,119107100
2011-12-29,97.74214172363281,126.12000274658203,126.25,124.86000061035156,125.23999786376953,123507200
2011-12-30,97.26165771484375,125.5,126.33000183105469,125.5,126.0199966430664,95599000
2012-01-03,98.8116226196289,127.5,128.3800048828125,127.43000030517578,127.76000213623047,193697900
2012-01-04,98.96662902832031,127.69999694824219,127.80999755859375,126.70999908447266,127.19999694824219,127186500
2012-01-05,99.2301254272461,128.0399932861328,128.22999572753906,126.43000030517578,127.01000213623047,173895000
2012-01-06,98.97440338134766,127.70999908447266,128.22000122070312,127.29000091552734,128.1999969482422,148050000
2012-01-09,99.21466827392578,128.02000427246094,128.17999267578125,127.41000366210938,128.0,99530200
2012-01-10,100.07489776611328,129.1300048828125,129.64999389648438,128.9499969482422,129.38999938964844,115282000
2012-01-11,100.12913513183594,129.1999969482422,129.3699951171875,128.52000427246094,128.72999572753906,111540700
2012-01-12,100.36936950683594,129.50999450683594,129.6999969482422,128.5399932861328,129.57000732421875,118983700
2012-01-13,99.85011291503906,128.83999633789062,129.0500030517578,127.72000122070312,128.63999938964844,179836200
2012-01-17,100.23761749267578,129.33999633789062,130.32000732421875,128.89999389648438,130.0800018310547,132209200
2012-01-18,101.34586334228516,130.77000427246094,130.83999633789062,129.0800018310547,129.30999755859375,163395200
2012-01-19,101.88063049316406,131.4600067138672,131.57000732421875,130.8000030517578,131.22000122070312,126328900
2012-01-20,102.26034545898438,131.9499969482422,131.9499969482422,130.9199981689453,131.24000549316406,138230200
2012-01-23,101.99686431884766,131.61000061035156,132.25,130.97999572753906,131.50999450683594,129295800
2012-01-24,101.88063049316406,131.4600067138672,131.5,130.60000610351562,130.8000030517578,103083300
2012-01-25,102.73310089111328,132.55999755859375,132.8699951171875,130.75,131.25999450683594,198613200
2012-01-26,102.20611572265625,131.8800048828125,133.39999389648438,131.36000061035156,133.14999389648438,184880500
2012-01-27,102.15961456298828,131.82000732421875,132.0500030517578,131.14999389648438,131.24000549316406,135259100
2012-01-30,101.81085205078125,131.3699951171875,131.44000244140625,130.05999755859375,130.50999450683594,147311800
2012-01-31,101.77213287353516,131.32000732421875,132.17999267578125,130.67999267578125,132.02000427246094,157212000
2012-02-01,102.66338348388672,132.47000122070312,133.13999938964844,132.1300048828125,132.2899932861328,166234500
2012-02-02,102.82609558105469,132.67999267578125,133.02000427246094,132.2100067138672,132.72999572753906,113090400
2012-02-03,104.267578125,134.5399932861328,134.6199951171875,133.77000427246094,134.0,160598500
2012-02-06,104.19783782958984,134.4499969482422,134.50999450683594,133.8300018310547,133.97999572753906,107694500
2012-02-07,104.4613265991211,134.7899932861328,135.02000427246094,133.63999938964844,134.1699981689453,135528100
2012-02-08,104.77134704589844,135.19000244140625,135.22000122070312,134.30999755859375,134.86000061035156,139361400
2012-02-09,104.90306854248047,135.36000061035156,135.58999633789062,134.55999755859375,135.41000366210938,148602900
2012-02-10,104.1280517578125,134.36000061035156,134.47000122070312,133.83999633789062,134.16000366210938,167907500
2012-02-13,104.90306854248047,135.36000061035156,135.52000427246094,134.74000549316406,135.32000732421875,115841900
2012-02-14,104.77134704589844,135.19000244140625,135.27000427246094,134.25,135.0,165329500
2012-02-15,104.2830581665039,134.55999755859375,135.8300018310547,134.2899932861328,135.6300048828125,195195100
2012-02-16,105.43782806396484,136.0500030517578,136.1699981689453,134.3300018310547,134.57000732421875,186567800
2012-02-17,105.71683502197266,136.41000366210938,136.6300048828125,135.9600067138672,136.52000427246094,129869400
2012-02-21,105.7633285522461,136.47000122070312,137.0500030517578,136.0500030517578,136.72999572753906,134042300
2012-02-22,105.42229461669922,136.02999877929688,136.5500030517578,135.7899932861328,136.25999450683594,124455300
2012-02-23,105.88728332519531,136.6300048828125,136.72999572753906,135.5,135.9600067138672,137704300
2012-02-24,106.11985778808594,136.92999267578125,137.1999969482422,136.6300048828125,136.92999267578125,105539100
2012-02-27,106.29810333251953,137.16000366210938,137.52999877929688,135.8000030517578,136.02000427246094,145728900
2012-02-28,106.60807800292969,137.55999755859375,137.72000122070312,136.92999267578125,137.1999969482422,129355900
2012-02-29,106.18958282470703,137.02000427246094,138.19000244140625,136.5399932861328,137.75999450683594,185934700
2012-03-01,106.73983764648438,137.72999572753906,137.99000549316406,136.92999267578125,137.30999755859375,145023500
2012-03-02,106.41433715820312,137.30999755859375,137.82000732421875,137.0,137.63999938964844,120638300
2012-03-05,105.9803237915039,136.75,137.1999969482422,136.27999877929688,137.10000610351562,140765000
2012-03-06,104.43035888671875,134.75,135.42999267578125,134.36000061035156,135.35000610351562,202129900
2012-03-07,105.15886688232422,135.69000244140625,135.91000366210938,134.92999267578125,135.05999755859375,143692200
2012-03-08,106.205078125,137.0399932861328,137.32000732421875,136.24000549316406,136.52000427246094,116968900
2012-03-09,106.61583709716797,137.57000732421875,137.92999267578125,137.1300048828125,137.3000030517578,122836800
2012-03-12,106.62357330322266,137.5800018310547,137.75999450683594,137.08999633789062,137.5500030517578,104003500
2012-03-13,108.54554748535156,140.05999755859375,140.1300048828125,138.08999633789062,138.32000732421875,184090500
2012-03-14,108.4293212890625,139.91000366210938,140.4499969482422,139.47999572753906,140.10000610351562,145163600
2012-03-15,109.05706787109375,140.72000122070312,140.77999877929688,139.75999450683594,140.1199951171875,165118500
2012-03-16,109.20804595947266,140.3000030517578,140.47999572753906,140.0,140.36000061035156,152893500
2012-03-19,109.63616180419922,140.85000610351562,141.27999877929688,140.11000061035156,140.2100067138672,125291100
2012-03-20,109.31704711914062,140.44000244140625,140.61000061035156,139.63999938964844,140.0500030517578,121729700
2012-03-21,109.13804626464844,140.2100067138672,140.64999389648438,139.9199981689453,140.52000427246094,122388400
2012-03-22,108.35184478759766,139.1999969482422,139.5500030517578,138.74000549316406,139.17999267578125,135216700
2012-03-23,108.70213317871094,139.64999389648438,139.80999755859375,138.5500030517578,139.32000732421875,120521000
2012-03-26,110.22776794433594,141.61000061035156,141.61000061035156,140.60000610351562,140.64999389648438,120164000
2012-03-27,109.88525390625,141.1699981689453,141.8300018310547,141.0800018310547,141.74000549316406,119868500
2012-03-28,109.34041595458984,140.47000122070312,141.32000732421875,139.63999938964844,141.10000610351562,148562100
2012-03-29,109.15360260009766,140.22999572753906,140.49000549316406,139.08999633789062,139.63999938964844,164963700
2012-03-30,109.60502624511719,140.80999755859375,141.0500030517578,140.0500030517578,140.9199981689453,135486800
2012-04-02,110.40679931640625,141.83999633789062,142.2100067138672,140.36000061035156,140.63999938964844,151741100
2012-04-03,109.955322265625,141.25999450683594,141.8800048828125,140.42999267578125,141.63999938964844,155806700
2012-04-04,108.86553955078125,139.86000061035156,140.33999633789062,139.33999633789062,140.22000122070312,146896000
2012-04-05,108.8110580444336,139.7899932861328,140.1999969482422,139.25999450683594,139.3800048828125,137439400
2012-04-09,107.5890121459961,138.22000122070312,139.83999633789062,137.83999633789062,138.02999877929688,127555900
2012-04-10,105.78314208984375,135.89999389648438,138.33999633789062,135.75999450683594,137.9499969482422,235360300
2012-04-11,106.63936614990234,137.0,137.5399932861328,136.75,137.2899932861328,154133000
2012-04-12,108.03270721435547,138.7899932861328,138.89999389648438,137.02999877929688,137.1300048828125,154321500
2012-04-13,106.74835205078125,137.13999938964844,138.82000732421875,137.00999450683594,138.47000122070312,169246700
2012-04-16,106.6782455444336,137.0500030517578,138.0399932861328,136.5800018310547,137.83999633789062,147825300
2012-04-17,108.2583999633789,139.0800018310547,139.36000061035156,137.6999969482422,137.83999633789062,147877600
2012-04-18,107.8925552368164,138.61000061035156,139.0800018310547,138.3800048828125,138.4600067138672,123884200
2012-04-19,107.19977569580078,137.72000122070312,139.14999389648438,137.07000732421875,138.6300048828125,198666700
2012-04-20,107.37886810302734,137.9499969482422,138.8300018310547,137.8699951171875,138.3300018310547,143199600
2012-04-23,106.47594451904297,136.7899932861328,136.91000366210938,135.94000244140625,136.5399932861328,171844900
2012-04-24,106.88068389892578,137.30999755859375,137.66000366210938,136.8000030517578,136.91000366210938,137484200
2012-04-25,108.34407806396484,139.19000244140625,139.25,138.52999877929688,138.64999389648438,150252200
2012-04-26,109.09908294677734,140.16000366210938,140.32000732421875,138.80999755859375,138.88999938964844,136291600
2012-04-27,109.27811431884766,140.38999938964844,140.7899932861328,139.8000030517578,140.5800018310547,130725000
2012-04-30,108.87335968017578,139.8699951171875,140.2100067138672,139.49000549316406,140.11000061035156,115092200
2012-05-01,109.55059051513672,140.74000549316406,141.66000366210938,139.6300048828125,139.7899932861328,138832200
2012-05-02,109.22364807128906,140.32000732421875,140.4600067138672,139.4600067138672,139.9199981689453,121081000
2012-05-03,108.39075469970703,139.25,140.4499969482422,138.99000549316406,140.33999633789062,143759700
2012-05-04,106.63936614990234,137.0,139.3000030517578,136.9199981689453,138.52000427246094,193927300
2012-05-07,106.71722412109375,137.10000610351562,137.55999755859375,136.4600067138672,136.50999450683594,127765900
2012-05-08,106.2890853881836,136.5500030517578,136.77000427246094,134.9199981689453,136.27999877929688,213377700
2012-05-09,105.65859985351562,135.74000549316406,136.61000061035156,134.49000549316406,135.10000610351562,220752500
2012-05-10,105.87654113769531,136.02000427246094,136.85000610351562,135.7100067138672,136.67999267578125,150600000
2012-05-11,105.55741882324219,135.61000061035156,136.8699951171875,135.11000061035156,135.1699981689453,153032400
2012-05-14,104.38982391357422,134.11000061035156,135.61000061035156,133.91000366210938,134.30999755859375,163910000
2012-05-15,103.79048156738281,133.33999633789062,134.80999755859375,133.1300048828125,134.02000427246094,207629300
2012-05-16,103.39347839355469,132.8300018310547,134.5500030517578,132.8000030517578,133.94000244140625,207265500
2012-05-17,101.86006927490234,130.86000061035156,133.02000427246094,130.7899932861328,132.86000061035156,247992900
2012-05-18,100.98828125,129.74000549316406,131.60000610351562,129.5500030517578,131.3699951171875,319615900
2012-05-21,102.7240982055664,131.97000122070312,132.02000427246094,129.9499969482422,130.16000366210938,177861100
2012-05-22,102.90310668945312,132.1999969482422,133.22999572753906,131.33999633789062,132.30999755859375,197531200
2012-05-23,102.95760345458984,132.27000427246094,132.4600067138672,129.99000549316406,131.25,204958400
2012-05-24,103.15995788574219,132.52999877929688,132.83999633789062,131.4199981689453,132.6300048828125,167357600
2012-05-25,102.82527923583984,132.10000610351562,132.85000610351562,131.77999877929688,132.47999572753906,135465600
2012-05-29,104.07071685791016,133.6999969482422,133.92999267578125,131.1699981689453,133.16000366210938,152883500
2012-05-30,102.56061553955078,131.75999450683594,133.69000244140625,131.49000549316406,132.55999755859375,162370400
2012-05-31,102.3348617553711,131.47000122070312,132.4499969482422,130.33999633789062,131.7100067138672,196186000
2012-06-01,99.7584228515625,128.16000366210938,131.5,128.16000366210938,129.41000366210938,253240900
2012-06-04,99.71173858642578,128.10000610351562,128.74000549316406,127.13999938964844,128.38999938964844,202545800
2012-06-05,100.46676635742188,129.07000732421875,129.25999450683594,127.77999877929688,127.8499984741211,164149400
2012-06-06,102.7240982055664,131.97000122070312,132.02999877929688,129.92999267578125,129.97000122070312,184202800
2012-06-07,102.78636169433594,132.0500030517578,133.52999877929688,131.77999877929688,133.47000122070312,184772700
2012-06-08,103.60367584228516,133.10000610351562,133.1300048828125,131.2899932861328,131.7100067138672,143915400
2012-06-11,102.28819274902344,131.41000366210938,134.25,131.27999877929688,134.1699981689453,169756100
2012-06-12,103.4635238647461,132.9199981689453,133.00999450683594,131.16000366210938,131.7899932861328,181931800
2012-06-13,102.80191040039062,132.07000732421875,133.36000061035156,131.6199951171875,132.52999877929688,172223900
2012-06-14,103.89163970947266,133.47000122070312,134.0,131.97999572753906,132.33999633789062,230615500
2012-06-15,104.9542007446289,134.13999938964844,134.25999450683594,133.10000610351562,133.3800048828125,169444500
2012-06-18,105.15762329101562,134.39999389648438,134.72999572753906,133.27999877929688,133.5800018310547,131360900
2012-06-19,106.1747817993164,135.6999969482422,136.25,134.3699951171875,135.0800018310547,137382600
2012-06-20,106.00263214111328,135.47999572753906,136.10000610351562,134.27000427246094,135.7100067138672,206451800
2012-06-21,103.62408447265625,132.44000244140625,135.77999877929688,132.3300018310547,135.63999938964844,205272200
2012-06-22,104.42218017578125,133.4600067138672,133.7100067138672,132.6199951171875,133.1300048828125,130029200
2012-06-25,102.7477798461914,131.32000732421875,132.10000610351562,130.85000610351562,132.0500030517578,146375700
2012-06-26,103.26417541503906,131.97999572753906,132.3800048828125,130.92999267578125,131.6999969482422,141634000
2012-06-27,104.19525909423828,133.1699981689453,133.42999267578125,131.97000122070312,132.4199981689453,108088000
2012-06-28,103.89791870117188,132.7899932861328,132.99000549316406,131.27999877929688,132.2899932861328,169242100
2012-06-29,106.48773956298828,136.10000610351562,136.27000427246094,134.85000610351562,135.1999969482422,212250900
2012-07-02,106.80852508544922,136.50999450683594,136.64999389648438,135.52000427246094,136.47999572753906,129524500
2012-07-03,107.51271057128906,137.41000366210938,137.50999450683594,136.33999633789062,136.47999572753906,80450000
2012-07-05,107.02764892578125,136.7899932861328,137.8000030517578,136.2899932861328,136.89999389648438,126177500
2012-07-06,106.01045989990234,135.49000549316406,135.77000427246094,134.85000610351562,135.47000122070312,151192100
2012-07-09,105.8774642944336,135.32000732421875,135.57000732421875,134.6999969482422,135.3800048828125,103780500
2012-07-10,104.9542007446289,134.13999938964844,136.22999572753906,133.67999267578125,136.00999450683594,167884800
2012-07-11,104.96984100341797,134.16000366210938,134.60000610351562,133.3800048828125,134.2100067138672,141733400
2012-07-12,104.46125793457031,133.50999450683594,134.22999572753906,132.60000610351562,133.3800048828125,143583200
2012-07-13,106.21385955810547,135.75,135.88999938964844,133.83999633789062,133.86000061035156,129642600
2012-07-16,105.9635238647461,135.42999267578125,135.8300018310547,134.89999389648438,135.44000244140625,97525200
2012-07-17,106.69116973876953,136.36000061035156,136.63999938964844,134.5500030517578,135.97000122070312,138860300
2012-07-18,107.48140716552734,137.3699951171875,137.63999938964844,135.9600067138672,136.0399932861328,113349700
2012-07-19,107.76312255859375,137.72999572753906,138.17999267578125,137.2100067138672,137.64999389648438,129847300
2012-07-20,106.77722930908203,136.47000122070312,137.16000366210938,136.32000732421875,136.9499969482422,142904500
2012-07-23,105.69749450683594,135.08999633789062,136.3800048828125,133.83999633789062,134.47000122070312,145210900
2012-07-24,104.78987884521484,133.92999267578125,135.25,133.02999877929688,135.19000244140625,173301200
2012-07-25,104.81333923339844,133.9600067138672,134.55999755859375,133.25,134.2100067138672,129122300
2012-07-26,106.54251098632812,136.1699981689453,136.4600067138672,135.25999450683594,135.88999938964844,156526500
2012-07-27,108.50643157958984,138.67999267578125,139.07000732421875,136.13999938964844,136.88999938964844,236768900
2012-07-30,108.50643157958984,138.67999267578125,139.33999633789062,138.27000427246094,138.52000427246094,106782000
2012-07-31,107.74745178222656,137.7100067138672,138.8699951171875,137.7100067138672,138.49000549316406,120575900
2012-08-01,107.6535415649414,137.58999633789062,138.72999572753906,137.39999389648438,138.6999969482422,138293800
2012-08-02,106.91023254394531,136.63999938964844,137.57000732421875,135.5800018310547,136.5500030517578,199556600
2012-08-03,109.03062438964844,139.35000610351562,139.63999938964844,136.67999267578125,138.55999755859375,157825000
2012-08-06,109.2418441772461,139.6199951171875,140.1699981689453,139.55999755859375,139.72000122070312,86326200
2012-08-07,109.78958892822266,140.32000732421875,140.9199981689453,140.02999877929688,140.17999267578125,109545100
2012-08-08,109.92257690429688,140.49000549316406,140.64999389648438,139.80999755859375,139.85000610351562,89754700
2012-08-09,110.01646423339844,140.61000061035156,140.88999938964844,140.14999389648438,140.2899932861328,90291700
2012-08-10,110.19647216796875,140.83999633789062,140.88999938964844,139.80999755859375,140.0399932861328,99792700
2012-08-13,110.14164733886719,140.77000427246094,140.83999633789062,140.0399932861328,140.60000610351562,79426900
2012-08-14,110.15731048583984,140.7899932861328,141.3800048828125,140.3699951171875,141.2899932861328,102379400
2012-08-15,110.2824478149414,140.9499969482422,141.19000244140625,140.5500030517578,140.63999938964844,71085900
2012-08-16,111.09626770019531,141.99000549316406,142.16000366210938,140.8000030517578,141.14999389648438,112014200
2012-08-17,111.24485778808594,142.17999267578125,142.3000030517578,141.86000061035156,142.22999572753906,90813700
2012-08-20,111.25267791748047,142.19000244140625,142.22000122070312,141.58999633789062,141.97999572753906,78255700
2012-08-21,110.91625213623047,141.75999450683594,143.08999633789062,141.4499969482422,142.5399932861328,105581100
2012-08-22,110.96320343017578,141.82000732421875,142.0500030517578,141.07000732421875,141.39999389648438,133243500
2012-08-23,110.05558776855469,140.66000366210938,141.47999572753906,140.44000244140625,141.47000122070312,111466400
2012-08-24,110.7206802368164,141.50999450683594,141.8300018310547,140.22000122070312,140.30999755859375,99481200
2012-08-27,110.74414825439453,141.5399932861328,142.0800018310547,141.33999633789062,141.88999938964844,68785900
2012-08-28,110.63458251953125,141.39999389648438,141.83999633789062,140.97000122070312,141.17999267578125,75689600
2012-08-29,110.7206802368164,141.50999450683594,141.88999938964844,141.1199951171875,141.52000427246094,65421300
2012-08-30,109.92257690429688,140.49000549316406,140.94000244140625,140.19000244140625,140.89999389648438,96589900
2012-08-31,110.44681549072266,141.16000366210938,141.82000732421875,140.36000061035156,141.2899932861328,151970400
2012-09-04,110.3451156616211,141.02999877929688,141.4600067138672,140.1300048828125,141.0399932861328,120226200
2012-09-05,110.2511978149414,140.91000366210938,141.47000122070312,140.6300048828125,141.08999633789062,100660300
2012-09-06,112.48895263671875,143.77000427246094,143.77999877929688,141.75,141.75999450683594,158272500
2012-09-07,112.92707824707031,144.3300018310547,144.38999938964844,143.8800048828125,144.00999450683594,107272100
2012-09-10,112.28549194335938,143.50999450683594,144.44000244140625,143.4600067138672,144.19000244140625,86458500
2012-09-11,112.59851837158203,143.91000366210938,144.3699951171875,143.55999755859375,143.60000610351562,88760000
2012-09-12,112.97401428222656,144.38999938964844,144.5500030517578,143.89999389648438,144.38999938964844,87640900
2012-09-13,114.69532775878906,146.58999633789062,147.0399932861328,143.99000549316406,144.3699951171875,225470200
2012-09-14,115.20396423339844,147.24000549316406,148.11000061035156,146.75999450683594,146.8800048828125,169777000
2012-09-17,114.8127212524414,146.74000549316406,147.19000244140625,146.3699951171875,146.94000244140625,119427800
2012-09-18,114.71879577636719,146.6199951171875,146.80999755859375,146.25,146.49000549316406,98326600
2012-09-19,114.78138732910156,146.6999969482422,147.1699981689453,146.41000366210938,146.7899932861328,128318300
2012-09-20,114.78925323486328,146.7100067138672,146.7899932861328,145.6300048828125,146.02999877929688,154009800
2012-09-21,114.74127960205078,145.8699951171875,146.6699981689453,145.80999755859375,146.63999938964844,108737500
2012-09-24,114.5682144165039,145.64999389648438,145.97999572753906,145.0399932861328,145.14999389648438,95682000
2012-09-25,113.34901428222656,144.10000610351562,146.24000549316406,144.05999755859375,145.9600067138672,133165200
2012-09-26,112.71184539794922,143.2899932861328,144.11000061035156,142.9499969482422,144.07000732421875,146502200
2012-09-27,113.77375030517578,144.63999938964844,144.97000122070312,143.50999450683594,143.88999938964844,111830300
2012-09-28,113.24674224853516,143.97000122070312,144.55999755859375,143.4600067138672,144.08999633789062,150696100
2012-10-01,113.54564666748047,144.35000610351562,145.69000244140625,144.00999450683594,144.52000427246094,135911200
2012-10-02,113.66361236572266,144.5,145.14999389648438,143.8300018310547,144.9199981689453,113422200
2012-10-03,114.1277084350586,145.08999633789062,145.42999267578125,144.1300048828125,144.88999938964844,121283100
2012-10-04,114.9458236694336,146.1300048828125,146.33999633789062,145.44000244140625,145.63999938964844,124311600
2012-10-05,114.95367431640625,146.13999938964844,147.16000366210938,145.6999969482422,146.91000366210938,124842100
2012-10-08,114.56034851074219,145.63999938964844,146.1199951171875,145.30999755859375,145.60000610351562,78415400
2012-10-09,113.42761993408203,144.1999969482422,145.64999389648438,144.14999389648438,145.52999877929688,148872900
2012-10-10,112.70394134521484,143.27999877929688,144.32000732421875,143.08999633789062,144.17999267578125,124247500
2012-10-11,112.76689910888672,143.36000061035156,144.49000549316406,143.3300018310547,144.27999877929688,123601500
2012-10-12,112.39720916748047,142.88999938964844,143.9499969482422,142.5800018310547,143.4600067138672,124181900
2012-10-15,113.33324432373047,144.0800018310547,144.22999572753906,142.77000427246094,143.22999572753906,107689100
2012-10-16,114.481689453125,145.5399932861328,145.63999938964844,144.66000366210938,144.75999450683594,108815500
2012-10-17,115.0008316040039,146.1999969482422,146.32000732421875,145.4199981689453,145.63999938964844,128834100
2012-10-18,114.70191955566406,145.82000732421875,146.52000427246094,145.3300018310547,145.82000732421875,148108500
2012-10-19,112.79049682617188,143.38999938964844,145.55999755859375,143.0500030517578,145.5500030517578,185645200
2012-10-22,112.80622863769531,143.41000366210938,143.6699981689453,142.27999877929688,143.14999389648438,125578600
2012-10-23,111.24089813232422,141.4199981689453,142.05999755859375,140.8300018310547,141.86000061035156,192056300
2012-10-24,110.92625427246094,141.02000427246094,142.10000610351562,140.8000030517578,141.92999267578125,120179400
2012-10-25,111.2487564086914,141.42999267578125,142.27999877929688,140.57000732421875,142.02000427246094,134457400
2012-10-26,111.18584442138672,141.35000610351562,141.83999633789062,140.38999938964844,141.3000030517578,146023500
2012-10-31,111.18584442138672,141.35000610351562,142.02999877929688,140.67999267578125,141.85000610351562,103438500
2012-11-01,112.34998321533203,142.8300018310547,143.00999450683594,141.52000427246094,141.64999389648438,100995600
2012-11-02,111.35103607177734,141.55999755859375,143.72000122070312,141.41000366210938,143.67999267578125,137702200
2012-11-05,111.57915496826172,141.85000610351562,142.1699981689453,140.92999267578125,141.35000610351562,98378500
2012-11-06,112.45226287841797,142.9600067138672,143.52000427246094,142.1300048828125,142.27999877929688,107068100
2012-11-07,109.90367126464844,139.72000122070312,141.67999267578125,139.05999755859375,141.66000366210938,264304500
2012-11-08,108.5821533203125,138.0399932861328,140.41000366210938,137.92999267578125,139.6999969482422,181517300
2012-11-09,108.67660522460938,138.16000366210938,139.44000244140625,137.5500030517578,137.6199951171875,201055300
2012-11-12,108.7631607055664,138.27000427246094,138.80999755859375,137.9600067138672,138.58999633789062,97677500
2012-11-13,108.38552856445312,137.7899932861328,139.25,137.36000061035156,137.5399932861328,123018300
2012-11-14,106.92247772216797,135.92999267578125,138.42999267578125,135.6199951171875,138.2100067138672,191505000
2012-11-15,106.74154663085938,135.6999969482422,136.49000549316406,135.17999267578125,135.97999572753906,178128400
2012-11-16,107.2685775756836,136.3699951171875,136.63999938964844,134.6999969482422,135.89999389648438,239483900
2012-11-19,109.43958282470703,139.1300048828125,139.14999389648438,136.41000366210938,137.89999389648438,151495800
2012-11-20,109.4867935180664,139.19000244140625,139.4199981689453,138.0800018310547,138.91000366210938,119807400
2012-11-21,109.6912841796875,139.4499969482422,139.57000732421875,139.02999877929688,139.30999755859375,81710800
2012-11-23,111.18584442138672,141.35000610351562,141.39999389648438,140.0399932861328,140.1300048828125,65409200
2012-11-26,110.94984436035156,141.0500030517578,141.36000061035156,140.19000244140625,140.64999389648438,100124400
2012-11-27,110.3835220336914,140.3300018310547,141.38999938964844,140.24000549316406,140.91000366210938,128646200
2012-11-28,111.27238464355469,141.4600067138672,141.5399932861328,139.0,139.75999450683594,177086500
2012-11-29,111.79149627685547,142.1199951171875,142.50999450683594,141.3699951171875,141.99000549316406,151085900
2012-11-30,111.81507873535156,142.14999389648438,142.4199981689453,141.66000366210938,142.13999938964844,136568300
2012-12-03,111.26451110839844,141.4499969482422,142.9199981689453,141.33999633789062,142.8000030517578,124656300
2012-12-04,111.10724639892578,141.25,141.8699951171875,140.8699951171875,141.44000244140625,127512200
2012-12-05,111.30380249023438,141.5,142.16000366210938,140.3699951171875,141.3699951171875,147300500
2012-12-06,111.68138885498047,141.97999572753906,142.0399932861328,141.16000366210938,141.3699951171875,103220600
2012-12-07,112.01963806152344,142.41000366210938,142.69000244140625,141.6699981689453,142.52999877929688,108726400
2012-12-10,112.06680297851562,142.47000122070312,142.80999755859375,142.14999389648438,142.2100067138672,98840700
2012-12-11,112.82980346679688,143.44000244140625,144.11000061035156,142.99000549316406,143.05999755859375,152570400
2012-12-12,112.88492584228516,143.50999450683594,144.5500030517578,143.30999755859375,144.0,145880100
2012-12-13,112.19271087646484,142.6300048828125,143.8300018310547,142.27000427246094,143.4199981689453,135715000
2012-12-14,111.7757797241211,142.10000610351562,142.5800018310547,141.8800048828125,142.32000732421875,137701700
2012-12-17,113.08943176269531,143.77000427246094,143.85000610351562,142.42999267578125,142.47000122070312,143238200
2012-12-18,114.34798431396484,145.3699951171875,145.5,143.7899932861328,144.0,177762800
2012-12-19,113.4984359741211,144.2899932861328,145.5800018310547,144.24000549316406,145.52999877929688,150895400
2012-12-20,114.15131378173828,145.1199951171875,145.13999938964844,143.97999572753906,144.3800048828125,168487000
2012-12-21,113.11515808105469,142.7899932861328,144.08999633789062,141.94000244140625,142.1699981689453,245883800
2012-12-24,112.7665786743164,142.35000610351562,142.55999755859375,142.19000244140625,142.47999572753906,53874600
2012-12-26,112.29129791259766,141.75,142.7100067138672,141.35000610351562,142.63999938964844,106947700
2012-12-27,112.14080047607422,141.55999755859375,142.0800018310547,139.9199981689453,141.7899932861328,167920600
2012-12-28,110.92876434326172,140.02999877929688,141.4199981689453,139.8699951171875,140.63999938964844,148806700
2012-12-31,112.81414794921875,142.41000366210938,142.55999755859375,139.5399932861328,139.66000366210938,243935200
2013-01-02,115.70557403564453,146.05999755859375,146.14999389648438,144.72999572753906,145.11000061035156,192059000
2013-01-03,115.44412994384766,145.72999572753906,146.3699951171875,145.33999633789062,145.99000549316406,144761800
2013-01-04,115.95113372802734,146.3699951171875,146.61000061035156,145.6699981689453,145.97000122070312,116817700
2013-01-07,115.63427734375,145.97000122070312,146.11000061035156,145.42999267578125,145.85000610351562,110002500
2013-01-08,115.30159759521484,145.5500030517578,145.91000366210938,144.97999572753906,145.7100067138672,121265100
2013-01-09,115.59463500976562,145.9199981689453,146.32000732421875,145.63999938964844,145.8699951171875,90745600
2013-01-10,116.51359558105469,147.0800018310547,147.08999633789062,145.97000122070312,146.72999572753906,130735400
2013-01-11,116.5056381225586,147.07000732421875,147.14999389648438,146.61000061035156,147.0399932861328,113917300
2013-01-14,116.4264907836914,146.97000122070312,147.07000732421875,146.42999267578125,146.88999938964844,89567200
2013-01-15,116.5056381225586,147.07000732421875,147.2100067138672,146.1999969482422,146.2899932861328,93172600
2013-01-16,116.48983764648438,147.0500030517578,147.27999877929688,146.61000061035156,146.77000427246094,104849500
2013-01-17,117.24239349365234,148.0,148.4199981689453,147.14999389648438,147.6999969482422,133833500
2013-01-18,117.50381469726562,148.3300018310547,148.49000549316406,147.42999267578125,147.97000122070312,169906000
2013-01-22,118.1375503540039,149.1300048828125,149.1300048828125,147.97999572753906,148.3300018310547,111797300
2013-01-23,118.32769775390625,149.3699951171875,149.5,148.86000061035156,149.1300048828125,104596100
2013-01-24,118.3593521118164,149.41000366210938,150.13999938964844,149.00999450683594,149.14999389648438,146426400
2013-01-25,119.02483367919922,150.25,150.25,149.3699951171875,149.8800048828125,147211600
2013-01-28,118.88227081298828,150.07000732421875,150.3300018310547,149.50999450683594,150.2899932861328,113357700
2013-01-29,119.34956359863281,150.66000366210938,150.85000610351562,149.6699981689453,149.77000427246094,105694400
2013-01-30,118.88227081298828,150.07000732421875,150.94000244140625,149.92999267578125,150.63999938964844,137447700
2013-01-31,118.58908081054688,149.6999969482422,150.3800048828125,149.60000610351562,149.88999938964844,108975800
2013-02-01,119.80908203125,151.24000549316406,151.4199981689453,150.38999938964844,150.64999389648438,131173000
2013-02-04,118.46234130859375,149.5399932861328,151.27000427246094,149.42999267578125,150.32000732421875,159073600
2013-02-05,119.65852355957031,151.0500030517578,151.47999572753906,150.2899932861328,150.35000610351562,113912400
2013-02-06,119.74571228027344,151.16000366210938,151.25999450683594,150.41000366210938,150.52000427246094,138762800
2013-02-07,119.5872573852539,150.9600067138672,151.35000610351562,149.86000061035156,151.2100067138672,162490000
2013-02-08,120.25269317626953,151.8000030517578,151.88999938964844,151.22000122070312,151.22000122070312,103133700
2013-02-11,120.22887420654297,151.77000427246094,151.89999389648438,151.38999938964844,151.74000549316406,73775000
2013-02-12,120.42694091796875,152.02000427246094,152.3000030517578,151.61000061035156,151.77999877929688,65392700
2013-02-13,120.52992248535156,152.14999389648438,152.61000061035156,151.72000122070312,152.3300018310547,82322600
2013-02-14,120.64083099365234,152.2899932861328,152.47000122070312,151.52000427246094,151.69000244140625,80834300
2013-02-15,120.4982681274414,152.11000061035156,152.58999633789062,151.5500030517578,152.42999267578125,215226500
2013-02-19,121.40127563476562,153.25,153.27999877929688,152.16000366210938,152.3699951171875,95105400
2013-02-20,119.88826751708984,151.33999633789062,153.19000244140625,151.25999450683594,153.13999938964844,160574800
2013-02-21,119.1594467163086,150.4199981689453,151.4199981689453,149.94000244140625,150.9600067138672,183257000
2013-02-22,120.32395935058594,151.88999938964844,151.88999938964844,150.49000549316406,151.14999389648438,106356600
2013-02-25,118.03462219238281,149.0,152.86000061035156,149.0,152.6300048828125,245824800
2013-02-26,118.84259033203125,150.02000427246094,150.1999969482422,148.72999572753906,149.72000122070312,186596200
2013-02-27,120.33978271484375,151.91000366210938,152.3300018310547,149.75999450683594,149.88999938964844,150781900
2013-02-28,120.10211944580078,151.61000061035156,152.8699951171875,151.41000366210938,151.89999389648438,126866000
2013-03-01,120.4982681274414,152.11000061035156,152.33999633789062,150.41000366210938,151.08999633789062,170634800
2013-03-04,121.13994598388672,152.9199981689453,152.9199981689453,151.52000427246094,151.75999450683594,99010200
2013-03-05,122.22518920898438,154.2899932861328,154.6999969482422,153.63999938964844,153.66000366210938,121431900
2013-03-06,122.39157104492188,154.5,154.9199981689453,154.16000366210938,154.83999633789062,94469900
2013-03-07,122.6133804321289,154.77999877929688,154.97999572753906,154.52000427246094,154.6999969482422,86101400
2013-03-08,123.13617706298828,155.44000244140625,155.64999389648438,154.66000366210938,155.4600067138672,123477800
2013-03-11,123.60357666015625,156.02999877929688,156.0399932861328,155.1300048828125,155.32000732421875,83746800
2013-03-12,123.32633972167969,155.67999267578125,156.10000610351562,155.2100067138672,155.9199981689453,105755800
2013-03-13,123.50060272216797,155.89999389648438,156.1199951171875,155.22999572753906,155.75999450683594,92550900
2013-03-14,124.15809631347656,156.72999572753906,156.8000030517578,155.91000366210938,156.30999755859375,126329900
2013-03-15,123.99419403076172,155.8300018310547,156.0399932861328,155.30999755859375,155.85000610351562,138601100
2013-03-18,123.30992126464844,154.97000122070312,155.63999938964844,154.1999969482422,154.33999633789062,126704300
2013-03-19,123.02344512939453,154.61000061035156,155.50999450683594,153.58999633789062,155.3000030517578,167567300
2013-03-20,123.88277435302734,155.69000244140625,155.9499969482422,155.25999450683594,155.52000427246094,113759300
2013-03-21,122.82449340820312,154.36000061035156,155.63999938964844,154.10000610351562,154.75999450683594,128605000
2013-03-22,123.81116485595703,155.60000610351562,155.60000610351562,154.72999572753906,154.85000610351562,111163600
2013-03-25,123.29397583007812,154.9499969482422,156.27000427246094,154.35000610351562,156.00999450683594,151322300
2013-03-26,124.28064727783203,156.19000244140625,156.22999572753906,155.4199981689453,155.58999633789062,86856600
2013-03-27,124.28064727783203,156.19000244140625,156.24000549316406,155.0,155.25999450683594,99950600
2013-03-28,124.66259002685547,156.6699981689453,156.85000610351562,155.75,156.08999633789062,102932800
2013-04-01,124.16925811767578,156.0500030517578,156.91000366210938,155.6699981689453,156.58999633789062,99194100
2013-04-02,124.78197479248047,156.82000732421875,157.2100067138672,156.3699951171875,156.61000061035156,101504300
2013-04-03,123.51678466796875,155.22999572753906,157.02999877929688,154.82000732421875,156.91000366210938,154167400
2013-04-04,124.0180435180664,155.86000061035156,156.1699981689453,155.08999633789062,155.42999267578125,131885000
2013-04-05,123.4610824584961,155.16000366210938,155.35000610351562,153.77000427246094,153.9499969482422,159666000
2013-04-08,124.29658508300781,156.2100067138672,156.22000122070312,154.75,155.27000427246094,86571200
2013-04-09,124.72624206542969,156.75,157.32000732421875,155.97999572753906,156.5,101922200
2013-04-10,126.25398254394531,158.6699981689453,158.8699951171875,157.1300048828125,157.1699981689453,135711100
2013-04-11,126.667724609375,159.19000244140625,159.7100067138672,158.5399932861328,158.6999969482422,110142500
2013-04-12,126.35743713378906,158.8000030517578,159.0399932861328,157.9199981689453,158.67999267578125,116359900
2013-04-15,123.42925262451172,155.1199951171875,158.1300048828125,155.10000610351562,158.0,217259000
2013-04-16,125.25143432617188,157.41000366210938,157.49000549316406,155.91000366210938,156.2899932861328,147507800
2013-04-17,123.42131805419922,155.11000061035156,156.32000732421875,154.27999877929688,156.2899932861328,226834800
2013-04-18,122.64950561523438,154.13999938964844,155.41000366210938,153.5500030517578,155.3699951171875,167583200
2013-04-19,123.71570587158203,155.47999572753906,155.5500030517578,154.1199951171875,154.5,149687600
2013-04-22,124.26472473144531,156.1699981689453,156.5399932861328,154.75,155.77999877929688,106553500
2013-04-23,125.54581451416016,157.77999877929688,157.92999267578125,156.1699981689453,156.9499969482422,166141300
2013-04-24,125.62545776367188,157.8800048828125,158.3000030517578,157.5399932861328,157.8300018310547,96781200
2013-04-25,126.13462829589844,158.52000427246094,159.27000427246094,158.10000610351562,158.33999633789062,131060600
2013-04-26,125.91183471679688,158.24000549316406,158.60000610351562,157.72999572753906,158.3300018310547,95918800
2013-04-29,126.75521087646484,159.3000030517578,159.64999389648438,158.4199981689453,158.6699981689453,88572800
2013-04-30,127.0576400756836,159.67999267578125,159.72000122070312,158.61000061035156,159.27000427246094,116010700
2013-05-01,125.94369506835938,158.27999877929688,159.41000366210938,158.10000610351562,159.3300018310547,138874200
2013-05-02,127.11331939697266,159.75,159.88999938964844,158.52999877929688,158.67999267578125,96407600
2013-05-03,128.40237426757812,161.3699951171875,161.8800048828125,159.77999877929688,161.13999938964844,144202300
2013-05-06,128.7285919189453,161.77999877929688,162.00999450683594,161.4199981689453,161.49000549316406,66882100
2013-05-07,129.38104248046875,162.60000610351562,162.64999389648438,161.6699981689453,162.1300048828125,90359200
2013-05-08,129.9699249267578,163.33999633789062,163.38999938964844,162.3300018310547,162.4199981689453,97419200
2013-05-09,129.60391235351562,162.8800048828125,163.6999969482422,162.47000122070312,163.27000427246094,106738600
2013-05-10,130.02561950683594,163.41000366210938,163.5500030517578,162.50999450683594,162.99000549316406,103203000
2013-05-13,130.12901306152344,163.5399932861328,163.80999755859375,162.82000732421875,163.1999969482422,81843200
2013-05-14,131.4737091064453,165.22999572753906,165.35000610351562,163.6699981689453,163.6699981689453,119000900
2013-05-15,132.1819610595703,166.1199951171875,166.4499969482422,164.91000366210938,164.9600067138672,120718500
2013-05-16,131.56130981445312,165.33999633789062,166.36000061035156,165.08999633789062,165.77999877929688,109913600
2013-05-17,132.83445739746094,166.94000244140625,167.0399932861328,165.72999572753906,165.9499969482422,129801000
2013-05-20,132.82647705078125,166.92999267578125,167.5800018310547,166.61000061035156,166.77999877929688,85071200
2013-05-21,133.0174560546875,167.1699981689453,167.8000030517578,166.5,167.0800018310547,95804200
2013-05-22,132.0308074951172,165.92999267578125,169.07000732421875,165.1699981689453,167.33999633789062,244031800
2013-05-23,131.6488800048828,165.4499969482422,165.91000366210938,163.94000244140625,164.16000366210938,211064400
2013-05-24,131.5373992919922,165.30999755859375,165.3800048828125,163.97999572753906,164.47000122070312,151573900
2013-05-28,132.32516479492188,166.3000030517578,167.77999877929688,165.80999755859375,167.0399932861328,143679800
2013-05-29,131.46583557128906,165.22000122070312,165.8000030517578,164.33999633789062,165.4199981689453,160363400
2013-05-30,131.9512176513672,165.8300018310547,166.58999633789062,165.22000122070312,165.35000610351562,107793800
2013-05-31,130.05738830566406,163.4499969482422,166.30999755859375,163.1300048828125,165.3699951171875,176850100
2013-06-03,130.77352905273438,164.35000610351562,164.4600067138672,162.66000366210938,163.8300018310547,168390700
2013-06-04,130.14491271972656,163.55999755859375,165.10000610351562,162.72999572753906,164.44000244140625,157631500
2013-06-05,128.3227996826172,161.27000427246094,163.4199981689453,161.1300048828125,163.08999633789062,211737800
2013-06-06,129.48455810546875,162.72999572753906,162.74000549316406,160.25,161.1999969482422,200225500
2013-06-07,131.13169860839844,164.8000030517578,164.9499969482422,163.13999938964844,163.85000610351562,188337800
2013-06-10,131.13169860839844,164.8000030517578,165.39999389648438,164.3699951171875,165.30999755859375,105667100
2013-06-11,129.7789764404297,163.10000610351562,164.5399932861328,162.74000549316406,163.3000030517578,159505400
2013-06-12,128.70477294921875,161.75,164.38999938964844,161.60000610351562,164.22000122070312,177361500
2013-06-13,130.6621551513672,164.2100067138672,164.5,161.3000030517578,161.66000366210938,163587800
2013-06-14,129.84259033203125,163.17999267578125,164.6699981689453,162.91000366210938,164.02999877929688,141197500
2013-06-17,130.8451690673828,164.44000244140625,165.22000122070312,163.22000122070312,164.2899932861328,136295600
2013-06-18,131.87960815429688,165.74000549316406,165.99000549316406,164.52000427246094,164.52999877929688,114695600
2013-06-19,130.05738830566406,163.4499969482422,165.88999938964844,163.3800048828125,165.60000610351562,206149500
2013-06-20,126.83478546142578,159.39999389648438,163.47000122070312,158.97999572753906,161.86000061035156,321255900
2013-06-21,127.24202728271484,159.07000732421875,159.75999450683594,157.47000122070312,159.63999938964844,271956800
2013-06-24,125.6341781616211,157.05999755859375,158.42999267578125,155.72999572753906,157.41000366210938,222329000
2013-06-25,126.84207916259766,158.57000732421875,160.10000610351562,157.4199981689453,158.47999572753906,162262200
2013-06-26,128.09793090820312,160.13999938964844,160.5,159.25,159.8699951171875,134848000
2013-06-27,128.84982299804688,161.0800018310547,161.82000732421875,160.9499969482422,161.10000610351562,129483700
2013-06-28,128.3218994140625,160.4199981689453,161.39999389648438,159.86000061035156,160.6300048828125,160402900
2013-07-01,129.07386779785156,161.36000061035156,162.47999572753906,161.0800018310547,161.25999450683594,131954800
2013-07-02,128.9538116455078,161.2100067138672,162.3000030517578,160.5,161.1199951171875,154863700
2013-07-03,129.00979614257812,161.27999877929688,161.77000427246094,160.22000122070312,160.47999572753906,75216400
2013-07-05,130.40162658691406,163.02000427246094,163.0800018310547,161.3000030517578,162.47000122070312,122416900
2013-07-08,131.14559936523438,163.9499969482422,164.38999938964844,163.0800018310547,163.86000061035156,108092500
2013-07-09,132.08950805664062,165.1300048828125,165.3300018310547,164.27000427246094,164.97999572753906,119298000
2013-07-10,132.13748168945312,165.19000244140625,165.75,164.6300048828125,164.97000122070312,121410100
2013-07-11,133.93734741210938,167.44000244140625,167.61000061035156,165.17999267578125,167.11000061035156,135592200
2013-07-12,133.99325561523438,167.50999450683594,167.92999267578125,167.1300048828125,167.38999938964844,104212700
2013-07-15,134.5052490234375,168.14999389648438,168.38999938964844,167.67999267578125,167.97000122070312,69450600
2013-07-16,134.00128173828125,167.52000427246094,168.36000061035156,167.07000732421875,168.25999450683594,88702100
2013-07-17,134.34524536132812,167.9499969482422,168.47999572753906,167.72999572753906,168.16000366210938,92873900
2013-07-18,135.08114624023438,168.8699951171875,169.27000427246094,168.1999969482422,168.30999755859375,103620100
2013-07-19,135.3210906982422,169.1699981689453,169.22999572753906,168.30999755859375,168.52000427246094,103831700
2013-07-22,135.5851287841797,169.5,169.74000549316406,169.00999450683594,169.41000366210938,79428600
2013-07-23,135.29714965820312,169.13999938964844,169.8300018310547,169.0500030517578,169.8000030517578,80829700
2013-07-24,134.80120849609375,168.52000427246094,169.86000061035156,168.17999267578125,169.7899932861328,112914000
2013-07-25,135.12916564941406,168.92999267578125,169.0800018310547,167.94000244140625,168.22000122070312,111088600
2013-07-26,135.27310180664062,169.11000061035156,169.16000366210938,167.52000427246094,168.22000122070312,107814600
2013-07-29,134.85716247558594,168.58999633789062,169.05999755859375,168.11000061035156,168.67999267578125,79695000
2013-07-30,134.85716247558594,168.58999633789062,169.27999877929688,168.19000244140625,169.10000610351562,85209600
2013-07-31,134.9532012939453,168.7100067138672,169.85000610351562,168.49000549316406,168.94000244140625,142388700
2013-08-01,136.51296997070312,170.66000366210938,170.80999755859375,169.89999389648438,169.99000549316406,110438400
2013-08-02,136.7449951171875,170.9499969482422,170.97000122070312,170.0500030517578,170.27999877929688,91116700
2013-08-05,136.54498291015625,170.6999969482422,170.9600067138672,170.35000610351562,170.57000732421875,54072700
2013-08-06,135.76904296875,169.72999572753906,170.74000549316406,169.35000610351562,170.3699951171875,87495000
2013-08-07,135.3291015625,169.17999267578125,169.42999267578125,168.5500030517578,169.19000244140625,84854700
2013-08-08,135.8250732421875,169.8000030517578,170.17999267578125,168.92999267578125,169.97999572753906,102181300
2013-08-09,135.43312072753906,169.30999755859375,170.10000610351562,168.72000122070312,169.5800018310547,91757700
2013-08-12,135.27310180664062,169.11000061035156,169.30999755859375,168.3800048828125,168.4600067138672,68593300
2013-08-13,135.67306518554688,169.61000061035156,169.89999389648438,168.41000366210938,169.41000366210938,80806000
2013-08-14,134.97715759277344,168.74000549316406,169.8000030517578,168.6999969482422,169.52999877929688,79829200
2013-08-15,133.08934020996094,166.3800048828125,167.42999267578125,166.08999633789062,167.41000366210938,152931800
2013-08-16,132.64944458007812,165.8300018310547,166.6300048828125,165.5,166.05999755859375,130868200
2013-08-19,131.80154418945312,164.77000427246094,166.2100067138672,164.75999450683594,165.63999938964844,96437600
2013-08-20,132.44940185546875,165.5800018310547,166.1999969482422,164.86000061035156,165.0399932861328,89294400
2013-08-21,131.633544921875,164.55999755859375,166.02999877929688,164.19000244140625,165.1199951171875,159530500
2013-08-22,132.8333740234375,166.05999755859375,166.3000030517578,164.88999938964844,164.89999389648438,101471400
2013-08-23,133.2812957763672,166.6199951171875,166.8300018310547,165.77000427246094,166.5500030517578,90888900
2013-08-26,132.78543090820312,166.0,167.3000030517578,165.88999938964844,166.7899932861328,89702100
2013-08-27,130.649658203125,163.3300018310547,166.0,163.2100067138672,164.36000061035156,158619400
2013-08-28,131.11363220214844,163.91000366210938,164.49000549316406,163.0500030517578,163.25999450683594,108113000
2013-08-29,131.32162475585938,164.1699981689453,165.0399932861328,163.39999389648438,163.5500030517578,119200500
2013-08-30,130.90554809570312,163.64999389648438,164.52999877929688,163.1699981689453,164.50999450683594,134928900
2013-09-03,131.49754333496094,164.38999938964844,165.5800018310547,163.6999969482422,165.22999572753906,142375100
2013-09-04,132.58541870117188,165.75,166.02999877929688,164.1300048828125,164.42999267578125,97389400
2013-09-05,132.75343322753906,165.9600067138672,166.39999389648438,165.72999572753906,165.85000610351562,63090500
2013-09-06,132.8173828125,166.0399932861328,166.97999572753906,164.47999572753906,166.50999450683594,159756500
2013-09-09,134.08924865722656,167.6300048828125,167.72999572753906,166.4499969482422,166.4499969482422,87559300
2013-09-10,135.08114624023438,168.8699951171875,168.89999389648438,168.25999450683594,168.63999938964844,105847200
2013-09-11,135.5051727294922,169.39999389648438,169.39999389648438,168.35000610351562,168.63999938964844,94545900
2013-09-12,135.1451416015625,168.9499969482422,169.55999755859375,168.72000122070312,169.33999633789062,83209000
2013-09-13,135.44912719726562,169.3300018310547,169.4600067138672,168.74000549316406,169.1300048828125,72727800
2013-09-16,136.23304748535156,170.30999755859375,171.24000549316406,170.0399932861328,171.16000366210938,106299200
2013-09-17,136.84091186523438,171.07000732421875,171.11000061035156,170.4600067138672,170.4600067138672,82523300
2013-09-18,138.42477416992188,173.0500030517578,173.52000427246094,170.5800018310547,171.00999450683594,203460600
2013-09-19,138.1927947998047,172.75999450683594,173.60000610351562,172.58999633789062,173.52000427246094,146616900
2013-09-20,137.22666931152344,170.72000122070312,172.3300018310547,170.5800018310547,172.3300018310547,132867100
2013-09-23,136.5915985107422,169.92999267578125,170.64999389648438,169.38999938964844,170.49000549316406,104616500
2013-09-24,136.27011108398438,169.52999877929688,170.52999877929688,169.2100067138672,169.89999389648438,106333100
2013-09-25,135.876220703125,169.0399932861328,169.97999572753906,168.88999938964844,169.63999938964844,117306500
2013-09-26,136.39871215820312,169.69000244140625,170.1699981689453,169.0500030517578,169.32000732421875,77146900
2013-09-27,135.77175903320312,168.91000366210938,169.13999938964844,168.47000122070312,168.83999633789062,99141800
2013-09-30,135.04823303222656,168.00999450683594,168.5399932861328,167.14999389648438,167.47999572753906,143937000
2013-10-01,136.11734008789062,169.33999633789062,169.5,167.97000122070312,168.13999938964844,127160000
2013-10-02,135.9887237548828,169.17999267578125,169.33999633789062,167.8300018310547,168.35000610351562,113350000
2013-10-03,134.73475646972656,167.6199951171875,168.94000244140625,166.83999633789062,168.7899932861328,176698000
2013-10-04,135.75570678710938,168.88999938964844,169.05999755859375,167.52999877929688,167.75,96878000
2013-10-07,134.5820770263672,167.42999267578125,168.4499969482422,167.25,167.4199981689453,96295000
2013-10-08,133.01461791992188,165.47999572753906,167.6199951171875,165.36000061035156,167.39999389648438,178015000
2013-10-09,133.1111297607422,165.60000610351562,166.1999969482422,164.52999877929688,165.8000030517578,168973000
2013-10-10,135.98069763183594,169.1699981689453,169.25999450683594,167.22999572753906,167.2899932861328,195955000
2013-10-11,136.8568572998047,170.25999450683594,170.32000732421875,168.77000427246094,168.91000366210938,105040000
2013-10-14,137.40347290039062,170.94000244140625,171.0800018310547,169.0800018310547,169.2100067138672,112106000
2013-10-15,136.40673828125,169.6999969482422,171.14999389648438,169.47000122070312,170.50999450683594,155485000
2013-10-16,138.31179809570312,172.07000732421875,172.16000366210938,170.63999938964844,170.72000122070312,161676000
2013-10-17,139.23614501953125,173.22000122070312,173.32000732421875,171.33999633789062,171.3699951171875,129389000
2013-10-18,140.1766357421875,174.38999938964844,174.50999450683594,173.50999450683594,173.86000061035156,138316000
2013-10-21,140.18466186523438,174.39999389648438,174.75,174.00999450683594,174.4499969482422,104104000
2013-10-22,140.99652099609375,175.41000366210938,175.92999267578125,174.42999267578125,174.91000366210938,126663000
2013-10-23,140.32131958007812,174.57000732421875,174.88999938964844,173.9600067138672,174.80999755859375,105484000
2013-10-24,140.78753662109375,175.14999389648438,175.3699951171875,174.50999450683594,174.9199981689453,70350000
2013-10-25,141.4306182861328,175.9499969482422,176.0,175.1699981689453,175.50999450683594,93625000
2013-10-28,141.65565490722656,176.22999572753906,176.47000122070312,175.6999969482422,175.88999938964844,84979000
2013-10-29,142.41119384765625,177.1699981689453,177.24000549316406,176.3800048828125,176.6300048828125,87401000
2013-10-30,141.7037811279297,176.2899932861328,177.50999450683594,175.66000366210938,177.3800048828125,140002000
2013-10-31,141.3019561767578,175.7899932861328,176.88999938964844,175.52999877929688,176.14999389648438,133795000
2013-11-01,141.63955688476562,176.2100067138672,176.61000061035156,175.22000122070312,176.02000427246094,142805000
2013-11-04,142.13787841796875,176.8300018310547,176.89999389648438,175.97999572753906,176.69000244140625,85677000
2013-11-05,141.68775939941406,176.27000427246094,176.75,175.57000732421875,176.13999938964844,85825000
2013-11-06,142.41119384765625,177.1699981689453,177.5,176.5399932861328,177.02999877929688,87348000
2013-11-07,140.61065673828125,174.92999267578125,177.63999938964844,174.75999450683594,177.5,157000000
2013-11-08,142.5076446533203,177.2899932861328,177.30999755859375,174.85000610351562,174.8699951171875,136713000
2013-11-11,142.53182983398438,177.32000732421875,177.52999877929688,176.91000366210938,177.1199951171875,62614000
2013-11-12,142.24241638183594,176.9600067138672,177.36000061035156,176.3699951171875,176.94000244140625,83990000
2013-11-13,143.38381958007812,178.3800048828125,178.42999267578125,176.08999633789062,176.08999633789062,103844000
2013-11-14,144.0991668701172,179.27000427246094,179.4199981689453,178.25,178.5399932861328,103435000
2013-11-15,144.72621154785156,180.0500030517578,180.1199951171875,179.3300018310547,179.55999755859375,102818000
2013-11-18,144.2198028564453,179.4199981689453,180.5,179.02000427246094,180.35000610351562,104796000
2013-11-19,143.9062957763672,179.02999877929688,179.8699951171875,178.72000122070312,179.3300018310547,93891000
2013-11-20,143.45619201660156,178.47000122070312,179.92999267578125,177.97999572753906,179.38999938964844,124909000
2013-11-21,144.6136474609375,179.91000366210938,180.0500030517578,178.86000061035156,178.97000122070312,92841000
2013-11-22,145.3370361328125,180.80999755859375,180.8300018310547,179.77000427246094,179.97999572753906,81296000
2013-11-25,145.19236755371094,180.6300048828125,181.1699981689453,180.3699951171875,181.1300048828125,79486000
2013-11-26,145.23255920410156,180.67999267578125,181.22000122070312,180.41000366210938,180.72000122070312,86994000
2013-11-27,145.58628845214844,181.1199951171875,181.24000549316406,180.64999389648438,180.8699951171875,58800000
2013-11-29,145.4898681640625,181.0,181.75,180.8000030517578,181.32000732421875,55870900
2013-12-02,145.11199951171875,180.52999877929688,181.42999267578125,180.25,181.08999633789062,99726000
2013-12-03,144.48504638671875,179.75,180.38999938964844,179.1699981689453,179.94000244140625,116563000
2013-12-04,144.468994140625,179.72999572753906,180.47999572753906,178.35000610351562,179.10000610351562,123033000
2013-12-05,143.8339080810547,178.94000244140625,179.74000549316406,178.77000427246094,179.41000366210938,106934000
2013-12-06,145.4415740966797,180.94000244140625,181.11000061035156,180.14999389648438,180.6699981689453,127728000
2013-12-09,145.81137084960938,181.39999389648438,181.6699981689453,181.16000366210938,181.47000122070312,70124000
2013-12-10,145.288818359375,180.75,181.36000061035156,180.63999938964844,180.97999572753906,80976000
2013-12-11,143.65711975097656,178.72000122070312,180.85000610351562,178.5,180.82000732421875,130591000
2013-12-12,143.18284606933594,178.1300048828125,178.86000061035156,177.75999450683594,178.63999938964844,115565000
2013-12-13,143.16677856445312,178.11000061035156,178.66000366210938,177.77000427246094,178.5,107808000
2013-12-16,144.0590057373047,179.22000122070312,179.80999755859375,178.89999389648438,178.9499969482422,96195000
2013-12-17,143.60086059570312,178.64999389648438,179.41000366210938,178.25,179.3800048828125,89886000
2013-12-18,146.05247497558594,181.6999969482422,181.72999572753906,177.32000732421875,178.9199981689453,234906000
2013-12-19,145.88368225097656,181.49000549316406,181.6999969482422,180.7100067138672,181.17999267578125,136531200
2013-12-20,146.73223876953125,181.55999755859375,181.99000549316406,180.57000732421875,180.69000244140625,197087000
2013-12-23,147.5161590576172,182.52999877929688,182.63999938964844,182.07000732421875,182.4499969482422,85598000
2013-12-24,147.8394775390625,182.92999267578125,183.00999450683594,182.52999877929688,182.5399932861328,45368800
2013-12-26,148.591064453125,183.86000061035156,183.9600067138672,183.32000732421875,183.33999633789062,63365000
2013-12-27,148.58297729492188,183.85000610351562,184.17999267578125,183.66000366210938,184.10000610351562,61814000
2013-12-30,148.5587158203125,183.82000732421875,184.02000427246094,183.5800018310547,183.8699951171875,56857000
2013-12-31,149.26181030273438,184.69000244140625,184.69000244140625,183.92999267578125,184.07000732421875,86119900
2014-01-02,147.8313751220703,182.9199981689453,184.07000732421875,182.47999572753906,183.97999572753906,119636900
2014-01-03,147.80706787109375,182.88999938964844,183.60000610351562,182.6300048828125,183.22999572753906,81390600
2014-01-06,147.37881469726562,182.36000061035156,183.55999755859375,182.0800018310547,183.49000549316406,108028200
2014-01-07,148.2839813232422,183.47999572753906,183.7899932861328,182.9499969482422,183.08999633789062,86144200
2014-01-08,148.3162841796875,183.52000427246094,183.8300018310547,182.88999938964844,183.4499969482422,96582300
2014-01-09,148.41323852539062,183.63999938964844,184.1300048828125,182.8000030517578,184.11000061035156,90683400
2014-01-10,148.81736755371094,184.13999938964844,184.22000122070312,183.00999450683594,183.9499969482422,102026400
2014-01-13,146.8373260498047,181.69000244140625,184.17999267578125,181.33999633789062,183.6699981689453,149892000
2014-01-14,148.4375457763672,183.6699981689453,183.77000427246094,181.9499969482422,182.2899932861328,105016100
2014-01-15,149.23756408691406,184.66000366210938,184.94000244140625,183.7100067138672,184.10000610351562,98525800
2014-01-16,149.0436553955078,184.4199981689453,184.66000366210938,183.8300018310547,184.27999877929688,72290600
2014-01-17,148.41323852539062,183.63999938964844,184.4499969482422,183.32000732421875,184.10000610351562,107848700
2014-01-21,148.8496856689453,184.17999267578125,184.77000427246094,183.0500030517578,184.6999969482422,88621200
2014-01-22,148.9467010498047,184.3000030517578,184.57000732421875,183.91000366210938,184.49000549316406,61270900
2014-01-23,147.72628784179688,182.7899932861328,183.39999389648438,181.82000732421875,183.3699951171875,132496900
2014-01-24,144.574462890625,178.88999938964844,181.66000366210938,178.8300018310547,181.60000610351562,208677100
2014-01-27,143.86325073242188,178.00999450683594,179.52000427246094,177.1199951171875,179.05999755859375,180843100
2014-01-28,144.7198944091797,179.07000732421875,179.3000030517578,178.1199951171875,178.13999938964844,110463200
2014-01-29,143.32986450195312,177.35000610351562,178.5500030517578,176.8800048828125,177.5800018310547,216597300
2014-01-30,144.84922790527344,179.22999572753906,179.80999755859375,178.25999450683594,178.8300018310547,118938100
2014-01-31,144.00057983398438,178.17999267578125,179.2899932861328,176.9199981689453,177.00999450683594,194677900
2014-02-03,140.75982666015625,174.1699981689453,178.3699951171875,173.8300018310547,177.97000122070312,254837100
2014-02-04,141.74583435058594,175.38999938964844,175.83999633789062,174.11000061035156,174.9499969482422,165012400
2014-02-05,141.56800842285156,175.1699981689453,175.55999755859375,173.7100067138672,174.77999877929688,164230500
2014-02-06,143.4349365234375,177.47999572753906,177.47999572753906,175.22000122070312,175.5800018310547,132877600
2014-02-07,145.21287536621094,179.67999267578125,179.8699951171875,177.72999572753906,178.30999755859375,170787200
2014-02-10,145.47959899902344,180.00999450683594,180.07000732421875,179.2100067138672,179.6999969482422,92218800
2014-02-11,147.07168579101562,181.97999572753906,182.44000244140625,180.0399932861328,180.16000366210938,117814100
2014-02-12,147.14437866210938,182.07000732421875,182.8300018310547,181.7100067138672,182.25,94717700
2014-02-13,147.90408325195312,183.00999450683594,183.1999969482422,180.8300018310547,180.83999633789062,100542200
2014-02-14,148.72039794921875,184.02000427246094,184.36000061035156,182.6699981689453,182.83999633789062,96498400
2014-02-18,148.89820861816406,184.24000549316406,184.49000549316406,183.64999389648438,184.17999267578125,80460900
2014-02-19,147.91221618652344,183.02000427246094,184.9499969482422,182.8699951171875,183.75999450683594,126524300
2014-02-20,148.7850799560547,184.10000610351562,184.52000427246094,182.60000610351562,183.27000427246094,104998100
2014-02-21,148.61532592773438,183.88999938964844,184.88999938964844,183.8000030517578,184.4499969482422,118116400
2014-02-24,149.4396209716797,184.91000366210938,186.14999389648438,184.1999969482422,184.27999877929688,114063900
2014-02-25,149.38304138183594,184.83999633789062,185.58999633789062,184.22999572753906,185.05999755859375,117085000
2014-02-26,149.3911895751953,184.85000610351562,185.60000610351562,184.3300018310547,185.11000061035156,98677200
2014-02-27,150.17501831054688,185.82000732421875,185.8699951171875,184.3699951171875,184.5800018310547,93880800
2014-02-28,150.55496215820312,186.2899932861328,187.14999389648438,185.0500030517578,185.7899932861328,150842000
2014-03-03,149.49623107910156,184.97999572753906,185.4499969482422,183.75,184.64999389648438,167748500
2014-03-04,151.59750366210938,187.5800018310547,187.97999572753906,186.75,186.7899932861328,167545900
2014-03-05,151.73484802246094,187.75,188.07000732421875,187.4499969482422,187.74000549316406,88376900
2014-03-06,152.0823516845703,188.17999267578125,188.61000061035156,187.77999877929688,188.2100067138672,82516500
2014-03-07,152.14700317382812,188.25999450683594,188.9600067138672,187.42999267578125,188.9600067138672,114513500
2014-03-10,152.06625366210938,188.16000366210938,188.22999572753906,187.0800018310547,187.97000122070312,74939200
2014-03-11,151.31460571289062,187.22999572753906,188.7100067138672,186.8000030517578,188.44000244140625,99009100
2014-03-12,151.35501098632812,187.27999877929688,187.35000610351562,185.89999389648438,186.32000732421875,104824400
2014-03-13,149.6578826904297,185.17999267578125,187.99000549316406,184.66000366210938,187.83999633789062,155014300
2014-03-14,149.23756408691406,184.66000366210938,185.8000030517578,184.44000244140625,184.85000610351562,153919600
2014-03-17,150.58729553222656,186.3300018310547,186.77000427246094,185.50999450683594,185.58999633789062,98359500
2014-03-18,151.662109375,187.66000366210938,187.91000366210938,186.50999450683594,186.7100067138672,101804600
2014-03-19,150.85398864746094,186.66000366210938,187.94000244140625,185.47000122070312,187.67999267578125,176267300
2014-03-20,151.73484802246094,187.75,187.88999938964844,185.9199981689453,186.25,117241000
2014-03-21,151.14633178710938,186.1999969482422,189.02000427246094,186.02999877929688,187.7100067138672,163128000
2014-03-24,150.52125549316406,185.42999267578125,187.07000732421875,184.6199951171875,186.83999633789062,121411000
2014-03-25,151.23565673828125,186.30999755859375,186.94000244140625,185.27000427246094,186.3699951171875,103852000
2014-03-26,150.1478729248047,184.97000122070312,187.33999633789062,184.9199981689453,187.0399932861328,119843000
2014-03-27,149.8313446044922,184.5800018310547,185.33999633789062,183.89999389648438,184.75,142383000
2014-03-28,150.5700225830078,185.49000549316406,186.4199981689453,185.0,185.11000061035156,101642000
2014-03-31,151.80386352539062,187.00999450683594,187.3000030517578,185.52000427246094,186.6699981689453,99745000
2014-04-01,152.81040954589844,188.25,188.36000061035156,187.0,187.6199951171875,89193000
2014-04-02,153.32180786132812,188.8800048828125,189.1300048828125,188.13999938964844,188.49000549316406,78774000
2014-04-03,153.11886596679688,188.6300048828125,189.22000122070312,188.0500030517578,189.1699981689453,77435000
2014-04-04,151.30865478515625,186.39999389648438,189.6999969482422,186.10000610351562,189.66000366210938,169381000
2014-04-07,149.63648986816406,184.33999633789062,186.25999450683594,183.9600067138672,185.9499969482422,140803000
2014-04-08,150.25343322753906,185.10000610351562,185.39999389648438,183.58999633789062,184.25999450683594,112660000
2014-04-09,151.86880493164062,187.08999633789062,187.14999389648438,185.05999755859375,185.60000610351562,100254000
2014-04-10,148.67861938476562,183.16000366210938,187.1699981689453,182.92999267578125,187.0800018310547,172959000
2014-04-11,147.33926391601562,181.50999450683594,183.4199981689453,181.30999755859375,182.13999938964844,167251000
2014-04-14,148.50009155273438,182.94000244140625,183.3699951171875,181.44000244140625,182.92999267578125,132382000
2014-04-15,149.52285766601562,184.1999969482422,184.3300018310547,181.50999450683594,183.32000732421875,157093000
2014-04-16,151.08953857421875,186.1300048828125,186.13999938964844,184.64999389648438,185.47000122070312,105197000
2014-04-17,151.3006134033203,186.38999938964844,186.91000366210938,185.55999755859375,185.8800048828125,105255000
2014-04-21,151.82821655273438,187.0399932861328,187.10000610351562,186.2100067138672,186.44000244140625,68329000
2014-04-22,152.5181884765625,187.88999938964844,188.39999389648438,187.1300048828125,187.22999572753906,85790000
2014-04-23,152.1610565185547,187.4499969482422,187.9199981689453,187.3000030517578,187.82000732421875,73869000
2014-04-24,152.4694366455078,187.8300018310547,188.38999938964844,186.92999267578125,188.3699951171875,88170000
2014-04-25,151.21939086914062,186.2899932861328,187.3300018310547,185.8699951171875,187.22000122070312,100380000
2014-04-28,151.69833374023438,186.8800048828125,187.69000244140625,184.9600067138672,187.0500030517578,135121000
2014-04-29,152.40452575683594,187.75,188.0399932861328,187.0800018310547,187.47999572753906,84098000
2014-04-30,152.85910034179688,188.30999755859375,188.5,187.17999267578125,187.44000244140625,101508000
2014-05-01,152.87542724609375,188.3300018310547,188.83999633789062,187.72999572753906,188.22000122070312,93019000
2014-05-02,152.65615844726562,188.05999755859375,189.13999938964844,187.77999877929688,188.30999755859375,98122000
2014-05-05,152.94837951660156,188.4199981689453,188.5500030517578,186.6199951171875,187.13999938964844,75883000
2014-05-06,151.61717224121094,186.77999877929688,188.1300048828125,186.74000549316406,188.0,85454000
2014-05-07,152.51011657714844,187.8800048828125,187.97000122070312,186.00999450683594,187.41000366210938,106500000
2014-05-08,152.3477325439453,187.67999267578125,189.0500030517578,187.0800018310547,187.7100067138672,93618000
2014-05-09,152.57504272460938,187.9600067138672,188.0399932861328,186.8300018310547,187.7100067138672,83679000
2014-05-12,154.06048583984375,189.7899932861328,189.8800048828125,188.0,188.8000030517578,86940000
2014-05-13,154.19851684570312,189.9600067138672,190.4199981689453,189.77000427246094,190.0399932861328,66454000
2014-05-14,153.46792602539062,189.05999755859375,189.8800048828125,188.7899932861328,189.7899932861328,72367000
2014-05-15,152.12045288085938,187.39999389648438,188.72000122070312,186.47999572753906,188.67999267578125,154956000
2014-05-16,152.64808654785156,188.0500030517578,188.1300048828125,186.72000122070312,187.50999450683594,97458000
2014-05-19,153.20819091796875,188.74000549316406,188.88999938964844,187.52000427246094,187.69000244140625,63839000
2014-05-20,152.2422332763672,187.5500030517578,188.6699981689453,187.07000732421875,188.64999389648438,111644000
2014-05-21,153.5247802734375,189.1300048828125,189.22000122070312,188.05999755859375,188.08999633789062,89093000
2014-05-22,153.8981475830078,189.58999633789062,189.97999572753906,188.86000061035156,189.17999267578125,61549000
2014-05-23,154.5150604248047,190.35000610351562,190.47999572753906,189.58999633789062,189.75999450683594,61092800
2014-05-27,155.4647979736328,191.52000427246094,191.5800018310547,190.9499969482422,191.05999755859375,72010000
2014-05-28,155.35110473632812,191.3800048828125,191.82000732421875,191.05999755859375,191.52000427246094,66723000
2014-05-29,156.15478515625,192.3699951171875,192.39999389648438,191.3300018310547,191.82000732421875,64377000
2014-05-30,156.406494140625,192.67999267578125,192.8000030517578,192.02999877929688,192.19000244140625,76316000
2014-06-02,156.58499145507812,192.89999389648438,192.99000549316406,191.97000122070312,192.9499969482422,64656000
2014-06-03,156.5038299560547,192.8000030517578,192.89999389648438,192.25,192.42999267578125,65047000
2014-06-04,156.8204345703125,193.19000244140625,193.3000030517578,192.27000427246094,192.47000122070312,55529000
2014-06-05,157.8432159423828,194.4499969482422,194.64999389648438,192.6999969482422,193.41000366210938,92103000
2014-06-06,158.59815979003906,195.3800048828125,195.42999267578125,194.77999877929688,194.8699951171875,78696000
2014-06-09,158.76043701171875,195.5800018310547,196.0500030517578,195.1699981689453,195.35000610351562,65119000
2014-06-10,158.77667236328125,195.60000610351562,195.63999938964844,194.9199981689453,195.33999633789062,57129000
2014-06-11,158.22476196289062,194.9199981689453,195.1199951171875,194.47999572753906,194.89999389648438,68772000
2014-06-12,157.10455322265625,193.5399932861328,194.8000030517578,193.11000061035156,194.69000244140625,106350000
2014-06-13,157.5834503173828,194.1300048828125,194.32000732421875,193.3000030517578,193.9199981689453,82017000
2014-06-16,157.7133331298828,194.2899932861328,194.6999969482422,193.66000366210938,193.88999938964844,87424000
2014-06-17,158.15162658691406,194.8300018310547,194.97000122070312,193.80999755859375,194.02000427246094,84834000
2014-06-18,159.31243896484375,196.25999450683594,196.3699951171875,194.39999389648438,194.8300018310547,105267000
2014-06-19,159.49107360839844,196.47999572753906,196.60000610351562,195.8000030517578,196.42999267578125,85929000
2014-06-20,159.81484985351562,195.94000244140625,196.10000610351562,195.6999969482422,196.02999877929688,100587000
2014-06-23,159.7659454345703,195.8800048828125,196.0500030517578,195.52000427246094,195.99000549316406,70611000
2014-06-24,158.8035125732422,194.6999969482422,196.5,194.47999572753906,195.52999877929688,96237000
2014-06-25,159.5211944580078,195.5800018310547,195.77999877929688,194.25,194.2899932861328,82782000
2014-06-26,159.40704345703125,195.44000244140625,195.6300048828125,194.1300048828125,195.61000061035156,84312000
2014-06-27,159.71694946289062,195.82000732421875,195.8800048828125,194.88999938964844,194.97999572753906,71445100
2014-06-30,159.6354217529297,195.72000122070312,196.1699981689453,195.52999877929688,195.6999969482422,70201200
2014-07-01,160.7039031982422,197.02999877929688,197.6300048828125,196.1300048828125,196.1999969482422,90470000
2014-07-02,160.8669891357422,197.22999572753906,197.47999572753906,196.9600067138672,197.0500030517578,52475000
2014-07-03,161.65817260742188,198.1999969482422,198.2899932861328,197.63999938964844,197.7899932861328,52938800
2014-07-07,161.09542846679688,197.50999450683594,197.97999572753906,197.22000122070312,197.82000732421875,61696000
2014-07-08,160.0595703125,196.24000549316406,197.22000122070312,195.75999450683594,197.14999389648438,108143000
2014-07-09,160.77731323242188,197.1199951171875,197.3000030517578,196.30999755859375,196.72999572753906,72992000
2014-07-10,160.14109802246094,196.33999633789062,196.86000061035156,195.05999755859375,195.22000122070312,99040000
2014-07-11,160.361328125,196.61000061035156,196.75,195.77999877929688,196.22000122070312,64243000
2014-07-14,161.1687774658203,197.60000610351562,197.86000061035156,197.44000244140625,197.61000061035156,58658000
2014-07-15,160.8669891357422,197.22999572753906,198.10000610351562,196.36000061035156,197.72000122070312,111307000
2014-07-16,161.4624481201172,197.9600067138672,198.25999450683594,197.4199981689453,198.11000061035156,79986400
2014-07-17,159.6272430419922,195.7100067138672,198.10000610351562,195.42999267578125,197.35000610351562,145398000
2014-07-18,161.258544921875,197.7100067138672,197.91000366210938,196.24000549316406,196.35000610351562,124330000
2014-07-21,160.956787109375,197.33999633789062,197.5,196.42999267578125,197.08999633789062,67592000
2014-07-22,161.65817260742188,198.1999969482422,198.55999755859375,197.8699951171875,198.00999450683594,67678000
2014-07-23,162.0170440673828,198.63999938964844,198.85000610351562,198.10000610351562,198.5,65612000
2014-07-24,162.0251922607422,198.64999389648438,199.05999755859375,198.4499969482422,198.8300018310547,56888000
2014-07-25,161.2666778564453,197.72000122070312,198.25999450683594,197.3300018310547,198.08999633789062,76837000
2014-07-28,161.33187866210938,197.8000030517578,198.08999633789062,196.6199951171875,197.75999450683594,69259000
2014-07-29,160.638671875,196.9499969482422,198.4499969482422,196.9199981689453,198.1699981689453,80466000
2014-07-30,160.66310119628906,196.97999572753906,197.91000366210938,196.16000366210938,197.64999389648438,104222000
2014-07-31,157.49032592773438,193.08999633789062,195.77999877929688,192.97000122070312,195.61000061035156,183479000
2014-08-01,157.00906372070312,192.5,193.75999450683594,191.57000732421875,192.55999755859375,189261000
2014-08-04,158.142822265625,193.88999938964844,194.3000030517578,192.0500030517578,192.8699951171875,91340000
2014-08-05,156.609375,192.00999450683594,193.60000610351562,191.30999755859375,193.10000610351562,152690000
2014-08-06,156.6584014892578,192.07000732421875,192.88999938964844,191.0800018310547,191.11000061035156,94818000
2014-08-07,155.81007385253906,191.02999877929688,193.1300048828125,190.5500030517578,192.94000244140625,135733000
2014-08-08,157.61264038085938,193.24000549316406,193.3699951171875,190.9499969482422,191.4600067138672,117014000
2014-08-11,158.0694122314453,193.8000030517578,194.66000366210938,193.7100067138672,193.97000122070312,74544000
2014-08-12,157.84913635253906,193.52999877929688,194.14999389648438,192.94000244140625,193.61000061035156,73632000
2014-08-13,158.91766357421875,194.83999633789062,195.05999755859375,193.9600067138672,194.2899932861328,69047000
2014-08-14,159.66806030273438,195.75999450683594,195.75999450683594,194.97999572753906,195.16000366210938,57371000
2014-08-15,159.6354217529297,195.72000122070312,196.64999389648438,194.30999755859375,196.47000122070312,139951000
2014-08-18,160.97308349609375,197.36000061035156,197.4499969482422,196.69000244140625,196.8000030517578,75424000
2014-08-19,161.8131103515625,198.38999938964844,198.5399932861328,197.44000244140625,197.83999633789062,59135000
2014-08-20,162.2454071044922,198.9199981689453,199.16000366210938,198.0800018310547,198.1199951171875,72763000
2014-08-21,162.71847534179688,199.5,199.75999450683594,198.92999267578125,199.08999633789062,67791000
2014-08-22,162.46566772460938,199.19000244140625,199.69000244140625,198.74000549316406,199.33999633789062,76107000
2014-08-25,163.2894287109375,200.1999969482422,200.58999633789062,199.14999389648438,200.13999938964844,63855000
2014-08-26,163.3954620361328,200.3300018310547,200.82000732421875,200.27999877929688,200.3300018310547,47298000
2014-08-27,163.33018493652344,200.25,200.57000732421875,199.94000244140625,200.42999267578125,47874000
2014-08-28,163.24050903320312,200.13999938964844,200.27000427246094,199.38999938964844,199.58999633789062,58330000
2014-08-29,163.70542907714844,200.7100067138672,200.72999572753906,199.82000732421875,200.4499969482422,65907000
2014-09-02,163.6238555908203,200.61000061035156,201.0,199.86000061035156,200.97000122070312,72426000
2014-09-03,163.53416442871094,200.5,201.41000366210938,200.22000122070312,201.3800048828125,57462000
2014-09-04,163.29757690429688,200.2100067138672,201.5800018310547,199.66000366210938,200.83999633789062,85236000
2014-09-05,164.03167724609375,201.11000061035156,201.19000244140625,199.41000366210938,200.1699981689453,102177000
2014-09-08,163.60752868652344,200.58999633789062,201.2100067138672,200.0,200.9199981689453,64146000
2014-09-09,162.57167053222656,199.32000732421875,200.5500030517578,198.91000366210938,200.41000366210938,88591000
2014-09-10,163.18341064453125,200.07000732421875,200.1999969482422,198.77000427246094,199.42999267578125,67251000
2014-09-11,163.37109375,200.3000030517578,200.3300018310547,199.1199951171875,199.27000427246094,66774400
2014-09-12,162.41664123535156,199.1300048828125,200.1199951171875,198.55999755859375,200.10000610351562,117409300
2014-09-15,162.29440307617188,198.97999572753906,199.32000732421875,198.3800048828125,199.16000366210938,76401000
2014-09-16,163.51780700683594,200.47999572753906,200.83999633789062,198.5,198.61000061035156,116201000
2014-09-17,163.738037109375,200.75,201.67999267578125,199.75,200.77000427246094,151266000
2014-09-18,164.61077880859375,201.82000732421875,201.85000610351562,201.10000610351562,201.36000061035156,94990000
2014-09-19,164.4624481201172,200.6999969482422,201.89999389648438,200.2899932861328,201.52000427246094,121649000
2014-09-22,163.19227600097656,199.14999389648438,200.3800048828125,198.72999572753906,200.35000610351562,125553000
2014-09-23,162.25811767578125,198.00999450683594,199.25999450683594,197.9499969482422,198.42999267578125,111393000
2014-09-24,163.52828979492188,199.55999755859375,199.69000244140625,197.52000427246094,198.0399932861328,107276000
2014-09-25,160.88967895507812,196.33999633789062,199.0500030517578,196.27000427246094,199.0399932861328,150300000
2014-09-26,162.16799926757812,197.89999389648438,198.38999938964844,196.4199981689453,196.6999969482422,103547000
2014-09-29,161.87301635742188,197.5399932861328,197.88999938964844,196.0500030517578,196.1999969482422,95112000
2014-09-30,161.44691467285156,197.02000427246094,198.3000030517578,196.61000061035156,197.69000244140625,131302000
2014-10-01,159.2589874267578,194.35000610351562,196.77000427246094,193.91000366210938,196.6999969482422,177798000
2014-10-02,159.28358459472656,194.3800048828125,195.05999755859375,192.35000610351562,194.17999267578125,157285000
2014-10-03,161.0371856689453,196.52000427246094,196.94000244140625,195.0800018310547,195.67999267578125,121569000
2014-10-06,160.84866333007812,196.2899932861328,197.60000610351562,195.5800018310547,197.33999633789062,104778000
2014-10-07,158.3657989501953,193.25999450683594,195.72000122070312,193.22000122070312,195.27999877929688,147913000
2014-10-08,161.13552856445312,196.63999938964844,196.9199981689453,192.36000061035156,193.3699951171875,186461000
2014-10-09,157.93968200683594,192.74000549316406,196.60000610351562,192.5800018310547,196.3300018310547,210705000
2014-10-10,156.1369171142578,190.5399932861328,193.64999389648438,190.49000549316406,192.69000244140625,221909000
2014-10-13,153.57200622558594,187.41000366210938,191.14999389648438,187.3000030517578,190.4600067138672,230939000
2014-10-14,153.80970764160156,187.6999969482422,189.82000732421875,187.0399932861328,188.4199981689453,215847000
2014-10-15,152.7689971923828,186.42999267578125,187.69000244140625,181.9199981689453,185.16000366210938,380715000
2014-10-16,152.6378936767578,186.27000427246094,187.5800018310547,182.88999938964844,183.05999755859375,270391000
2014-10-17,154.44065856933594,188.47000122070312,189.75,187.6199951171875,188.4199981689453,214625000
2014-10-20,155.9402618408203,190.3000030517578,190.4499969482422,188.07000732421875,188.1300048828125,130011000
2014-10-21,159.02957153320312,194.07000732421875,194.1999969482422,191.47999572753906,191.67999267578125,154949000
2014-10-22,157.89869689941406,192.69000244140625,194.91000366210938,192.61000061035156,194.41000366210938,151822000
2014-10-23,159.73428344726562,194.92999267578125,196.1999969482422,194.25999450683594,194.6199951171875,154944000
2014-10-24,160.96340942382812,196.42999267578125,196.49000549316406,194.49000549316406,195.25,117927000
2014-10-27,160.7421875,196.16000366210938,196.4499969482422,195.02999877929688,195.72999572753906,82954000
2014-10-28,162.58592224121094,198.41000366210938,198.4199981689453,196.72999572753906,196.82000732421875,106736000
2014-10-29,162.34010314941406,198.11000061035156,199.1199951171875,196.8000030517578,198.5500030517578,142557000
2014-10-30,163.38076782226562,199.3800048828125,199.9499969482422,197.39999389648438,197.5800018310547,113330000
2014-10-31,165.2491455078125,201.66000366210938,201.82000732421875,200.77000427246094,201.77999877929688,146903000
2014-11-03,165.33921813964844,201.77000427246094,202.4499969482422,201.30999755859375,201.9199981689453,93600000
2014-11-04,164.765625,201.07000732421875,201.60000610351562,200.05999755859375,201.22999572753906,93343000
2014-11-05,165.80636596679688,202.33999633789062,202.58999633789062,201.4499969482422,202.5399932861328,91709000
2014-11-06,166.47006225585938,203.14999389648438,203.25999450683594,201.63999938964844,202.38999938964844,107089000
2014-11-07,166.62579345703125,203.33999633789062,203.60000610351562,202.61000061035156,203.1699981689453,89540000
2014-11-10,167.15023803710938,203.97999572753906,204.0399932861328,203.1300048828125,203.3800048828125,66319000
2014-11-11,167.3141326904297,204.17999267578125,204.30999755859375,203.64999389648438,204.05999755859375,54499400
2014-11-12,167.1338653564453,203.9600067138672,204.24000549316406,203.30999755859375,203.35000610351562,90120300
2014-11-13,167.3223419189453,204.19000244140625,204.8300018310547,203.2100067138672,204.16000366210938,85357900
2014-11-14,167.36326599121094,204.24000549316406,204.49000549316406,203.72000122070312,204.10000610351562,80417500
2014-11-17,167.46975708007812,204.3699951171875,204.5800018310547,203.64999389648438,203.85000610351562,80441000
2014-11-18,168.436767578125,205.5500030517578,205.9199981689453,204.44000244140625,204.44000244140625,76068100
2014-11-19,168.16636657714844,205.22000122070312,205.5500030517578,204.3000030517578,205.30999755859375,82373000
2014-11-20,168.4613494873047,205.5800018310547,205.7100067138672,204.17999267578125,204.25999450683594,72840300
2014-11-21,169.3626708984375,206.67999267578125,207.83999633789062,205.97999572753906,207.63999938964844,142327300
2014-11-24,169.8379364013672,207.25999450683594,207.38999938964844,206.91000366210938,207.1699981689453,65880800
2014-11-25,169.71514892578125,207.11000061035156,207.7899932861328,206.8000030517578,207.5399932861328,79108300
2014-11-26,170.14939880371094,207.63999938964844,207.75999450683594,207.02999877929688,207.2899932861328,62167800
2014-11-28,169.7888641357422,207.1999969482422,207.8699951171875,206.91000366210938,207.49000549316406,57890100
2014-12-01,168.60882568359375,205.75999450683594,206.5399932861328,205.3800048828125,206.39999389648438,103968400
2014-12-02,169.69866943359375,207.08999633789062,207.33999633789062,205.77999877929688,205.80999755859375,74507200
2014-12-03,170.35426330566406,207.88999938964844,208.14999389648438,207.10000610351562,207.3000030517578,68952000
2014-12-04,170.165771484375,207.66000366210938,208.27000427246094,206.6999969482422,207.5399932861328,91316600
2014-12-05,170.4444122314453,208.0,208.47000122070312,207.5500030517578,207.8699951171875,91025500
2014-12-08,169.3053741455078,206.61000061035156,208.1199951171875,205.92999267578125,207.52000427246094,108588200
2014-12-09,169.19061279296875,206.47000122070312,206.60000610351562,203.91000366210938,204.3699951171875,125180100
2014-12-10,166.478271484375,203.16000366210938,205.97999572753906,202.92999267578125,205.91000366210938,159856400
2014-12-11,167.3223419189453,204.19000244140625,206.19000244140625,203.7100067138672,203.8800048828125,159012800
2014-12-12,164.61814880371094,200.88999938964844,203.82000732421875,200.85000610351562,202.63999938964844,202330200
2014-12-15,163.48733520507812,199.50999450683594,202.52999877929688,198.77999877929688,201.97999572753906,189965800
2014-12-16,162.1762237548828,197.91000366210938,202.39999389648438,197.86000061035156,198.5800018310547,259543800
2014-12-17,165.35565185546875,201.7899932861328,202.33999633789062,198.2899932861328,198.44000244140625,253910100
2014-12-18,169.4447021484375,206.77999877929688,212.97000122070312,203.9199981689453,204.74000549316406,257633900
2014-12-19,170.16566467285156,206.52000427246094,207.3300018310547,205.61000061035156,206.42999267578125,245084600
2014-12-22,170.94839477539062,207.47000122070312,207.47000122070312,206.4600067138672,206.75,148318900
2014-12-23,171.1791229248047,207.75,208.22999572753906,207.39999389648438,208.1699981689453,122167900
2014-12-24,171.19561767578125,207.77000427246094,208.33999633789062,207.72000122070312,208.02000427246094,42963400
2014-12-26,171.74765014648438,208.44000244140625,208.85000610351562,208.25,208.30999755859375,57326700
2014-12-29,171.9783477783203,208.72000122070312,208.97000122070312,208.13999938964844,208.22000122070312,79643900
2014-12-30,171.0554962158203,207.60000610351562,208.3699951171875,207.50999450683594,208.2100067138672,73540800
2014-12-31,169.35813903808594,205.5399932861328,208.19000244140625,205.38999938964844,207.99000549316406,130333800
2015-01-02,169.26751708984375,205.42999267578125,206.8800048828125,204.17999267578125,206.3800048828125,121465900
2015-01-05,166.21060180664062,201.72000122070312,204.3699951171875,201.35000610351562,204.1699981689453,169632600
2015-01-06,164.6450653076172,199.82000732421875,202.72000122070312,198.86000061035156,202.08999633789062,209151400
2015-01-07,166.69674682617188,202.30999755859375,202.72000122070312,200.8800048828125,201.4199981689453,125346700
2015-01-08,169.6547393798828,205.89999389648438,206.16000366210938,203.99000549316406,204.00999450683594,147217800
2015-01-09,168.2952423095703,204.25,206.4199981689453,203.50999450683594,206.39999389648438,158567300
2015-01-12,166.9768829345703,202.64999389648438,204.60000610351562,201.9199981689453,204.41000366210938,144396100
2015-01-13,166.5072479248047,202.0800018310547,205.47999572753906,200.50999450683594,204.1199951171875,214553300
2015-01-14,165.50193786621094,200.86000061035156,201.10000610351562,198.57000732421875,199.64999389648438,192991100
2015-01-15,163.9859161376953,199.02000427246094,202.00999450683594,198.8800048828125,201.6300048828125,176613900
2015-01-16,166.13645935058594,201.6300048828125,201.82000732421875,198.5500030517578,198.77000427246094,211879600
2015-01-20,166.49070739746094,202.05999755859375,202.72000122070312,200.1699981689453,202.39999389648438,130991100
2015-01-21,167.33119201660156,203.0800018310547,203.66000366210938,200.94000244140625,201.5,122942700
2015-01-22,169.81959533691406,206.10000610351562,206.25999450683594,202.3300018310547,203.99000549316406,174356000
2015-01-23,168.88848876953125,204.97000122070312,206.10000610351562,204.80999755859375,205.7899932861328,117516800
2015-01-26,169.2840118408203,205.4499969482422,205.55999755859375,203.85000610351562,204.7100067138672,92009700
2015-01-27,167.05104064941406,202.74000549316406,204.1199951171875,201.74000549316406,202.97000122070312,134044600
2015-01-28,164.9087371826172,200.13999938964844,204.2899932861328,199.91000366210938,204.1699981689453,168514300
2015-01-29,166.4330596923828,201.99000549316406,202.3000030517578,198.67999267578125,200.3800048828125,173585400
2015-01-30,164.3401641845703,199.4499969482422,202.1699981689453,199.1300048828125,200.57000732421875,197729700
2015-02-02,166.3754119873047,201.9199981689453,202.02999877929688,197.86000061035156,200.0500030517578,163107000
2015-02-03,168.78140258789062,204.83999633789062,204.85000610351562,202.5500030517578,203.0,124212900
2015-02-04,168.13868713378906,204.05999755859375,205.3800048828125,203.50999450683594,203.9199981689453,134306700
2015-02-05,169.83604431152344,206.1199951171875,206.3000030517578,204.77000427246094,204.86000061035156,97953200
2015-02-06,169.3664093017578,205.5500030517578,207.24000549316406,204.9199981689453,206.55999755859375,125672000
2015-02-09,168.60836791992188,204.6300048828125,205.63999938964844,204.13999938964844,204.77000427246094,87219000
2015-02-10,170.4045867919922,206.80999755859375,207.1199951171875,204.67999267578125,205.8800048828125,96164200
2015-02-11,170.50347900390625,206.92999267578125,207.4499969482422,205.8300018310547,206.61000061035156,91087800
2015-02-12,172.14317321777344,208.9199981689453,208.99000549316406,206.97000122070312,207.88999938964844,97545900
2015-02-13,172.85177612304688,209.77999877929688,209.83999633789062,208.75999450683594,209.07000732421875,93670400
2015-02-17,173.12368774414062,210.11000061035156,210.32000732421875,209.10000610351562,209.39999389648438,76968200
2015-02-18,173.1402130126953,210.1300048828125,210.22000122070312,209.33999633789062,209.66000366210938,80652900
2015-02-19,173.0165252685547,209.97999572753906,210.4199981689453,209.24000549316406,209.41000366210938,91462500
2015-02-20,174.0547637939453,211.24000549316406,211.3300018310547,208.72999572753906,209.47999572753906,140896400
2015-02-23,174.03009033203125,211.2100067138672,211.2100067138672,210.47999572753906,210.94000244140625,74411100
2015-02-24,174.52442932128906,211.80999755859375,212.0500030517578,210.75999450683594,211.1199951171875,72472300
2015-02-25,174.37612915039062,211.6300048828125,212.24000549316406,211.22000122070312,211.66000366210938,73061700
2015-02-26,174.1701202392578,211.3800048828125,211.7100067138672,210.64999389648438,211.52000427246094,72697900
2015-02-27,173.5768280029297,210.66000366210938,211.5800018310547,210.60000610351562,211.25999450683594,108076000
2015-03-02,174.67276000976562,211.99000549316406,212.05999755859375,210.72000122070312,210.77999877929688,87491400
2015-03-03,173.9559326171875,211.1199951171875,212.0500030517578,210.0800018310547,211.47000122070312,110325800
2015-03-04,173.2225341796875,210.22999572753906,210.49000549316406,209.05999755859375,210.39999389648438,114497200
2015-03-05,173.41207885742188,210.4600067138672,210.8000030517578,209.85000610351562,210.6199951171875,76873000
2015-03-06,170.97312927246094,207.5,209.94000244140625,207.10000610351562,209.4199981689453,188128000
2015-03-09,171.68170166015625,208.36000061035156,208.7899932861328,207.5500030517578,207.74000549316406,89818900
2015-03-10,168.89671325683594,204.97999572753906,206.80999755859375,204.92999267578125,206.7100067138672,157121300
2015-03-11,168.501220703125,204.5,205.5,204.39999389648438,205.2899932861328,110145700
2015-03-12,170.64353942871094,207.10000610351562,207.17999267578125,205.1999969482422,205.25999450683594,93993500
2015-03-13,169.59710693359375,205.8300018310547,207.92999267578125,204.5800018310547,206.77000427246094,162410900
2015-03-16,171.86306762695312,208.5800018310547,208.69000244140625,205.86000061035156,206.7100067138672,136099200
2015-03-17,171.3521270751953,207.9600067138672,208.4199981689453,206.97999572753906,207.69000244140625,94510400
2015-03-18,173.41207885742188,210.4600067138672,211.27000427246094,206.6199951171875,207.38999938964844,228808500
2015-03-19,172.62106323242188,209.5,210.47000122070312,209.02999877929688,209.9600067138672,117917300
2015-03-20,174.14479064941406,210.41000366210938,211.02000427246094,209.49000549316406,209.7100067138672,177715100
2015-03-23,173.8054656982422,210.0,211.11000061035156,210.0,210.4199981689453,71784500
2015-03-24,172.8288116455078,208.82000732421875,210.39999389648438,208.74000549316406,209.85000610351562,77805300
2015-03-25,170.2962188720703,205.75999450683594,209.35000610351562,205.7100067138672,209.07000732421875,159521700
2015-03-26,169.8906707763672,205.27000427246094,206.3699951171875,204.1199951171875,204.9600067138672,153067200
2015-03-27,170.27969360351562,205.74000549316406,205.9499969482422,204.89999389648438,205.1300048828125,118939000
2015-03-30,172.35707092285156,208.25,208.61000061035156,206.9600067138672,206.97999572753906,96180400
2015-03-31,170.8507537841797,206.42999267578125,208.10000610351562,206.36000061035156,207.25999450683594,126768700
2015-04-01,170.24655151367188,205.6999969482422,206.4199981689453,204.50999450683594,206.38999938964844,137303600
2015-04-02,170.85903930664062,206.44000244140625,206.97999572753906,205.39999389648438,205.6199951171875,86900900
2015-04-06,172.0094451904297,207.8300018310547,208.4499969482422,205.2100067138672,205.3699951171875,114368200
2015-04-07,171.55426025390625,207.27999877929688,208.75999450683594,207.24000549316406,207.86000061035156,81236300
2015-04-08,172.1335906982422,207.97999572753906,208.50999450683594,207.0800018310547,207.5500030517578,89351900
2015-04-09,172.89500427246094,208.89999389648438,209.17999267578125,207.19000244140625,207.77999877929688,85548900
2015-04-10,173.8385467529297,210.0399932861328,210.08999633789062,208.9600067138672,209.1999969482422,72722900
2015-04-13,173.05223083496094,209.08999633789062,210.6300048828125,209.02999877929688,209.8699951171875,74436600
2015-04-14,173.38333129882812,209.49000549316406,209.7100067138672,208.10000610351562,208.85000610351562,75099900
2015-04-15,174.16134643554688,210.42999267578125,211.0399932861328,209.9499969482422,210.0500030517578,99529300
2015-04-16,174.11160278320312,210.3699951171875,210.97999572753906,209.7899932861328,210.02999877929688,68934900
2015-04-17,172.10879516601562,207.9499969482422,209.22999572753906,207.00999450683594,208.94000244140625,191113200
2015-04-20,173.68125915527344,209.85000610351562,210.25,208.9600067138672,209.05999755859375,92189500
2015-04-21,173.47438049316406,209.60000610351562,210.86000061035156,209.24000549316406,210.6699981689453,72559800
2015-04-22,174.326904296875,210.6300048828125,210.85000610351562,208.89999389648438,210.00999450683594,78264600
2015-04-23,174.76553344726562,211.16000366210938,211.94000244140625,210.00999450683594,210.14999389648438,102585900
2015-04-24,175.17105102539062,211.64999389648438,211.97000122070312,211.11000061035156,211.66000366210938,61327400
2015-04-27,174.44271850585938,210.77000427246094,212.47999572753906,210.5399932861328,212.3300018310547,79358100
2015-04-28,174.99720764160156,211.44000244140625,211.5,209.3300018310547,210.74000549316406,86863500
2015-04-29,174.27716064453125,210.57000732421875,211.2899932861328,209.60000610351562,210.3699951171875,125684900
2015-04-30,172.53082275390625,208.4600067138672,210.35000610351562,207.6199951171875,209.8800048828125,161304900
2015-05-01,174.4013214111328,210.72000122070312,210.77000427246094,209.27999877929688,209.39999389648438,103399700
2015-05-04,174.89791870117188,211.32000732421875,212.02000427246094,211.10000610351562,211.22999572753906,70927200
2015-05-05,172.89500427246094,208.89999389648438,211.4600067138672,208.72999572753906,211.02999877929688,113326200
2015-05-06,172.18324279785156,208.0399932861328,209.92999267578125,206.75999450683594,209.55999755859375,135060200
2015-05-07,172.8701629638672,208.8699951171875,209.3800048828125,207.52000427246094,207.9199981689453,88244900
2015-05-08,175.14617919921875,211.6199951171875,211.86000061035156,210.77999877929688,210.8800048828125,155877300
2015-05-11,174.310302734375,210.61000061035156,211.88999938964844,210.52000427246094,211.57000732421875,75708100
2015-05-12,173.78883361816406,209.97999572753906,210.6300048828125,208.6199951171875,209.61000061035156,119727600
2015-05-13,173.82196044921875,210.02000427246094,211.22000122070312,209.74000549316406,210.47000122070312,94667900
2015-05-14,175.63449096679688,212.2100067138672,212.32000732421875,210.91000366210938,211.24000549316406,95934000
2015-05-15,175.8248748779297,212.44000244140625,212.61000061035156,211.86000061035156,212.44000244140625,76510100
2015-05-18,176.37115478515625,213.10000610351562,213.39999389648438,212.16000366210938,212.24000549316406,74549700
2015-05-19,176.3131866455078,213.02999877929688,213.57000732421875,212.69000244140625,213.24000549316406,72114600
2015-05-20,176.1890411376953,212.8800048828125,213.77999877929688,212.5,213.14999389648438,76857500
2015-05-21,176.70220947265625,213.5,213.75,212.50999450683594,212.7100067138672,64764600
2015-05-22,176.2800750732422,212.99000549316406,213.5399932861328,212.91000366210938,213.0399932861328,57433500
2015-05-26,174.38479614257812,210.6999969482422,212.91000366210938,210.1999969482422,212.39999389648438,124308600
2015-05-27,176.04005432128906,212.6999969482422,212.97999572753906,210.75999450683594,211.25,93214000
2015-05-28,175.8415069580078,212.4600067138672,212.58999633789062,211.6300048828125,212.3300018310547,74974600
2015-05-29,174.7489776611328,211.13999938964844,212.42999267578125,210.82000732421875,212.3800048828125,124919600
2015-06-01,175.1048583984375,211.57000732421875,212.33999633789062,210.6199951171875,211.94000244140625,93338800
2015-06-02,174.9310302734375,211.36000061035156,212.19000244140625,210.27000427246094,211.02000427246094,91531000
2015-06-03,175.39454650878906,211.9199981689453,212.6699981689453,211.3300018310547,212.0,87820900
2015-06-04,173.91307067871094,210.1300048828125,211.86000061035156,209.75,211.07000732421875,151882800
2015-06-05,173.6150360107422,209.77000427246094,210.5800018310547,208.97999572753906,209.9499969482422,121704700
2015-06-08,172.54747009277344,208.47999572753906,209.82000732421875,208.38999938964844,209.63999938964844,89063300
2015-06-09,172.5225830078125,208.4499969482422,209.10000610351562,207.69000244140625,208.4499969482422,105034700
2015-06-10,174.5916748046875,210.9499969482422,211.41000366210938,209.3000030517578,209.3699951171875,134551300
2015-06-11,175.15451049804688,211.6300048828125,212.08999633789062,211.1999969482422,211.47999572753906,73876400
2015-06-12,173.813720703125,210.00999450683594,211.47999572753906,209.67999267578125,210.63999938964844,135382400
2015-06-15,173.0688018798828,209.11000061035156,209.4499969482422,207.7899932861328,208.63999938964844,124384200
2015-06-16,174.01234436035156,210.25,210.35000610351562,208.72000122070312,208.92999267578125,85308200
2015-06-17,174.29373168945312,210.58999633789062,211.32000732421875,209.36000061035156,210.58999633789062,126708600
2015-06-18,176.1062774658203,212.77999877929688,213.33999633789062,210.6300048828125,211.30999755859375,165867900
2015-06-19,175.32449340820312,210.80999755859375,211.5500030517578,210.36000061035156,211.4600067138672,130478700
2015-06-22,176.22274780273438,211.88999938964844,212.58999633789062,211.63999938964844,211.91000366210938,70696000
2015-06-23,176.3474578857422,212.0399932861328,212.44000244140625,211.57000732421875,212.13999938964844,68476800
2015-06-24,175.06668090820312,210.5,212.1699981689453,210.47000122070312,211.72000122070312,92307300
2015-06-25,174.5343780517578,209.86000061035156,211.25,209.77000427246094,211.10000610351562,97107400
2015-06-26,174.50119018554688,209.82000732421875,210.5800018310547,209.16000366210938,210.2899932861328,104174800
2015-06-29,170.84178161621094,205.4199981689453,209.8300018310547,205.3300018310547,208.0500030517578,202621300
2015-06-30,171.19944763183594,205.85000610351562,207.32000732421875,205.27999877929688,207.25999450683594,182925100
2015-07-01,172.57167053222656,207.5,208.02999877929688,206.55999755859375,207.72999572753906,135979900
2015-07-02,172.4136505126953,207.30999755859375,208.27000427246094,206.80999755859375,208.07000732421875,104373700
2015-07-06,171.9229736328125,206.72000122070312,207.64999389648438,205.52999877929688,205.77000427246094,117975400
2015-07-07,173.00413513183594,208.02000427246094,208.1699981689453,204.11000061035156,206.9600067138672,173820200
2015-07-08,170.10159301757812,204.52999877929688,206.75999450683594,204.25,206.4199981689453,164020100
2015-07-09,170.40933227539062,204.89999389648438,207.35000610351562,204.77000427246094,207.0399932861328,144113100
2015-07-10,172.55503845214844,207.47999572753906,207.97999572753906,204.9499969482422,207.2899932861328,129456900
2015-07-13,174.4595489501953,209.77000427246094,209.89999389648438,208.94000244140625,208.99000549316406,106069400
2015-07-14,175.21641540527344,210.67999267578125,211.0500030517578,209.64999389648438,209.72000122070312,81709600
2015-07-15,175.15818786621094,210.61000061035156,211.27999877929688,210.0399932861328,210.72999572753906,97914100
2015-07-16,176.5636444091797,212.3000030517578,212.3000030517578,211.5800018310547,211.8699951171875,106683300
2015-07-17,176.71343994140625,212.47999572753906,212.5500030517578,211.8000030517578,212.2899932861328,89030000
2015-07-20,176.80491638183594,212.58999633789062,213.17999267578125,212.2100067138672,212.75,70446800
2015-07-21,176.10629272460938,211.75,212.74000549316406,211.38999938964844,212.42999267578125,77965000
2015-07-22,175.79022216796875,211.3699951171875,211.77000427246094,210.88999938964844,210.92999267578125,88667900
2015-07-23,174.800537109375,210.17999267578125,211.64999389648438,209.75,211.52999877929688,90509100
2015-07-24,172.98751831054688,208.0,210.3699951171875,207.60000610351562,210.3000030517578,117755000
2015-07-27,171.9811553955078,206.7899932861328,207.5500030517578,206.25999450683594,206.94000244140625,132361100
2015-07-28,174.09361267089844,209.3300018310547,209.5,206.8000030517578,207.7899932861328,123544800
2015-07-29,175.29124450683594,210.77000427246094,211.0399932861328,209.30999755859375,209.47999572753906,105791300
2015-07-30,175.33285522460938,210.82000732421875,211.02000427246094,209.4199981689453,210.16000366210938,91304400
2015-07-31,175.06668090820312,210.5,211.4499969482422,210.16000366210938,211.4199981689453,103266900
2015-08-03,174.47621154785156,209.7899932861328,210.52999877929688,208.64999389648438,210.4600067138672,113965700
2015-08-04,174.1352081298828,209.3800048828125,210.25,208.8000030517578,209.6999969482422,81820800
2015-08-05,174.70912170410156,210.07000732421875,211.30999755859375,209.72999572753906,210.4499969482422,85786800
2015-08-06,173.27865600585938,208.35000610351562,210.4199981689453,207.64999389648438,210.2899932861328,116030800
2015-08-07,172.9459686279297,207.9499969482422,208.33999633789062,206.8699951171875,208.16000366210938,117858000
2015-08-10,175.1248779296875,210.57000732421875,210.6699981689453,209.27999877929688,209.27999877929688,80270700
2015-08-11,173.54473876953125,208.6699981689453,209.47000122070312,207.75999450683594,208.97000122070312,126081400
2015-08-12,173.7526397705078,208.9199981689453,209.13999938964844,205.36000061035156,207.11000061035156,172123700
2015-08-13,173.5364227294922,208.66000366210938,209.5500030517578,208.00999450683594,208.72999572753906,89383300
2015-08-14,174.1685333251953,209.4199981689453,209.50999450683594,208.25999450683594,208.42999267578125,72786500
2015-08-17,175.1415252685547,210.58999633789062,210.58999633789062,208.16000366210938,208.7100067138672,79072600
2015-08-18,174.6342010498047,209.97999572753906,210.67999267578125,209.6999969482422,210.25999450683594,71692700
2015-08-19,173.25364685058594,208.32000732421875,210.00999450683594,207.35000610351562,209.08999633789062,172946000
2015-08-20,169.63592529296875,203.97000122070312,208.2899932861328,203.89999389648438,206.50999450683594,194327900
2015-08-21,164.52944946289062,197.8300018310547,203.94000244140625,197.52000427246094,201.72999572753906,346588500
2015-08-24,157.60162353515625,189.5,197.47999572753906,182.39999389648438,187.49000549316406,507244300
2015-08-25,155.74697875976562,187.27000427246094,195.4499969482422,186.9199981689453,195.42999267578125,369833100
2015-08-26,161.7266845703125,194.4600067138672,194.7899932861328,188.3699951171875,192.0800018310547,339257000
2015-08-27,165.72706604003906,199.27000427246094,199.4199981689453,195.2100067138672,197.02000427246094,274143900
2015-08-28,165.73536682128906,199.27999877929688,199.83999633789062,197.9199981689453,198.5,160414400
2015-08-31,164.39630126953125,197.6699981689453,199.1300048828125,197.00999450683594,198.11000061035156,163298800
2015-09-01,159.4894561767578,191.77000427246094,194.77000427246094,190.72999572753906,193.1199951171875,256000400
2015-09-02,162.516845703125,195.41000366210938,195.4600067138672,192.4199981689453,194.6199951171875,160269300
2015-09-03,162.6332244873047,195.5500030517578,198.0500030517578,194.9600067138672,196.25999450683594,152087800
2015-09-04,160.17147827148438,192.58999633789062,193.86000061035156,191.61000061035156,192.85000610351562,207081000
2015-09-08,164.19677734375,197.42999267578125,197.61000061035156,195.1699981689453,195.94000244140625,116025700
2015-09-09,162.00119018554688,194.7899932861328,199.47000122070312,194.35000610351562,199.32000732421875,149347700
2015-09-10,162.88275146484375,195.85000610351562,197.22000122070312,194.25,194.55999755859375,158611100
2015-09-11,163.62294006347656,196.74000549316406,196.82000732421875,194.52999877929688,195.3800048828125,119691200
2015-09-14,163.01580810546875,196.00999450683594,197.00999450683594,195.42999267578125,196.9499969482422,79452000
2015-09-15,165.05340576171875,198.4600067138672,198.99000549316406,195.9600067138672,196.61000061035156,113806200
2015-09-16,166.48385620117188,200.17999267578125,200.41000366210938,198.41000366210938,198.82000732421875,99581600
2015-09-17,166.10958862304688,199.72999572753906,202.88999938964844,199.27999877929688,200.02000427246094,276046600
2015-09-18,163.39515686035156,195.4499969482422,198.67999267578125,194.9600067138672,195.7100067138672,223657500
2015-09-21,164.23947143554688,196.4600067138672,197.67999267578125,195.2100067138672,196.44000244140625,105726200
2015-09-22,162.1077117919922,193.91000366210938,194.4600067138672,192.55999755859375,193.8800048828125,153890900
2015-09-23,161.84852600097656,193.60000610351562,194.6699981689453,192.91000366210938,194.11000061035156,92790600
2015-09-24,161.26327514648438,192.89999389648438,193.4499969482422,190.55999755859375,192.14999389648438,159378800
2015-09-25,161.22154235839844,192.85000610351562,195.0,191.80999755859375,194.63999938964844,155054800
2015-09-28,157.1753387451172,188.00999450683594,191.91000366210938,187.63999938964844,191.77999877929688,178515900
2015-09-29,157.2672882080078,188.1199951171875,189.74000549316406,186.92999267578125,188.27000427246094,159045600
2015-09-30,160.2016143798828,191.6300048828125,191.8300018310547,189.44000244140625,190.3699951171875,163452000
2015-10-01,160.61962890625,192.1300048828125,192.49000549316406,189.82000732421875,192.0800018310547,131079000
2015-10-02,163.0189208984375,195.0,195.02999877929688,189.1199951171875,189.77000427246094,211003300
2015-10-05,165.9197998046875,198.47000122070312,198.74000549316406,196.3300018310547,196.4600067138672,126320800
2015-10-06,165.35130310058594,197.7899932861328,198.97999572753906,197.0,198.30999755859375,110274500
2015-10-07,166.70570373535156,199.41000366210938,199.8300018310547,197.47999572753906,198.89999389648438,124307300
2015-10-08,168.21047973632812,201.2100067138672,201.5500030517578,198.58999633789062,198.9499969482422,153055200
2015-10-09,168.31077575683594,201.3300018310547,201.89999389648438,200.5800018310547,201.3800048828125,107069200
2015-10-12,168.4696502685547,201.52000427246094,201.75999450683594,200.91000366210938,201.4199981689453,56395600
2015-10-13,167.40786743164062,200.25,202.16000366210938,200.0500030517578,200.64999389648438,88038700
2015-10-14,166.6053466796875,199.2899932861328,200.8699951171875,198.94000244140625,200.17999267578125,99106200
2015-10-15,169.16346740722656,202.35000610351562,202.36000061035156,199.63999938964844,200.0800018310547,134142200
2015-10-16,169.93258666992188,203.27000427246094,203.2899932861328,201.9199981689453,202.8300018310547,114580100
2015-10-19,170.01620483398438,203.3699951171875,203.3699951171875,202.1300048828125,202.5,76523900
2015-10-20,169.79885864257812,203.11000061035156,203.83999633789062,202.5500030517578,202.85000610351562,78448500
2015-10-21,168.7455291748047,201.85000610351562,203.7899932861328,201.64999389648438,203.61000061035156,102038000
2015-10-22,171.5962371826172,205.25999450683594,205.50999450683594,201.85000610351562,202.97999572753906,174911700
2015-10-23,173.47720336914062,207.50999450683594,207.9499969482422,206.3000030517578,207.25,144442300
2015-10-26,173.05091857910156,207.0,207.3699951171875,206.55999755859375,207.3000030517578,69033000
2015-10-27,172.7164764404297,206.60000610351562,207.0,205.7899932861328,206.1999969482422,77905800
2015-10-28,174.68106079101562,208.9499969482422,208.97999572753906,206.2100067138672,207.0,135906700
2015-10-29,174.58071899414062,208.8300018310547,209.27000427246094,208.2100067138672,208.35000610351562,90525500
2015-10-30,173.82830810546875,207.92999267578125,209.44000244140625,207.74000549316406,209.05999755859375,131076900
2015-11-02,175.8848419189453,210.38999938964844,210.6199951171875,208.1699981689453,208.32000732421875,86270800
2015-11-03,176.39480590820312,211.0,211.66000366210938,209.6999969482422,209.97000122070312,95246100
2015-11-04,175.8597869873047,210.36000061035156,211.5,209.72000122070312,211.35000610351562,96224500
2015-11-05,175.68418884277344,210.14999389648438,210.97999572753906,209.08999633789062,210.42999267578125,78408700
2015-11-06,175.59230041503906,210.0399932861328,210.32000732421875,208.4600067138672,209.74000549316406,110471500
2015-11-09,173.9536895751953,208.0800018310547,209.49000549316406,206.9499969482422,209.30999755859375,131008700
2015-11-10,174.35501098632812,208.55999755859375,208.60000610351562,207.19000244140625,207.50999450683594,75874600
2015-11-11,173.66946411132812,207.74000549316406,208.94000244140625,207.66000366210938,208.8800048828125,67846000
2015-11-12,171.2451171875,204.83999633789062,207.05999755859375,204.82000732421875,206.5,121315200
2015-11-13,169.32229614257812,202.5399932861328,204.6699981689453,202.44000244140625,204.35000610351562,153577100
2015-11-16,171.8971710205078,205.6199951171875,205.69000244140625,202.17999267578125,202.32000732421875,117645200
2015-11-17,171.77178955078125,205.47000122070312,207.0399932861328,204.8800048828125,205.99000549316406,121123700
2015-11-18,174.49713134765625,208.72999572753906,208.89999389648438,205.99000549316406,206.0399932861328,121342500
2015-11-19,174.34666442871094,208.5500030517578,209.0500030517578,208.1999969482422,208.58999633789062,88220500
2015-11-20,174.98202514648438,209.30999755859375,210.1199951171875,208.86000061035156,209.4499969482422,94011500
2015-11-23,174.78140258789062,209.07000732421875,209.97999572753906,208.52000427246094,209.3800048828125,64931200
2015-11-24,175.01547241210938,209.35000610351562,209.8300018310547,207.41000366210938,207.8699951171875,98874400
2015-11-25,174.99034118652344,209.32000732421875,209.74000549316406,209.00999450683594,209.5,51980100
2015-11-27,175.19100952148438,209.55999755859375,209.8000030517578,208.86000061035156,209.42999267578125,37317800
2015-11-30,174.46363830566406,208.69000244140625,209.88999938964844,208.55999755859375,209.75,112822700
2015-12-01,176.1272735595703,210.67999267578125,210.82000732421875,209.11000061035156,209.44000244140625,97858400
2015-12-02,174.32992553710938,208.52999877929688,211.0,208.22999572753906,210.6199951171875,108441300
2015-12-03,171.88880920410156,205.61000061035156,209.14999389648438,204.75,208.8300018310547,166224200
2015-12-04,175.2411651611328,209.6199951171875,209.97000122070312,205.61000061035156,205.61000061035156,192913900
2015-12-07,174.17945861816406,208.35000610351562,209.72999572753906,207.1999969482422,209.22999572753906,102027100
2015-12-08,173.00904846191406,206.9499969482422,208.2899932861328,205.77999877929688,206.49000549316406,103372400
2015-12-09,171.66314697265625,205.33999633789062,208.67999267578125,204.17999267578125,206.19000244140625,162401500
2015-12-10,172.10618591308594,205.8699951171875,207.42999267578125,205.13999938964844,205.4199981689453,116128900
2015-12-11,168.77056884765625,201.8800048828125,204.13999938964844,201.50999450683594,203.35000610351562,211173300
2015-12-14,169.62326049804688,202.89999389648438,203.0500030517578,199.9499969482422,202.07000732421875,182385200
2015-12-15,171.40396118164062,205.02999877929688,206.11000061035156,202.8699951171875,204.6999969482422,154069600
2015-12-16,173.91189575195312,208.02999877929688,208.38999938964844,204.8000030517578,206.3699951171875,197017000
2015-12-17,171.26182556152344,204.86000061035156,208.47999572753906,204.83999633789062,208.39999389648438,173092500
2015-12-18,168.21083068847656,200.02000427246094,202.92999267578125,199.8300018310547,202.77000427246094,251393500
2015-12-21,169.59837341308594,201.6699981689453,201.8800048828125,200.08999633789062,201.41000366210938,99094300
2015-12-22,171.13739013671875,203.5,203.85000610351562,201.5500030517578,202.72000122070312,111026200
2015-12-23,173.25660705566406,206.02000427246094,206.07000732421875,204.5800018310547,204.69000244140625,110987200
2015-12-24,172.97068786621094,205.67999267578125,206.3300018310547,205.4199981689453,205.72000122070312,48539600
2015-12-28,172.57540893554688,205.2100067138672,205.25999450683594,203.94000244140625,204.86000061035156,65899900
2015-12-29,174.4171142578125,207.39999389648438,207.7899932861328,206.47000122070312,206.50999450683594,92640700
2015-12-30,173.1809844970703,205.92999267578125,207.2100067138672,205.75999450683594,207.11000061035156,63317700
2015-12-31,171.4485626220703,203.8699951171875,205.88999938964844,203.8699951171875,205.1300048828125,114877900
2016-01-04,169.05177307128906,201.02000427246094,201.02999877929688,198.58999633789062,200.49000549316406,222353500
2016-01-05,169.33770751953125,201.36000061035156,201.89999389648438,200.0500030517578,201.39999389648438,110845800
2016-01-06,167.20166015625,198.82000732421875,200.05999755859375,197.60000610351562,198.33999633789062,152112600
2016-01-07,163.1902313232422,194.0500030517578,197.44000244140625,193.58999633789062,195.3300018310547,213436100
2016-01-08,161.39894104003906,191.9199981689453,195.85000610351562,191.5800018310547,195.19000244140625,209817200
2016-01-11,161.55874633789062,192.11000061035156,193.41000366210938,189.82000732421875,193.00999450683594,187941300
2016-01-12,162.8622283935547,193.66000366210938,194.5500030517578,191.13999938964844,193.82000732421875,172330500
2016-01-13,158.80032348632812,188.8300018310547,194.86000061035156,188.3800048828125,194.4499969482422,221168900
2016-01-14,161.4073486328125,191.92999267578125,193.25999450683594,187.66000366210938,189.5500030517578,240795600
2016-01-15,157.9425506591797,187.80999755859375,188.75999450683594,185.52000427246094,186.77000427246094,324846400
2016-01-19,158.15280151367188,188.05999755859375,190.11000061035156,186.1999969482422,189.9600067138672,195244400
2016-01-20,156.1260528564453,185.64999389648438,187.5,181.02000427246094,185.02999877929688,286547800
2016-01-21,157.0006866455078,186.69000244140625,188.8699951171875,184.63999938964844,186.2100067138672,195772900
2016-01-22,160.22157287597656,190.52000427246094,190.75999450683594,188.8800048828125,189.77999877929688,168319600
2016-01-25,157.799560546875,187.63999938964844,190.14999389648438,187.41000366210938,189.9199981689453,130371700
2016-01-26,159.9524688720703,190.1999969482422,190.52999877929688,188.02000427246094,188.4199981689453,141036800
2016-01-27,158.211669921875,188.1300048828125,191.55999755859375,187.05999755859375,189.5800018310547,185681700
2016-01-28,159.03579711914062,189.11000061035156,190.1999969482422,187.16000366210938,189.9600067138672,143798800
2016-01-29,162.91268920898438,193.72000122070312,193.8800048828125,189.8800048828125,190.02000427246094,210529300
2016-02-01,162.8538055419922,193.64999389648438,194.5800018310547,191.83999633789062,192.52999877929688,136061600
2016-02-02,159.9188232421875,190.16000366210938,191.97000122070312,189.5399932861328,191.9600067138672,182564900
2016-02-03,160.8775634765625,191.3000030517578,191.77999877929688,187.10000610351562,191.41000366210938,205054900
2016-02-04,161.1298370361328,191.60000610351562,192.75,189.9600067138672,190.7100067138672,139531800
2016-02-05,158.06027221679688,187.9499969482422,191.6699981689453,187.1999969482422,190.99000549316406,180788300
2016-02-08,155.9326629638672,185.4199981689453,186.1199951171875,182.8000030517578,185.77000427246094,191526700
2016-02-09,155.9410400390625,185.42999267578125,186.94000244140625,183.1999969482422,183.36000061035156,184513100
2016-02-10,155.8064727783203,185.27000427246094,188.33999633789062,185.1199951171875,186.41000366210938,148214100
2016-02-11,153.77981567382812,182.86000061035156,184.10000610351562,181.08999633789062,182.33999633789062,219058900
2016-02-12,156.95021057128906,186.6300048828125,186.64999389648438,183.9600067138672,184.9600067138672,127632400
2016-02-16,159.59927368164062,189.77999877929688,189.80999755859375,187.6300048828125,188.77000427246094,120250700
2016-02-17,162.20628356933594,192.8800048828125,193.32000732421875,191.00999450683594,191.16000366210938,136009500
2016-02-18,161.5419158935547,192.08999633789062,193.27000427246094,191.72000122070312,193.1999969482422,102343000
2016-02-19,161.46621704101562,192.0,192.17999267578125,190.4499969482422,191.1699981689453,114793000
2016-02-22,163.80413818359375,194.77999877929688,194.9499969482422,193.7899932861328,193.8699951171875,103640300
2016-02-23,161.73533630371094,192.32000732421875,194.32000732421875,192.17999267578125,194.0,111455300
2016-02-24,162.47537231445312,193.1999969482422,193.52999877929688,189.32000732421875,190.6300048828125,150812200
2016-02-25,164.4432373046875,195.5399932861328,195.5500030517578,192.8300018310547,193.72999572753906,110728300
2016-02-26,164.06478881835938,195.08999633789062,196.67999267578125,194.89999389648438,196.57000732421875,129833700
2016-02-29,162.7781219482422,193.55999755859375,196.22999572753906,193.3300018310547,195.11000061035156,125918100
2016-03-01,166.6045684814453,198.11000061035156,198.2100067138672,194.4499969482422,195.00999450683594,141799700
2016-03-02,167.35299682617188,199.0,199.05999755859375,197.25,197.74000549316406,102415000
2016-03-03,168.00897216796875,199.77999877929688,199.8000030517578,198.11000061035156,198.7899932861328,95172200
2016-03-04,168.5556182861328,200.42999267578125,201.35000610351562,199.02999877929688,200.00999450683594,129293600
2016-03-07,168.69012451171875,200.58999633789062,201.07000732421875,199.25,199.33999633789062,100219000
2016-03-08,166.84840393066406,198.39999389648438,199.9199981689453,198.2100067138672,199.32000732421875,123974900
2016-03-09,167.672607421875,199.3800048828125,199.7899932861328,198.42999267578125,199.36000061035156,94801200
2016-03-10,167.80711364746094,199.5399932861328,201.07000732421875,197.3800048828125,199.9600067138672,156838700
2016-03-11,170.51504516601562,202.75999450683594,202.80999755859375,199.52000427246094,201.25999450683594,137964500
2016-03-14,170.29640197753906,202.5,203.0399932861328,201.77000427246094,202.16000366210938,73612000
2016-03-15,170.01890563964844,202.1699981689453,202.52999877929688,201.0500030517578,201.36000061035156,93169100
2016-03-16,171.00279235839844,203.33999633789062,203.82000732421875,201.5500030517578,201.60000610351562,129303200
2016-03-17,172.08766174316406,204.6300048828125,205.22999572753906,202.77000427246094,203.24000549316406,134278500
2016-03-18,172.76393127441406,204.3800048828125,204.77999877929688,203.8000030517578,204.1699981689453,138372400
2016-03-21,173.00904846191406,204.6699981689453,204.94000244140625,203.8000030517578,204.07000732421875,72926700
2016-03-22,172.91604614257812,204.55999755859375,205.22999572753906,203.57000732421875,203.75999450683594,97471900
2016-03-23,171.77491760253906,203.2100067138672,204.3300018310547,203.00999450683594,204.11000061035156,81052500
2016-03-24,171.6988067626953,203.1199951171875,203.16000366210938,201.74000549316406,202.0,84360900
2016-03-28,171.8002471923828,203.24000549316406,203.86000061035156,202.7100067138672,203.61000061035156,62408200
2016-03-29,173.38938903808594,205.1199951171875,205.25,202.39999389648438,202.75999450683594,92922900
2016-03-30,174.15020751953125,206.02000427246094,206.8699951171875,205.58999633789062,206.3000030517578,86365300
2016-03-31,173.72756958007812,205.52000427246094,206.41000366210938,205.3300018310547,205.91000366210938,94584100
2016-04-01,174.91098022460938,206.9199981689453,207.13999938964844,203.97999572753906,204.35000610351562,114423500
2016-04-04,174.34458923339844,206.25,207.07000732421875,205.88999938964844,206.8300018310547,63497000
2016-04-05,172.60328674316406,204.19000244140625,206.25999450683594,203.88999938964844,204.6699981689453,99662200
2016-04-06,174.4883270263672,206.4199981689453,206.49000549316406,203.97999572753906,204.19000244140625,91839800
2016-04-07,172.40042114257812,203.9499969482422,205.55999755859375,203.08999633789062,205.13999938964844,113859000
2016-04-08,172.86532592773438,204.5,205.85000610351562,203.8699951171875,205.33999633789062,95040600
2016-04-11,172.45960998535156,204.02000427246094,206.07000732421875,203.91000366210938,205.25,83757500
2016-04-12,174.06564331054688,205.9199981689453,206.25,203.6999969482422,204.22000122070312,115350600
2016-04-13,175.8239288330078,208.0,208.10000610351562,206.83999633789062,207.0,96336400
2016-04-14,175.8323516845703,208.00999450683594,208.60000610351562,207.60000610351562,208.07000732421875,65212900
2016-04-15,175.637939453125,207.77999877929688,208.1699981689453,207.39999389648438,208.00999450683594,75761600
2016-04-18,176.87210083007812,209.24000549316406,209.27999877929688,207.0,207.77999877929688,82531000
2016-04-19,177.42999267578125,209.89999389648438,210.1999969482422,208.94000244140625,209.74000549316406,88316100
2016-04-20,177.59906005859375,210.10000610351562,210.9199981689453,209.38999938964844,209.9499969482422,81100300
2016-04-21,176.64385986328125,208.97000122070312,210.25,208.64999389648438,210.1199951171875,85695000
2016-04-22,176.64385986328125,208.97000122070312,209.2899932861328,207.91000366210938,208.5500030517578,99251700
2016-04-25,176.3395538330078,208.61000061035156,208.66000366210938,207.5399932861328,208.25999450683594,66166500
2016-04-26,176.6016082763672,208.9199981689453,209.52000427246094,208.36000061035156,209.0399932861328,75864200
2016-04-27,176.965087890625,209.35000610351562,209.80999755859375,208.0500030517578,208.47000122070312,77329400
2016-04-28,175.35899353027344,207.4499969482422,209.75999450683594,206.9600067138672,208.4600067138672,97216200
2016-04-29,174.41224670410156,206.3300018310547,207.1300048828125,205.02999877929688,206.72000122070312,142424100
2016-05-02,175.798583984375,207.97000122070312,208.17999267578125,206.41000366210938,206.9199981689453,62188000
2016-05-03,174.26852416992188,206.16000366210938,206.8000030517578,205.27999877929688,206.52000427246094,106422100
2016-05-04,173.29641723632812,205.00999450683594,205.85000610351562,204.4199981689453,204.99000549316406,92243800
2016-05-05,173.2626190185547,204.97000122070312,205.97999572753906,204.47000122070312,205.55999755859375,67619200
2016-05-06,173.89659118652344,205.72000122070312,205.77000427246094,203.8800048828125,204.05999755859375,89315000
2016-05-09,174.04031372070312,205.88999938964844,206.39999389648438,205.36000061035156,205.57000732421875,74374900
2016-05-10,176.20428466796875,208.4499969482422,208.47000122070312,206.63999938964844,206.72000122070312,77472200
2016-05-11,174.55593872070312,206.5,208.5399932861328,206.5,207.91000366210938,81727000
2016-05-12,174.60665893554688,206.55999755859375,207.49000549316406,205.3699951171875,207.2899932861328,89586300
2016-05-13,173.08509826660156,204.75999450683594,206.86000061035156,204.3800048828125,206.2100067138672,96474600
2016-05-16,174.79263305664062,206.77999877929688,207.33999633789062,204.88999938964844,204.9600067138672,77486800
2016-05-17,173.16123962402344,204.85000610351562,206.8000030517578,204.22999572753906,206.4600067138672,114924900
2016-05-18,173.2119140625,204.91000366210938,206.3000030517578,203.6300048828125,204.44000244140625,120062100
2016-05-19,172.61170959472656,204.1999969482422,204.5399932861328,202.77999877929688,204.05999755859375,115430500
2016-05-20,173.7021942138672,205.49000549316406,206.10000610351562,204.86000061035156,204.9199981689453,104990400
2016-05-23,173.4654998779297,205.2100067138672,205.83999633789062,204.99000549316406,205.50999450683594,58682600
2016-05-24,175.7140350341797,207.8699951171875,208.24000549316406,206.13999938964844,206.1699981689453,93537800
2016-05-25,176.90591430664062,209.27999877929688,209.77000427246094,207.8699951171875,208.6699981689453,76621400
2016-05-26,176.95663452148438,209.33999633789062,209.7100067138672,208.97000122070312,209.44000244140625,55280700
2016-05-27,177.71743774414062,210.24000549316406,210.25,209.47000122070312,209.52999877929688,64211200
2016-05-31,177.37928771972656,209.83999633789062,210.69000244140625,209.17999267578125,210.55999755859375,109879400
2016-06-01,177.74276733398438,210.27000427246094,210.47999572753906,208.88999938964844,209.1199951171875,69936200
2016-06-02,178.2837677001953,210.91000366210938,210.92999267578125,209.24000549316406,209.8000030517578,63044700
2016-06-03,177.751220703125,210.27999877929688,210.69000244140625,208.86000061035156,210.25,101757100
2016-06-06,178.65573120117188,211.35000610351562,211.77000427246094,210.50999450683594,210.6999969482422,64887000
2016-06-07,178.93463134765625,211.67999267578125,212.33999633789062,211.5,211.52999877929688,60974800
2016-06-08,179.5179443359375,212.3699951171875,212.52000427246094,211.69000244140625,211.83999633789062,66170900
2016-06-09,179.27279663085938,212.0800018310547,212.22000122070312,211.19000244140625,211.50999450683594,73786900
2016-06-10,177.57371520996094,210.07000732421875,210.86000061035156,209.42999267578125,210.4600067138672,113829200
2016-06-13,176.20428466796875,208.4499969482422,210.3699951171875,208.35000610351562,209.36000061035156,117751200
2016-06-14,175.8577423095703,208.0399932861328,208.74000549316406,206.9199981689453,208.0,125059300
2016-06-15,175.61256408691406,207.75,209.36000061035156,207.52999877929688,208.0399932861328,109124500
2016-06-16,176.13670349121094,208.3699951171875,208.57000732421875,205.58999633789062,207.75,149533100
2016-06-17,175.48074340820312,206.52000427246094,207.1999969482422,205.75,207.1699981689453,117055700
2016-06-20,176.6107940673828,207.85000610351562,209.61000061035156,207.75,208.82000732421875,82789600
2016-06-21,177.11219787597656,208.44000244140625,208.9199981689453,207.77999877929688,208.3000030517578,72461700
2016-06-22,176.82322692871094,208.10000610351562,209.5,207.92999267578125,208.64999389648438,95560500
2016-06-23,179.12594604492188,210.80999755859375,210.8699951171875,209.27000427246094,209.80999755859375,102731400
2016-06-24,172.6936798095703,203.24000549316406,210.85000610351562,202.72000122070312,203.6300048828125,333444400
2016-06-27,169.60079956054688,199.60000610351562,201.60000610351562,198.64999389648438,201.58999633789062,230775800
2016-06-28,172.6597442626953,203.1999969482422,203.22999572753906,201.1199951171875,201.47999572753906,159382400
2016-06-29,175.59967041015625,206.66000366210938,206.92999267578125,204.72000122070312,204.83999633789062,137328600
2016-06-30,177.99583435058594,209.47999572753906,209.5399932861328,206.55999755859375,207.2100067138672,165021900
2016-07-01,178.3697052001953,209.9199981689453,210.49000549316406,209.2899932861328,209.47999572753906,106055300
2016-07-05,177.0866241455078,208.41000366210938,209.0800018310547,207.7100067138672,208.9499969482422,109803700
2016-07-06,178.1487579345703,209.66000366210938,209.8000030517578,207.05999755859375,207.8300018310547,96021500
2016-07-07,178.03836059570312,209.52999877929688,210.64999389648438,208.6300048828125,209.8699951171875,85593800
2016-07-08,180.68939208984375,212.64999389648438,212.94000244140625,210.77999877929688,211.0500030517578,133971000
2016-07-11,181.32662963867188,213.39999389648438,214.07000732421875,212.9499969482422,213.19000244140625,73633900
2016-07-12,182.64370727539062,214.9499969482422,215.3000030517578,213.42999267578125,214.52999877929688,101275600
2016-07-13,182.6182403564453,214.9199981689453,215.4499969482422,214.35000610351562,215.44000244140625,87324100
2016-07-14,183.63783264160156,216.1199951171875,216.6699981689453,215.66000366210938,216.39999389648438,91230900
2016-07-15,183.3914794921875,215.8300018310547,217.00999450683594,215.30999755859375,216.77999877929688,107155400
2016-07-18,183.88427734375,216.41000366210938,216.60000610351562,215.6699981689453,215.97000122070312,58725900
2016-07-19,183.69737243652344,216.19000244140625,216.22999572753906,215.6300048828125,215.9199981689453,54345700
2016-07-20,184.46209716796875,217.08999633789062,217.3699951171875,216.19000244140625,216.19000244140625,58159500
2016-07-21,183.76531982421875,216.27000427246094,217.22000122070312,215.75,216.9600067138672,67777300
2016-07-22,184.58953857421875,217.24000549316406,217.3000030517578,216.10000610351562,216.41000366210938,62787500
2016-07-25,184.0881805419922,216.64999389648438,217.05999755859375,215.97000122070312,217.0,55873100
2016-07-26,184.17318725585938,216.75,217.1699981689453,215.75999450683594,216.52999877929688,70080500
2016-07-27,183.9778289794922,216.52000427246094,217.27000427246094,215.6199951171875,217.19000244140625,84083900
2016-07-28,184.19017028808594,216.77000427246094,217.11000061035156,215.75,216.2899932861328,65035700
2016-07-29,184.48751831054688,217.1199951171875,217.5399932861328,216.1300048828125,216.4600067138672,79519400
2016-08-01,184.3346710205078,216.94000244140625,217.64999389648438,216.41000366210938,217.19000244140625,73311400
2016-08-02,183.15357971191406,215.5500030517578,216.8300018310547,214.57000732421875,216.64999389648438,92295500
2016-08-03,183.6888427734375,216.17999267578125,216.25,215.1300048828125,215.47999572753906,53993600
2016-08-04,183.88427734375,216.41000366210938,216.77999877929688,214.25,216.30999755859375,46585500
2016-08-05,185.38829040527344,218.17999267578125,218.22999572753906,216.41000366210938,216.41000366210938,71892200
2016-08-08,185.27777099609375,218.0500030517578,218.52000427246094,217.74000549316406,218.39999389648438,39906500
2016-08-09,185.38829040527344,218.17999267578125,218.75999450683594,217.8000030517578,218.1300048828125,51251700
2016-08-10,184.9293975830078,217.63999938964844,218.39999389648438,217.22999572753906,218.30999755859375,57941100
2016-08-11,185.78758239746094,218.64999389648438,218.94000244140625,217.9499969482422,218.25999450683594,72504300
2016-08-12,185.62612915039062,218.4600067138672,218.7100067138672,217.99000549316406,218.2899932861328,61313500
2016-08-15,186.16148376464844,219.08999633789062,219.5,218.8800048828125,218.88999938964844,49813500
2016-08-16,185.20135498046875,217.9600067138672,218.67999267578125,217.9600067138672,218.60000610351562,53213600
2016-08-17,185.54971313476562,218.3699951171875,218.52999877929688,217.02000427246094,218.0,75134300
2016-08-18,185.96607971191406,218.86000061035156,218.89999389648438,218.2100067138672,218.33999633789062,52989300
2016-08-19,185.6941375732422,218.5399932861328,218.75,217.74000549316406,218.30999755859375,75443000
2016-08-22,185.68565368652344,218.52999877929688,218.8000030517578,217.8300018310547,218.25999450683594,61368800
2016-08-23,186.0595245361328,218.97000122070312,219.60000610351562,218.89999389648438,219.25,53399200
2016-08-24,185.10789489746094,217.85000610351562,218.91000366210938,217.36000061035156,218.8000030517578,71728900
2016-08-25,184.9803924560547,217.6999969482422,218.19000244140625,217.22000122070312,217.39999389648438,69224800
2016-08-26,184.63204956054688,217.2899932861328,219.1199951171875,216.25,217.9199981689453,122506300
2016-08-29,185.54119873046875,218.36000061035156,218.6699981689453,217.39999389648438,217.44000244140625,70502200
2016-08-30,185.23529052734375,218.0,218.58999633789062,217.35000610351562,218.25999450683594,58114500
2016-08-31,184.70852661132812,217.3800048828125,217.75,216.47000122070312,217.61000061035156,85269500
2016-09-01,184.7169647216797,217.38999938964844,217.72999572753906,216.02999877929688,217.3699951171875,97844200
2016-09-02,185.54971313476562,218.3699951171875,218.8699951171875,217.6999969482422,218.38999938964844,79293900
2016-09-06,186.1104736328125,219.02999877929688,219.1199951171875,217.86000061035156,218.6999969482422,56702100
2016-09-07,186.09356689453125,219.00999450683594,219.22000122070312,218.3000030517578,218.83999633789062,76554900
2016-09-08,185.668701171875,218.50999450683594,218.94000244140625,218.14999389648438,218.6199951171875,74102900
2016-09-09,181.2247314453125,213.27999877929688,217.02999877929688,213.25,216.97000122070312,221589100
2016-09-12,183.8247833251953,216.33999633789062,216.80999755859375,212.30999755859375,212.38999938964844,168110900
2016-09-13,181.18222045898438,213.22999572753906,215.14999389648438,212.5,214.83999633789062,182828800
2016-09-14,181.11422729492188,213.14999389648438,214.6999969482422,212.5,213.2899932861328,134185500
2016-09-15,182.92405700683594,215.27999877929688,215.72999572753906,212.75,212.9600067138672,134427900
2016-09-16,182.21702575683594,213.3699951171875,213.69000244140625,212.57000732421875,213.47999572753906,155236400
2016-09-19,182.2511749267578,213.41000366210938,214.8800048828125,213.02999877929688,214.1300048828125,80250500
2016-09-20,182.2596893310547,213.4199981689453,214.58999633789062,213.3800048828125,214.41000366210938,69665300
2016-09-21,184.30926513671875,215.82000732421875,216.02999877929688,213.44000244140625,214.24000549316406,110284400
2016-09-22,185.47068786621094,217.17999267578125,217.52999877929688,216.7100067138672,217.0,76678700
2016-09-23,184.4544677734375,215.99000549316406,216.8800048828125,215.8800048828125,216.72000122070312,73630900
2016-09-26,182.9599609375,214.24000549316406,215.22999572753906,214.00999450683594,215.02000427246094,89827300
2016-09-27,184.0957794189453,215.57000732421875,215.67999267578125,213.6199951171875,214.0500030517578,78494800
2016-09-28,185.0095672607422,216.63999938964844,216.82000732421875,214.7100067138672,215.8300018310547,87411000
2016-09-29,183.33570861816406,214.67999267578125,216.8699951171875,214.0399932861328,216.39999389648438,128070600
2016-09-30,184.71923828125,216.3000030517578,217.1199951171875,215.36000061035156,215.64999389648438,117202900
2016-10-03,184.27517700195312,215.77999877929688,216.0399932861328,215.0399932861328,215.82000732421875,83512100
2016-10-04,183.33570861816406,214.67999267578125,216.1699981689453,213.99000549316406,215.91000366210938,119948100
2016-10-05,184.14700317382812,215.6300048828125,216.1300048828125,215.3300018310547,215.41000366210938,72816000
2016-10-06,184.27517700195312,215.77999877929688,216.0399932861328,214.74000549316406,215.3699951171875,62927400
2016-10-07,183.6431884765625,215.0399932861328,216.3000030517578,214.19000244140625,216.10000610351562,89788300
2016-10-10,184.59963989257812,216.16000366210938,216.6999969482422,215.99000549316406,216.16000366210938,51855000
2016-10-11,182.2682342529297,213.42999267578125,215.74000549316406,212.5800018310547,215.66000366210938,130367400
2016-10-12,182.50733947753906,213.7100067138672,214.32000732421875,213.00999450683594,213.58999633789062,73866100
2016-10-13,181.90957641601562,213.00999450683594,213.58999633789062,211.2100067138672,212.16000366210938,101357000
2016-10-14,182.0034942626953,213.1199951171875,214.69000244140625,213.02999877929688,214.14999389648438,93346200
2016-10-17,181.3715362548828,212.3800048828125,213.38999938964844,212.1699981689453,213.08999633789062,58275700
2016-10-18,182.50733947753906,213.7100067138672,214.30999755859375,213.27000427246094,214.24000549316406,76869700
2016-10-19,182.99415588378906,214.27999877929688,214.63999938964844,213.60000610351562,214.02000427246094,66519200
2016-10-20,182.6525421142578,213.8800048828125,214.52999877929688,213.11000061035156,213.8699951171875,73639800
2016-10-21,182.73794555664062,213.97999572753906,214.0800018310547,212.75999450683594,213.8800048828125,89089100
2016-10-24,183.51504516601562,214.88999938964844,215.32000732421875,214.47999572753906,215.0,60146600
2016-10-25,182.90020751953125,214.1699981689453,214.97999572753906,213.97999572753906,214.67999267578125,66542300
2016-10-26,182.53298950195312,213.74000549316406,214.4199981689453,212.92999267578125,213.2100067138672,75705500
2016-10-27,182.0461883544922,213.1699981689453,214.6199951171875,213.0800018310547,214.5800018310547,77220200
2016-10-28,181.5082244873047,212.5399932861328,213.92999267578125,211.7100067138672,213.13999938964844,140623200
2016-10-31,181.51673889160156,212.5500030517578,213.19000244140625,212.36000061035156,212.92999267578125,61272500
2016-11-01,180.20152282714844,211.00999450683594,212.99000549316406,209.60000610351562,212.92999267578125,122781800
2016-11-02,179.1169891357422,209.74000549316406,211.10000610351562,209.22999572753906,210.64999389648438,103330800
2016-11-03,178.2971649169922,208.77999877929688,210.24000549316406,208.4600067138672,209.99000549316406,88939300
2016-11-04,178.10073852539062,208.5500030517578,209.88999938964844,208.3800048828125,208.91000366210938,109122100
2016-11-07,182.02911376953125,213.14999389648438,213.19000244140625,208.5500030517578,208.5500030517578,109794900
2016-11-08,182.84890747070312,214.11000061035156,214.77000427246094,212.3800048828125,212.69000244140625,106772100
2016-11-09,184.7875518798828,216.3800048828125,217.10000610351562,212.33999633789062,212.3699951171875,258429000
2016-11-10,185.24867248535156,216.9199981689453,218.30999755859375,215.22000122070312,217.3000030517578,172113300
2016-11-11,184.82168579101562,216.4199981689453,216.6999969482422,215.32000732421875,216.0800018310547,100552700
2016-11-14,184.96685791015625,216.58999633789062,217.27000427246094,215.72000122070312,217.02999877929688,94580000
2016-11-15,186.4101104736328,218.27999877929688,218.27999877929688,216.8000030517578,217.0399932861328,91652600
2016-11-16,186.05999755859375,217.8699951171875,218.13999938964844,217.4199981689453,217.55999755859375,65617700
2016-11-17,187.01641845703125,218.99000549316406,219.05999755859375,217.9199981689453,218.0500030517578,69797200
2016-11-18,186.59800720214844,218.5,219.27000427246094,218.2899932861328,219.07000732421875,86265800
2016-11-21,188.00704956054688,220.14999389648438,220.17999267578125,219.0,219.1699981689453,72402600
2016-11-22,188.37429809570312,220.5800018310547,220.7899932861328,219.72999572753906,220.50999450683594,67429000
2016-11-23,188.4767608642578,220.6999969482422,220.75999450683594,219.75,219.97999572753906,56620200
2016-11-25,189.1770782470703,221.52000427246094,221.55999755859375,221.00999450683594,221.10000610351562,37872300
2016-11-28,188.2889862060547,220.47999572753906,221.47999572753906,220.36000061035156,221.16000366210938,76572500
2016-11-29,188.6561737060547,220.91000366210938,221.44000244140625,220.1699981689453,220.52000427246094,69886700
2016-11-30,188.2035675048828,220.3800048828125,221.82000732421875,220.30999755859375,221.6300048828125,113291800
2016-12-01,187.5117950439453,219.57000732421875,220.72999572753906,219.14999389648438,220.72999572753906,79040500
2016-12-02,187.6056671142578,219.67999267578125,220.25,219.25999450683594,219.6699981689453,74840300
2016-12-05,188.7329864501953,221.0,221.39999389648438,220.4199981689453,220.64999389648438,67837800
2016-12-06,189.3307647705078,221.6999969482422,221.74000549316406,220.66000366210938,221.22000122070312,59877400
2016-12-07,191.8074188232422,224.60000610351562,224.6699981689453,221.3800048828125,221.52000427246094,110738100
2016-12-08,192.27703857421875,225.14999389648438,225.6999969482422,224.25999450683594,224.57000732421875,99714400
2016-12-09,193.43849182128906,226.50999450683594,226.52999877929688,225.3699951171875,225.41000366210938,88005800
2016-12-12,193.21644592285156,226.25,226.9600067138672,225.75999450683594,226.39999389648438,102016100
2016-12-13,194.50595092773438,227.75999450683594,228.33999633789062,227.0,227.02000427246094,110477500
2016-12-14,192.90048217773438,225.8800048828125,228.22999572753906,225.3699951171875,227.41000366210938,142501800
2016-12-15,193.69467163085938,226.80999755859375,227.80999755859375,225.88999938964844,226.16000366210938,124972600
2016-12-16,193.3158721923828,225.0399932861328,226.0800018310547,224.6699981689453,226.00999450683594,156420200
2016-12-19,193.73678588867188,225.52999877929688,226.02000427246094,225.0800018310547,225.25,90341100
2016-12-20,194.484130859375,226.39999389648438,226.57000732421875,225.8800048828125,226.14999389648438,89838800
2016-12-21,193.9430389404297,225.77000427246094,226.4499969482422,225.77000427246094,226.25,67909000
2016-12-22,193.60792541503906,225.3800048828125,225.74000549316406,224.9199981689453,225.60000610351562,56219100
2016-12-23,193.89144897460938,225.7100067138672,225.72000122070312,225.2100067138672,225.42999267578125,36697800
2016-12-27,194.37249755859375,226.27000427246094,226.72999572753906,226.0,226.02000427246094,42672500
2016-12-28,192.76609802246094,224.39999389648438,226.58999633789062,224.27000427246094,226.57000732421875,64095000
2016-12-29,192.72314453125,224.35000610351562,224.88999938964844,223.83999633789062,224.47999572753906,48696100
2016-12-30,192.0187530517578,223.52999877929688,224.8300018310547,222.72999572753906,224.72999572753906,108998300
2017-01-03,193.48768615722656,225.24000549316406,225.8300018310547,223.8800048828125,225.0399932861328,91366500
2017-01-04,194.63876342773438,226.5800018310547,226.75,225.61000061035156,225.6199951171875,78744400
2017-01-05,194.484130859375,226.39999389648438,226.5800018310547,225.47999572753906,226.27000427246094,78379000
2017-01-06,195.179931640625,227.2100067138672,227.75,225.89999389648438,226.52999877929688,71559900
2017-01-09,194.53573608398438,226.4600067138672,227.07000732421875,226.4199981689453,226.91000366210938,46939700
2017-01-10,194.53573608398438,226.4600067138672,227.4499969482422,226.00999450683594,226.47999572753906,63771900
2017-01-11,195.08546447753906,227.10000610351562,227.10000610351562,225.58999633789062,226.36000061035156,74650000
2017-01-12,194.59579467773438,226.52999877929688,226.75,224.9600067138672,226.5,72113200
2017-01-13,195.0425262451172,227.0500030517578,227.39999389648438,226.69000244140625,226.72999572753906,62717900
2017-01-17,194.3553009033203,226.25,226.77999877929688,225.8000030517578,226.30999755859375,61240800
2017-01-18,194.78480529785156,226.75,226.8000030517578,225.89999389648438,226.5399932861328,54793300
2017-01-19,194.063232421875,225.91000366210938,227.0,225.41000366210938,226.83999633789062,66608800
2017-01-20,194.7761993408203,226.74000549316406,227.30999755859375,225.97000122070312,226.6999969482422,129168600
2017-01-23,194.26943969726562,226.14999389648438,226.80999755859375,225.27000427246094,226.74000549316406,75061600
2017-01-24,195.5150146484375,227.60000610351562,228.0800018310547,226.27000427246094,226.39999389648438,95555300
2017-01-25,197.20729064941406,229.57000732421875,229.57000732421875,228.50999450683594,228.6999969482422,84437700
2017-01-26,197.0011444091797,229.3300018310547,229.7100067138672,229.00999450683594,229.39999389648438,59970700
2017-01-27,196.6918182373047,228.97000122070312,229.58999633789062,228.75999450683594,229.4199981689453,59711100
2017-01-30,195.47201538085938,227.5500030517578,228.1999969482422,226.41000366210938,228.1699981689453,79737300
2017-01-31,195.4548797607422,227.52999877929688,227.60000610351562,226.32000732421875,226.97999572753906,75880800
2017-02-01,195.5321807861328,227.6199951171875,228.58999633789062,226.94000244140625,227.52999877929688,79117700
2017-02-02,195.66099548339844,227.77000427246094,228.10000610351562,226.82000732421875,227.6199951171875,69657600
2017-02-03,197.0096893310547,229.33999633789062,229.5500030517578,228.4600067138672,228.82000732421875,80563200
2017-02-06,196.65744018554688,228.92999267578125,229.3300018310547,228.5399932861328,228.8699951171875,57790100
2017-02-07,196.66612243652344,228.94000244140625,229.66000366210938,228.72000122070312,229.3800048828125,57931200
2017-02-08,196.923828125,229.24000549316406,229.38999938964844,228.30999755859375,228.94000244140625,51566200
2017-02-09,198.09210205078125,230.60000610351562,230.9499969482422,229.24000549316406,229.24000549316406,65955200
2017-02-10,198.87380981445312,231.50999450683594,231.77000427246094,230.6199951171875,231.0,66015900
2017-02-13,199.95619201660156,232.77000427246094,233.07000732421875,232.0500030517578,232.0800018310547,55182100
2017-02-14,200.75511169433594,233.6999969482422,233.7100067138672,232.16000366210938,232.55999755859375,71109000
2017-02-15,201.80311584472656,234.9199981689453,235.13999938964844,233.38999938964844,233.4499969482422,86785800
2017-02-16,201.63125610351562,234.72000122070312,235.16000366210938,233.85000610351562,234.9499969482422,84722400
2017-02-17,201.9490966796875,235.08999633789062,235.08999633789062,233.92999267578125,233.9499969482422,77204100
2017-02-21,203.15174865722656,236.49000549316406,236.69000244140625,235.50999450683594,235.52000427246094,88946100
2017-02-22,202.97137451171875,236.27999877929688,236.5399932861328,235.8300018310547,236.02000427246094,62115200
2017-02-23,203.1088409423828,236.44000244140625,236.89999389648438,235.55999755859375,236.8800048828125,74615900
2017-02-24,203.36648559570312,236.74000549316406,236.7899932861328,235.41000366210938,235.4600067138672,82381600
2017-02-27,203.6843719482422,237.11000061035156,237.30999755859375,236.35000610351562,236.63999938964844,56515400
2017-02-28,203.134521484375,236.47000122070312,236.9499969482422,236.02000427246094,236.6699981689453,96961900
2017-03-01,205.97792053222656,239.77999877929688,240.32000732421875,238.3699951171875,238.38999938964844,149158200
2017-03-02,204.68081665039062,238.27000427246094,239.57000732421875,238.2100067138672,239.55999755859375,70246000
2017-03-03,204.80966186523438,238.4199981689453,238.61000061035156,237.72999572753906,238.1699981689453,81974300
2017-03-06,204.19976806640625,237.7100067138672,238.1199951171875,237.00999450683594,237.5,55391500
2017-03-07,203.58985900878906,237.0,237.77000427246094,236.75999450683594,237.36000061035156,65103700
2017-03-08,203.21189880371094,236.55999755859375,237.63999938964844,236.39999389648438,237.33999633789062,78168800
2017-03-09,203.46961975097656,236.86000061035156,237.24000549316406,235.74000549316406,236.6999969482422,90683900
2017-03-10,204.18258666992188,237.69000244140625,238.02000427246094,236.58999633789062,237.97000122070312,81991700
2017-03-13,204.28565979003906,237.80999755859375,237.86000061035156,237.24000549316406,237.6199951171875,57256800
2017-03-14,203.5039520263672,236.89999389648438,237.24000549316406,236.19000244140625,237.17999267578125,59880800
2017-03-15,205.26499938964844,238.9499969482422,239.44000244140625,237.2899932861328,237.55999755859375,96081800
2017-03-16,204.86119079589844,238.47999572753906,239.1999969482422,238.10000610351562,239.11000061035156,78344000
2017-03-17,204.50146484375,237.02999877929688,237.97000122070312,237.02999877929688,237.75,89002100
2017-03-20,204.2771453857422,236.77000427246094,237.36000061035156,236.32000732421875,237.02999877929688,52537000
2017-03-21,201.654296875,233.72999572753906,237.61000061035156,233.5800018310547,237.47000122070312,131809300
2017-03-22,202.12884521484375,234.27999877929688,234.61000061035156,233.0500030517578,233.77000427246094,97569200
2017-03-23,201.91317749023438,234.02999877929688,235.33999633789062,233.60000610351562,234.27999877929688,100410300
2017-03-24,201.76646423339844,233.86000061035156,235.0399932861328,232.9600067138672,234.3800048828125,112504900
2017-03-27,201.55943298339844,233.6199951171875,233.9199981689453,231.61000061035156,231.92999267578125,87454500
2017-03-28,203.02609252929688,235.32000732421875,235.80999755859375,233.13999938964844,233.27000427246094,93483900
2017-03-29,203.21588134765625,235.5399932861328,235.80999755859375,234.72999572753906,234.99000549316406,61950400
2017-03-30,203.8629608154297,236.2899932861328,236.52000427246094,235.27000427246094,235.47000122070312,56737900
2017-03-31,203.38848876953125,235.74000549316406,236.50999450683594,235.67999267578125,235.89999389648438,73733100
2017-04-03,203.03475952148438,235.3300018310547,236.02999877929688,233.91000366210938,235.8000030517578,85546500
2017-04-04,203.16419982910156,235.47999572753906,235.5800018310547,234.55999755859375,235.0,56466200
2017-04-05,202.5601806640625,234.77999877929688,237.38999938964844,234.5399932861328,236.25999450683594,108800600
2017-04-06,203.12966918945312,235.44000244140625,236.0399932861328,234.42999267578125,234.94000244140625,69135800
2017-04-07,202.922607421875,235.1999969482422,236.0,234.63999938964844,235.14999389648438,74412300
2017-04-10,203.04335021972656,235.33999633789062,236.25999450683594,234.72999572753906,235.36000061035156,67615300
2017-04-11,202.80178833007812,235.05999755859375,235.17999267578125,233.33999633789062,234.89999389648438,88045300
2017-04-12,201.91317749023438,234.02999877929688,234.9600067138672,233.77000427246094,234.74000549316406,81864400
2017-04-13,200.6017303466797,232.50999450683594,234.49000549316406,232.50999450683594,233.63999938964844,92880400
2017-04-17,202.37905883789062,234.57000732421875,234.57000732421875,232.8800048828125,233.11000061035156,68405400
2017-04-18,201.77513122558594,233.8699951171875,234.49000549316406,233.0800018310547,233.72000122070312,83225800
2017-04-19,201.40414428710938,233.44000244140625,234.9499969482422,233.17999267578125,234.52000427246094,68699900
2017-04-20,203.04335021972656,235.33999633789062,235.85000610351562,233.77999877929688,234.14999389648438,92572200
2017-04-21,202.3962860107422,234.58999633789062,235.30999755859375,234.1300048828125,235.25,110389800
2017-04-24,204.62220764160156,237.1699981689453,237.41000366210938,234.55999755859375,237.17999267578125,119209900
2017-04-25,205.8128662109375,238.5500030517578,238.9499969482422,237.80999755859375,237.91000366210938,76698300
2017-04-26,205.68345642089844,238.39999389648438,239.52999877929688,238.35000610351562,238.50999450683594,84702500
2017-04-27,205.85598754882812,238.60000610351562,238.9499969482422,237.97999572753906,238.77000427246094,57410300
2017-04-28,205.40736389160156,238.0800018310547,238.92999267578125,237.92999267578125,238.89999389648438,63532800
2017-05-01,205.92501831054688,238.67999267578125,239.1699981689453,238.1999969482422,238.67999267578125,66882500
2017-05-02,206.0026397705078,238.77000427246094,238.97999572753906,238.3000030517578,238.83999633789062,57375700
2017-05-03,205.75244140625,238.47999572753906,238.8800048828125,237.6999969482422,238.77000427246094,73137700
2017-05-04,205.99404907226562,238.75999450683594,238.9199981689453,237.77999877929688,238.8300018310547,61462700
2017-05-05,206.80506896972656,239.6999969482422,239.72000122070312,238.67999267578125,239.19000244140625,62001300
2017-05-08,206.77053833007812,239.66000366210938,239.9199981689453,239.1699981689453,239.75,48385700
2017-05-09,206.58074951171875,239.44000244140625,240.19000244140625,239.0399932861328,239.9600067138672,51363200
2017-05-10,206.95169067382812,239.8699951171875,239.8699951171875,239.14999389648438,239.38999938964844,54293800
2017-05-11,206.5289306640625,239.3800048828125,239.57000732421875,238.1300048828125,239.35000610351562,62358300
2017-05-12,206.18386840820312,238.97999572753906,239.42999267578125,238.6699981689453,239.08999633789062,53912700
2017-05-15,207.3227081298828,240.3000030517578,240.44000244140625,239.4499969482422,239.47000122070312,61918900
2017-05-16,207.1329345703125,240.0800018310547,240.6699981689453,239.6300048828125,240.63999938964844,51241800
2017-05-17,203.45751953125,235.82000732421875,240.0800018310547,235.75,240.0800018310547,172174100
2017-05-18,204.2771453857422,236.77000427246094,237.75,235.42999267578125,235.72999572753906,107047700
2017-05-19,205.60577392578125,238.30999755859375,239.0800018310547,237.27000427246094,237.3300018310547,115011400
2017-05-22,206.64974975585938,239.52000427246094,239.7100067138672,238.82000732421875,238.89999389648438,61010600
2017-05-23,207.10694885253906,240.0500030517578,240.24000549316406,239.50999450683594,239.9499969482422,48341700
2017-05-24,207.59014892578125,240.61000061035156,240.72999572753906,239.92999267578125,240.32000732421875,46927700
2017-05-25,208.58230590820312,241.75999450683594,242.0800018310547,240.9600067138672,241.1999969482422,64071700
2017-05-26,208.53916931152344,241.7100067138672,241.89999389648438,241.4499969482422,241.5399932861328,46629900
2017-05-30,208.3580322265625,241.5,241.7899932861328,241.16000366210938,241.33999633789062,35201900
2017-05-31,208.30624389648438,241.44000244140625,241.8800048828125,240.63999938964844,241.83999633789062,91796000
2017-06-01,209.96278381347656,243.36000061035156,243.3800048828125,241.63999938964844,241.97000122070312,68962000
2017-06-02,210.66156005859375,244.1699981689453,244.35000610351562,243.0800018310547,243.4199981689453,88666100
2017-06-05,210.50628662109375,243.99000549316406,244.3000030517578,243.75999450683594,243.97000122070312,44698800
2017-06-06,209.83338928222656,243.2100067138672,243.97999572753906,243.1199951171875,243.33999633789062,50375400
2017-06-07,210.22158813476562,243.66000366210938,243.9199981689453,242.8300018310547,243.60000610351562,54144300
2017-06-08,210.3250732421875,243.77999877929688,244.3300018310547,243.1699981689453,243.77000427246094,65950700
2017-06-09,210.0059051513672,243.41000366210938,245.00999450683594,241.9499969482422,244.08999633789062,132256400
2017-06-12,209.96278381347656,243.36000061035156,243.4199981689453,242.3800048828125,243.1300048828125,86108100
2017-06-13,210.98941040039062,244.5500030517578,244.61000061035156,243.5800018310547,243.97999572753906,60067000
2017-06-14,210.72198486328125,244.24000549316406,244.8699951171875,243.2899932861328,244.86000061035156,78602300
2017-06-15,210.3165283203125,243.77000427246094,243.91000366210938,242.36000061035156,242.67999267578125,66464900
2017-06-16,210.3624267578125,242.63999938964844,242.8300018310547,241.6300048828125,242.77000427246094,84553100
2017-06-19,212.11375427246094,244.66000366210938,244.72999572753906,243.47999572753906,243.58999633789062,65123800
2017-06-20,210.68321228027344,243.00999450683594,244.25999450683594,242.99000549316406,244.25,56906400
2017-06-21,210.6311798095703,242.9499969482422,243.58999633789062,242.41000366210938,243.4600067138672,55977600
2017-06-22,210.5357666015625,242.83999633789062,243.52999877929688,242.63999938964844,242.9600067138672,44148100
2017-06-23,210.7872772216797,243.1300048828125,243.50999450683594,242.47000122070312,242.91000366210938,66986800
2017-06-26,210.92596435546875,243.2899932861328,244.3800048828125,243.0500030517578,243.89999389648438,56700500
2017-06-27,209.22671508789062,241.3300018310547,243.3800048828125,241.30999755859375,243.0399932861328,82247700
2017-06-28,211.0994110107422,243.49000549316406,243.72000122070312,242.22999572753906,242.5,70042600
2017-06-29,209.24403381347656,241.35000610351562,243.72000122070312,239.9600067138672,243.66000366210938,106949700
2017-06-30,209.6342315673828,241.8000030517578,242.7100067138672,241.5800018310547,242.27999877929688,86820700
2017-07-03,209.98965454101562,242.2100067138672,243.3800048828125,242.2100067138672,242.8800048828125,39153800
2017-07-05,210.47515869140625,242.77000427246094,243.00999450683594,241.6999969482422,242.6300048828125,54427600
2017-07-06,208.55047607421875,240.5500030517578,242.02999877929688,240.33999633789062,241.88999938964844,65400800
2017-07-07,209.90292358398438,242.11000061035156,242.27999877929688,240.55999755859375,241.2100067138672,57972300
2017-07-10,210.12835693359375,242.3699951171875,242.8000030517578,241.75999450683594,242.11000061035156,36663300
2017-07-11,209.9723358154297,242.19000244140625,242.5500030517578,240.85000610351562,242.3699951171875,50354600
2017-07-12,211.55020141601562,244.00999450683594,244.1999969482422,243.3000030517578,243.3000030517578,59610400
2017-07-13,211.9056396484375,244.4199981689453,244.5500030517578,243.75999450683594,244.02000427246094,39471600
2017-07-14,212.89398193359375,245.55999755859375,245.97000122070312,244.30999755859375,244.4199981689453,60262700
2017-07-17,212.86798095703125,245.52999877929688,245.91000366210938,245.3300018310547,245.47000122070312,33531900
2017-07-18,212.980712890625,245.66000366210938,245.72000122070312,244.6699981689453,245.05999755859375,42742500
2017-07-19,214.13375854492188,246.99000549316406,247.0,246.00999450683594,246.02000427246094,51034300
2017-07-20,214.22914123535156,247.10000610351562,247.4199981689453,246.47000122070312,247.27999877929688,47135200
2017-07-21,214.03842163085938,246.8800048828125,246.91000366210938,246.17999267578125,246.44000244140625,82340800
2017-07-24,213.9863739013672,246.82000732421875,246.97999572753906,246.27999877929688,246.7899932861328,46622300
2017-07-25,214.50657653808594,247.4199981689453,247.8000030517578,247.16000366210938,247.67999267578125,54915600
2017-07-26,214.51522827148438,247.42999267578125,247.7899932861328,247.1300048828125,247.75,47575400
2017-07-27,214.31581115722656,247.1999969482422,248.0,245.67999267578125,247.9600067138672,70766600
2017-07-28,214.0643768310547,246.91000366210938,247.05999755859375,246.1300048828125,246.64999389648438,50088400
2017-07-31,213.9430694580078,246.77000427246094,247.47999572753906,246.52999877929688,247.3699951171875,65838700
2017-08-01,214.41990661621094,247.32000732421875,247.5,246.72000122070312,247.4600067138672,55050400
2017-08-02,214.5238800048828,247.44000244140625,247.60000610351562,246.3699951171875,247.47000122070312,47211200
2017-08-03,214.10775756835938,246.9600067138672,247.33999633789062,246.63999938964844,247.30999755859375,40856000
2017-08-04,214.49795532226562,247.41000366210938,247.7899932861328,246.97000122070312,247.52000427246094,60191800
2017-08-07,214.8966827392578,247.8699951171875,247.8699951171875,247.3699951171875,247.49000549316406,31995000
2017-08-08,214.36785888671875,247.25999450683594,248.91000366210938,246.8300018310547,247.50999450683594,61719400
2017-08-09,214.3591766357422,247.25,247.30999755859375,246.05999755859375,246.47000122070312,62632600
2017-08-10,211.33346557617188,243.75999450683594,246.44000244140625,243.6999969482422,246.2899932861328,120479500
2017-08-11,211.64553833007812,244.1199951171875,244.8000030517578,243.75,244.02000427246094,74869900
2017-08-14,213.74365234375,246.5399932861328,246.7899932861328,245.5500030517578,245.58999633789062,73291900
2017-08-15,213.71762084960938,246.50999450683594,247.0,246.16000366210938,246.97999572753906,55242700
2017-08-16,214.09039306640625,246.94000244140625,247.57000732421875,246.4499969482422,247.11000061035156,56715500
2017-08-17,210.75259399414062,243.08999633789062,246.60000610351562,243.08999633789062,246.24000549316406,128490400
2017-08-18,210.42318725585938,242.7100067138672,244.19000244140625,242.1999969482422,242.89999389648438,136748000
2017-08-21,210.587890625,242.89999389648438,243.1999969482422,241.8300018310547,242.63999938964844,65469700
2017-08-22,212.7899932861328,245.44000244140625,245.6199951171875,243.5500030517578,243.57000732421875,63140100
2017-08-23,212.0270233154297,244.55999755859375,245.0500030517578,244.16000366210938,244.3300018310547,50203800
2017-08-24,211.5327911376953,243.99000549316406,245.17999267578125,243.75,245.0,50741700
2017-08-25,212.0270233154297,244.55999755859375,245.61000061035156,244.38999938964844,244.89999389648438,64445900
2017-08-28,212.03570556640625,244.57000732421875,245.1999969482422,244.08999633789062,245.1699981689453,40565600
2017-08-29,212.27847290039062,244.85000610351562,245.14999389648438,242.92999267578125,243.05999755859375,51135700
2017-08-30,213.28416442871094,246.00999450683594,246.32000732421875,244.6199951171875,244.8300018310547,62030800
2017-08-31,214.56727600097656,247.49000549316406,247.77000427246094,246.0500030517578,246.72000122070312,103803900
2017-09-01,214.87075805664062,247.83999633789062,248.3300018310547,247.6699981689453,247.9199981689453,62007000
2017-09-05,213.3274688720703,246.05999755859375,247.52000427246094,244.9499969482422,247.25999450683594,91398800
2017-09-06,214.05575561523438,246.89999389648438,247.27999877929688,246.22999572753906,246.83999633789062,57916900
2017-09-07,214.02976989746094,246.8699951171875,247.27000427246094,246.39999389648438,247.25,58034700
2017-09-08,213.77833557128906,246.5800018310547,247.11000061035156,246.3000030517578,246.5399932861328,63832800
2017-09-11,216.0584716796875,249.2100067138672,249.3000030517578,248.02000427246094,248.0399932861328,71364800
2017-09-12,216.7866973876953,250.0500030517578,250.08999633789062,249.4199981689453,249.6300048828125,56896000
2017-09-13,216.8907470703125,250.1699981689453,250.2100067138672,249.58999633789062,249.72000122070312,59228000
2017-09-14,216.82139587402344,250.08999633789062,250.32000732421875,249.60000610351562,249.8000030517578,95446300
2017-09-15,217.11328125,249.19000244140625,249.2899932861328,248.57000732421875,248.69000244140625,95432400
2017-09-18,217.57501220703125,249.72000122070312,250.1199951171875,249.27999877929688,249.61000061035156,46235200
2017-09-19,217.79286193847656,249.97000122070312,250.07000732421875,249.60000610351562,250.0,47108100
2017-09-20,217.87127685546875,250.05999755859375,250.19000244140625,248.9199981689453,250.07000732421875,59574100
2017-09-21,217.28750610351562,249.38999938964844,249.97999572753906,249.19000244140625,249.8800048828125,48211400
2017-09-22,217.3311004638672,249.44000244140625,249.6300048828125,249.02000427246094,249.0500030517578,51214000
2017-09-25,216.88674926757812,248.92999267578125,249.5500030517578,248.0800018310547,249.14999389648438,57064400
2017-09-26,217.01744079589844,249.0800018310547,249.6999969482422,248.80999755859375,249.4199981689453,54082000
2017-09-27,217.86257934570312,250.0500030517578,250.49000549316406,248.8699951171875,249.8800048828125,81001400
2017-09-28,218.12393188476562,250.35000610351562,250.44000244140625,249.6300048828125,249.72999572753906,44778800
2017-09-29,218.8906707763672,251.22999572753906,251.32000732421875,250.1300048828125,250.33999633789062,85578000
2017-10-02,219.84036254882812,252.32000732421875,252.32000732421875,251.2899932861328,251.49000549316406,59023000
2017-10-03,220.31088256835938,252.86000061035156,252.88999938964844,252.22999572753906,252.32000732421875,66810200
2017-10-04,220.57225036621094,253.16000366210938,253.44000244140625,252.55999755859375,252.69000244140625,55953600
2017-10-05,221.879150390625,254.66000366210938,254.67999267578125,253.1999969482422,253.5399932861328,63522800
2017-10-06,221.62646484375,254.3699951171875,254.6999969482422,253.85000610351562,254.14999389648438,80646000
2017-10-09,221.2605438232422,253.9499969482422,254.6999969482422,253.64999389648438,254.6300048828125,35803100
2017-10-10,221.84429931640625,254.6199951171875,255.0500030517578,253.97999572753906,254.60000610351562,43057400
2017-10-11,222.19277954101562,255.02000427246094,255.02000427246094,254.32000732421875,254.50999450683594,47674300
2017-10-12,221.86170959472656,254.63999938964844,255.05999755859375,254.3699951171875,254.66000366210938,47065100
2017-10-13,222.1318359375,254.9499969482422,255.27000427246094,254.63999938964844,255.13999938964844,54800400
2017-10-16,222.42807006835938,255.2899932861328,255.50999450683594,254.82000732421875,255.2100067138672,38221700
2017-10-17,222.5848846435547,255.47000122070312,255.52000427246094,254.97999572753906,255.22999572753906,31561000
2017-10-18,222.80274963378906,255.72000122070312,255.9499969482422,255.5,255.89999389648438,40888300
2017-10-19,222.86373901367188,255.7899932861328,255.8300018310547,254.35000610351562,254.8300018310547,61903800
2017-10-20,224.01376342773438,257.1099853515625,257.1400146484375,255.77000427246094,256.70001220703125,89176400
2017-10-23,223.14248657226562,256.1099853515625,257.510009765625,256.0199890136719,257.4800109863281,63915300
2017-10-24,223.53457641601562,256.55999755859375,256.8299865722656,256.1499938964844,256.6000061035156,66935900
2017-10-25,222.42807006835938,255.2899932861328,256.30999755859375,254.0,256.17999267578125,103715300
2017-10-26,222.71559143066406,255.6199951171875,256.29998779296875,255.47999572753906,255.99000549316406,69798000
2017-10-27,224.5364990234375,257.7099914550781,257.8900146484375,255.6300048828125,256.4700012207031,85562500
2017-10-30,223.70013427734375,256.75,257.6000061035156,256.4100036621094,256.4700012207031,54285700
2017-10-31,224.04859924316406,257.1499938964844,257.44000244140625,256.80999755859375,257.17999267578125,60304800
2017-11-01,224.34486389160156,257.489990234375,258.42999267578125,257.07000732421875,258.0400085449219,54202700
2017-11-02,224.43197631835938,257.5899963378906,257.75,256.19000244140625,257.4100036621094,56449500
2017-11-03,225.18128967285156,258.45001220703125,258.5,257.29998779296875,257.7699890136719,59589700
2017-11-06,225.52975463867188,258.8500061035156,259.0,258.2200012207031,258.29998779296875,49652600
2017-11-07,225.37303161621094,258.6700134277344,259.3500061035156,258.0899963378906,258.9700012207031,57502200
2017-11-08,225.75631713867188,259.1099853515625,259.2200012207031,258.1499938964844,258.4700012207031,50469600
2017-11-09,224.93734741210938,258.1700134277344,258.3900146484375,256.3599853515625,257.7300109863281,95085500
2017-11-10,224.8676300048828,258.0899963378906,258.2900085449219,257.3699951171875,257.7300109863281,59984700
2017-11-13,225.07669067382812,258.3299865722656,258.5899963378906,257.2699890136719,257.30999755859375,50228600
2017-11-14,224.5540008544922,257.7300109863281,257.8500061035156,256.5199890136719,257.4100036621094,61315200
2017-11-15,223.43003845214844,256.44000244140625,257.2200012207031,255.6300048828125,256.6199951171875,80811500
2017-11-16,225.32937622070312,258.6199951171875,259.0400085449219,257.4700012207031,257.5199890136719,67777000
2017-11-17,224.66722106933594,257.8599853515625,258.5899963378906,257.7699890136719,258.2200012207031,75756800
2017-11-20,225.0505828857422,258.29998779296875,258.5199890136719,257.8599853515625,258.1400146484375,48075500
2017-11-21,226.52301025390625,259.989990234375,260.20001220703125,258.260009765625,259.17999267578125,69176800
2017-11-22,226.3226318359375,259.760009765625,260.1499938964844,259.57000732421875,260.0,45033400
2017-11-24,226.8453826904297,260.3599853515625,260.4800109863281,260.1600036621094,260.32000732421875,27856500
2017-11-27,226.73220825195312,260.2300109863281,260.75,260.0,260.4100036621094,52274900
2017-11-28,229.03236389160156,262.8699951171875,262.8999938964844,260.6499938964844,260.760009765625,98971700
2017-11-29,228.89291381835938,262.7099914550781,263.6300048828125,262.20001220703125,263.0199890136719,77512100
2017-11-30,230.89686584472656,265.010009765625,266.04998779296875,263.6700134277344,263.760009765625,127894400
2017-12-01,230.4176788330078,264.4599914550781,265.30999755859375,260.760009765625,264.760009765625,164390900
2017-12-04,230.13890075683594,264.1400146484375,266.79998779296875,264.0799865722656,266.30999755859375,94040600
2017-12-05,229.3111114501953,263.19000244140625,265.1499938964844,263.0400085449219,263.19000244140625,77994500
2017-12-06,229.35476684570312,263.239990234375,263.7300109863281,262.7099914550781,263.29998779296875,75898600
2017-12-07,230.07781982421875,264.07000732421875,264.42999267578125,262.94000244140625,264.07000732421875,77218600
2017-12-08,231.33251953125,265.510009765625,265.5199890136719,264.0299987792969,265.1600036621094,76563900
2017-12-11,232.02951049804688,266.30999755859375,266.3800048828125,265.4800109863281,266.30999755859375,83077500
2017-12-12,232.43899536132812,266.7799987792969,267.32000732421875,266.3500061035156,267.2099914550781,85195800
2017-12-13,232.4128875732422,266.75,267.55999755859375,266.6499938964844,267.05999755859375,102905400
2017-12-14,231.4631805419922,265.6600036621094,267.2200012207031,265.6000061035156,267.0899963378906,100666700
2017-12-15,233.3906707763672,266.510009765625,267.0400085449219,265.3900146484375,265.45001220703125,144610300
2017-12-18,234.8706512451172,268.20001220703125,268.6000061035156,267.9800109863281,268.1000061035156,83653600
2017-12-19,233.96865844726562,267.1700134277344,268.5299987792969,267.0899963378906,268.4800109863281,82382900
2017-12-20,233.8460235595703,267.0299987792969,268.3299865722656,266.69000244140625,268.2699890136719,76751500
2017-12-21,234.3276824951172,267.5799865722656,268.3900146484375,267.29998779296875,267.739990234375,67032300
2017-12-22,234.26641845703125,267.510009765625,267.6400146484375,266.8999938964844,267.6000061035156,78720900
2017-12-26,233.98617553710938,267.19000244140625,267.44000244140625,266.8900146484375,267.04998779296875,45244400
2017-12-27,234.1000213623047,267.32000732421875,267.7300109863281,267.010009765625,267.3800048828125,57751000
2017-12-28,234.58168029785156,267.8699951171875,267.9200134277344,267.45001220703125,267.8900146484375,45116100
2017-12-29,233.6972198486328,266.8599853515625,268.54998779296875,266.6400146484375,268.5299987792969,96007400
2018-01-02,235.3698272705078,268.7699890136719,268.80999755859375,267.3999938964844,267.8399963378906,86655700
2018-01-03,236.8585205078125,270.4700012207031,270.6400146484375,268.9599914550781,268.9599914550781,90070400
2018-01-04,237.8568572998047,271.6099853515625,272.1600036621094,270.5400085449219,271.20001220703125,80636400
2018-01-05,239.44198608398438,273.4200134277344,273.55999755859375,271.95001220703125,272.510009765625,83524000
2018-01-08,239.8798370361328,273.9200134277344,274.1000061035156,272.9800109863281,273.30999755859375,57319200
2018-01-09,240.4228057861328,274.5400085449219,275.25,274.0799865722656,274.3999938964844,57254000
2018-01-10,240.05491638183594,274.1199951171875,274.4200134277344,272.9200134277344,273.67999267578125,69574300
2018-01-11,241.806396484375,276.1199951171875,276.1199951171875,274.55999755859375,274.75,62361500
2018-01-12,243.3827667236328,277.9200134277344,278.1099853515625,276.0799865722656,276.4200134277344,90816100
2018-01-16,242.55076599121094,276.9700012207031,280.0899963378906,276.17999267578125,279.3500061035156,106555100
2018-01-17,244.86273193359375,279.6099853515625,280.04998779296875,276.9700012207031,278.0299987792969,113258800
2018-01-18,244.45111083984375,279.1400146484375,279.9599914550781,278.5799865722656,279.4800109863281,100728000
2018-01-19,245.5632781982422,280.4100036621094,280.4100036621094,279.1400146484375,279.79998779296875,140920100
2018-01-22,247.55999755859375,282.69000244140625,282.69000244140625,280.1099853515625,280.1700134277344,91322400
2018-01-23,248.08541870117188,283.2900085449219,283.6199951171875,282.3699951171875,282.739990234375,97084700
2018-01-24,247.9890899658203,283.17999267578125,284.70001220703125,281.8399963378906,284.0199890136719,134816100
2018-01-25,248.09414672851562,283.29998779296875,284.2699890136719,282.3999938964844,284.1600036621094,84587300
2018-01-26,250.96652221679688,286.5799865722656,286.6300048828125,283.9599914550781,284.25,107743100
2018-01-29,249.30262756347656,284.67999267578125,286.42999267578125,284.5,285.92999267578125,90118300
2018-01-30,246.7455596923828,281.760009765625,284.739990234375,281.2200012207031,282.6000061035156,131796400
2018-01-31,246.8681182861328,281.8999938964844,283.29998779296875,280.67999267578125,282.7300109863281,108364800
2018-02-01,246.58799743652344,281.5799865722656,283.05999755859375,280.67999267578125,281.07000732421875,90102500
2018-02-02,241.21971130371094,275.45001220703125,280.2300109863281,275.4100036621094,280.0799865722656,173174800
2018-02-05,231.1313018798828,263.92999267578125,275.8500061035156,263.30999755859375,273.45001220703125,294681800
2018-02-06,235.68508911132812,269.1300048828125,269.70001220703125,258.70001220703125,259.94000244140625,355026800
2018-02-07,234.40658569335938,267.6700134277344,272.3599853515625,267.5799865722656,268.5,167376100
2018-02-08,225.61419677734375,257.6300048828125,268.1700134277344,257.5899963378906,268.010009765625,246449500
2018-02-09,229.00328063964844,261.5,263.6099853515625,252.9199981689453,260.79998779296875,283565300
2018-02-12,232.3660888671875,265.3399963378906,267.010009765625,261.6600036621094,263.8299865722656,143736000
2018-02-13,232.9440460205078,266.0,266.6199951171875,263.30999755859375,263.9700012207031,81223600
2018-02-14,236.08787536621094,269.5899963378906,270.0,264.29998779296875,264.30999755859375,120735700
2018-02-15,239.1004180908203,273.0299987792969,273.0400085449219,268.7699890136719,271.57000732421875,111200300
2018-02-16,239.17047119140625,273.1099853515625,275.32000732421875,272.2699890136719,272.32000732421875,160420100
2018-02-20,237.67300415039062,271.3999938964844,273.6700134277344,270.5,272.0299987792969,86369700
2018-02-21,236.49075317382812,270.04998779296875,274.7200012207031,269.94000244140625,271.8999938964844,98883700
2018-02-22,236.79725646972656,270.3999938964844,273.04998779296875,269.6400146484375,271.1000061035156,110511300
2018-02-23,240.5716552734375,274.7099914550781,274.7099914550781,271.25,271.7900085449219,92766400
2018-02-26,243.365234375,277.8999938964844,278.010009765625,275.260009765625,275.92999267578125,86491400
2018-02-27,240.32643127441406,274.42999267578125,278.9200134277344,274.3599853515625,278.1099853515625,99099200
2018-02-28,237.89186096191406,271.6499938964844,276.19000244140625,271.2900085449219,275.67999267578125,121907800
2018-03-01,234.4328155517578,267.70001220703125,273.1700134277344,266.0,271.4100036621094,176855100
2018-03-02,235.6413116455078,269.0799865722656,269.7200012207031,264.82000732421875,265.79998779296875,139083200
2018-03-05,238.36488342285156,272.19000244140625,272.8900146484375,267.6099853515625,267.7300109863281,97307400
2018-03-06,238.9691162109375,272.8800048828125,273.3900146484375,271.17999267578125,273.29998779296875,79213200
2018-03-07,238.8814697265625,272.7799987792969,273.17999267578125,270.20001220703125,270.4200134277344,87063500
2018-03-08,240.03746032714844,274.1000061035156,274.239990234375,272.4200134277344,273.54998779296875,66901200
2018-03-09,244.2146759033203,278.8699951171875,278.8699951171875,275.3399963378906,275.70001220703125,113625300
2018-03-12,243.9082489013672,278.5199890136719,279.9100036621094,278.0799865722656,279.20001220703125,71924800
2018-03-13,242.33181762695312,276.7200012207031,280.4100036621094,276.0299987792969,279.8399963378906,91968900
2018-03-14,241.0883331298828,275.29998779296875,278.0199890136719,274.6700134277344,277.80999755859375,105895100
2018-03-15,240.82562255859375,275.0,276.6099853515625,274.42999267578125,275.8800048828125,83433000
2018-03-16,241.08677673339844,274.20001220703125,275.3900146484375,274.1400146484375,274.5,100343700
2018-03-19,237.82479858398438,270.489990234375,274.3999938964844,268.6199951171875,273.3500061035156,109208400
2018-03-20,238.229248046875,270.95001220703125,271.6700134277344,270.17999267578125,270.94000244140625,59757300
2018-03-21,237.77206420898438,270.42999267578125,273.2699890136719,270.19000244140625,270.8999938964844,78709600
2018-03-22,231.8284149169922,263.6700134277344,268.8699951171875,263.3599853515625,267.9100036621094,148785900
2018-03-23,226.88706970214844,258.04998779296875,264.5400085449219,257.8299865722656,264.1700134277344,183534800
2018-03-26,233.094482421875,265.1099853515625,265.42999267578125,259.4100036621094,262.1300048828125,141956100
2018-03-27,229.12916564941406,260.6000061035156,266.7699890136719,258.8399963378906,266.1700134277344,129941400
2018-03-28,228.4521026611328,259.8299865722656,262.6400146484375,258.5799865722656,260.75,146452300
2018-03-29,231.37118530273438,263.1499938964844,265.260009765625,259.8399963378906,261.1199951171875,111601600
2018-04-02,226.3771209716797,257.4700012207031,263.1300048828125,254.6699981689453,262.54998779296875,186286300
2018-04-03,229.27865600585938,260.7699890136719,261.30999755859375,256.8399963378906,258.8699951171875,119956900
2018-04-04,231.73167419433594,263.55999755859375,264.3599853515625,256.6000061035156,256.75,123715300
2018-04-05,233.56053161621094,265.6400146484375,266.6400146484375,264.32000732421875,265.54998779296875,82652600
2018-04-06,228.3554229736328,259.7200012207031,265.1099853515625,258.0,263.4200134277344,179521200
2018-04-09,229.4808349609375,261.0,264.8399963378906,259.94000244140625,261.3699951171875,105442900
2018-04-10,233.12962341308594,265.1499938964844,266.0400085449219,262.9800109863281,264.2699890136719,103529000
2018-04-11,231.9075164794922,263.760009765625,265.6400146484375,263.3900146484375,263.4700012207031,91140200
2018-04-12,233.81549072265625,265.92999267578125,267.0,265.05999755859375,265.260009765625,68890500
2018-04-13,233.12962341308594,265.1499938964844,267.5400085449219,264.010009765625,267.4100036621094,85079200
2018-04-16,235.04640197753906,267.3299865722656,268.20001220703125,266.07000732421875,267.0,63405300
2018-04-17,237.56100463867188,270.19000244140625,270.8699951171875,268.75,269.3299865722656,64682000
2018-04-18,237.73687744140625,270.3900146484375,271.29998779296875,269.8699951171875,270.69000244140625,57303900
2018-04-19,236.41806030273438,268.8900146484375,269.8800048828125,267.7200012207031,269.6499938964844,77655900
2018-04-20,234.41331481933594,266.6099853515625,269.05999755859375,265.6099853515625,268.80999755859375,99953100
2018-04-23,234.37814331054688,266.57000732421875,267.8900146484375,265.3500061035156,267.260009765625,65558000
2018-04-24,231.22174072265625,262.9800109863281,267.9800109863281,261.2799987792969,267.7300109863281,112885500
2018-04-25,231.79322814941406,263.6300048828125,264.1300048828125,260.8500061035156,262.9100036621094,103840900
2018-04-26,234.14955139160156,266.30999755859375,267.25,264.2900085449219,264.7900085449219,67731900
2018-04-27,234.36941528320312,266.55999755859375,267.3399963378906,265.5,267.0,57053600
2018-04-30,232.56692504882812,264.510009765625,267.8900146484375,264.42999267578125,267.260009765625,82182300
2018-05-01,232.98020935058594,264.9800109863281,265.1000061035156,262.1099853515625,263.8699951171875,74203400
2018-05-02,231.41514587402344,263.20001220703125,265.67999267578125,262.760009765625,264.760009765625,86368900
2018-05-03,230.9051513671875,262.6199951171875,263.3599853515625,259.04998779296875,262.260009765625,136311500
2018-05-04,233.89459228515625,266.0199890136719,266.7900085449219,261.1499938964844,261.5199890136719,91222100
2018-05-07,234.6859588623047,266.9200134277344,268.0199890136719,266.1099853515625,266.8900146484375,55304900
2018-05-08,234.6859588623047,266.9200134277344,267.3299865722656,265.1499938964844,266.5,67499200
2018-05-09,236.9542694091797,269.5,269.8699951171875,267.0899963378906,267.67999267578125,59666100
2018-05-10,239.17001342773438,272.0199890136719,272.3900146484375,270.2200012207031,270.3399963378906,72063900
2018-05-11,239.8997039794922,272.8500061035156,273.1499938964844,271.5799865722656,272.1600036621094,59871500
2018-05-14,240.0141143798828,272.9800109863281,274.0799865722656,272.3599853515625,273.3399963378906,54790600
2018-05-15,238.36111450195312,271.1000061035156,271.6099853515625,270.0299987792969,271.5899963378906,87036100
2018-05-16,239.3634796142578,272.239990234375,272.760009765625,271.1099853515625,271.1400146484375,53942600
2018-05-17,239.1612548828125,272.010009765625,273.2300109863281,271.1300048828125,271.94000244140625,56536400
2018-05-18,238.5633087158203,271.3299865722656,272.0299987792969,270.92999267578125,271.6199951171875,64368000
2018-05-21,240.35696411132812,273.3699951171875,273.9800109863281,272.57000732421875,273.010009765625,58025900
2018-05-22,239.68873596191406,272.6099853515625,274.25,272.239990234375,273.9599914550781,52966400
2018-05-23,240.3482208251953,273.3599853515625,273.3900146484375,270.989990234375,271.1700134277344,64694200
2018-05-24,239.85580444335938,272.79998779296875,273.2200012207031,270.7799987792969,272.9100036621094,76043800
2018-05-25,239.28433227539062,272.1499938964844,272.8599853515625,271.5799865722656,272.1499938964844,56374800
2018-05-29,236.53228759765625,269.0199890136719,271.1700134277344,267.760009765625,270.30999755859375,115908600
2018-05-30,239.68873596191406,272.6099853515625,273.1099853515625,270.4200134277344,270.5,69678400
2018-05-31,238.2204132080078,270.94000244140625,272.489990234375,270.260009765625,272.1499938964844,93519900
2018-06-01,240.5592041015625,273.6000061035156,273.94000244140625,272.3299865722656,272.4100036621094,71258400
2018-06-04,241.70223999023438,274.8999938964844,275.19000244140625,274.260009765625,274.5299987792969,45385200
2018-06-05,241.8780517578125,275.1000061035156,275.5299987792969,274.17999267578125,275.04998779296875,51135000
2018-06-06,243.90029907226562,277.3999938964844,277.5199890136719,275.0899963378906,275.7900085449219,62732200
2018-06-07,243.87400817871094,277.3699951171875,278.2799987792969,276.3399963378906,277.95001220703125,72969400
2018-06-08,244.59486389160156,278.19000244140625,278.25,276.6600036621094,276.8500061035156,72139700
2018-06-11,244.9202117919922,278.55999755859375,279.3699951171875,278.30999755859375,278.44000244140625,58892500
2018-06-12,245.23667907714844,278.9200134277344,279.3299865722656,278.19000244140625,279.0299987792969,72329000
2018-06-13,244.45420837402344,278.0299987792969,279.4800109863281,277.79998779296875,279.19000244140625,79070600
2018-06-14,245.0697021484375,278.7300109863281,279.3299865722656,278.05999755859375,279.010009765625,77097600
2018-06-15,244.75701904296875,277.1300048828125,277.510009765625,275.3500061035156,276.6000061035156,120041600
2018-06-18,244.25369262695312,276.55999755859375,276.70001220703125,274.95001220703125,275.489990234375,52917600
2018-06-19,243.31748962402344,275.5,275.75,273.5299987792969,274.0,97531500
2018-06-20,243.73257446289062,275.9700012207031,276.7200012207031,275.5899963378906,276.2699890136719,53785500
2018-06-21,242.20460510253906,274.239990234375,275.9800109863281,273.67999267578125,275.9599914550781,71061400
2018-06-22,242.646240234375,274.739990234375,275.7900085449219,274.489990234375,275.6600036621094,54898500
2018-06-25,239.34310913085938,271.0,273.6199951171875,269.1000061035156,273.44000244140625,137854200
2018-06-26,239.8730010986328,271.6000061035156,272.55999755859375,270.7900085449219,271.6400146484375,68547400
2018-06-27,237.88584899902344,269.3500061035156,273.8699951171875,269.17999267578125,272.260009765625,105110700
2018-06-28,239.24600219726562,270.8900146484375,271.75,268.489990234375,269.2900085449219,76650500
2018-06-29,239.5904541015625,271.2799987792969,273.6600036621094,271.1499938964844,272.1199951171875,97592500
2018-07-02,240.10263061523438,271.8599853515625,272.0400085449219,269.239990234375,269.510009765625,63554800
2018-07-03,239.2548065185547,270.8999938964844,272.9800109863281,270.4200134277344,272.8699951171875,42187100
2018-07-05,241.20663452148438,273.1099853515625,273.17999267578125,270.9599914550781,272.1700134277344,56925900
2018-07-06,243.24679565429688,275.4200134277344,275.8399963378906,272.7099914550781,273.1400146484375,66493700
2018-07-09,245.4370880126953,277.8999938964844,277.9599914550781,276.5,276.54998779296875,50550400
2018-07-10,246.3202667236328,278.8999938964844,279.010009765625,278.0799865722656,278.4100036621094,51966800
2018-07-11,244.5186004638672,276.8599853515625,278.0400085449219,276.5199890136719,277.1499938964844,77054700
2018-07-12,246.73538208007812,279.3699951171875,279.42999267578125,277.6000061035156,278.2799987792969,60124700
2018-07-13,246.9296417236328,279.5899963378906,279.92999267578125,278.6600036621094,279.1700134277344,48216000
2018-07-16,246.70892333984375,279.3399963378906,279.79998779296875,278.8399963378906,279.6400146484375,48201000
2018-07-17,247.70689392089844,280.4700012207031,280.9100036621094,278.4100036621094,278.4700012207031,52315500
2018-07-18,248.22796630859375,281.05999755859375,281.17999267578125,280.05999755859375,280.55999755859375,44593500
2018-07-19,247.2918243408203,280.0,280.739990234375,279.4599914550781,280.30999755859375,61412100
2018-07-20,247.0091552734375,279.67999267578125,280.4800109863281,279.5,279.7699890136719,82337700
2018-07-23,247.46844482421875,280.20001220703125,280.42999267578125,279.05999755859375,279.45001220703125,47047600
2018-07-24,248.71368408203125,281.6099853515625,282.55999755859375,280.6300048828125,281.7900085449219,68026900
2018-07-25,250.83334350585938,284.010009765625,284.3699951171875,281.2799987792969,281.3299865722656,78882900
2018-07-26,250.24148559570312,283.3399963378906,284.1099853515625,283.0899963378906,283.20001220703125,57919500
2018-07-27,248.5460205078125,281.4200134277344,283.82000732421875,280.3800048828125,283.7099914550781,76768700
2018-07-30,247.24765014648438,279.95001220703125,281.69000244140625,279.3599853515625,281.510009765625,63742500
2018-07-31,248.46636962890625,281.3299865722656,282.0199890136719,280.3800048828125,280.80999755859375,68570500
2018-08-01,248.05136108398438,280.8599853515625,282.1300048828125,280.1300048828125,281.55999755859375,53853300
2018-08-02,249.40272521972656,282.3900146484375,282.5799865722656,279.1600036621094,279.3900146484375,63426400
2018-08-03,250.47125244140625,283.6000061035156,283.6600036621094,282.3299865722656,282.5299987792969,53935400
2018-08-06,251.38983154296875,284.6400146484375,284.989990234375,283.20001220703125,283.6400146484375,39400900
2018-08-07,252.22003173828125,285.5799865722656,286.010009765625,285.239990234375,285.3900146484375,43196600
2018-08-08,252.11402893066406,285.4599914550781,285.9100036621094,284.94000244140625,285.3900146484375,42114600
2018-08-09,251.7696075439453,285.07000732421875,285.9700012207031,284.9200134277344,285.5299987792969,35717000
2018-08-10,250.08267211914062,283.1600036621094,284.05999755859375,282.3599853515625,283.45001220703125,77076000
2018-08-13,249.1464385986328,282.1000061035156,284.1600036621094,281.7699890136719,283.4700012207031,65732900
2018-08-14,250.7362060546875,283.8999938964844,284.1700134277344,282.4800109863281,282.9200134277344,43842000
2018-08-15,248.86386108398438,281.7799987792969,282.5400085449219,280.1600036621094,282.3800048828125,102925400
2018-08-16,250.87753295898438,284.05999755859375,285.0400085449219,283.3599853515625,283.3999938964844,69967900
2018-08-17,251.76068115234375,285.05999755859375,285.55999755859375,283.3699951171875,283.8299865722656,65618500
2018-08-20,252.29942321777344,285.6700134277344,285.9700012207031,285.05999755859375,285.57000732421875,39807500
2018-08-21,252.89111328125,286.3399963378906,287.30999755859375,285.7099914550781,286.25,67272000
2018-08-22,252.7410125732422,286.1700134277344,286.760009765625,285.5799865722656,285.8800048828125,44993300
2018-08-23,252.4054718017578,285.7900085449219,286.94000244140625,285.42999267578125,285.9700012207031,49204900
2018-08-24,253.9244842529297,287.510009765625,287.6700134277344,286.3800048828125,286.44000244140625,57487400
2018-08-27,255.9293670654297,289.7799987792969,289.8999938964844,288.67999267578125,288.8599853515625,57072400
2018-08-28,256.052978515625,289.9200134277344,290.4200134277344,289.3999938964844,290.29998779296875,46943500
2018-08-29,257.4307861328125,291.4800109863281,291.739990234375,289.8900146484375,290.1600036621094,61485500
2018-08-30,256.38861083984375,290.29998779296875,291.3599853515625,289.6300048828125,290.94000244140625,61229500
2018-08-31,256.3974304199219,290.30999755859375,290.80999755859375,289.2900085449219,289.8399963378906,66140800
2018-09-04,255.9558563232422,289.80999755859375,290.2099914550781,288.67999267578125,289.8399963378906,57594400
2018-09-05,255.2669219970703,289.0299987792969,289.6400146484375,287.8900146484375,289.4100036621094,72452400
2018-09-06,254.49851989746094,288.1600036621094,289.489990234375,287.0,289.1499938964844,65909900
2018-09-07,254.00404357910156,287.6000061035156,288.70001220703125,286.7099914550781,286.9800109863281,73524800
2018-09-10,254.4456024169922,288.1000061035156,289.0400085449219,287.8800048828125,288.739990234375,50210900
2018-09-11,255.2846221923828,289.04998779296875,289.54998779296875,286.9800109863281,287.3699951171875,50530500
2018-09-12,255.34645080566406,289.1199951171875,289.79998779296875,288.2300109863281,289.05999755859375,59810800
2018-09-13,256.8567199707031,290.8299865722656,291.0400085449219,290.0,290.32000732421875,51034200
2018-09-14,256.9008483886719,290.8800048828125,291.2699890136719,290.0,291.05999755859375,55079900
2018-09-17,255.54067993164062,289.3399963378906,290.8599853515625,289.0299987792969,290.82000732421875,68244000
2018-09-18,256.9273681640625,290.9100036621094,291.5799865722656,289.54998779296875,289.5799865722656,61930400
2018-09-19,257.2010498046875,291.2200012207031,291.69000244140625,290.8299865722656,290.9700012207031,49080600
2018-09-20,259.2854919433594,293.5799865722656,293.94000244140625,291.239990234375,292.6400146484375,100360600
2018-09-21,259.04852294921875,291.989990234375,293.2200012207031,291.80999755859375,293.0899963378906,105479700
2018-09-24,258.1879577636719,291.0199890136719,291.5,290.3699951171875,291.3399963378906,53409600
2018-09-25,257.948486328125,290.75,291.6499938964844,290.4800109863281,291.5299987792969,44370000
2018-09-26,257.1766357421875,289.8800048828125,292.239990234375,289.4100036621094,290.9100036621094,79739700
2018-09-27,257.895263671875,290.69000244140625,291.9100036621094,290.1000061035156,290.4100036621094,59249500
2018-09-28,257.921875,290.7200012207031,291.2799987792969,289.95001220703125,289.989990234375,70091400
2018-10-01,258.81787109375,291.7300109863281,292.92999267578125,290.9800109863281,292.1099853515625,62078900
2018-10-02,258.66705322265625,291.55999755859375,292.3599853515625,291.1400146484375,291.55999755859375,47258200
2018-10-03,258.80908203125,291.7200012207031,293.2099914550781,291.32000732421875,292.739990234375,64694600
2018-10-04,256.78631591796875,289.44000244140625,291.239990234375,287.6600036621094,291.17999267578125,111545900
2018-10-05,255.34902954101562,287.82000732421875,290.2699890136719,286.2200012207031,289.69000244140625,105951700
2018-10-08,255.34902954101562,287.82000732421875,288.2200012207031,285.5,287.04998779296875,87742200
2018-10-09,254.9764404296875,287.3999938964844,288.8599853515625,286.7699890136719,287.3900146484375,74339000
2018-10-10,246.90306091308594,278.29998779296875,286.9100036621094,277.8800048828125,286.8299865722656,214731000
2018-10-11,241.4646453857422,272.1700134277344,278.8999938964844,270.3599853515625,277.0799865722656,274840500
2018-10-12,244.818115234375,275.95001220703125,277.0899963378906,272.3699951171875,276.7699890136719,183186500
2018-10-15,243.44302368164062,274.3999938964844,277.0400085449219,274.29998779296875,275.54998779296875,102263700
2018-10-16,248.7660675048828,280.3999938964844,280.82000732421875,276.07000732421875,276.6000061035156,118255800
2018-10-17,248.81045532226562,280.45001220703125,281.1499938964844,277.55999755859375,280.44000244140625,110626000
2018-10-18,245.21737670898438,276.3999938964844,280.07000732421875,274.9700012207031,279.3999938964844,134557500
2018-10-19,245.08432006835938,276.25,279.29998779296875,275.4700012207031,277.1300048828125,139901600
2018-10-22,243.98416137695312,275.010009765625,277.3599853515625,274.4100036621094,277.0,82415800
2018-10-23,242.74221801757812,273.6099853515625,274.8699951171875,268.6099853515625,270.95001220703125,146352700
2018-10-24,235.3873748779297,265.32000732421875,273.760009765625,264.70001220703125,273.3299865722656,177806700
2018-10-25,239.61044311523438,270.0799865722656,271.80999755859375,266.2300109863281,267.3800048828125,138061500
2018-10-26,235.39617919921875,265.3299865722656,271.0,262.2900085449219,265.9200134277344,201574600
2018-10-29,234.09207153320312,263.8599853515625,270.25,259.8500061035156,268.79998779296875,160749100
2018-10-30,237.56097412109375,267.7699890136719,268.1199951171875,263.1199951171875,263.6700134277344,157116000
2018-10-31,240.098388671875,270.6300048828125,273.2300109863281,270.1199951171875,270.6499938964844,128296300
2018-11-01,242.6533660888672,273.510009765625,273.7300109863281,270.3800048828125,271.6000061035156,99495000
2018-11-02,241.21620178222656,271.8900146484375,275.2300109863281,269.5899963378906,274.75,122634100
2018-11-05,242.54702758789062,273.3900146484375,274.010009765625,271.3500061035156,272.44000244140625,65622500
2018-11-06,244.08181762695312,275.1199951171875,275.29998779296875,273.25,273.32000732421875,60085900
2018-11-07,249.3073272705078,281.010009765625,281.1000061035156,277.0799865722656,277.55999755859375,102752100
2018-11-08,248.85487365722656,280.5,281.2200012207031,279.2200012207031,280.1099853515625,65584900
2018-11-09,246.42398071289062,277.760009765625,279.239990234375,276.17999267578125,279.0299987792969,98812600
2018-11-12,241.8194580078125,272.57000732421875,277.4599914550781,271.989990234375,277.19000244140625,99673600
2018-11-13,241.36705017089844,272.05999755859375,275.3299865722656,271.25,273.0899963378906,98176600
2018-11-14,239.716796875,270.20001220703125,274.6099853515625,268.45001220703125,274.1600036621094,125335900
2018-11-15,242.21868896484375,273.0199890136719,273.5400085449219,267.010009765625,268.7799987792969,135101400
2018-11-16,242.84866333007812,273.7300109863281,274.75,271.2099914550781,271.7900085449219,126668000
2018-11-19,238.74095153808594,269.1000061035156,273.3800048828125,268.07000732421875,273.04998779296875,103061700
2018-11-20,234.32273864746094,264.1199951171875,267.0,263.1499938964844,265.3599853515625,136021300
2018-11-21,235.1212615966797,265.0199890136719,267.1499938964844,265.010009765625,265.8599853515625,75563700
2018-11-23,233.55093383789062,263.25,264.82000732421875,263.07000732421875,263.17999267578125,42807900
2018-11-26,237.3214569091797,267.5,267.75,265.3399963378906,265.7799987792969,79981400
2018-11-27,238.1199493408203,268.3999938964844,268.3999938964844,265.6600036621094,266.3399963378906,75502400
2018-11-28,243.60264587402344,274.5799865722656,274.5799865722656,268.3299865722656,269.6000061035156,127629600
2018-11-29,243.07037353515625,273.9800109863281,275.54998779296875,272.42999267578125,273.7099914550781,82346400
2018-11-30,244.55201721191406,275.6499938964844,276.2799987792969,273.45001220703125,273.80999755859375,98204200
2018-12-03,247.7902374267578,279.29998779296875,280.3999938964844,277.510009765625,280.2799987792969,103176300
2018-12-04,239.76126098632812,270.25,278.8500061035156,269.8999938964844,278.3699951171875,177986000
2018-12-06,239.39743041992188,269.8399963378906,269.9700012207031,262.44000244140625,265.9200134277344,204185400
2018-12-07,233.83480834960938,263.57000732421875,271.2200012207031,262.6300048828125,269.4599914550781,161018900
2018-12-10,234.2783966064453,264.07000732421875,265.1600036621094,258.6199951171875,263.3699951171875,151445900
2018-12-11,234.33168029785156,264.1300048828125,267.8699951171875,262.4800109863281,267.6600036621094,121504400
2018-12-12,235.51158142089844,265.4599914550781,269.0,265.3699951171875,267.4700012207031,97976700
2018-12-13,235.43173217773438,265.3699951171875,267.489990234375,264.1199951171875,266.5199890136719,96662700
2018-12-14,231.08450317382812,260.4700012207031,264.0299987792969,259.8500061035156,262.9599914550781,116961100
2018-12-17,226.5510711669922,255.36000061035156,260.6499938964844,253.52999877929688,259.3999938964844,165492300
2018-12-18,226.3026123046875,255.0800018310547,257.95001220703125,253.27999877929688,257.20001220703125,134515100
2018-12-19,222.91358947753906,251.25999450683594,259.3999938964844,249.35000610351562,255.1699981689453,214992800
2018-12-20,219.28500366210938,247.1699981689453,251.6199951171875,244.64999389648438,249.86000061035156,252053400
2018-12-21,214.79196166992188,240.6999969482422,249.7100067138672,239.97999572753906,246.74000549316406,255345600
2018-12-24,209.11654663085938,234.33999633789062,240.83999633789062,234.27000427246094,239.0399932861328,147311600
2018-12-26,219.6820831298828,246.17999267578125,246.17999267578125,233.75999450683594,235.97000122070312,218485400
2018-12-27,221.3687286376953,248.07000732421875,248.2899932861328,238.9600067138672,242.57000732421875,186267300
2018-12-28,221.08316040039062,247.75,251.39999389648438,246.4499969482422,249.5800018310547,153100200
2018-12-31,223.01950073242188,249.9199981689453,250.19000244140625,247.47000122070312,249.55999755859375,144299400
2019-01-02,223.25157165527344,250.17999267578125,251.2100067138672,245.9499969482422,245.97999572753906,126925200
2019-01-03,217.92417907714844,244.2100067138672,248.57000732421875,243.6699981689453,248.22999572753906,144140700
2019-01-04,225.2237091064453,252.38999938964844,253.11000061035156,247.1699981689453,247.58999633789062,142628800
2019-01-07,226.99952697753906,254.3800048828125,255.9499969482422,251.69000244140625,252.69000244140625,103139100
2019-01-08,229.13226318359375,256.7699890136719,257.30999755859375,254.0,256.82000732421875,102512600
2019-01-09,230.2030792236328,257.9700012207031,258.9100036621094,256.19000244140625,257.55999755859375,95006600
2019-01-10,231.0152130126953,258.8800048828125,259.1600036621094,255.5,256.260009765625,96823900
2019-01-11,231.10435485839844,258.9800109863281,259.010009765625,257.0299987792969,257.67999267578125,73858100
2019-01-14,229.69444274902344,257.3999938964844,258.29998779296875,256.4100036621094,256.8599853515625,70908200
2019-01-15,232.3269500732422,260.3500061035156,260.70001220703125,257.80999755859375,257.82000732421875,85208300
2019-01-16,232.8891143798828,260.9800109863281,261.9700012207031,260.6000061035156,260.8299865722656,77636700
2019-01-17,234.656005859375,262.9599914550781,263.9200134277344,259.9599914550781,260.010009765625,96118400
2019-01-18,237.77928161621094,266.4599914550781,266.9800109863281,263.0,264.9800109863281,127900300
2019-01-22,234.56675720214844,262.8599853515625,265.05999755859375,261.05999755859375,264.82000732421875,115531200
2019-01-23,235.0576171875,263.4100036621094,264.7900085449219,260.6600036621094,264.010009765625,86030300
2019-01-24,235.1824951171875,263.54998779296875,264.20001220703125,262.0799865722656,263.2099914550781,59204100
2019-01-25,237.1724853515625,265.7799987792969,266.70001220703125,263.6600036621094,265.6099853515625,96883400
2019-01-28,235.369873046875,263.760009765625,263.8299865722656,261.7900085449219,263.3900146484375,85613700
2019-01-29,235.0576171875,263.4100036621094,264.54998779296875,262.4800109863281,263.9200134277344,66136300
2019-01-30,238.77865600585938,267.5799865722656,268.5199890136719,264.25,265.1000061035156,92473700
2019-01-31,240.8758087158203,269.92999267578125,270.4700012207031,267.2699890136719,267.510009765625,104012100
2019-02-01,240.9917449951172,270.05999755859375,271.20001220703125,269.17999267578125,270.1499938964844,85782500
2019-02-04,242.68727111816406,271.9599914550781,272.0299987792969,269.3599853515625,270.1099853515625,60744800
2019-02-05,243.70460510253906,273.1000061035156,273.44000244140625,271.8800048828125,272.44000244140625,79552800
2019-02-06,243.3833465576172,272.739990234375,273.3399963378906,271.9200134277344,272.7900085449219,58347800
2019-02-07,241.06320190429688,270.1400146484375,271.54998779296875,268.2900085449219,270.94000244140625,95482000
2019-02-08,241.3575897216797,270.4700012207031,270.5799865722656,267.8299865722656,268.75,75788900
2019-02-11,241.4915008544922,270.6199951171875,271.489990234375,270.0299987792969,271.20001220703125,68021400
2019-02-12,244.59689331054688,274.1000061035156,274.5199890136719,272.3399963378906,272.4200134277344,72270200
2019-02-13,245.39120483398438,274.989990234375,275.92999267578125,274.55999755859375,275.0299987792969,65277200
2019-02-14,244.8467559814453,274.3800048828125,275.6400146484375,272.8699951171875,273.7799987792969,83234400
2019-02-15,247.5149688720703,277.3699951171875,277.4100036621094,276.1300048828125,276.3599853515625,97088700
2019-02-19,247.94334411621094,277.8500061035156,278.5799865722656,276.4700012207031,276.4800109863281,59120800
2019-02-20,248.44300842285156,278.4100036621094,278.9200134277344,277.25,277.80999755859375,76610800
2019-02-21,247.55953979492188,277.4200134277344,278.1000061035156,276.3500061035156,277.70001220703125,64214700
2019-02-22,249.09446716308594,279.1400146484375,279.3599853515625,277.3999938964844,278.1099853515625,78114600
2019-02-25,249.4334716796875,279.5199890136719,281.30999755859375,279.42999267578125,280.7300109863281,69030700
2019-02-26,249.25502014160156,279.32000732421875,280.29998779296875,278.8999938964844,279.1300048828125,56844100
2019-02-27,249.14796447753906,279.20001220703125,279.5899963378906,277.4800109863281,278.5199890136719,56921600
2019-02-28,248.68394470214844,278.67999267578125,279.45001220703125,278.32000732421875,278.9599914550781,69268300
2019-03-01,250.23663330078125,280.4200134277344,280.8800048828125,278.82000732421875,280.44000244140625,78880500
2019-03-04,249.3264617919922,279.3999938964844,281.8699951171875,276.8399963378906,281.6000061035156,106494600
2019-03-05,248.9873504638672,279.0199890136719,279.760009765625,278.4100036621094,279.5400085449219,59114600
2019-03-06,247.47926330566406,277.3299865722656,279.1600036621094,276.9700012207031,279.1499938964844,75039800
2019-03-07,245.40896606445312,275.010009765625,276.989990234375,274.07000732421875,276.8299865722656,94885100
2019-03-08,244.91819763183594,274.4599914550781,274.6499938964844,272.4200134277344,272.94000244140625,85795800
2019-03-11,248.46983337402344,278.44000244140625,278.6199951171875,275.2300109863281,275.260009765625,65098900
2019-03-12,249.40672302246094,279.489990234375,280.07000732421875,278.8500061035156,279.05999755859375,79667500
2019-03-13,251.05764770507812,281.3399963378906,282.3800048828125,280.29998779296875,280.4800109863281,80639200
2019-03-14,250.89697265625,281.1600036621094,281.8399963378906,280.6700134277344,281.3699951171875,67518400
2019-03-15,252.13662719726562,281.30999755859375,282.2099914550781,280.3299865722656,280.5400085449219,81309000
2019-03-18,253.05084228515625,282.3299865722656,282.6600036621094,281.29998779296875,281.54998779296875,62199800
2019-03-19,253.11349487304688,282.3999938964844,284.3599853515625,281.4100036621094,283.510009765625,90268100
2019-03-20,252.35171508789062,281.54998779296875,283.5,280.32000732421875,282.1600036621094,84609200
2019-03-21,255.20193481445312,284.7300109863281,285.17999267578125,280.5899963378906,280.6400146484375,79550400
2019-03-22,250.29025268554688,279.25,283.79998779296875,279.17999267578125,283.2200012207031,122659300
2019-03-25,250.10208129882812,279.0400085449219,280.19000244140625,277.6400146484375,278.8699951171875,85575200
2019-03-26,251.9662322998047,281.1199951171875,282.17999267578125,279.55999755859375,280.989990234375,68125900
2019-03-27,250.64869689941406,279.6499938964844,281.760009765625,277.92999267578125,281.1099853515625,72224700
2019-03-28,251.598876953125,280.7099914550781,281.2099914550781,279.07000732421875,280.3500061035156,56238500
2019-03-29,253.18519592285156,282.4800109863281,282.8399963378906,281.1400146484375,282.3900146484375,82186800
2019-04-01,256.1878662109375,285.8299865722656,286.1600036621094,284.3999938964844,284.70001220703125,77617900
2019-04-02,256.3133239746094,285.9700012207031,286.2300109863281,285.0899963378906,286.0400085449219,40070400
2019-04-03,256.7166442871094,286.4200134277344,287.760009765625,285.75,287.32000732421875,68243200
2019-04-04,257.39776611328125,287.17999267578125,287.4599914550781,286.010009765625,286.7799987792969,48997500
2019-04-05,258.6436767578125,288.57000732421875,288.6300048828125,287.6000061035156,287.9200134277344,58621700
2019-04-08,258.8407897949219,288.7900085449219,288.9100036621094,287.3699951171875,288.1000061035156,53566300
2019-04-09,257.5143737792969,287.30999755859375,288.0799865722656,286.70001220703125,287.7200012207031,66142300
2019-04-10,258.3927001953125,288.2900085449219,288.3900146484375,287.30999755859375,287.7699890136719,52601500
2019-04-11,258.32098388671875,288.2099914550781,288.8399963378906,287.5799865722656,288.8299865722656,55093100
2019-04-12,260.06884765625,290.1600036621094,290.4700012207031,288.260009765625,290.0,69727800
2019-04-15,259.8984680175781,289.9700012207031,290.3500061035156,289.0799865722656,290.239990234375,49596700
2019-04-16,260.06884765625,290.1600036621094,291.010009765625,289.5,290.95001220703125,52153200
2019-04-17,259.4324035644531,289.45001220703125,291.42999267578125,288.989990234375,291.3999938964844,58268300
2019-04-18,259.943359375,290.0199890136719,290.32000732421875,288.6600036621094,290.1000061035156,68708500
2019-04-22,260.16748046875,290.2699890136719,290.44000244140625,289.07000732421875,289.1700134277344,40160100
2019-04-23,262.50665283203125,292.8800048828125,293.1400146484375,290.4200134277344,290.67999267578125,52246600
2019-04-24,261.9241943359375,292.2300109863281,293.1600036621094,292.07000732421875,292.7900085449219,50392900
2019-04-25,261.7628479003906,292.04998779296875,292.7799987792969,290.7300109863281,292.1199951171875,57770900
2019-04-26,262.98175048828125,293.4100036621094,293.489990234375,291.239990234375,292.1000061035156,50916400
2019-04-29,263.39410400390625,293.8699951171875,294.45001220703125,293.4100036621094,293.510009765625,57197700
2019-04-30,263.5284423828125,294.0199890136719,294.3399963378906,291.9200134277344,293.489990234375,81111700
2019-05-01,261.5476989746094,291.80999755859375,294.95001220703125,291.79998779296875,294.7200012207031,71671900
2019-05-02,260.98291015625,291.17999267578125,292.70001220703125,289.5199890136719,291.67999267578125,65030200
2019-05-03,263.5374755859375,294.0299987792969,294.3399963378906,291.29998779296875,292.82000732421875,56543700
2019-05-06,262.452880859375,292.82000732421875,293.30999755859375,288.8999938964844,289.25,107198100
2019-05-07,258.0700378417969,287.92999267578125,290.80999755859375,285.80999755859375,290.1499938964844,144729900
2019-05-08,257.7115173339844,287.5299987792969,289.42999267578125,286.8699951171875,287.5299987792969,91568300
2019-05-09,256.9317626953125,286.6600036621094,287.3299865722656,283.29998779296875,285.2300109863281,103471100
2019-05-10,258.222412109375,288.1000061035156,288.94000244140625,282.29998779296875,285.6199951171875,112429300
2019-05-13,251.73329162597656,280.8599853515625,283.489990234375,279.92999267578125,282.4200134277344,127290500
2019-05-14,254.0098419189453,283.3999938964844,285.1000061035156,281.8500061035156,281.989990234375,77003200
2019-05-15,255.49765014648438,285.05999755859375,285.7699890136719,281.3599853515625,281.5899963378906,73956400
2019-05-16,257.8639221191406,287.70001220703125,289.2099914550781,285.760009765625,285.8399963378906,76749600
2019-05-17,256.19677734375,285.8399963378906,288.6000061035156,285.1199951171875,285.1400146484375,100353000
2019-05-20,254.50283813476562,283.95001220703125,285.9599914550781,283.1199951171875,284.05999755859375,62877600
2019-05-21,256.7973327636719,286.510009765625,286.92999267578125,285.54998779296875,285.8299865722656,46847100
2019-05-22,256.00860595703125,285.6300048828125,286.69000244140625,285.1000061035156,285.45001220703125,49482500
2019-05-23,252.8804931640625,282.1400146484375,283.2099914550781,280.57000732421875,283.1600036621094,98733800
2019-05-24,253.45411682128906,282.7799987792969,284.20001220703125,282.0899963378906,283.739990234375,55268100
2019-05-28,251.09695434570312,280.1499938964844,284.1499938964844,280.1300048828125,283.0899963378906,70029400
2019-05-29,249.411865234375,278.2699890136719,279.3599853515625,276.7099914550781,278.9100036621094,104972900
2019-05-30,250.0930938720703,279.0299987792969,280.0400085449219,277.80999755859375,279.1099853515625,62523800
2019-05-31,246.72299194335938,275.2699890136719,277.1199951171875,275.239990234375,276.20001220703125,86862800
2019-06-03,246.09548950195312,274.57000732421875,276.54998779296875,273.0899963378906,275.30999755859375,96428000
2019-06-04,251.43748474121094,280.5299987792969,280.67999267578125,276.6199951171875,277.1199951171875,77231900
2019-06-05,253.61544799804688,282.9599914550781,282.989990234375,280.32000732421875,282.3299865722656,71169700
2019-06-06,255.26466369628906,284.79998779296875,285.54998779296875,282.57000732421875,283.2900085449219,69430400
2019-06-07,257.8191223144531,287.6499938964844,288.8500061035156,285.739990234375,285.92999267578125,74272200
2019-06-10,259.002197265625,288.9700012207031,290.82000732421875,288.8699951171875,289.3699951171875,60799100
2019-06-11,258.9394226074219,288.8999938964844,291.3999938964844,288.17999267578125,290.989990234375,58641300
2019-06-12,258.48236083984375,288.3900146484375,289.260009765625,287.82000732421875,288.6400146484375,47096300
2019-06-13,259.5488586425781,289.5799865722656,289.9800109863281,288.6199951171875,289.3999938964844,48945200
2019-06-14,259.2621154785156,289.260009765625,289.92999267578125,288.4100036621094,289.260009765625,52324700
2019-06-17,259.3607482910156,289.3699951171875,290.2200012207031,289.17999267578125,289.5199890136719,39205700
2019-06-18,262.0765686035156,292.3999938964844,293.57000732421875,290.989990234375,291.3900146484375,85434800
2019-06-19,262.66802978515625,293.05999755859375,293.6499938964844,291.4700012207031,292.54998779296875,78674400
2019-06-20,265.1777038574219,295.8599853515625,296.30999755859375,293.1300048828125,296.0400085449219,116570000
2019-06-21,264.7922058105469,294.0,295.5199890136719,293.760009765625,294.1300048828125,83309500
2019-06-24,264.4678955078125,293.6400146484375,294.5799865722656,293.4700012207031,294.2300109863281,47582700
2019-06-25,261.8740234375,290.760009765625,293.7300109863281,290.6400146484375,293.70001220703125,82028700
2019-06-26,261.6128845214844,290.4700012207031,292.30999755859375,290.3500061035156,291.75,51584900
2019-06-27,262.5405578613281,291.5,292.05999755859375,290.8900146484375,291.30999755859375,40355200
2019-06-28,263.8915100097656,293.0,293.54998779296875,292.010009765625,292.5799865722656,59350900
2019-07-01,266.28729248046875,295.6600036621094,296.9200134277344,294.3299865722656,296.67999267578125,78705600
2019-07-02,266.9807434082031,296.42999267578125,296.489990234375,294.67999267578125,295.6099853515625,61504500
2019-07-03,269.1153259277344,298.79998779296875,298.82000732421875,297.0199890136719,297.17999267578125,40898900
2019-07-05,268.8091125488281,298.4599914550781,298.6400146484375,296.010009765625,297.44000244140625,51677300
2019-07-08,267.33203125,296.82000732421875,298.260009765625,296.2200012207031,297.010009765625,45841800
2019-07-09,267.6653137207031,297.19000244140625,297.5199890136719,295.4800109863281,295.5400085449219,41101300
2019-07-10,268.9441833496094,298.6099853515625,299.6600036621094,297.7799987792969,298.3699951171875,58448500
2019-07-11,269.5746154785156,299.30999755859375,299.5799865722656,298.20001220703125,299.32000732421875,50826100
2019-07-12,270.78155517578125,300.6499938964844,300.7300109863281,299.510009765625,299.8500061035156,40326000
2019-07-15,270.8716125488281,300.75,301.1300048828125,300.19000244140625,301.1300048828125,33900000
2019-07-16,269.9979553222656,299.7799987792969,300.8800048828125,299.44000244140625,300.6499938964844,36650100
2019-07-17,268.1606140136719,297.739990234375,299.92999267578125,297.739990234375,299.75,36036300
2019-07-18,269.14239501953125,298.8299865722656,299.25,296.70001220703125,297.19000244140625,51392600
2019-07-19,267.64727783203125,297.1700134277344,300.07000732421875,296.9800109863281,300.0400085449219,58678600
2019-07-22,268.3046569824219,297.8999938964844,298.5,297.0400085449219,297.6099853515625,43638100
2019-07-23,270.22314453125,300.0299987792969,300.0299987792969,298.2200012207031,299.1400146484375,44564500
2019-07-24,271.49298095703125,301.44000244140625,301.44000244140625,299.0899963378906,299.19000244140625,47213200
2019-07-25,270.19610595703125,300.0,301.0,299.1099853515625,300.94000244140625,55394100
2019-07-26,272.00640869140625,302.010009765625,302.2300109863281,300.6199951171875,300.760009765625,45084100
2019-07-29,271.5110778808594,301.4599914550781,302.010009765625,300.8500061035156,301.8800048828125,38126500
2019-07-30,270.8446044921875,300.7200012207031,301.1700134277344,299.489990234375,299.9100036621094,45849000
2019-07-31,267.8814697265625,297.42999267578125,301.20001220703125,295.20001220703125,300.989990234375,104245200
2019-08-01,265.5487365722656,294.8399963378906,300.8699951171875,293.9599914550781,297.6000061035156,142646600
2019-08-02,263.54937744140625,292.6199951171875,294.1199951171875,290.8999938964844,293.8500061035156,116749700
2019-08-05,255.62359619140625,283.82000732421875,288.2099914550781,281.7200012207031,288.0899963378906,178745400
2019-08-06,259.2081298828125,287.79998779296875,288.0400085449219,284.2799987792969,285.9100036621094,120711700
2019-08-07,259.361328125,287.9700012207031,288.82000732421875,282.0400085449219,284.3999938964844,140572300
2019-08-08,264.4498596191406,293.6199951171875,293.6199951171875,289.010009765625,289.6199951171875,87713900
2019-08-09,262.64862060546875,291.6199951171875,293.239990234375,289.6499938964844,292.5799865722656,93730000
2019-08-12,259.4512939453125,288.07000732421875,291.6099853515625,287.0199890136719,289.9599914550781,65527600
2019-08-13,263.4861755371094,292.54998779296875,294.1499938964844,287.3599853515625,287.739990234375,94299800
2019-08-14,255.69554138183594,283.8999938964844,288.739990234375,283.760009765625,288.07000732421875,135622100
2019-08-15,256.3710632324219,284.6499938964844,285.6400146484375,282.3900146484375,284.8800048828125,99556600
2019-08-16,260.1538391113281,288.8500061035156,289.3299865722656,284.7099914550781,286.4800109863281,83018300
2019-08-19,263.2880554199219,292.3299865722656,293.0799865722656,291.44000244140625,292.19000244140625,53571800
2019-08-20,261.2706298828125,290.0899963378906,292.3599853515625,289.95001220703125,291.7699890136719,51596400
2019-08-21,263.3962097167969,292.45001220703125,292.8599853515625,291.7200012207031,292.4800109863281,49524700
2019-08-22,263.31512451171875,292.3599853515625,293.92999267578125,290.3999938964844,293.2300109863281,51666400
2019-08-23,256.5511474609375,284.8500061035156,292.760009765625,283.4700012207031,290.9200134277344,149161500
2019-08-26,259.3883056640625,288.0,288.0,285.5799865722656,287.2699890136719,72423800
2019-08-27,258.3704833984375,286.8699951171875,289.95001220703125,286.0299987792969,289.5400085449219,66668900
2019-08-28,260.1899108886719,288.8900146484375,289.07000732421875,285.25,286.1400146484375,59696700
2019-08-29,263.5132751464844,292.5799865722656,293.1600036621094,290.6099853515625,291.7200012207031,57899400
2019-08-30,263.3962097167969,292.45001220703125,294.239990234375,291.4200134277344,294.2200012207031,62901200
2019-09-03,261.8561096191406,290.739990234375,291.5799865722656,289.2699890136719,290.57000732421875,69101400
2019-09-04,264.8282470703125,294.0400085449219,294.05999755859375,292.30999755859375,293.1400146484375,46887300
2019-09-05,268.2327575683594,297.82000732421875,298.8299865722656,294.0,296.7900085449219,83258100
2019-09-06,268.43975830078125,298.04998779296875,298.760009765625,297.4200134277344,298.1700134277344,49584300
2019-09-09,268.57489013671875,298.20001220703125,299.239990234375,297.1600036621094,299.1400146484375,51260300
2019-09-10,268.5118713378906,298.1300048828125,298.20001220703125,295.9700012207031,297.3599853515625,57947100
2019-09-11,270.42138671875,300.25,300.3399963378906,297.75,298.4700012207031,68821100
2019-09-12,271.3579406738281,301.2900085449219,302.4599914550781,300.4100036621094,301.25,72908700
2019-09-13,271.1777648925781,301.0899963378906,302.1700134277344,300.67999267578125,301.7799987792969,62104800
2019-09-16,270.3401794433594,300.1600036621094,301.1400146484375,299.45001220703125,299.8399963378906,58191200
2019-09-17,271.0246887207031,300.9200134277344,301.0199890136719,299.75,299.94000244140625,41475500
2019-09-18,271.186767578125,301.1000061035156,301.2200012207031,298.239990234375,300.489990234375,73375800
2019-09-19,271.1687316894531,301.0799865722656,302.6300048828125,300.7099914550781,301.5299987792969,76560500
2019-09-20,269.8875427246094,298.2799987792969,300.6700134277344,297.4100036621094,300.3599853515625,89565000
2019-09-23,269.8241882324219,298.2099914550781,299.0,297.2699890136719,297.54998779296875,43476800
2019-09-24,267.7069396972656,295.8699951171875,299.8399963378906,294.80999755859375,299.4100036621094,94869400
2019-09-25,269.29034423828125,297.6199951171875,298.1099853515625,294.3299865722656,295.9599914550781,71854000
2019-09-26,268.7294616699219,297.0,297.8599853515625,295.45001220703125,297.6300048828125,56179700
2019-09-27,267.2817687988281,295.3999938964844,297.95001220703125,293.69000244140625,297.8299865722656,84746600
2019-09-30,268.5212707519531,296.7699890136719,297.54998779296875,295.9200134277344,295.9700012207031,51662400
2019-10-01,265.32733154296875,293.239990234375,298.4599914550781,293.0,297.739990234375,88242400
2019-10-02,260.640380859375,288.05999755859375,291.510009765625,286.6400146484375,291.5,122539500
2019-10-03,262.7757873535156,290.4200134277344,290.45001220703125,284.82000732421875,287.80999755859375,85278800
2019-10-04,266.3316650390625,294.3500061035156,294.6300048828125,291.0799865722656,291.1400146484375,65091200
2019-10-07,265.18255615234375,293.0799865722656,295.260009765625,292.7699890136719,293.4700012207031,59610500
2019-10-08,261.0658264160156,288.5299987792969,291.8500061035156,288.489990234375,291.0400085449219,95708100
2019-10-09,263.5447998046875,291.2699890136719,292.29998779296875,290.05999755859375,290.75,62359400
2019-10-10,265.32733154296875,293.239990234375,294.2099914550781,291.0,291.17999267578125,55296300
2019-10-11,268.07794189453125,296.2799987792969,298.739990234375,296.1400146484375,296.2699890136719,98720400
2019-10-14,267.7793884277344,295.95001220703125,296.6700134277344,295.57000732421875,295.92999267578125,40394800
2019-10-15,270.4305419921875,298.8800048828125,299.70001220703125,296.9700012207031,297.1000061035156,46754500
2019-10-16,269.9961853027344,298.3999938964844,299.1600036621094,297.9200134277344,298.3699951171875,48928200
2019-10-17,270.79241943359375,299.2799987792969,300.239990234375,298.5199890136719,299.67999267578125,45736600
2019-10-18,269.60711669921875,297.9700012207031,299.3999938964844,297.0299987792969,298.69000244140625,64304000
2019-10-21,271.434814453125,299.989990234375,300.2099914550781,298.94000244140625,299.4200134277344,39048600
2019-10-22,270.5481872558594,299.010009765625,300.8999938964844,298.9100036621094,300.5799865722656,48594700
2019-10-23,271.3353271484375,299.8800048828125,299.94000244140625,298.5,298.7300109863281,34352200
2019-10-24,271.7786560058594,300.3699951171875,301.07000732421875,299.4599914550781,300.9100036621094,35453100
2019-10-25,272.8915710449219,301.6000061035156,302.20001220703125,299.67999267578125,299.739990234375,45205400
2019-10-28,274.4296875,303.29998779296875,303.8500061035156,302.9100036621094,302.94000244140625,42147000
2019-10-29,274.3483581542969,303.2099914550781,304.2300109863281,302.8599853515625,303.0,44284900
2019-10-30,275.1897888183594,304.1400146484375,304.54998779296875,301.989990234375,303.42999267578125,49643900
2019-10-31,274.4569091796875,303.3299865722656,304.1300048828125,301.7300109863281,304.1300048828125,69053800
2019-11-01,276.9993896484375,306.1400146484375,306.19000244140625,304.739990234375,304.9200134277344,71141500
2019-11-04,278.11236572265625,307.3699951171875,308.0,306.9599914550781,307.8500061035156,60606900
2019-11-05,277.8046875,307.0299987792969,307.9200134277344,306.7099914550781,307.5899963378906,42933200
2019-11-06,277.8680725097656,307.1000061035156,307.3999938964844,306.05999755859375,307.0299987792969,46487100
2019-11-07,278.84527587890625,308.17999267578125,309.6499938964844,307.6600036621094,308.57000732421875,54272300
2019-11-08,279.5328674316406,308.94000244140625,309.0,307.0299987792969,307.79998779296875,49032100
2019-11-11,278.9990539550781,308.3500061035156,308.5400085449219,307.2699890136719,307.4200134277344,35797300
2019-11-12,279.5872497558594,309.0,309.989990234375,308.1499938964844,308.75,46484600
2019-11-13,279.677734375,309.1000061035156,309.5400085449219,307.6600036621094,307.9100036621094,53917700
2019-11-14,280.0848388671875,309.54998779296875,309.6400146484375,308.0899963378906,308.7900085449219,51219900
2019-11-15,282.1116638183594,311.7900085449219,311.8399963378906,310.260009765625,311.0199890136719,62023600
2019-11-18,282.3197021484375,312.0199890136719,312.2799987792969,311.0299987792969,311.5299987792969,49228000
2019-11-19,282.23828125,311.92999267578125,312.69000244140625,311.2200012207031,312.67999267578125,67804700
2019-11-20,281.1886901855469,310.7699890136719,311.8500061035156,309.05999755859375,311.2799987792969,79406200
2019-11-21,280.7362976074219,310.2699890136719,311.010009765625,309.3900146484375,310.8900146484375,54664700
2019-11-22,281.36065673828125,310.9599914550781,311.239990234375,309.8500061035156,311.0899963378906,44850200
2019-11-25,283.5412292480469,313.3699951171875,313.3699951171875,311.9800109863281,311.9800109863281,48647200
2019-11-26,284.1836853027344,314.0799865722656,314.2799987792969,313.05999755859375,313.4100036621094,37569000
2019-11-27,285.4504089355469,315.4800109863281,315.4800109863281,314.3699951171875,314.6099853515625,44444600
2019-11-29,284.3917236328125,314.30999755859375,315.1300048828125,314.05999755859375,314.8599853515625,36592700
2019-12-02,281.9759216308594,311.6400146484375,314.6600036621094,311.1700134277344,314.5899963378906,75767800
2019-12-03,280.0848388671875,309.54998779296875,309.6400146484375,307.1300048828125,308.6499938964844,73941700
2019-12-04,281.81304931640625,311.4599914550781,312.1199951171875,310.32000732421875,310.70001220703125,49080000
2019-12-05,282.3197021484375,312.0199890136719,312.25,310.5799865722656,312.2300109863281,40709000
2019-12-06,284.8984680175781,314.8699951171875,315.30999755859375,314.1099853515625,314.1199951171875,48927000
2019-12-09,284.002685546875,313.8800048828125,315.17999267578125,313.79998779296875,314.44000244140625,34838500
2019-12-10,283.6860046386719,313.5299987792969,314.54998779296875,312.80999755859375,313.82000732421875,52649800
2019-12-11,284.49127197265625,314.4200134277344,314.70001220703125,313.44000244140625,314.0299987792969,53429100
2019-12-12,286.94342041015625,317.1300048828125,317.989990234375,314.1700134277344,314.42999267578125,96389600
2019-12-13,287.11529541015625,317.32000732421875,318.6700134277344,316.0199890136719,316.8699951171875,81503900
2019-12-16,289.0877685546875,319.5,320.1499938964844,317.25,319.2200012207031,82749700
2019-12-17,289.1510009765625,319.57000732421875,320.25,319.4800109863281,319.9200134277344,61097700
2019-12-18,289.169189453125,319.5899963378906,320.25,319.5299987792969,320.0,48133000
2019-12-19,290.35443115234375,320.8999938964844,320.9800109863281,319.5199890136719,319.79998779296875,85310500
2019-12-20,291.6274108886719,320.7300109863281,321.9700012207031,319.3900146484375,320.4599914550781,147142100
2019-12-23,292.07293701171875,321.2200012207031,321.6499938964844,321.05999755859375,321.5899963378906,52990000
2019-12-24,292.08197021484375,321.2300109863281,321.5199890136719,320.8999938964844,321.4700012207031,20270000
2019-12-26,293.63690185546875,322.94000244140625,322.95001220703125,321.6400146484375,321.6499938964844,30911200
2019-12-27,293.5641784667969,322.8599853515625,323.79998779296875,322.2799987792969,323.739990234375,42528800
2019-12-30,291.9456481933594,321.0799865722656,323.1000061035156,320.54998779296875,322.95001220703125,49729100
2019-12-31,292.6548156738281,321.8599853515625,322.1300048828125,320.1499938964844,320.5299987792969,57077300
2020-01-02,295.39178466796875,324.8699951171875,324.8900146484375,322.5299987792969,323.5400085449219,59151200
2020-01-03,293.1549377441406,322.4100036621094,323.6400146484375,321.1000061035156,321.1600036621094,77709700
2020-01-06,294.2733459472656,323.6400146484375,323.7300109863281,320.3599853515625,320.489990234375,55653900
2020-01-07,293.44598388671875,322.7300109863281,323.5400085449219,322.239990234375,323.0199890136719,40496400
2020-01-08,295.0098876953125,324.45001220703125,325.7799987792969,322.6700134277344,322.94000244140625,68296000
2020-01-09,297.0102233886719,326.6499938964844,326.7300109863281,325.5199890136719,326.1600036621094,48473300
2020-01-10,296.1556396484375,325.7099914550781,327.4599914550781,325.20001220703125,327.2900085449219,53029300
2020-01-13,298.1923828125,327.95001220703125,327.9599914550781,325.9200134277344,326.3900146484375,47086800
2020-01-14,297.7377014160156,327.45001220703125,328.6199951171875,326.8399963378906,327.4700012207031,62832800
2020-01-15,298.4104919433594,328.19000244140625,329.0199890136719,327.260009765625,327.3500061035156,72056600
2020-01-16,300.8928527832031,330.9200134277344,330.9200134277344,329.45001220703125,329.70001220703125,54050300
2020-01-17,301.8293151855469,331.95001220703125,332.17999267578125,330.8500061035156,331.70001220703125,95846000
2020-01-21,301.23828125,331.29998779296875,332.17999267578125,330.82000732421875,330.8999938964844,77742400
2020-01-22,301.274658203125,331.3399963378906,332.95001220703125,331.1700134277344,332.239990234375,48914900
2020-01-23,301.6202697753906,331.7200012207031,332.1700134277344,329.4100036621094,330.6300048828125,51963000
2020-01-24,298.9380187988281,328.7699890136719,332.5299987792969,327.3599853515625,332.44000244140625,87578400
2020-01-27,294.1461181640625,323.5,325.1199951171875,322.6600036621094,323.0299987792969,84062500
2020-01-28,297.228515625,326.8900146484375,327.8500061035156,323.6000061035156,325.05999755859375,63834000
2020-01-29,296.9830017089844,326.6199951171875,328.6300048828125,326.3999938964844,328.3800048828125,53888900
2020-01-30,297.94683837890625,327.67999267578125,327.9100036621094,323.5400085449219,324.3599853515625,75491800
2020-01-31,292.53662109375,321.7300109863281,327.1700134277344,320.7300109863281,327.0,113845600
2020-02-03,294.70977783203125,324.1199951171875,326.1600036621094,323.2200012207031,323.3500061035156,69083000
2020-02-04,299.2015686035156,329.05999755859375,330.010009765625,327.7200012207031,328.07000732421875,62573200
2020-02-05,302.65679931640625,332.8599853515625,333.0899963378906,330.6700134277344,332.2699890136719,65951100
2020-02-06,303.67510986328125,333.9800109863281,334.19000244140625,332.79998779296875,333.9100036621094,50359700
2020-02-07,302.05670166015625,332.20001220703125,333.989990234375,331.6000061035156,332.82000732421875,64139400
2020-02-10,304.3116760253906,334.67999267578125,334.75,331.19000244140625,331.2300109863281,42070000
2020-02-11,304.83905029296875,335.260009765625,337.0199890136719,334.67999267578125,336.1600036621094,54864500
2020-02-12,306.8030700683594,337.4200134277344,337.6499938964844,336.42999267578125,336.8299865722656,43992700
2020-02-13,306.47564697265625,337.05999755859375,338.1199951171875,335.55999755859375,335.8599853515625,54501900
2020-02-14,306.9667663574219,337.6000061035156,337.7300109863281,336.20001220703125,337.510009765625,64582200
2020-02-18,306.1755676269531,336.7300109863281,337.6700134277344,335.2099914550781,336.510009765625,57226200
2020-02-19,307.6395263671875,338.3399963378906,339.0799865722656,337.4800109863281,337.7900085449219,48814700
2020-02-20,306.37567138671875,336.95001220703125,338.6400146484375,333.67999267578125,337.739990234375,74163400
2020-02-21,303.2205505371094,333.4800109863281,335.80999755859375,332.5799865722656,335.4700012207031,113788200
2020-02-24,293.1640625,322.4200134277344,333.55999755859375,321.239990234375,323.1400146484375,161088400
2020-02-25,284.2806091308594,312.6499938964844,324.6099853515625,311.69000244140625,323.94000244140625,218913200
2020-02-26,283.2349548339844,311.5,318.1099853515625,310.70001220703125,314.17999267578125,194773800
2020-02-27,270.51434326171875,297.510009765625,311.55999755859375,297.510009765625,305.4599914550781,284353500
2020-02-28,269.3778076171875,296.260009765625,297.8900146484375,285.5400085449219,288.70001220703125,384975800
2020-03-02,281.0435485839844,309.0899963378906,309.1600036621094,294.4599914550781,298.2099914550781,238703600
2020-03-03,272.99664306640625,300.239990234375,313.8399963378906,297.57000732421875,309.5,300139100
2020-03-04,284.47149658203125,312.8599853515625,313.1000061035156,303.3299865722656,306.1199951171875,176613400
2020-03-05,275.0152282714844,302.4599914550781,308.4700012207031,300.010009765625,304.9800109863281,186366800
2020-03-06,270.46893310546875,297.4599914550781,298.7799987792969,290.2300109863281,293.1499938964844,228667200
2020-03-09,249.3467559814453,274.2300109863281,284.19000244140625,273.45001220703125,275.29998779296875,309417300
2020-03-10,262.2491455078125,288.4200134277344,288.5199890136719,273.5,284.6400146484375,276444100
2020-03-11,249.4649658203125,274.3599853515625,281.94000244140625,270.8800048828125,280.70001220703125,255316300
2020-03-12,225.59683227539062,248.11000061035156,266.6600036621094,247.67999267578125,256.0,392220700
2020-03-13,244.8823699951172,269.32000732421875,271.4800109863281,248.52000427246094,263.0899963378906,329566100
2020-03-16,218.0863800048828,239.85000610351562,256.8999938964844,237.36000061035156,241.17999267578125,297240000
2020-03-17,229.861328125,252.8000030517578,256.1700134277344,237.07000732421875,245.0399932861328,262070500
2020-03-18,218.2227783203125,240.0,248.3699951171875,228.02000427246094,236.25,327597100
2020-03-19,218.68643188476562,240.50999450683594,247.3800048828125,232.22000122070312,239.25,289322000
2020-03-20,209.26234436035156,228.8000030517578,244.47000122070312,228.5,242.52999877929688,347158800
2020-03-23,203.91188049316406,222.9499969482422,229.67999267578125,218.25999450683594,228.19000244140625,326025200
2020-03-24,222.386962890625,243.14999389648438,244.10000610351562,233.8000030517578,234.4199981689453,235494500
2020-03-25,225.71612548828125,246.7899932861328,256.3500061035156,239.75,244.8699951171875,299430300
2020-03-26,238.89566040039062,261.20001220703125,262.79998779296875,249.0500030517578,249.52000427246094,257632800
2020-03-27,231.7799835205078,253.4199981689453,260.80999755859375,251.0500030517578,253.27000427246094,224341200
2020-03-30,239.30722045898438,261.6499938964844,262.42999267578125,253.52999877929688,255.6999969482422,171369500
2020-03-31,235.740234375,257.75,263.3299865722656,256.2200012207031,260.55999755859375,194881100
2020-04-01,225.1307830810547,246.14999389648438,257.6600036621094,243.89999389648438,247.97999572753906,189554600
2020-04-02,230.32579040527344,251.8300018310547,252.67999267578125,244.58999633789062,245.19000244140625,177660400
2020-04-03,226.9966278076172,248.19000244140625,253.32000732421875,245.22000122070312,250.75999450683594,135561200
2020-04-06,242.2431182861328,264.8599853515625,267.0,248.1699981689453,257.8399963378906,188061200
2020-04-07,242.49002075195312,265.1300048828125,275.0299987792969,264.8900146484375,274.2099914550781,201427200
2020-04-08,250.63011169433594,274.0299987792969,276.0,265.25,267.9599914550781,153774500
2020-04-09,254.44403076171875,278.20001220703125,281.20001220703125,275.4700012207031,277.5799865722656,189999200
2020-04-13,252.120849609375,275.6600036621094,277.510009765625,271.4100036621094,277.1400146484375,114839100
2020-04-14,259.55670166015625,283.7900085449219,284.8999938964844,275.510009765625,280.9800109863281,134143400
2020-04-15,254.04148864746094,277.760009765625,283.94000244140625,275.4599914550781,277.57000732421875,121775000
2020-04-16,255.26718139648438,279.1000061035156,280.0299987792969,275.760009765625,279.1499938964844,131798300
2020-04-17,262.1633605957031,286.6400146484375,287.29998779296875,282.3999938964844,285.3800048828125,146684800
2020-04-20,257.54449462890625,281.5899963378906,286.7900085449219,281.3500061035156,282.6099853515625,100109300
2020-04-21,249.7246551513672,273.0400085449219,278.0400085449219,272.0199890136719,276.7300109863281,126385700
2020-04-22,255.26718139648438,279.1000061035156,281.0,276.9100036621094,278.3500061035156,92951600
2020-04-23,255.2488555908203,279.0799865722656,283.94000244140625,278.75,280.489990234375,104709700
2020-04-24,258.80670166015625,282.9700012207031,283.70001220703125,278.5,280.7300109863281,85063200
2020-04-27,262.5382995605469,287.04998779296875,288.2699890136719,284.6199951171875,285.1199951171875,77896600
2020-04-28,261.3310241699219,285.7300109863281,291.3999938964844,285.3999938964844,291.0199890136719,105270000
2020-04-29,268.1722717285156,293.2099914550781,294.8800048828125,290.4100036621094,291.5299987792969,118745600
2020-04-30,265.6753845214844,290.4800109863281,293.32000732421875,288.5899963378906,291.7099914550781,122901700
2020-05-01,258.64202880859375,282.7900085449219,290.6600036621094,281.5199890136719,285.30999755859375,125180000
2020-05-04,259.3554382324219,283.57000732421875,283.8999938964844,279.1300048828125,280.739990234375,80873200
2020-05-05,261.75164794921875,286.19000244140625,289.25,283.7099914550781,286.6400146484375,79569900
2020-05-06,259.9773864746094,284.25,288.4599914550781,283.7799987792969,288.0400085449219,73632600
2020-05-07,263.1144714355469,287.67999267578125,289.7799987792969,287.1300048828125,287.75,75250400
2020-05-08,267.46807861328125,292.44000244140625,292.95001220703125,289.8599853515625,291.0899963378906,76452400
2020-05-11,267.5228576660156,292.5,294.0,289.8800048828125,290.3399963378906,79514200
2020-05-12,262.1907653808594,286.6700134277344,294.239990234375,286.5199890136719,293.7900085449219,95870800
2020-05-13,257.55364990234375,281.6000061035156,287.19000244140625,278.9599914550781,286.05999755859375,144721100
2020-05-14,260.6358947753906,284.9700012207031,285.1099853515625,272.989990234375,278.95001220703125,121977900
2020-05-15,261.83404541015625,286.2799987792969,286.3299865722656,281.3399963378906,282.3699951171875,111146300
2020-05-18,269.80938720703125,295.0,296.75,292.70001220703125,293.04998779296875,119703800
2020-05-19,267.0381164550781,291.9700012207031,296.2099914550781,291.95001220703125,294.3500061035156,95189300
2020-05-20,271.5746154785156,296.92999267578125,297.8699951171875,295.57000732421875,295.82000732421875,85861700
2020-05-21,269.6996765136719,294.8800048828125,297.6700134277344,293.69000244140625,296.7900085449219,78293900
2020-05-22,270.2118225097656,295.44000244140625,295.6300048828125,293.2200012207031,294.57000732421875,63958200
2020-05-26,273.54095458984375,299.0799865722656,302.19000244140625,295.4599914550781,301.92999267578125,88951400
2020-05-27,277.61102294921875,303.5299987792969,303.57000732421875,296.8699951171875,302.1199951171875,104817400
2020-05-28,277.09881591796875,302.9700012207031,306.8399963378906,302.239990234375,304.6499938964844,90405200
2020-05-29,278.3336181640625,304.32000732421875,304.9599914550781,299.4700012207031,302.4599914550781,119090800
2020-06-01,279.45855712890625,305.54998779296875,306.2099914550781,303.05999755859375,303.6199951171875,55758300
2020-06-02,281.77252197265625,308.0799865722656,308.1300048828125,305.1000061035156,306.54998779296875,74267200
2020-06-03,285.5224304199219,312.17999267578125,313.2200012207031,309.94000244140625,310.239990234375,92567600
2020-06-04,284.7724609375,311.3599853515625,313.0,309.0799865722656,311.1099853515625,75794400
2020-06-05,292.0709533691406,319.3399963378906,321.2699890136719,317.1600036621094,317.2300109863281,150524700
2020-06-08,295.601318359375,323.20001220703125,323.4100036621094,319.6300048828125,320.2200012207031,73641200
2020-06-09,293.39715576171875,320.7900085449219,323.2799987792969,319.3599853515625,320.29998779296875,77479200
2020-06-10,291.760009765625,319.0,322.3900146484375,318.2200012207031,321.4200134277344,95000800
2020-06-11,274.94036865234375,300.6099853515625,312.1499938964844,300.010009765625,311.4599914550781,209243600
2020-06-12,278.23291015625,304.2099914550781,309.0799865722656,298.6000061035156,308.239990234375,194678900
2020-06-15,280.8304138183594,307.04998779296875,308.2799987792969,296.739990234375,298.0199890136719,135782700
2020-06-16,286.23577880859375,312.9599914550781,315.6400146484375,307.6700134277344,315.4800109863281,137627500
2020-06-17,285.0467834472656,311.6600036621094,314.3900146484375,310.8599853515625,314.07000732421875,83398900
2020-06-18,285.156494140625,311.7799987792969,312.29998779296875,309.510009765625,310.010009765625,80828700
2020-06-19,283.5269470214844,308.6400146484375,314.3800048828125,306.5299987792969,314.1700134277344,135549600
2020-06-22,285.34576416015625,310.6199951171875,311.04998779296875,306.75,307.989990234375,74649400
2020-06-23,286.659423828125,312.04998779296875,314.5,311.6099853515625,313.489990234375,68471200
2020-06-24,279.3470764160156,304.0899963378906,310.510009765625,302.1000061035156,309.8399963378906,132813500
2020-06-25,282.3418273925781,307.3500061035156,307.6400146484375,301.2799987792969,303.4700012207031,89468000
2020-06-26,275.6358337402344,300.04998779296875,306.3900146484375,299.4200134277344,306.1600036621094,127961000
2020-06-29,279.68695068359375,304.4599914550781,304.6099853515625,298.92999267578125,301.4100036621094,79773300
2020-06-30,283.2696838378906,308.3599853515625,310.20001220703125,303.82000732421875,303.989990234375,113394800
2020-07-01,285.2539367675781,310.5199890136719,311.8900146484375,309.07000732421875,309.57000732421875,72396500
2020-07-02,286.8247985839844,312.2300109863281,315.70001220703125,311.510009765625,314.239990234375,69344200
2020-07-06,291.2525939941406,317.04998779296875,317.67999267578125,315.55999755859375,316.3699951171875,61713800
2020-07-07,288.2486877441406,313.7799987792969,317.5199890136719,313.3699951171875,315.3800048828125,82910000
2020-07-08,290.4533386230469,316.17999267578125,316.29998779296875,312.70001220703125,314.6099853515625,54638600
2020-07-09,288.79986572265625,314.3800048828125,317.1000061035156,310.67999267578125,316.8399963378906,83354200
2020-07-10,291.7486877441406,317.5899963378906,317.8800048828125,312.760009765625,314.30999755859375,57550400
2020-07-13,289.2224426269531,314.8399963378906,322.7099914550781,314.1300048828125,320.1300048828125,102997500
2020-07-14,292.970458984375,318.9200134277344,319.760009765625,312.0,313.29998779296875,93657000
2020-07-15,295.6620178222656,321.8500061035156,323.0400085449219,319.2699890136719,322.4100036621094,87196500
2020-07-16,294.6882019042969,320.7900085449219,321.2799987792969,319.0899963378906,319.7900085449219,54622500
2020-07-17,295.54254150390625,321.7200012207031,322.57000732421875,319.739990234375,321.8800048828125,62774900
2020-07-20,297.9309997558594,324.32000732421875,325.1300048828125,320.6199951171875,321.42999267578125,56308800
2020-07-21,298.56494140625,325.010009765625,326.92999267578125,323.94000244140625,326.45001220703125,57292200
2020-07-22,300.2643737792969,326.8599853515625,327.20001220703125,324.5,324.6199951171875,57792900
2020-07-23,296.68170166015625,322.9599914550781,327.2300109863281,321.4800109863281,326.4700012207031,75738000
2020-07-24,294.77093505859375,320.8800048828125,321.989990234375,319.25,320.95001220703125,73766600
2020-07-27,296.9205322265625,323.2200012207031,323.4100036621094,320.7699890136719,321.6300048828125,48293000
2020-07-28,295.037353515625,321.1700134277344,323.6400146484375,320.8500061035156,322.42999267578125,57495000
2020-07-29,298.66595458984375,325.1199951171875,325.7300109863281,322.0799865722656,322.1199951171875,48454200
2020-07-30,297.6003112792969,323.9599914550781,324.4100036621094,319.6400146484375,321.8999938964844,61861700
2020-07-31,299.9520263671875,326.5199890136719,326.6300048828125,321.3299865722656,325.8999938964844,84986800
2020-08-03,302.037353515625,328.7900085449219,329.6199951171875,327.7300109863281,328.32000732421875,53077900
2020-08-04,303.2040100097656,330.05999755859375,330.05999755859375,327.8599853515625,327.8599853515625,41917900
2020-08-05,305.0872497558594,332.1099853515625,332.3900146484375,331.17999267578125,331.4700012207031,42697700
2020-08-06,307.1265869140625,334.3299865722656,334.4599914550781,331.1300048828125,331.4800109863281,43679400
2020-08-07,307.3470764160156,334.57000732421875,334.8800048828125,332.29998779296875,333.2799987792969,57308300
2020-08-10,308.26568603515625,335.57000732421875,335.7699890136719,332.9599914550781,335.05999755859375,44282100
2020-08-11,305.7210693359375,332.79998779296875,337.5400085449219,332.010009765625,336.8500061035156,69601100
2020-08-12,309.9834899902344,337.44000244140625,338.2799987792969,335.4100036621094,335.44000244140625,53774400
2020-08-13,309.4230651855469,336.8299865722656,338.25,335.8299865722656,336.6099853515625,41816100
2020-08-14,309.4322814941406,336.8399963378906,337.4200134277344,335.6199951171875,336.4100036621094,47260400
2020-08-17,310.415283203125,337.9100036621094,338.3399963378906,336.8500061035156,337.94000244140625,35481000
2020-08-18,311.0859375,338.6400146484375,339.1000061035156,336.6099853515625,338.3399963378906,38733900
2020-08-19,309.7906799316406,337.2300109863281,339.6099853515625,336.6199951171875,339.04998779296875,68054200
2020-08-20,310.7551574707031,338.2799987792969,338.79998779296875,335.2200012207031,335.3599853515625,42207800
2020-08-21,311.8575439453125,339.4800109863281,339.7200012207031,337.54998779296875,337.9200134277344,55106600
2020-08-24,315.01763916015625,342.9200134277344,343.0,339.45001220703125,342.1199951171875,48588700
2020-08-25,316.119873046875,344.1199951171875,344.2099914550781,342.2699890136719,343.5299987792969,38463400
2020-08-26,319.2892761230469,347.57000732421875,347.8599853515625,344.1700134277344,344.760009765625,50790200
2020-08-27,319.9873962402344,348.3299865722656,349.8999938964844,346.5299987792969,348.510009765625,58034100
2020-08-28,322.0543212890625,350.5799865722656,350.7200012207031,348.1499938964844,349.44000244140625,48588900
2020-08-31,320.8876647949219,349.30999755859375,351.29998779296875,349.05999755859375,350.3500061035156,66099200
2020-09-01,323.9100036621094,352.6000061035156,352.7099914550781,349.239990234375,350.2099914550781,54908700
2020-09-02,328.594970703125,357.70001220703125,358.75,353.42999267578125,354.6700134277344,69540000
2020-09-03,317.2867431640625,345.3900146484375,356.3800048828125,342.5899963378906,355.8699951171875,148011100
2020-09-04,314.69610595703125,342.57000732421875,347.8299865722656,334.8699951171875,346.1300048828125,139156300
2020-09-08,306.0977478027344,333.2099914550781,342.6400146484375,332.8800048828125,336.7099914550781,114465300
2020-09-09,312.14227294921875,339.7900085449219,342.4599914550781,336.6099853515625,337.54998779296875,91462300
2020-09-10,306.7223815917969,333.8900146484375,342.5299987792969,332.8500061035156,341.82000732421875,90569500
2020-09-11,306.8785095214844,334.05999755859375,336.9700012207031,331.0,335.82000732421875,84680200
2020-09-14,310.9205322265625,338.4599914550781,340.3800048828125,334.2200012207031,337.489990234375,65605700
2020-09-15,312.4913635253906,340.1700134277344,342.0199890136719,338.4700012207031,341.1199951171875,52920900
2020-09-16,311.251220703125,338.82000732421875,343.05999755859375,338.5199890136719,341.510009765625,82096000
2020-09-17,308.51373291015625,335.8399963378906,337.70001220703125,332.989990234375,333.55999755859375,91523300
2020-09-18,304.9618835449219,330.6499938964844,335.489990234375,327.9700012207031,335.3699951171875,105877900
2020-09-21,301.5677185058594,326.9700012207031,327.1300048828125,321.7300109863281,325.70001220703125,99450800
2020-09-22,304.63909912109375,330.29998779296875,330.8999938964844,325.8599853515625,328.57000732421875,63612100
2020-09-23,297.57415771484375,322.6400146484375,331.20001220703125,322.1000061035156,330.8999938964844,93112200
2020-09-24,298.3674011230469,323.5,326.79998779296875,319.79998779296875,321.2200012207031,76681300
2020-09-25,303.1910705566406,328.7300109863281,329.5799865722656,321.6400146484375,322.5799865722656,71069400
2020-09-28,308.2269592285156,334.19000244140625,334.9599914550781,332.1499938964844,333.2200012207031,64584600
2020-09-29,306.5482482910156,332.3699951171875,334.7699890136719,331.6199951171875,333.9700012207031,51304000
2020-09-30,308.8725280761719,334.8900146484375,338.2900085449219,332.8800048828125,333.0899963378906,104081100
2020-10-01,310.8554382324219,337.0400085449219,338.739990234375,335.010009765625,337.69000244140625,88698700
2020-10-02,307.904052734375,333.8399963378906,337.010009765625,331.19000244140625,331.70001220703125,89431100
2020-10-05,313.36407470703125,339.760009765625,339.9599914550781,336.010009765625,336.05999755859375,45713100
2020-10-06,308.90936279296875,334.92999267578125,342.1700134277344,334.3800048828125,339.9100036621094,90128900
2020-10-07,314.28643798828125,340.760009765625,341.6300048828125,338.0899963378906,338.1199951171875,56999600
2020-10-08,317.07183837890625,343.7799987792969,343.8500061035156,341.8599853515625,342.8500061035156,45242500
2020-10-09,319.9032897949219,346.8500061035156,347.3500061035156,344.8900146484375,345.55999755859375,59528600
2020-10-12,325.0498046875,352.42999267578125,354.0199890136719,349.05999755859375,349.5899963378906,80388500
2020-10-13,322.9284973144531,350.1300048828125,352.4700012207031,349.0899963378906,352.2799987792969,73255500
2020-10-14,320.8994445800781,347.92999267578125,351.92999267578125,347.1400146484375,350.75,57727900
2020-10-15,320.5028076171875,347.5,348.0199890136719,343.1300048828125,343.7099914550781,60357700
2020-10-16,320.3091735839844,347.2900085449219,350.75,347.1000061035156,348.9599914550781,89501900
2020-10-19,315.4393310546875,342.010009765625,349.3299865722656,341.0400085449219,348.6499938964844,68425600
2020-10-20,316.702880859375,343.3800048828125,346.8800048828125,342.6400146484375,343.4599914550781,60051900
2020-10-21,316.1033630371094,342.7300109863281,345.6700134277344,342.3999938964844,343.3299865722656,63575000
2020-10-22,317.8372802734375,344.6099853515625,345.239990234375,340.6499938964844,342.9599914550781,55399300
2020-10-23,318.9164123535156,345.7799987792969,345.989990234375,343.1300048828125,345.92999267578125,49143900
2020-10-26,313.02288818359375,339.3900146484375,342.9800109863281,335.6199951171875,342.1300048828125,91473000
2020-10-27,311.94384765625,338.2200012207031,340.1199951171875,337.989990234375,339.760009765625,65994100
2020-10-28,301.2818298339844,326.6600036621094,338.25,326.1300048828125,332.1000061035156,127094300
2020-10-29,304.34393310546875,329.9800109863281,333.3999938964844,325.0899963378906,326.9100036621094,90597700
2020-10-30,301.17120361328125,326.5400085449219,329.69000244140625,322.6000061035156,328.2799987792969,120287300
2020-11-02,304.546875,330.20001220703125,332.3599853515625,327.239990234375,330.20001220703125,86068300
2020-11-03,309.9239196777344,336.0299987792969,338.25,330.2900085449219,333.69000244140625,93294200
2020-11-04,316.85052490234375,343.5400085449219,347.94000244140625,339.5899963378906,340.8599853515625,126959700
2020-11-05,323.02996826171875,350.239990234375,352.19000244140625,348.8599853515625,349.239990234375,82039700
2020-11-06,322.95611572265625,350.1600036621094,351.510009765625,347.6499938964844,349.92999267578125,74973000
2020-11-09,327.0143127441406,354.55999755859375,364.3800048828125,354.05999755859375,363.9700012207031,172304200
2020-11-10,326.53472900390625,354.0400085449219,355.17999267578125,350.510009765625,353.489990234375,85552000
2020-11-11,328.96044921875,356.6700134277344,357.55999755859375,355.05999755859375,356.3999938964844,58649000
2020-11-12,325.76922607421875,353.2099914550781,356.7200012207031,351.260009765625,355.5799865722656,67546200
2020-11-13,330.2793273925781,358.1000061035156,358.8999938964844,354.7099914550781,355.2699890136719,62892200
2020-11-16,334.4020080566406,362.57000732421875,362.7799987792969,359.5899963378906,360.9800109863281,74541100
2020-11-17,332.6034851074219,360.6199951171875,361.9200134277344,358.3399963378906,359.9700012207031,66111000
2020-11-18,328.6007080078125,356.2799987792969,361.5,356.239990234375,360.9100036621094,70591300
2020-11-19,329.9841613769531,357.7799987792969,358.17999267578125,354.1499938964844,355.6000061035156,59940900
2020-11-20,327.7245788574219,355.3299865722656,357.7200012207031,355.25,357.5,70417300
2020-11-23,329.68902587890625,357.4599914550781,358.82000732421875,354.8699951171875,357.2799987792969,63230600
2020-11-24,335.0015563964844,363.2200012207031,363.80999755859375,359.2900085449219,360.2099914550781,62415900
2020-11-25,334.4851379394531,362.6600036621094,363.1600036621094,361.4800109863281,363.1300048828125,45330900
2020-11-27,335.4166259765625,363.6700134277344,364.17999267578125,362.5799865722656,363.8399963378906,28514100
2020-11-30,333.931640625,362.05999755859375,363.1199951171875,359.1700134277344,362.8299865722656,83872700
2020-12-01,337.5839538574219,366.0199890136719,367.67999267578125,364.92999267578125,365.57000732421875,74231400
2020-12-02,338.2942199707031,366.7900085449219,366.9599914550781,364.20001220703125,364.82000732421875,45927000
2020-12-03,338.2019348144531,366.69000244140625,368.19000244140625,365.5,366.67999267578125,62882000
2020-12-04,341.1163635253906,369.8500061035156,369.8500061035156,367.2200012207031,367.32000732421875,50749900
2020-12-07,340.4154968261719,369.0899963378906,369.6199951171875,367.7200012207031,369.0199890136719,48944300
2020-12-08,341.4115295410156,370.1700134277344,370.7799987792969,367.6700134277344,367.7200012207031,42458900
2020-12-09,338.3495178222656,366.8500061035156,371.04998779296875,365.95001220703125,370.8800048828125,74098300
2020-12-10,338.23895263671875,366.7300109863281,367.8599853515625,364.42999267578125,365.3699951171875,57735400
2020-12-11,337.84222412109375,366.29998779296875,366.739990234375,363.260009765625,364.8999938964844,57698600
2020-12-14,336.3297424316406,364.6600036621094,369.79998779296875,364.4700012207031,368.6400146484375,69216200
2020-12-15,340.87664794921875,369.5899963378906,369.5899963378906,365.9200134277344,367.3999938964844,63865300
2020-12-16,341.4115295410156,370.1700134277344,371.1600036621094,368.8699951171875,369.82000732421875,58420500
2020-12-17,343.32073974609375,372.239990234375,372.4599914550781,371.04998779296875,371.94000244140625,64119500
2020-12-18,341.94989013671875,369.17999267578125,371.1499938964844,367.0199890136719,370.9700012207031,136542300
2020-12-21,340.727294921875,367.8599853515625,378.4599914550781,362.0299987792969,364.9700012207031,96386700
2020-12-22,340.15301513671875,367.239990234375,368.3299865722656,366.0299987792969,368.2099914550781,47949000
2020-12-23,340.458740234375,367.57000732421875,369.6199951171875,367.2200012207031,368.2799987792969,46201400
2020-12-24,341.7831726074219,369.0,369.0299987792969,367.45001220703125,368.0799865722656,26457900
2020-12-28,344.71942138671875,372.1700134277344,372.5899963378906,371.07000732421875,371.739990234375,39000400
2020-12-29,344.061767578125,371.4599914550781,374.0,370.8299865722656,373.80999755859375,53680500
2020-12-30,344.552734375,371.989990234375,373.1000061035156,371.57000732421875,372.3399963378906,49455300
2020-12-31,346.3032531738281,373.8800048828125,374.6600036621094,371.2300109863281,371.7799987792969,78520700
2021-01-04,341.588623046875,368.7900085449219,375.45001220703125,364.82000732421875,375.30999755859375,110210800
2021-01-05,343.94134521484375,371.3299865722656,372.5,368.04998779296875,368.1000061035156,66426200
2021-01-06,345.9975891113281,373.54998779296875,376.9800109863281,369.1199951171875,369.7099914550781,107997700
2021-01-07,351.1382141113281,379.1000061035156,379.8999938964844,375.9100036621094,376.1000061035156,68766800
2021-01-08,353.1389465332031,381.260009765625,381.489990234375,377.1000061035156,380.5899963378906,71677200
2021-01-11,350.7585144042969,378.69000244140625,380.5799865722656,377.7200012207031,377.8500061035156,51034700
2021-01-12,350.83251953125,378.7699890136719,379.8599853515625,376.3599853515625,378.8900146484375,52547700
2021-01-13,351.7773742675781,379.7900085449219,380.8599853515625,377.8500061035156,378.69000244140625,45303600
2021-01-14,350.5455017089844,378.4599914550781,381.1300048828125,378.1000061035156,380.5899963378906,49989100
2021-01-15,347.98907470703125,375.70001220703125,377.5799865722656,373.70001220703125,376.7200012207031,107160000
2021-01-19,350.7214660644531,378.6499938964844,379.2300109863281,376.75,378.3399963378906,51233300
2021-01-20,355.574951171875,383.8900146484375,384.7900085449219,380.69000244140625,381.1099853515625,61836100
2021-01-21,355.8990173339844,384.239990234375,384.95001220703125,383.25,384.489990234375,47840100
2021-01-22,354.6394958496094,382.8800048828125,384.1300048828125,381.8399963378906,382.25,52860500
2021-01-25,356.03814697265625,384.3900146484375,384.7699890136719,378.4599914550781,383.6700134277344,70402000
2021-01-26,355.4823303222656,383.7900085449219,385.8500061035156,383.5400085449219,385.4100036621094,42665300
2021-01-27,346.794189453125,374.4100036621094,380.32000732421875,372.010009765625,380.2200012207031,123351100
2021-01-28,349.7767028808594,377.6300048828125,381.92999267578125,375.8900146484375,376.3599853515625,94198100
2021-01-29,342.7742919921875,370.07000732421875,376.6700134277344,368.2699890136719,375.6300048828125,126765100
2021-02-01,348.4799499511719,376.2300109863281,377.3399963378906,370.3800048828125,373.7200012207031,75817600
2021-02-02,353.4075622558594,381.54998779296875,383.2200012207031,376.32000732421875,379.6499938964844,64450700
2021-02-03,353.6853942871094,381.8500061035156,383.70001220703125,380.4800109863281,382.44000244140625,52427100
2021-02-04,357.7053527832031,386.19000244140625,386.239990234375,381.9700012207031,382.9599914550781,47142600
2021-02-05,359.1131591796875,387.7099914550781,388.4700012207031,386.1400146484375,388.20001220703125,48669800
2021-02-08,361.7066650390625,390.510009765625,390.55999755859375,388.3500061035156,389.2699890136719,38365200
2021-02-09,361.4658508300781,390.25,390.8900146484375,389.1700134277344,389.6099853515625,35551100
2021-02-10,361.30841064453125,390.0799865722656,392.2799987792969,387.5,392.1199951171875,59154400
2021-02-11,361.8919372558594,390.7099914550781,391.69000244140625,388.1000061035156,391.239990234375,42913300
2021-02-12,363.6795654296875,392.6400146484375,392.8999938964844,389.7699890136719,389.8500061035156,50593300
2021-02-16,363.3645935058594,392.29998779296875,394.1700134277344,391.5299987792969,393.9599914550781,50972400
2021-02-17,363.447998046875,392.3900146484375,392.6600036621094,389.3299865722656,390.4200134277344,52290600
2021-02-18,361.9011535644531,390.7200012207031,391.5199890136719,387.739990234375,389.5899963378906,59712800
2021-02-19,361.2620544433594,390.0299987792969,392.3800048828125,389.54998779296875,392.07000732421875,83241000
2021-02-22,358.4832763671875,387.0299987792969,389.6199951171875,386.739990234375,387.05999755859375,67414200
2021-02-23,358.9186706542969,387.5,388.95001220703125,380.20001220703125,384.6600036621094,107284100
2021-02-24,362.87371826171875,391.7699890136719,392.2300109863281,385.2699890136719,386.3299865722656,72433900
2021-02-25,354.12994384765625,382.3299865722656,391.8800048828125,380.7799987792969,390.4100036621094,146670500
2021-02-26,352.3053283691406,380.3599853515625,385.5799865722656,378.2300109863281,384.3500061035156,152701600
2021-03-01,360.8452453613281,389.5799865722656,390.9200134277344,380.57000732421875,385.5899963378906,105348800
2021-03-02,358.02947998046875,386.5400085449219,390.07000732421875,386.0,389.82000732421875,79595300
2021-03-03,353.28717041015625,381.4200134277344,386.8299865722656,381.30999755859375,385.7900085449219,119940200
2021-03-04,348.9153747558594,376.70001220703125,384.0,371.8800048828125,381.2200012207031,183433000
2021-03-05,355.33416748046875,383.6300048828125,384.760009765625,372.6400146484375,380.4599914550781,152039600
2021-03-08,353.5649719238281,381.7200012207031,387.67999267578125,381.4200134277344,384.6600036621094,123149200
2021-03-09,358.613037109375,387.1700134277344,389.9100036621094,385.30999755859375,385.8500061035156,113633600
2021-03-10,360.8452453613281,389.5799865722656,391.3999938964844,388.1700134277344,389.69000244140625,109899400
2021-03-11,364.50390625,393.5299987792969,395.6499938964844,391.739990234375,392.2300109863281,86245000
2021-03-12,364.9947509765625,394.05999755859375,394.2099914550781,391.20001220703125,392.07000732421875,64653600
2021-03-15,367.1714782714844,396.4100036621094,396.69000244140625,392.0299987792969,394.3299865722656,73427200
2021-03-16,366.7084045410156,395.9100036621094,397.8299865722656,395.0799865722656,397.07000732421875,73722500
2021-03-17,367.9588317871094,397.260009765625,398.1199951171875,393.29998779296875,394.5299987792969,97959300
2021-03-18,362.6051330566406,391.4800109863281,396.7200012207031,390.75,394.4800109863281,115349100
2021-03-19,361.9341735839844,389.4800109863281,391.57000732421875,387.1499938964844,389.8800048828125,113624500
2021-03-22,364.82427978515625,392.5899963378906,394.07000732421875,389.9700012207031,390.0299987792969,73778600
2021-03-23,361.9527893066406,389.5,393.4599914550781,388.6600036621094,391.9100036621094,90686600
2021-03-24,360.11279296875,387.5199890136719,392.75,387.4700012207031,391.0,97588600
2021-03-25,362.13861083984375,389.70001220703125,390.54998779296875,383.8999938964844,385.9800109863281,116128600
2021-03-26,367.9744567871094,395.9800109863281,396.4100036621094,390.2900085449219,390.92999267578125,114409100
2021-03-29,367.7886962890625,395.7799987792969,396.75,392.80999755859375,394.3999938964844,108107600
2021-03-30,366.8128356933594,394.7300109863281,395.45001220703125,393.0199890136719,394.4200134277344,76262200
2021-03-31,368.2997131347656,396.3299865722656,398.0,395.30999755859375,395.3399963378906,112734200
2021-04-01,372.27703857421875,400.6099853515625,400.6700134277344,398.17999267578125,398.3999938964844,99682900
2021-04-05,377.6203308105469,406.3599853515625,406.94000244140625,403.3800048828125,403.4599914550781,91684800
2021-04-06,377.3973083496094,406.1199951171875,407.239990234375,405.3999938964844,405.760009765625,62021000
2021-04-07,377.83404541015625,406.5899963378906,406.9599914550781,405.45001220703125,405.94000244140625,55836300
2021-04-08,379.6275939941406,408.5199890136719,408.5799865722656,406.92999267578125,407.92999267578125,57863100
2021-04-09,382.38751220703125,411.489990234375,411.6700134277344,408.260009765625,408.3900146484375,61104600
2021-04-12,382.5269775390625,411.6400146484375,411.92999267578125,410.20001220703125,410.8500061035156,56704900
2021-04-13,383.66058349609375,412.8599853515625,413.5299987792969,411.1199951171875,411.5299987792969,56551000
2021-04-14,382.3504333496094,411.45001220703125,413.9599914550781,410.8699951171875,412.8299865722656,61659900
2021-04-15,386.457763671875,415.8699951171875,416.1600036621094,413.69000244140625,413.739990234375,60229800
2021-04-16,387.74951171875,417.260009765625,417.9100036621094,415.7300109863281,417.25,82037300
2021-04-19,385.8443603515625,415.2099914550781,416.739990234375,413.7900085449219,416.260009765625,78498500
2021-04-20,383.0194396972656,412.1700134277344,415.0899963378906,410.5899963378906,413.9100036621094,81851800
2021-04-21,386.64361572265625,416.07000732421875,416.2900085449219,411.3599853515625,411.510009765625,66793000
2021-04-22,383.1123962402344,412.2699890136719,416.7799987792969,411.1300048828125,415.8900146484375,97582800
2021-04-23,387.2662353515625,416.739990234375,418.25,412.7900085449219,412.8699951171875,73209200
2021-04-26,388.0747375488281,417.6099853515625,418.2200012207031,416.80999755859375,417.44000244140625,52182400
2021-04-27,387.99114990234375,417.5199890136719,418.1400146484375,416.29998779296875,417.92999267578125,51303100
2021-04-28,387.87945556640625,417.3999938964844,419.010009765625,416.8999938964844,417.80999755859375,51238900
2021-04-29,390.3514404296875,420.05999755859375,420.7200012207031,416.44000244140625,420.32000732421875,78544300
2021-04-30,387.7866516113281,417.29998779296875,418.5400085449219,416.3399963378906,417.6300048828125,85527000
2021-05-03,388.62298583984375,418.20001220703125,419.8399963378906,417.6700134277344,419.42999267578125,68128300
2021-05-04,386.22540283203125,415.6199951171875,416.6000061035156,411.6700134277344,416.07000732421875,101591200
2021-05-05,386.3462829589844,415.75,417.6300048828125,415.1499938964844,417.3800048828125,60162200
2021-05-06,389.431396484375,419.07000732421875,419.2099914550781,413.67999267578125,415.8299865722656,74321400
2021-05-07,392.26580810546875,422.1199951171875,422.82000732421875,419.1600036621094,419.8900146484375,67733800
2021-05-10,388.38128662109375,417.94000244140625,422.739990234375,417.80999755859375,422.5,81852400
2021-05-11,384.9151611328125,414.2099914550781,415.2699890136719,410.05999755859375,413.1000061035156,116888000
2021-05-12,376.7375183105469,405.4100036621094,412.5899963378906,404.0,411.2300109863281,134811000
2021-05-13,381.26312255859375,410.2799987792969,412.3500061035156,407.0199890136719,407.07000732421875,106394000
2021-05-14,387.1175231933594,416.5799865722656,417.489990234375,413.17999267578125,413.2099914550781,82201600
2021-05-17,386.13250732421875,415.5199890136719,416.3900146484375,413.3599853515625,415.3900146484375,65129200
2021-05-18,382.8056945800781,411.94000244140625,416.05999755859375,411.7699890136719,415.79998779296875,59810200
2021-05-19,381.8020324707031,410.8599853515625,411.04998779296875,405.3299865722656,406.9200134277344,106467100
2021-05-20,385.909423828125,415.2799987792969,416.6300048828125,411.6700134277344,411.79998779296875,78022200
2021-05-21,385.5935363769531,414.94000244140625,418.20001220703125,414.45001220703125,416.8699951171875,76578700
2021-05-24,389.52435302734375,419.1700134277344,420.32000732421875,417.0799865722656,417.3399963378906,51376700
2021-05-25,388.6601257324219,418.239990234375,420.7099914550781,417.6199951171875,420.3299865722656,57451400
2021-05-26,389.431396484375,419.07000732421875,419.6099853515625,417.760009765625,418.8699951171875,43088600
2021-05-27,389.6358947753906,419.2900085449219,420.7200012207031,418.989990234375,420.1700134277344,56707700
2021-05-28,390.3329162597656,420.0400085449219,421.25,419.7900085449219,420.9700012207031,58520200
2021-06-01,389.989013671875,419.6700134277344,422.7200012207031,419.20001220703125,422.57000732421875,54216600
2021-06-02,390.6023254394531,420.3299865722656,421.2300109863281,419.2900085449219,420.3699951171875,49097100
2021-06-03,389.1526794433594,418.7699890136719,419.989990234375,416.2799987792969,417.8500061035156,58138800
2021-06-04,392.7117614746094,422.6000061035156,422.9200134277344,418.8399963378906,420.75,55938800
2021-06-07,392.330810546875,422.19000244140625,422.7799987792969,421.19000244140625,422.5899963378906,51555000
2021-06-08,392.4144287109375,422.2799987792969,423.2099914550781,420.32000732421875,423.1099853515625,47134300
2021-06-09,391.8289489746094,421.6499938964844,423.260009765625,421.4100036621094,423.17999267578125,48436300
2021-06-10,393.65032958984375,423.6099853515625,424.6300048828125,421.54998779296875,422.9599914550781,51020100
2021-06-11,394.3009033203125,424.30999755859375,424.42999267578125,422.82000732421875,424.20001220703125,45570800
2021-06-14,395.1837158203125,425.260009765625,425.3699951171875,423.1000061035156,424.42999267578125,42358500
2021-06-15,394.4588623046875,424.4800109863281,425.4599914550781,423.5400085449219,425.4200134277344,51508500
2021-06-16,392.2564392089844,422.1099853515625,424.8699951171875,419.9200134277344,424.6300048828125,80386100
2021-06-17,392.1264343261719,421.9700012207031,423.0199890136719,419.32000732421875,421.6700134277344,90949700
2021-06-18,386.8363952636719,414.9200134277344,417.8299865722656,414.70001220703125,417.0899963378906,118676300
2021-06-21,392.3743591308594,420.8599853515625,421.05999755859375,415.92999267578125,416.79998779296875,72822000
2021-06-22,394.4720764160156,423.1099853515625,424.0,420.0799865722656,420.8500061035156,57700300
2021-06-23,393.9965515136719,422.6000061035156,424.04998779296875,422.510009765625,423.19000244140625,49445400
2021-06-24,396.3273010253906,425.1000061035156,425.54998779296875,424.6199951171875,424.8900146484375,45110300
2021-06-25,397.7351379394531,426.6099853515625,427.0899963378906,425.54998779296875,425.8999938964844,58129500
2021-06-28,398.53692626953125,427.4700012207031,427.6499938964844,425.8900146484375,427.1700134277344,53159600
2021-06-29,398.7514343261719,427.70001220703125,428.55999755859375,427.1300048828125,427.8800048828125,35970500
2021-06-30,399.0870361328125,428.05999755859375,428.7799987792969,427.17999267578125,427.2099914550781,64827900
2021-07-01,401.2966003417969,430.42999267578125,430.6000061035156,428.79998779296875,428.8699951171875,53441000
2021-07-02,404.3638916015625,433.7200012207031,434.1000061035156,430.5199890136719,431.6700134277344,57697700
2021-07-06,403.62738037109375,432.92999267578125,434.010009765625,430.010009765625,433.7799987792969,68710400
2021-07-07,405.05389404296875,434.4599914550781,434.760009765625,431.510009765625,433.6600036621094,63549500
2021-07-08,401.7535095214844,430.9200134277344,431.7300109863281,427.5199890136719,428.7799987792969,97595200
2021-07-09,406.0421142578125,435.5199890136719,435.8399963378906,430.7099914550781,432.5299987792969,76238600
2021-07-12,407.4965515136719,437.0799865722656,437.3500061035156,434.9700012207031,435.42999267578125,52889600
2021-07-13,406.10736083984375,435.5899963378906,437.8399963378906,435.30999755859375,436.239990234375,52911300
2021-07-14,406.71337890625,436.239990234375,437.9200134277344,434.9100036621094,437.3999938964844,64130400
2021-07-15,405.32421875,434.75,435.5299987792969,432.7200012207031,434.80999755859375,55126400
2021-07-16,402.1449890136719,431.3399963378906,436.05999755859375,430.9200134277344,436.010009765625,75874700
2021-07-19,396.2062072753906,424.9700012207031,431.4100036621094,421.9700012207031,426.19000244140625,147987000
2021-07-20,401.8840026855469,431.05999755859375,432.4200134277344,424.8299865722656,425.67999267578125,99608200
2021-07-21,405.1376647949219,434.54998779296875,434.70001220703125,431.010009765625,432.3399963378906,64724400
2021-07-22,405.9861755371094,435.4599914550781,435.7200012207031,433.69000244140625,434.739990234375,47878500
2021-07-23,410.16290283203125,439.94000244140625,440.29998779296875,436.7900085449219,437.5199890136719,63766600
2021-07-26,411.1698303222656,441.0199890136719,441.0299987792969,439.260009765625,439.30999755859375,43719200
2021-07-27,409.2958679199219,439.010009765625,439.94000244140625,435.989990234375,439.9100036621094,67397100
2021-07-28,409.1280822753906,438.8299865722656,440.29998779296875,437.30999755859375,439.67999267578125,52472400
2021-07-29,410.82489013671875,440.6499938964844,441.79998779296875,439.80999755859375,439.82000732421875,47435300
2021-07-30,408.82977294921875,438.510009765625,440.05999755859375,437.7699890136719,437.9100036621094,68951200
2021-08-02,407.9720458984375,437.5899963378906,440.92999267578125,437.2099914550781,440.3399963378906,58783300
2021-08-03,411.291015625,441.1499938964844,441.2799987792969,436.1000061035156,438.44000244140625,58053900
2021-08-04,409.26788330078125,438.9800109863281,441.1199951171875,438.7300109863281,439.7799987792969,46732200
2021-08-05,411.8597412109375,441.760009765625,441.8500061035156,439.8800048828125,440.2200012207031,38969700
2021-08-06,412.5403137207031,442.489990234375,442.94000244140625,441.79998779296875,442.1000061035156,46930000
2021-08-09,412.2046813964844,442.1300048828125,442.79998779296875,441.30999755859375,442.4599914550781,41222600
2021-08-10,412.717529296875,442.67999267578125,443.44000244140625,441.8800048828125,442.6099853515625,43339300
2021-08-11,413.7430114746094,443.7799987792969,443.8800048828125,442.6199951171875,443.82000732421875,44034300
2021-08-12,414.98297119140625,445.1099853515625,445.260009765625,442.6600036621094,443.6199951171875,38909400
2021-08-13,415.73822021484375,445.9200134277344,445.94000244140625,445.07000732421875,445.5899963378906,39470300
2021-08-16,416.7171325683594,446.9700012207031,447.1099853515625,442.8699951171875,444.5299987792969,73740000
2021-08-17,413.98541259765625,444.0400085449219,444.9599914550781,440.8500061035156,444.239990234375,92673900
2021-08-18,409.45428466796875,439.17999267578125,444.6300048828125,438.9200134277344,442.9599914550781,89351900
2021-08-19,410.08831787109375,439.8599853515625,441.1400146484375,436.1199951171875,436.2699890136719,92812200
2021-08-20,413.35150146484375,443.3599853515625,443.7099914550781,439.7099914550781,440.2300109863281,72008700
2021-08-23,416.98748779296875,447.260009765625,448.2300109863281,443.44000244140625,445.1600036621094,54973000
2021-08-24,417.6494445800781,447.9700012207031,448.5400085449219,447.4200134277344,447.9700012207031,38744700
2021-08-25,418.5257568359375,448.9100036621094,449.4599914550781,447.7699890136719,448.1700134277344,40529700
2021-08-26,416.0552062988281,446.260009765625,448.8599853515625,446.1600036621094,448.6099853515625,57829600
2021-08-27,419.7751159667969,450.25,450.6499938964844,447.05999755859375,447.1199951171875,77235100
2021-08-30,421.6211242675781,452.2300109863281,453.07000732421875,450.7099914550781,450.9700012207031,48357400
2021-08-31,420.9964599609375,451.55999755859375,452.489990234375,450.9200134277344,452.1300048828125,59300200
2021-09-01,421.2201843261719,451.79998779296875,453.1099853515625,451.54998779296875,452.55999755859375,48721400
2021-09-02,422.51605224609375,453.19000244140625,454.04998779296875,451.9100036621094,453.32000732421875,42501000
2021-09-03,422.41357421875,453.0799865722656,453.6300048828125,451.54998779296875,451.9800109863281,47170500
2021-09-07,420.9031982421875,451.4599914550781,452.80999755859375,450.739990234375,452.7099914550781,51671500
2021-09-08,420.3904724121094,450.9100036621094,451.6700134277344,448.8599853515625,450.8900146484375,56181900
2021-09-09,418.5911560058594,448.9800109863281,452.57000732421875,448.7200012207031,450.70001220703125,57970400
2021-09-10,415.29071044921875,445.44000244140625,451.489990234375,445.30999755859375,451.0400085449219,89948200
2021-09-13,416.3534851074219,446.5799865722656,448.9200134277344,444.1099853515625,448.6400146484375,83738600
2021-09-14,414.1065979003906,444.1700134277344,448.3399963378906,443.2200012207031,448.1199951171875,78197100
2021-09-15,417.5655822753906,447.8800048828125,448.4100036621094,443.44000244140625,444.6199951171875,78792200
2021-09-16,416.9034729003906,447.1700134277344,448.3599853515625,444.0199890136719,447.32000732421875,77786700
2021-09-17,412.8424987792969,441.3999938964844,445.3699951171875,441.0199890136719,444.9200134277344,118425000
2021-09-20,405.95867919921875,434.0400085449219,436.55999755859375,428.8599853515625,434.8800048828125,166445500
2021-09-21,405.5751953125,433.6300048828125,437.9100036621094,433.07000732421875,436.5299987792969,92526100
2021-09-22,409.531494140625,437.8599853515625,440.0299987792969,433.75,436.04998779296875,102350100
2021-09-23,414.50732421875,443.17999267578125,444.8900146484375,439.6000061035156,439.8500061035156,76396000
2021-09-24,415.1901550292969,443.9100036621094,444.6700134277344,441.2099914550781,441.44000244140625,62094800
2021-09-27,414.0022888183594,442.6400146484375,444.04998779296875,441.8999938964844,442.80999755859375,61371100
2021-09-28,405.65936279296875,433.7200012207031,440.0400085449219,432.94000244140625,439.69000244140625,130436300
2021-09-29,406.3421936035156,434.45001220703125,437.0400085449219,433.8500061035156,435.19000244140625,82329200
2021-09-30,401.3757019042969,429.1400146484375,436.7699890136719,428.7799987792969,436.0199890136719,140506000
2021-10-01,406.1457214355469,434.239990234375,436.0299987792969,427.2300109863281,430.9800109863281,129240100
2021-10-04,400.9080810546875,428.6400146484375,433.9599914550781,426.3599853515625,433.0,128570000
2021-10-05,405.0794677734375,433.1000061035156,435.489990234375,429.3900146484375,430.239990234375,90682500
2021-10-06,406.7630310058594,434.8999938964844,435.1199951171875,427.5400085449219,429.2699890136719,113032200
2021-10-07,410.2797546386719,438.6600036621094,441.67999267578125,438.20001220703125,438.3900146484375,72437500
2021-10-08,409.531494140625,437.8599853515625,439.8900146484375,437.19000244140625,439.4800109863281,74557400
2021-10-11,406.5666809082031,434.69000244140625,440.260009765625,434.6199951171875,437.1600036621094,65233300
2021-10-12,405.56585693359375,433.6199951171875,436.1000061035156,432.7799987792969,435.6700134277344,71181200
2021-10-13,407.0248718261719,435.17999267578125,436.04998779296875,431.5400085449219,434.7099914550781,72974000
2021-10-14,413.8713073730469,442.5,442.6600036621094,438.5799865722656,439.0799865722656,70236800
2021-10-15,417.02325439453125,445.8699951171875,446.260009765625,444.0899963378906,444.75,66260200
2021-10-18,418.2579040527344,447.19000244140625,447.54998779296875,443.2699890136719,443.9700012207031,62213200
2021-10-19,421.4847106933594,450.6400146484375,450.7099914550781,448.2699890136719,448.9200134277344,46996800
2021-10-20,423.1401672363281,452.4100036621094,452.7300109863281,451.010009765625,451.1300048828125,49571600
2021-10-21,424.24383544921875,453.5899963378906,453.8299865722656,451.30999755859375,451.7699890136719,41305400
2021-10-22,423.80419921875,453.1199951171875,454.6700134277344,451.04998779296875,453.1300048828125,58845100
2021-10-25,426.07696533203125,455.54998779296875,455.8999938964844,452.3900146484375,454.2799987792969,45214500
2021-10-26,426.46051025390625,455.9599914550781,458.489990234375,455.55999755859375,457.20001220703125,56075100
2021-10-27,424.5711975097656,453.94000244140625,457.1600036621094,453.8599853515625,456.45001220703125,72438000
2021-10-28,428.6678466796875,458.32000732421875,458.3999938964844,455.45001220703125,455.4599914550781,51437900
2021-10-29,429.5376892089844,459.25,459.55999755859375,455.55999755859375,455.8699951171875,70162400
2021-11-01,430.2765808105469,460.0400085449219,460.70001220703125,458.20001220703125,460.29998779296875,48433600
2021-11-02,432.0161437988281,461.8999938964844,462.2300109863281,460.0799865722656,460.2200012207031,48908400
2021-11-03,434.6537170410156,464.7200012207031,465.1499938964844,460.8299865722656,461.29998779296875,52509800
2021-11-04,436.70208740234375,466.9100036621094,467.0,464.989990234375,465.3599853515625,52847100
2021-11-05,438.21728515625,468.5299987792969,470.6499938964844,466.9200134277344,469.2799987792969,66390600
2021-11-08,438.59136962890625,468.92999267578125,470.2300109863281,468.20001220703125,469.70001220703125,50405200
2021-11-09,437.14166259765625,467.3800048828125,469.57000732421875,465.8800048828125,469.32000732421875,51149100
2021-11-10,433.6249694824219,463.6199951171875,467.3800048828125,462.0400085449219,465.5799865722656,69429700
2021-11-11,433.76519775390625,463.7699890136719,465.2900085449219,463.75,465.2099914550781,34848500
2021-11-12,437.03875732421875,467.2699890136719,467.8599853515625,464.1099853515625,465.1199951171875,53466700
2021-11-15,437.18841552734375,467.42999267578125,468.80999755859375,466.2300109863281,468.6400146484375,46980500
2021-11-16,438.91876220703125,469.2799987792969,470.489990234375,467.07000732421875,467.1499938964844,48857500
2021-11-17,437.8525085449219,468.1400146484375,469.19000244140625,467.4800109863281,469.0,47858300
2021-11-18,439.339599609375,469.7300109863281,470.010009765625,466.3399963378906,469.239990234375,50625600
2021-11-19,438.55401611328125,468.8900146484375,470.94000244140625,468.5,469.6099853515625,57315600
2021-11-22,437.31939697265625,467.57000732421875,473.5400085449219,467.3500061035156,470.8900146484375,72762000
2021-11-23,437.899169921875,468.19000244140625,469.1000061035156,464.45001220703125,467.2200012207031,73206500
2021-11-24,439.0683898925781,469.44000244140625,469.57000732421875,465.19000244140625,466.05999755859375,61858800
2021-11-26,429.27581787109375,458.9700012207031,463.8999938964844,457.7699890136719,462.3399963378906,112669600
2021-11-29,434.54150390625,464.6000061035156,466.55999755859375,461.7300109863281,464.07000732421875,86268800
2021-11-30,426.08642578125,455.55999755859375,464.0299987792969,455.29998779296875,462.0,148559600
2021-12-01,421.3537292480469,450.5,464.6700134277344,450.2900085449219,461.6400146484375,131939200
2021-12-02,427.80731201171875,457.3999938964844,459.07000732421875,450.30999755859375,450.7300109863281,127637800
2021-12-03,424.0848693847656,453.4200134277344,460.29998779296875,448.9200134277344,459.1700134277344,137331600
2021-12-06,429.1073913574219,458.7900085449219,460.7900085449219,453.55999755859375,456.1300048828125,98977500
2021-12-07,437.98345947265625,468.2799987792969,468.8800048828125,458.6499938964844,464.4100036621094,95484700
2021-12-08,439.1432189941406,469.5199890136719,470.0,466.8299865722656,468.70001220703125,72238800
2021-12-09,436.1783142089844,466.3500061035156,469.6300048828125,466.1400146484375,468.1499938964844,61272600
2021-12-10,440.2842712402344,470.739990234375,470.8999938964844,466.510009765625,469.2300109863281,77159800
2021-12-13,436.38409423828125,466.57000732421875,470.55999755859375,466.2699890136719,470.19000244140625,87724700
2021-12-14,433.3817443847656,463.3599853515625,465.739990234375,460.25,463.0899963378906,97264100
2021-12-15,440.1533203125,470.6000061035156,470.8599853515625,460.739990234375,463.4200134277344,116899300
2021-12-16,436.2718811035156,466.45001220703125,472.8699951171875,464.79998779296875,472.57000732421875,116568600
2021-12-17,431.62860107421875,459.8699951171875,464.739990234375,458.05999755859375,461.54998779296875,135511600
2021-12-20,427.0389404296875,454.9800109863281,455.3999938964844,451.1400146484375,454.4800109863281,107134800
2021-12-21,434.6226806640625,463.05999755859375,463.2099914550781,456.30999755859375,458.6099853515625,69806300
2021-12-22,438.9684143066406,467.69000244140625,467.80999755859375,462.5799865722656,462.7900085449219,58890200
2021-12-23,441.69970703125,470.6000061035156,472.19000244140625,468.6400146484375,468.75,56439700
2021-12-27,447.95074462890625,477.260009765625,477.30999755859375,472.010009765625,472.05999755859375,56808600
2021-12-28,447.584716796875,476.8699951171875,478.80999755859375,476.05999755859375,477.7200012207031,47274600
2021-12-29,448.15716552734375,477.4800109863281,478.55999755859375,475.9200134277344,476.9800109863281,54503000
2021-12-30,446.91827392578125,476.1600036621094,479.0,475.6700134277344,477.92999267578125,55329000
2021-12-31,445.7919006347656,474.9599914550781,476.8599853515625,474.6700134277344,475.6400146484375,65237400
2022-01-03,448.373046875,477.7099914550781,477.8500061035156,473.8500061035156,476.29998779296875,72668200
2022-01-04,448.222900390625,477.54998779296875,479.9800109863281,475.5799865722656,479.2200012207031,71178700
2022-01-05,439.61602783203125,468.3800048828125,477.9800109863281,468.2799987792969,477.1600036621094,104538900
2022-01-06,439.2030334472656,467.94000244140625,470.82000732421875,465.42999267578125,467.8900146484375,86858900
2022-01-07,437.4666442871094,466.0899963378906,469.20001220703125,464.6499938964844,467.95001220703125,85111600
2022-01-10,436.9223327636719,465.510009765625,465.739990234375,456.6000061035156,462.70001220703125,119362000
2022-01-11,440.90191650390625,469.75,469.8500061035156,462.04998779296875,465.2300109863281,74303100
2022-01-12,442.0938415527344,471.0199890136719,473.20001220703125,468.94000244140625,471.5899963378906,67605400
2022-01-13,436.0024108886719,464.5299987792969,472.8800048828125,463.44000244140625,472.19000244140625,91173100
2022-01-14,436.1807861328125,464.7200012207031,465.0899963378906,459.8999938964844,461.19000244140625,95890900
2022-01-18,428.45623779296875,456.489990234375,459.9599914550781,455.30999755859375,459.739990234375,109709100
2022-01-19,424.00732421875,451.75,459.6099853515625,451.4599914550781,458.1300048828125,109357600
2022-01-20,419.3143615722656,446.75,458.739990234375,444.5,453.75,122379700
2022-01-21,411.08294677734375,437.9800109863281,448.05999755859375,437.95001220703125,445.55999755859375,202271200
2022-01-24,412.8287048339844,439.8399963378906,440.3800048828125,420.760009765625,432.0299987792969,251783900
2022-01-25,407.78851318359375,434.4700012207031,439.7200012207031,427.1499938964844,433.05999755859375,167997300
2022-01-26,406.7655334472656,433.3800048828125,444.0400085449219,428.8599853515625,440.7200012207031,186391100
2022-01-27,404.75689697265625,431.239990234375,441.5899963378906,429.45001220703125,438.260009765625,149878300
2022-01-28,414.8091735839844,441.95001220703125,442.0,427.82000732421875,432.67999267578125,164457400
2022-01-31,422.2803039550781,449.9100036621094,450.2799987792969,439.80999755859375,441.239990234375,152251400
2022-02-01,425.1336669921875,452.95001220703125,453.6300048828125,446.94000244140625,450.67999267578125,123155400
2022-02-02,429.263427734375,457.3500061035156,458.1199951171875,453.04998779296875,455.5,117361000
2022-02-03,419.1735534667969,446.6000061035156,452.9700012207031,445.7099914550781,450.95001220703125,118024400
2022-02-04,421.14459228515625,448.70001220703125,452.7799987792969,443.8299865722656,446.3500061035156,118454400
2022-02-07,419.79302978515625,447.260009765625,450.989990234375,445.8500061035156,449.510009765625,84472900
2022-02-08,423.2470703125,450.94000244140625,451.9200134277344,445.2200012207031,446.7300109863281,81012000
2022-02-09,429.44171142578125,457.5400085449219,457.8800048828125,455.010009765625,455.2200012207031,92589900
2022-02-10,421.7265319824219,449.32000732421875,457.7099914550781,447.20001220703125,451.3399963378906,140103700
2022-02-11,413.4106140136719,440.4599914550781,451.6099853515625,438.94000244140625,449.4100036621094,153214600
2022-02-14,412.05902099609375,439.0199890136719,441.6000061035156,435.3399963378906,439.9200134277344,123006300
2022-02-15,418.7042541503906,446.1000061035156,446.2799987792969,443.17999267578125,443.7300109863281,88482700
2022-02-16,419.1735534667969,446.6000061035156,448.05999755859375,441.94000244140625,443.92999267578125,84863600
2022-02-17,410.219482421875,437.05999755859375,446.57000732421875,436.4200134277344,443.2200012207031,102259100
2022-02-18,407.56329345703125,434.2300109863281,438.6600036621094,431.82000732421875,437.3299865722656,132642900
2022-02-22,403.189453125,429.57000732421875,435.5,425.8599853515625,431.8900146484375,124391800
2022-02-23,396.0373840332031,421.95001220703125,433.260009765625,421.3500061035156,432.6600036621094,132578000
2022-02-24,401.99737548828125,428.29998779296875,428.760009765625,410.6400146484375,411.0199890136719,213942900
2022-02-25,410.86712646484375,437.75,437.8399963378906,427.8599853515625,429.6099853515625,121804500
2022-02-28,409.81591796875,436.6300048828125,438.20001220703125,430.70001220703125,432.0299987792969,145615000
2022-03-01,403.5742492675781,429.9800109863281,437.1700134277344,427.1099853515625,435.0400085449219,137785900
2022-03-02,410.9985046386719,437.8900146484375,439.7200012207031,431.57000732421875,432.3699951171875,117726500
2022-03-03,408.9523620605469,435.7099914550781,441.1099853515625,433.79998779296875,440.4700012207031,105501700
2022-03-04,405.6297302246094,432.1700134277344,433.3699951171875,427.8800048828125,431.75,113978200
2022-03-07,393.672119140625,419.42999267578125,432.29998779296875,419.3599853515625,431.54998779296875,137896600
2022-03-08,390.6873779296875,416.25,427.2099914550781,415.1199951171875,419.6199951171875,164772700
2022-03-09,401.1619873046875,427.4100036621094,429.510009765625,422.82000732421875,425.1400146484375,116990800
2022-03-10,399.35064697265625,425.4800109863281,426.42999267578125,420.44000244140625,422.5199890136719,93972700
2022-03-11,394.2728271484375,420.07000732421875,428.7699890136719,419.5299987792969,428.1199951171875,95636300
2022-03-14,391.3913879394531,417.0,424.54998779296875,415.7900085449219,420.8900146484375,95729200
2022-03-15,399.99822998046875,426.1700134277344,426.8399963378906,418.4200134277344,419.7699890136719,106219100
2022-03-16,408.8678894042969,435.6199951171875,435.67999267578125,424.79998779296875,429.8900146484375,144954800
2022-03-17,413.9832458496094,441.07000732421875,441.07000732421875,433.19000244140625,433.5899963378906,102676900
2022-03-18,418.5174865722656,444.5199890136719,444.8599853515625,437.2200012207031,438.0,106345500
2022-03-21,418.3950500488281,444.3900146484375,446.4599914550781,440.67999267578125,444.3399963378906,88349800
2022-03-22,423.2908935546875,449.5899963378906,450.5799865722656,445.8599853515625,445.8599853515625,74650400
2022-03-23,417.8395690917969,443.79998779296875,448.489990234375,443.7099914550781,446.9100036621094,79426100
2022-03-24,424.13824462890625,450.489990234375,450.5,444.760009765625,445.94000244140625,64736900
2022-03-25,426.2095642089844,452.69000244140625,452.9800109863281,448.42999267578125,451.1600036621094,77101300
2022-03-28,429.2411804199219,455.9100036621094,455.9100036621094,450.05999755859375,452.05999755859375,68529800
2022-03-29,434.5513000488281,461.54998779296875,462.07000732421875,457.17999267578125,460.0199890136719,86581500
2022-03-30,431.86798095703125,458.70001220703125,461.20001220703125,456.4700012207031,460.3399963378906,79666900
2022-03-31,425.2209777832031,451.6400146484375,458.760009765625,451.1600036621094,457.8900146484375,121699900
2022-04-01,426.4261169433594,452.9200134277344,453.4599914550781,449.1400146484375,453.30999755859375,89048800
2022-04-04,430.0791015625,456.79998779296875,456.9100036621094,452.260009765625,453.1300048828125,59601000
2022-04-05,424.64666748046875,451.0299987792969,457.8299865722656,449.82000732421875,455.2200012207031,74214500
2022-04-06,420.400390625,446.5199890136719,448.92999267578125,443.4700012207031,446.8900146484375,106898000
2022-04-07,422.5188293457031,448.7699890136719,450.69000244140625,443.5299987792969,445.5899963378906,78097200
2022-04-08,421.3890380859375,447.57000732421875,450.6300048828125,445.94000244140625,447.9700012207031,79272700
2022-04-11,414.1865234375,439.9200134277344,445.0,439.3900146484375,444.1099853515625,89770500
2022-04-12,412.6519470214844,438.2900085449219,445.75,436.6499938964844,443.0799865722656,84363600
2022-04-13,417.3782958984375,443.30999755859375,444.1099853515625,437.8399963378906,438.0299987792969,74070400
2022-04-14,412.1811218261719,437.7900085449219,444.7300109863281,437.67999267578125,443.54998779296875,97869500
2022-04-18,412.3506774902344,437.9700012207031,439.75,435.6099853515625,436.80999755859375,66002500
2022-04-19,419.007080078125,445.0400085449219,445.79998779296875,437.67999267578125,437.8599853515625,77821000
2022-04-20,418.6963806152344,444.7099914550781,447.57000732421875,443.4800109863281,446.9200134277344,65224400
2022-04-21,412.43524169921875,438.05999755859375,450.010009765625,437.1000061035156,448.5400085449219,85417300
2022-04-22,401.1184387207031,426.0400085449219,438.0799865722656,425.44000244140625,436.9100036621094,132471800
2022-04-25,403.4439697265625,428.510009765625,428.69000244140625,418.8399963378906,423.6700134277344,119647700
2022-04-26,391.7598876953125,416.1000061035156,426.0400085449219,416.07000732421875,425.8299865722656,103996300
2022-04-27,392.8614807128906,417.2699890136719,422.9200134277344,415.010009765625,417.239990234375,122030000
2022-04-28,402.7849426269531,427.80999755859375,429.6400146484375,417.6000061035156,422.2900085449219,105449100
2022-04-29,387.8997497558594,412.0,425.8699951171875,411.2099914550781,423.5899963378906,145491100
2022-05-02,390.23468017578125,414.4800109863281,415.9200134277344,405.0199890136719,412.07000732421875,158312500
2022-05-03,392.0235900878906,416.3800048828125,418.92999267578125,413.3599853515625,415.010009765625,100028200
2022-05-04,403.9617919921875,429.05999755859375,429.6600036621094,413.7099914550781,417.0799865722656,144247900
2022-05-05,389.6038818359375,413.80999755859375,425.0,409.44000244140625,424.54998779296875,172929100
2022-05-06,387.2783508300781,411.3399963378906,414.79998779296875,405.7300109863281,411.1000061035156,151770800
2022-05-09,374.8787841796875,398.1700134277344,406.4100036621094,396.5,405.1000061035156,155586100
2022-05-10,375.7449035644531,399.0899963378906,406.0799865722656,394.82000732421875,404.489990234375,132497200
2022-05-11,369.77587890625,392.75,404.0400085449219,391.9599914550781,398.07000732421875,142361000
2022-05-12,369.3897705078125,392.3399963378906,395.79998779296875,385.1499938964844,389.3699951171875,125090800
2022-05-13,378.22113037109375,401.7200012207031,403.17999267578125,395.6099853515625,396.7099914550781,104174400
2022-05-16,376.6864013671875,400.0899963378906,403.9700012207031,397.6000061035156,399.9800109863281,78622400
2022-05-17,384.43505859375,408.32000732421875,408.57000732421875,402.5799865722656,406.5299987792969,83029700
2022-05-18,368.9378967285156,391.8599853515625,403.79998779296875,390.54998779296875,403.5,117674500
2022-05-19,366.6781921386719,389.4599914550781,394.1400146484375,387.1099853515625,388.6199951171875,98510700
2022-05-20,366.8382568359375,389.6300048828125,397.0299987792969,380.5400085449219,393.25,131432200
2022-05-23,373.70184326171875,396.9200134277344,397.7300109863281,390.3800048828125,392.8299865722656,76414900
2022-05-24,370.84918212890625,393.8900146484375,395.1499938964844,386.9599914550781,392.55999755859375,91448800
2022-05-25,374.12554931640625,397.3699951171875,399.45001220703125,391.8900146484375,392.30999755859375,91472900
2022-05-26,381.60107421875,405.30999755859375,407.0400085449219,398.45001220703125,398.6700134277344,82168300
2022-05-27,390.9691162109375,415.260009765625,415.3800048828125,407.70001220703125,407.9100036621094,84768700
2022-05-31,388.7752990722656,412.92999267578125,416.4599914550781,410.0299987792969,413.54998779296875,95937000
2022-06-01,385.6306457519531,409.5899963378906,416.239990234375,406.92999267578125,415.1700134277344,86585800
2022-06-02,392.9743957519531,417.3900146484375,417.44000244140625,407.0400085449219,409.4200134277344,79609600
2022-06-03,386.5251159667969,410.5400085449219,414.0400085449219,409.510009765625,412.3999938964844,71874300
2022-06-06,387.7020263671875,411.7900085449219,416.6099853515625,410.54998779296875,414.7799987792969,57508900
2022-06-07,391.4209899902344,415.739990234375,416.2200012207031,407.6099853515625,408.1000061035156,59272400
2022-06-08,387.1654052734375,411.2200012207031,415.82000732421875,410.3800048828125,413.92999267578125,64350000
2022-06-09,377.9574890136719,401.44000244140625,411.739990234375,401.44000244140625,409.3399963378906,86289800
2022-06-10,366.99835205078125,389.79998779296875,395.7799987792969,389.75,394.8800048828125,132893900
2022-06-13,353.0640563964844,375.0,381.80999755859375,373.29998779296875,379.8500061035156,170004900
2022-06-14,352.00018310546875,373.8699951171875,377.94000244140625,370.5899963378906,376.8500061035156,104011800
2022-06-15,357.01837158203125,379.20001220703125,383.8999938964844,372.1199951171875,377.3599853515625,125666800
2022-06-16,345.2025146484375,366.6499938964844,370.94000244140625,364.0799865722656,370.510009765625,134473300
2022-06-17,345.9466857910156,365.8599853515625,369.3800048828125,362.1700134277344,365.510009765625,111113900
2022-06-21,354.6554260253906,375.07000732421875,376.5299987792969,371.80999755859375,371.8900146484375,76811900
2022-06-22,354.0124206542969,374.3900146484375,378.7200012207031,370.17999267578125,370.6199951171875,90059400
2022-06-23,357.482666015625,378.05999755859375,378.8299865722656,372.8900146484375,376.6400146484375,79292100
2022-06-24,368.848388671875,390.0799865722656,390.0899963378906,381.3699951171875,381.3999938964844,98050300
2022-06-27,367.4395751953125,388.5899963378906,391.3599853515625,387.44000244140625,391.04998779296875,66009600
2022-06-28,359.9317932128906,380.6499938964844,393.1600036621094,380.5299987792969,390.2300109863281,86548900
2022-06-29,359.6385192871094,380.3399963378906,382.2699890136719,378.4200134277344,381.2300109863281,65676000
2022-06-30,356.7167663574219,377.25,380.6600036621094,372.55999755859375,376.239990234375,112508300
2022-07-01,360.48956298828125,381.239990234375,381.70001220703125,373.79998779296875,376.55999755859375,74839700
2022-07-05,361.17034912109375,381.9599914550781,381.9800109863281,372.8999938964844,375.8800048828125,81438000
2022-07-06,362.3902587890625,383.25,385.8699951171875,379.6000061035156,382.1099853515625,70426200
2022-07-07,367.8177185058594,388.989990234375,389.8299865722656,383.2699890136719,385.1199951171875,64525900
2022-07-08,367.51519775390625,388.6700134277344,390.6400146484375,385.6600036621094,387.2699890136719,72397800
2022-07-11,363.31683349609375,384.2300109863281,386.8699951171875,383.5,385.8500061035156,58366900
2022-07-12,360.1018981933594,380.8299865722656,386.1600036621094,378.989990234375,383.6499938964844,62219200
2022-07-13,358.2108154296875,378.8299865722656,381.9200134277344,374.6600036621094,375.1000061035156,84224600
2022-07-14,357.3407897949219,377.9100036621094,379.04998779296875,371.0400085449219,373.6099853515625,89704800
2022-07-15,364.1678771972656,385.1300048828125,385.25,380.5400085449219,382.54998779296875,79060400
2022-07-18,361.16094970703125,381.95001220703125,389.0899963378906,380.6600036621094,388.3800048828125,63203600
2022-07-19,370.919189453125,392.2699890136719,392.8699951171875,385.3900146484375,386.0799865722656,78506000
2022-07-20,373.2831726074219,394.7699890136719,396.260009765625,391.0299987792969,392.4700012207031,71843800
2022-07-21,377.0843505859375,398.7900085449219,398.8399963378906,391.6300048828125,394.1600036621094,64903900
2022-07-22,373.5857238769531,395.0899963378906,400.17999267578125,392.75,398.9200134277344,72197300
2022-07-25,374.03961181640625,395.57000732421875,396.4700012207031,393.2099914550781,395.75,53631500
2022-07-26,369.61431884765625,390.8900146484375,394.05999755859375,389.95001220703125,393.8399963378906,52946400
2022-07-27,379.2118835449219,401.0400085449219,402.8800048828125,394.04998779296875,394.3599853515625,82342100
2022-07-28,383.9681091308594,406.07000732421875,406.79998779296875,398.1499938964844,401.8900146484375,73966600
2022-07-29,389.56591796875,411.989990234375,413.0299987792969,406.7699890136719,407.5799865722656,87003700
2022-08-01,388.4122619628906,410.7699890136719,413.4100036621094,408.3999938964844,409.1499938964844,69997500
2022-08-02,385.84979248046875,408.05999755859375,413.0,406.82000732421875,409.1199951171875,63435400
2022-08-03,391.8919677734375,414.45001220703125,415.67999267578125,410.0,410.29998779296875,67820600
2022-08-04,391.6272888183594,414.1700134277344,415.0899963378906,412.44000244140625,414.3699951171875,45656600
2022-08-05,390.96533203125,413.4700012207031,414.1499938964844,409.6000061035156,409.6600036621094,56814900
2022-08-08,390.51141357421875,412.989990234375,417.6199951171875,411.8299865722656,415.25,53886100
2022-08-09,388.960693359375,411.3500061035156,412.75,410.2200012207031,412.2200012207031,44931800
2022-08-10,397.13043212890625,419.989990234375,420.1400146484375,416.7200012207031,418.7799987792969,68665700
2022-08-11,397.13043212890625,419.989990234375,424.95001220703125,419.2099914550781,422.989990234375,59489700
2022-08-12,403.853515625,427.1000061035156,427.2099914550781,421.0299987792969,422.0299987792969,61694500
2022-08-15,405.5177001953125,428.8599853515625,429.4100036621094,424.7099914550781,424.7699890136719,54048300
2022-08-16,406.31195068359375,429.70001220703125,431.7300109863281,426.8800048828125,427.7300109863281,59289000
2022-08-17,403.4278869628906,426.6499938964844,429.5,424.5400085449219,425.9100036621094,63563400
2022-08-18,404.6004943847656,427.8900146484375,428.6099853515625,425.5,426.8599853515625,49023200
2022-08-19,399.1635437011719,422.1400146484375,425.260009765625,421.2200012207031,424.9800109863281,68016900
2022-08-22,390.8518981933594,413.3500061035156,417.2300109863281,412.3999938964844,417.04998779296875,77695600
2022-08-23,389.90631103515625,412.3500061035156,415.4200134277344,411.7699890136719,412.8999938964844,49105200
2022-08-24,391.1544189453125,413.6700134277344,415.1099853515625,411.3900146484375,412.1099853515625,49177800
2022-08-25,396.6766662597656,419.510009765625,419.55999755859375,414.0899963378906,415.239990234375,50942300
2022-08-26,383.2494812011719,405.30999755859375,419.9599914550781,405.25,419.3900146484375,103087000
2022-08-29,380.7154235839844,402.6300048828125,405.8399963378906,401.20001220703125,402.20001220703125,65370800
2022-08-30,376.5358581542969,398.2099914550781,404.1000061035156,396.0,403.8500061035156,85652400
2022-08-31,373.6708679199219,395.17999267578125,401.239990234375,395.0400085449219,399.92999267578125,76029700
2022-09-01,374.8433532714844,396.4200134277344,396.7799987792969,390.0400085449219,392.8900146484375,78740100
2022-09-02,370.89080810546875,392.239990234375,401.55999755859375,390.3299865722656,400.2799987792969,99632100
2022-09-06,369.4914855957031,390.760009765625,394.1199951171875,388.4200134277344,393.1300048828125,76637400
2022-09-07,376.12933349609375,397.7799987792969,398.5899963378906,390.20001220703125,390.42999267578125,70964200
2022-09-08,378.58782958984375,400.3800048828125,400.8599853515625,394.1199951171875,395.3900146484375,80821700
2022-09-09,384.4692077636719,406.6000061035156,407.510009765625,402.4599914550781,402.739990234375,76706900
2022-09-12,388.6014099121094,410.9700012207031,411.7300109863281,408.4599914550781,408.7799987792969,69256300
2022-09-13,371.7039794921875,393.1000061035156,403.1000061035156,391.9200134277344,401.8299865722656,122947100
2022-09-14,373.1224670410156,394.6000061035156,396.20001220703125,391.1199951171875,394.4700012207031,85023700
2022-09-15,368.88623046875,390.1199951171875,395.9599914550781,388.7799987792969,392.9599914550781,87633800
2022-09-16,366.072021484375,385.55999755859375,386.25,382.1099853515625,384.1400146484375,103084800
2022-09-19,368.9109191894531,388.54998779296875,388.54998779296875,382.17999267578125,382.260009765625,73278500
2022-09-20,364.6763610839844,384.0899963378906,386.1199951171875,381.20001220703125,385.05999755859375,77274900
2022-09-21,358.31500244140625,377.3900146484375,389.30999755859375,377.3800048828125,386.1099853515625,106746600
2022-09-22,355.3052062988281,374.2200012207031,378.29998779296875,373.44000244140625,376.5799865722656,89472600
2022-09-23,349.35211181640625,367.95001220703125,370.6199951171875,363.2900085449219,370.5799865722656,122346900
2022-09-26,345.89617919921875,364.30999755859375,370.2099914550781,363.0299987792969,366.4100036621094,92581200
2022-09-27,345.0131530761719,363.3800048828125,370.3999938964844,360.8699951171875,368.0199890136719,108294100
2022-09-28,351.8017272949219,370.5299987792969,372.29998779296875,362.6000061035156,364.3800048828125,110802200
2022-09-29,344.4529724121094,362.7900085449219,367.1099853515625,359.70001220703125,366.80999755859375,112952300
2022-09-30,339.1264953613281,357.17999267578125,365.9100036621094,357.0400085449219,361.79998779296875,153711200
2022-10-03,348.079833984375,366.6099853515625,368.54998779296875,359.2099914550781,361.0799865722656,89756500
2022-10-04,358.86566162109375,377.9700012207031,378.0,366.57000732421875,372.3999938964844,103602800
2022-10-05,358.0301513671875,377.0899963378906,379.4599914550781,370.95001220703125,373.3900146484375,88065700
2022-10-06,354.33685302734375,373.20001220703125,378.7200012207031,372.67999267578125,375.6199951171875,82333500
2022-10-07,344.4529724121094,362.7900085449219,373.2900085449219,360.94000244140625,368.9700012207031,107789500
2022-10-10,341.8229675292969,360.0199890136719,364.2099914550781,357.6700134277344,363.9599914550781,76042800
2022-10-11,339.658203125,357.739990234375,363.0299987792969,355.7099914550781,358.239990234375,92482800
2022-10-12,338.5378112792969,356.55999755859375,359.82000732421875,356.29998779296875,358.1700134277344,76991800
2022-10-13,347.4721984863281,365.9700012207031,367.510009765625,348.1099853515625,349.2099914550781,147254500
2022-10-14,339.5538024902344,357.6300048828125,370.260009765625,356.9599914550781,368.54998779296875,123737000
2022-10-17,348.2792663574219,366.82000732421875,367.9800109863281,357.2799987792969,364.010009765625,93168200
2022-10-18,352.3714904785156,371.1300048828125,375.45001220703125,367.5199890136719,375.1300048828125,97162900
2022-10-19,349.8742980957031,368.5,371.8500061035156,365.54998779296875,368.989990234375,79746900
2022-10-20,346.9405517578125,365.4100036621094,372.6700134277344,364.6099853515625,368.0299987792969,88283100
2022-10-21,355.3717041015625,374.2900085449219,374.79998779296875,363.5400085449219,365.1199951171875,131038400
2022-10-24,359.7201843261719,378.8699951171875,380.05999755859375,373.1099853515625,375.8900146484375,85436900
2022-10-25,365.4643859863281,384.9200134277344,385.25,378.6700134277344,378.7900085449219,78846300
2022-10-26,362.7109375,382.0199890136719,387.5799865722656,381.3500061035156,381.6199951171875,104087300
2022-10-27,360.7741394042969,379.9800109863281,385.0,379.3299865722656,383.07000732421875,81971800
2022-10-28,369.357177734375,389.0199890136719,389.5199890136719,379.67999267578125,379.8699951171875,100302000
2022-10-31,366.6891784667969,386.2099914550781,388.3999938964844,385.260009765625,386.44000244140625,96631300
2022-11-01,365.0845642089844,384.5199890136719,390.3900146484375,383.2900085449219,390.1400146484375,85407600
2022-11-02,355.9223327636719,374.8699951171875,388.6300048828125,374.760009765625,383.8999938964844,126990400
2022-11-03,352.2574462890625,371.010009765625,374.20001220703125,368.7900085449219,371.4700012207031,87100100
2022-11-04,357.3276062011719,376.3500061035156,378.8699951171875,370.0,377.0,103505200
2022-11-07,360.7456359863281,379.95001220703125,380.57000732421875,375.5299987792969,377.7099914550781,68286900
2022-11-08,362.6920471191406,382.0,385.1199951171875,377.7200012207031,381.1099853515625,84641100
2022-11-09,355.21978759765625,374.1300048828125,381.1400146484375,373.6099853515625,379.92999267578125,78495500
2022-11-10,374.7405700683594,394.69000244140625,395.0400085449219,385.6400146484375,388.04998779296875,141455800
2022-11-11,378.3675231933594,398.510009765625,399.3500061035156,393.6099853515625,395.5899963378906,93839900
2022-11-14,375.1488952636719,395.1199951171875,400.17999267578125,394.8299865722656,396.6600036621094,71903500
2022-11-15,378.3485107421875,398.489990234375,402.30999755859375,394.489990234375,401.1499938964844,93194500
2022-11-16,375.4621276855469,395.45001220703125,397.7799987792969,394.7900085449219,396.7799987792969,68508500
2022-11-17,374.3133850097656,394.239990234375,394.95001220703125,390.1400146484375,390.4599914550781,74496300
2022-11-18,376.0128479003906,396.0299987792969,397.80999755859375,393.0400085449219,397.739990234375,92922500
2022-11-21,374.6456604003906,394.5899963378906,395.82000732421875,392.6600036621094,394.6400146484375,51243200
2022-11-22,379.6872253417969,399.8999938964844,400.07000732421875,395.1499938964844,396.6300048828125,60429000
2022-11-23,382.07989501953125,402.4200134277344,402.92999267578125,399.30999755859375,399.54998779296875,68261600
2022-11-25,381.99444580078125,402.3299865722656,402.9100036621094,401.5400085449219,401.8299865722656,30545400
2022-11-28,375.89892578125,395.9100036621094,400.80999755859375,395.1099853515625,399.0899963378906,67881600
2022-11-29,375.2533264160156,395.2300109863281,397.29998779296875,393.29998779296875,396.04998779296875,52310000
2022-11-30,387.07403564453125,407.67999267578125,407.67999267578125,393.4800109863281,395.489990234375,144566700
2022-12-01,386.7891540527344,407.3800048828125,410.0,404.75,408.7699890136719,76398200
2022-12-02,386.3429870605469,406.9100036621094,407.8599853515625,402.1400146484375,402.25,85342700
2022-12-05,379.3929443359375,399.5899963378906,404.92999267578125,398.1700134277344,403.95001220703125,77289800
2022-12-06,373.924072265625,393.8299865722656,399.989990234375,391.6400146484375,399.4200134277344,77972200
2022-12-07,373.2879333496094,393.1600036621094,395.6400146484375,391.9700012207031,392.94000244140625,65927900
2022-12-08,376.2122497558594,396.239990234375,397.3599853515625,393.2699890136719,395.1400146484375,60737900
2022-12-09,373.4018859863281,393.2799987792969,397.6199951171875,393.1499938964844,394.94000244140625,81447700
2022-12-12,378.7852783203125,398.95001220703125,398.95001220703125,393.4100036621094,394.1099853515625,75405800
2022-12-13,381.65264892578125,401.9700012207031,410.489990234375,399.07000732421875,410.2200012207031,123782500
2022-12-14,379.21258544921875,399.3999938964844,405.5,396.30999755859375,401.6099853515625,108111300
2022-12-15,369.9363098144531,389.6300048828125,395.25,387.8900146484375,394.29998779296875,117705900
2022-12-16,365.56878662109375,383.2699890136719,386.5799865722656,381.0400085449219,385.17999267578125,119858000
2022-12-19,362.4689025878906,380.0199890136719,383.82000732421875,378.2799987792969,383.4700012207031,79878100
2022-12-20,362.96490478515625,380.5400085449219,382.2300109863281,377.8500061035156,379.2300109863281,74427200
2022-12-21,368.39215087890625,386.2300109863281,387.4100036621094,382.69000244140625,383.25,78167400
2022-12-22,363.13665771484375,380.7200012207031,386.2099914550781,374.7699890136719,383.04998779296875,100120900
2022-12-23,365.2254638671875,382.9100036621094,383.05999755859375,378.0299987792969,379.6499938964844,59857300
2022-12-27,363.78521728515625,381.3999938964844,383.1499938964844,379.6499938964844,382.7900085449219,51638200
2022-12-28,359.26416015625,376.6600036621094,383.3900146484375,376.4200134277344,381.3299865722656,70911500
2022-12-29,365.73095703125,383.44000244140625,384.3500061035156,379.0799865722656,379.6300048828125,66970900
2022-12-30,364.7676086425781,382.42999267578125,382.5799865722656,378.42999267578125,380.6400146484375,84022200
2023-01-03,363.2320251464844,380.82000732421875,386.42999267578125,377.8299865722656,384.3699951171875,74850700
2023-01-04,366.03619384765625,383.760009765625,385.8800048828125,380.0,383.17999267578125,85934100
2023-01-05,361.8584899902344,379.3800048828125,381.8399963378906,378.760009765625,381.7200012207031,76970500
2023-01-06,370.1566467285156,388.0799865722656,389.25,379.4100036621094,382.6099853515625,104189600
2023-01-09,369.94677734375,387.8599853515625,393.70001220703125,387.6700134277344,390.3699951171875,73978100
2023-01-10,372.54119873046875,390.5799865722656,390.6499938964844,386.2699890136719,387.25,65358100
2023-01-11,377.2530212402344,395.5199890136719,395.6000061035156,391.3800048828125,392.2300109863281,68881100
2023-01-12,378.6264953613281,396.9599914550781,398.489990234375,392.4200134277344,396.6700134277344,90157700
2023-01-13,380.0954284667969,398.5,399.1000061035156,393.3399963378906,393.6199951171875,63903900
2023-01-17,379.39910888671875,397.7699890136719,400.2300109863281,397.05999755859375,398.4800109863281,62677300
2023-01-18,373.4092102050781,391.489990234375,400.1199951171875,391.2799987792969,399.010009765625,99632300
2023-01-19,370.6908264160156,388.6400146484375,391.0799865722656,387.260009765625,389.3599853515625,86958900
2023-01-20,377.59637451171875,395.8800048828125,396.0400085449219,388.3800048828125,390.1000061035156,91806400
2023-01-23,382.1270751953125,400.6300048828125,402.6499938964844,395.7200012207031,396.7200012207031,84178800
2023-01-24,381.71697998046875,400.20001220703125,401.1499938964844,397.6400146484375,398.8800048828125,59524900
2023-01-25,381.8600158691406,400.3500061035156,400.70001220703125,393.55999755859375,395.95001220703125,84800300
2023-01-26,386.05682373046875,404.75,404.9200134277344,400.0299987792969,403.1300048828125,72287400
2023-01-27,386.94384765625,405.67999267578125,408.1600036621094,403.44000244140625,403.6600036621094,68346200
2023-01-30,382.0888977050781,400.5899963378906,405.1300048828125,400.2799987792969,402.79998779296875,74202000
2023-01-31,387.7069091796875,406.4800109863281,406.5299987792969,400.7699890136719,401.1300048828125,86811800
2023-02-01,391.82733154296875,410.79998779296875,413.6700134277344,402.3500061035156,405.2099914550781,101459200
2023-02-02,397.5312194824219,416.7799987792969,418.30999755859375,412.8800048828125,414.8599853515625,101654500
2023-02-03,393.3057861328125,412.3500061035156,416.9700012207031,411.0899963378906,411.5899963378906,94736800
2023-02-06,390.9021911621094,409.8299865722656,411.2900085449219,408.1000061035156,409.7900085449219,60295300
2023-02-07,396.0146179199219,415.19000244140625,416.489990234375,407.57000732421875,408.8699951171875,90990700
2023-02-08,391.6842346191406,410.6499938964844,414.5299987792969,409.92999267578125,413.1300048828125,76227500
2023-02-09,388.28875732421875,407.0899963378906,414.57000732421875,405.80999755859375,414.4100036621094,78694900
2023-02-10,389.1948547363281,408.0400085449219,408.44000244140625,405.010009765625,405.8599853515625,70769700
2023-02-13,393.76361083984375,412.8299865722656,412.9700012207031,408.239990234375,408.7200012207031,64913500
2023-02-14,393.5823669433594,412.6400146484375,415.04998779296875,408.510009765625,411.239990234375,88389300
2023-02-15,394.8605041503906,413.9800109863281,414.05999755859375,409.4700012207031,410.3500061035156,61555700
2023-02-16,389.4237365722656,408.2799987792969,412.9100036621094,408.1400146484375,408.7900085449219,76431500
2023-02-17,388.4508972167969,407.260009765625,407.510009765625,404.04998779296875,406.05999755859375,89257800
2023-02-21,380.658203125,399.0899963378906,404.1600036621094,398.82000732421875,403.05999755859375,82655900
2023-02-22,380.1336364746094,398.5400085449219,401.1300048828125,397.0199890136719,399.5199890136719,83742300
2023-02-23,382.15557861328125,400.6600036621094,402.20001220703125,396.25,401.55999755859375,96242400
2023-02-24,378.0733337402344,396.3800048828125,397.25,393.6400146484375,395.4200134277344,108194400
2023-02-27,379.3610534667969,397.7300109863281,401.2900085449219,396.75,399.8699951171875,80444700
2023-02-28,377.9588317871094,396.260009765625,399.2799987792969,396.1499938964844,397.2300109863281,96438600
2023-03-01,376.50909423828125,394.739990234375,396.69000244140625,393.3800048828125,395.4100036621094,99706800
2023-03-02,379.437255859375,397.80999755859375,398.69000244140625,392.3299865722656,392.67999267578125,85127800
2023-03-03,385.5226135253906,404.19000244140625,404.45001220703125,399.0299987792969,399.7099914550781,90120000
2023-03-06,385.7897033691406,404.4700012207031,407.45001220703125,404.010009765625,405.04998779296875,72795900
2023-03-07,379.8760681152344,398.2699890136719,404.6700134277344,397.6300048828125,404.4200134277344,108310600
2023-03-08,380.4960632324219,398.9200134277344,399.7099914550781,396.5899963378906,398.3900146484375,74746600
2023-03-09,373.47589111328125,391.55999755859375,401.4800109863281,390.5299987792969,399.739990234375,111945300
2023-03-10,368.0869140625,385.9100036621094,393.1600036621094,384.32000732421875,390.989990234375,189253000
2023-03-13,367.5622253417969,385.3599853515625,390.3900146484375,380.6499938964844,381.80999755859375,157790000
2023-03-14,373.6381530761719,391.7300109863281,393.45001220703125,387.04998779296875,390.5,149752400
2023-03-15,371.30126953125,389.2799987792969,389.489990234375,383.7099914550781,385.8900146484375,172996900
2023-03-16,377.8158264160156,396.1099853515625,396.4700012207031,386.2900085449219,386.82000732421875,143254200
2023-03-17,373.3981628417969,389.989990234375,394.3999938964844,388.54998779296875,393.2200012207031,140553400
2023-03-20,376.9884948730469,393.739990234375,394.1700134277344,390.07000732421875,390.79998779296875,93055800
2023-03-21,381.93865966796875,398.9100036621094,399.4100036621094,395.5799865722656,397.239990234375,91524200
2023-03-22,375.42791748046875,392.1099853515625,402.489990234375,392.07000732421875,398.7300109863281,111746600
2023-03-23,376.44287109375,393.1700134277344,399.2900085449219,390.3500061035156,395.0899963378906,119351300
2023-03-24,378.9131164550781,395.75,395.8399963378906,389.3999938964844,391.8399963378906,107682400
2023-03-27,379.6215515136719,396.489990234375,398.9200134277344,395.55999755859375,398.1199951171875,74010400
2023-03-28,378.7694396972656,395.6000061035156,396.489990234375,393.69000244140625,395.7699890136719,62871700
2023-03-29,384.27484130859375,401.3500061035156,401.6000061035156,398.67999267578125,399.92999267578125,77497900
2023-03-30,386.5247802734375,403.70001220703125,404.3500061035156,401.760009765625,404.0899963378906,69840000
2023-03-31,391.97283935546875,409.3900146484375,409.70001220703125,404.54998779296875,404.6600036621094,112062600
2023-04-03,393.4664611816406,410.95001220703125,411.3699951171875,408.44000244140625,408.8500061035156,67391100
2023-04-04,391.28338623046875,408.6700134277344,411.9200134277344,407.239990234375,411.6199951171875,66601500
2023-04-05,390.2589416503906,407.6000061035156,408.70001220703125,405.8800048828125,407.9100036621094,65200200
2023-04-06,391.7812805175781,409.19000244140625,409.4800109863281,405.67999267578125,406.7699890136719,63743300
2023-04-10,392.18341064453125,409.6099853515625,409.69000244140625,405.9700012207031,406.6099853515625,63681000
2023-04-11,392.2887878417969,409.7200012207031,411.17999267578125,408.9200134277344,410.260009765625,59297900
2023-04-12,390.6897888183594,408.04998779296875,412.1700134277344,407.44000244140625,411.8699951171875,86420400
2023-04-13,395.87921142578125,413.4700012207031,413.8399963378906,407.989990234375,409.17999267578125,85814800
2023-04-14,394.9122009277344,412.4599914550781,415.0899963378906,410.05999755859375,412.80999755859375,78161500
2023-04-17,396.3292541503906,413.94000244140625,413.9599914550781,411.0899963378906,412.3699951171875,66436400
2023-04-18,396.58770751953125,414.2099914550781,415.7200012207031,412.7799987792969,415.5799865722656,63560000
2023-04-19,396.520751953125,414.1400146484375,415.0799865722656,412.1600036621094,412.2200012207031,55227300
2023-04-20,394.3568115234375,411.8800048828125,413.70001220703125,410.2699890136719,411.2099914550781,75840400
2023-04-21,394.6632385253906,412.20001220703125,412.67999267578125,410.1700134277344,412.19000244140625,73457400
2023-04-24,395.0749206542969,412.6300048828125,413.07000732421875,410.6000061035156,411.989990234375,64332100
2023-04-25,388.8035888671875,406.0799865722656,411.1600036621094,406.0199890136719,410.5799865722656,97766700
2023-04-26,387.1568298339844,404.3599853515625,407.8399963378906,403.7799987792969,406.7200012207031,80447000
2023-04-27,394.8642578125,412.4100036621094,412.69000244140625,406.739990234375,407.0,92968400
2023-04-28,398.2344970703125,415.92999267578125,415.94000244140625,411.42999267578125,411.489990234375,89433100
2023-05-01,397.8323669433594,415.510009765625,417.6199951171875,415.2699890136719,415.4700012207031,62122300
2023-05-02,393.36114501953125,410.8399963378906,414.82000732421875,407.82000732421875,414.7699890136719,103998500
2023-05-03,390.6610107421875,408.0199890136719,413.8699951171875,407.7699890136719,411.3599853515625,91531800
2023-05-04,387.89404296875,405.1300048828125,407.2699890136719,403.739990234375,406.92999267578125,94901900
2023-05-05,395.0749206542969,412.6300048828125,413.7200012207031,408.6400146484375,408.9100036621094,87891800
2023-05-08,395.18023681640625,412.739990234375,413.239990234375,411.2799987792969,412.9700012207031,50046800
2023-05-09,393.4472351074219,410.92999267578125,412.0899963378906,410.69000244140625,411.1300048828125,49220100
2023-05-10,395.2855529785156,412.8500061035156,414.5400085449219,408.8699951171875,413.8800048828125,96142900
2023-05-11,394.5962219238281,412.1300048828125,412.42999267578125,409.9700012207031,411.95001220703125,70157100
2023-05-12,394.0792236328125,411.5899963378906,413.6400146484375,409.07000732421875,413.4200134277344,70481500
2023-05-15,395.4387512207031,413.010009765625,413.42999267578125,410.2300109863281,412.2200012207031,54289400
2023-05-16,392.79620361328125,410.25,412.82000732421875,410.239990234375,411.8599853515625,57705500
2023-05-17,397.5643005371094,415.2300109863281,415.8599853515625,410.6400146484375,412.3500061035156,87287000
2023-05-18,401.39410400390625,419.2300109863281,419.6700134277344,414.6700134277344,414.8999938964844,97177200
2023-05-19,400.81005859375,418.6199951171875,420.7200012207031,417.3500061035156,420.1700134277344,103793300
2023-05-22,400.97283935546875,418.7900085449219,420.3900146484375,417.3500061035156,418.6400146484375,60745400
2023-05-23,396.4728088378906,414.0899963378906,418.7200012207031,413.67999267578125,417.0799865722656,86383500
2023-05-24,393.60040283203125,411.0899963378906,412.82000732421875,409.8800048828125,412.4200134277344,89213700
2023-05-25,397.0090026855469,414.6499938964844,416.1600036621094,412.4100036621094,414.739990234375,90961600
2023-05-26,402.15045166015625,420.0199890136719,420.7699890136719,415.25,415.3299865722656,93830000
2023-05-30,402.3036804199219,420.17999267578125,422.5799865722656,418.739990234375,422.0299987792969,72216000
2023-05-31,400.0728759765625,417.8500061035156,419.2200012207031,416.2200012207031,418.2799987792969,110811800
2023-06-01,403.8739929199219,421.82000732421875,422.9200134277344,416.7900085449219,418.0899963378906,88865000
2023-06-02,409.7144775390625,427.9200134277344,428.739990234375,423.95001220703125,424.5,91426200
2023-06-05,408.9293212890625,427.1000061035156,429.6199951171875,426.3699951171875,428.2799987792969,65460200
2023-06-06,409.8197326660156,428.0299987792969,428.5799865722656,425.989990234375,426.6700134277344,64022200
2023-06-07,408.4026794433594,426.54998779296875,429.6199951171875,426.1099853515625,428.44000244140625,85373300
2023-06-08,410.8729553222656,429.1300048828125,429.6000061035156,425.82000732421875,426.6199951171875,61952800
2023-06-09,411.6101379394531,429.8999938964844,431.989990234375,428.8699951171875,429.9599914550781,85742800
2023-06-12,415.34429931640625,433.79998779296875,433.8800048828125,430.1700134277344,430.9200134277344,76104300
2023-06-13,418.0826110839844,436.6600036621094,437.3299865722656,434.6300048828125,435.32000732421875,95899700
2023-06-14,418.5804443359375,437.17999267578125,439.05999755859375,433.5899963378906,437.010009765625,100612100
2023-06-15,423.7698669433594,442.6000061035156,443.8999938964844,436.2300109863281,436.3299865722656,110303100
2023-06-16,422.3264465332031,439.4599914550781,443.6099853515625,438.9700012207031,443.0199890136719,114165800
2023-06-20,420.13525390625,437.17999267578125,438.3699951171875,435.0299987792969,437.45001220703125,76160400
2023-06-21,417.9826965332031,434.94000244140625,436.989990234375,434.3299865722656,436.1600036621094,76982300
2023-06-22,419.4914245605469,436.510009765625,436.6199951171875,433.6000061035156,433.95001220703125,70637200
2023-06-23,416.3200988769531,433.2099914550781,435.05999755859375,432.4700012207031,432.92999267578125,92074500
2023-06-26,414.6191101074219,431.44000244140625,434.6099853515625,431.19000244140625,432.6199951171875,72823600
2023-06-27,419.1646728515625,436.1700134277344,436.80999755859375,431.8800048828125,432.3500061035156,72813700
2023-06-28,419.37615966796875,436.3900146484375,437.44000244140625,434.4100036621094,435.04998779296875,75636000
2023-06-29,421.0290222167969,438.1099853515625,438.2799987792969,435.5400085449219,435.9599914550781,67882300
2023-06-30,425.9974365234375,443.2799987792969,444.29998779296875,441.1099853515625,441.44000244140625,104964000
2023-07-03,426.4876403808594,443.7900085449219,444.0799865722656,442.6300048828125,442.9200134277344,32793400
2023-07-05,425.85333251953125,443.1300048828125,443.8900146484375,441.8999938964844,441.9100036621094,58418400
2023-07-06,422.5186462402344,439.6600036621094,440.1000061035156,437.05999755859375,439.4200134277344,80658300
2023-07-07,421.451904296875,438.54998779296875,442.6400146484375,438.29998779296875,438.6300048828125,86134200
2023-07-10,422.5186462402344,439.6600036621094,439.8399963378906,437.5899963378906,438.17999267578125,62443500
2023-07-11,425.2094421386719,442.4599914550781,442.9700012207031,439.44000244140625,440.45001220703125,64463800
2023-07-12,428.6307067871094,446.0199890136719,447.4800109863281,444.9100036621094,446.3900146484375,91924500
2023-07-13,432.0326232910156,449.55999755859375,450.3800048828125,447.45001220703125,447.8999938964844,72425200
2023-07-14,431.7636413574219,449.2799987792969,451.3599853515625,448.489990234375,450.4800109863281,69815800
2023-07-17,433.2627258300781,450.8399963378906,451.92999267578125,449.0799865722656,449.1300048828125,52680200
2023-07-18,436.482177734375,454.19000244140625,454.8599853515625,450.04998779296875,450.5,80668200
2023-07-19,437.4527587890625,455.20001220703125,456.42999267578125,454.1099853515625,455.010009765625,65891700
2023-07-20,434.5504455566406,452.17999267578125,455.1000061035156,451.44000244140625,454.1700134277344,70591600
2023-07-21,434.5504455566406,452.17999267578125,454.1700134277344,452.1700134277344,453.9599914550781,71275600
2023-07-24,436.49176025390625,454.20001220703125,455.0400085449219,452.29998779296875,453.3699951171875,54023400
2023-07-25,437.68341064453125,455.44000244140625,456.739990234375,453.8699951171875,453.9200134277344,55191200
2023-07-26,437.7507019042969,455.510009765625,456.989990234375,453.3800048828125,454.4700012207031,71052900
2023-07-27,434.8484191894531,452.489990234375,459.44000244140625,451.54998779296875,459.0199890136719,92194400
2023-07-28,439.105712890625,456.9200134277344,457.7799987792969,452.489990234375,455.8800048828125,80011800
2023-07-31,439.9417724609375,457.7900085449219,458.1600036621094,456.04998779296875,457.4100036621094,62040400
2023-08-01,438.682861328125,456.4800109863281,457.25,455.489990234375,456.2699890136719,55291500
2023-08-02,432.58038330078125,450.1300048828125,453.5199890136719,449.3500061035156,453.25,93933400
2023-08-03,431.34075927734375,448.8399963378906,450.7900085449219,447.3699951171875,448.0400085449219,64276100
2023-08-04,429.38983154296875,446.80999755859375,452.8999938964844,446.2699890136719,450.7200012207031,100128900
2023-08-07,433.1378479003906,450.7099914550781,450.8699951171875,447.989990234375,448.7099914550781,58357500
2023-08-08,431.25421142578125,448.75,450.70001220703125,445.2699890136719,448.0799865722656,71361300
2023-08-09,428.3711853027344,445.75,449.20001220703125,444.9599914550781,449.0299987792969,78789600
2023-08-10,428.52496337890625,445.9100036621094,451.70001220703125,444.70001220703125,448.19000244140625,93005500
2023-08-11,428.275146484375,445.6499938964844,446.70001220703125,443.3500061035156,443.9700012207031,68690900
2023-08-14,430.6391296386719,448.1099853515625,448.1099853515625,444.3800048828125,444.70001220703125,47867400
2023-08-15,425.6226501464844,442.8900146484375,446.6400146484375,442.29998779296875,446.2699890136719,75707500
2023-08-16,422.4994201660156,439.6400146484375,444.17999267578125,439.5299987792969,442.4599914550781,80107200
2023-08-17,419.2800598144531,436.2900085449219,441.42999267578125,435.75,441.1600036621094,95711300
2023-08-18,419.48187255859375,436.5,437.57000732421875,433.010009765625,433.3699951171875,98852000
2023-08-21,422.2110900878906,439.3399963378906,440.1099853515625,435.32000732421875,437.54998779296875,68719000
2023-08-22,421.0675048828125,438.1499938964844,441.17999267578125,437.57000732421875,441.17999267578125,64994200
2023-08-23,425.7572937011719,443.0299987792969,443.6700134277344,439.1000061035156,439.25,68441000
2023-08-24,419.8566589355469,436.8900146484375,445.2200012207031,436.8599853515625,444.69000244140625,88517300
2023-08-25,422.8164978027344,439.9700012207031,441.29998779296875,435.0,438.67999267578125,102325100
2023-08-28,425.497802734375,442.760009765625,443.3999938964844,439.9700012207031,442.239990234375,61595400
2023-08-29,431.648193359375,449.1600036621094,449.45001220703125,442.4599914550781,442.6499938964844,83081900
2023-08-30,433.4261474609375,451.010009765625,451.6700134277344,448.7799987792969,449.510009765625,69053900
2023-08-31,432.7918701171875,450.3500061035156,452.8299865722656,450.1600036621094,451.6499938964844,66084600
2023-09-01,433.5990905761719,451.19000244140625,453.6700134277344,449.67999267578125,453.1700134277344,58944100
2023-09-05,431.72509765625,449.239990234375,451.05999755859375,449.1700134277344,450.7300109863281,55166200
2023-09-06,428.8228759765625,446.2200012207031,448.510009765625,443.80999755859375,448.3999938964844,70758500
2023-09-07,427.5063171386719,444.8500061035156,445.54998779296875,442.75,443.1099853515625,70355400
2023-09-08,428.1501159667969,445.5199890136719,447.1099853515625,444.5299987792969,444.8999938964844,61659700
2023-09-11,430.9659118652344,448.45001220703125,448.7699890136719,446.4700012207031,448.239990234375,60180100
2023-09-12,428.6018371582031,445.989990234375,448.5299987792969,445.3900146484375,446.95001220703125,67565400
2023-09-13,429.1015319824219,446.510009765625,447.7099914550781,445.0799865722656,446.2200012207031,60199300
2023-09-14,432.8014221191406,450.3599853515625,451.0799865722656,447.7200012207031,449.07000732421875,83430800
2023-09-15,427.5869445800781,443.3699951171875,447.4800109863281,442.9200134277344,447.1400146484375,111848900
2023-09-18,427.837646484375,443.6300048828125,444.9700012207031,442.55999755859375,443.04998779296875,55752200
2023-09-19,426.95037841796875,442.7099914550781,443.2900085449219,439.94000244140625,442.67999267578125,66514600
2023-09-20,423.0252990722656,438.6400146484375,444.44000244140625,438.42999267578125,444.010009765625,82562600
2023-09-21,416.03338623046875,431.3900146484375,435.9700012207031,431.2300109863281,435.70001220703125,104095800
2023-09-22,415.097900390625,430.4200134277344,434.1000061035156,429.989990234375,432.45001220703125,100829700
2023-09-25,416.843505859375,432.2300109863281,432.2699890136719,428.7200012207031,429.1700134277344,70874500
2023-09-26,410.7195129394531,425.8800048828125,429.82000732421875,425.0199890136719,429.0899963378906,96168400
2023-09-27,410.88348388671875,426.04998779296875,427.6700134277344,422.2900085449219,427.0899963378906,104705800
2023-09-28,413.2655029296875,428.5199890136719,430.25,424.8699951171875,425.4800109863281,92258300
2023-09-29,412.26263427734375,427.4800109863281,431.8500061035156,425.9100036621094,431.6700134277344,115111300
2023-10-02,412.09869384765625,427.30999755859375,428.6000061035156,424.4599914550781,426.6199951171875,83798600
2023-10-03,406.582275390625,421.5899963378906,427.3699951171875,420.17999267578125,425.05999755859375,103760600
2023-10-04,409.54296875,424.6600036621094,425.42999267578125,420.55999755859375,422.07000732421875,87453000
2023-10-05,409.388671875,424.5,425.3699951171875,421.1700134277344,424.3599853515625,70142700
2023-10-06,414.249267578125,429.5400085449219,431.1300048828125,420.6000061035156,421.9700012207031,113273300
2023-10-09,416.90130615234375,432.2900085449219,432.8800048828125,427.010009765625,427.5799865722656,80374400
2023-10-10,419.0712585449219,434.5400085449219,437.2200012207031,432.5299987792969,432.94000244140625,78607300
2023-10-11,420.7879333496094,436.32000732421875,436.5799865722656,433.17999267578125,435.6400146484375,62451700
2023-10-12,418.2226257324219,433.6600036621094,437.3399963378906,431.2300109863281,436.95001220703125,81154200
2023-10-13,416.13946533203125,431.5,436.45001220703125,429.8800048828125,435.2099914550781,95143100
2023-10-16,420.5178527832031,436.0400085449219,437.1400146484375,433.57000732421875,433.82000732421875,75433200
2023-10-17,420.49853515625,436.0199890136719,438.1400146484375,432.45001220703125,432.80999755859375,75324700
2023-10-18,414.8953552246094,430.2099914550781,435.17999267578125,429.0899963378906,434.19000244140625,93559800
2023-10-19,411.2499694824219,426.42999267578125,432.82000732421875,425.7300109863281,430.95001220703125,121323000
2023-10-20,406.196533203125,421.19000244140625,426.5400085449219,421.0799865722656,425.9800109863281,123919900
2023-10-23,405.4924621582031,420.4599914550781,424.45001220703125,417.79998779296875,419.6099853515625,92035100
2023-10-24,408.5496520996094,423.6300048828125,424.82000732421875,420.739990234375,422.6499938964844,78564200
2023-10-25,402.68603515625,417.54998779296875,421.9200134277344,417.0199890136719,421.8900146484375,94223200
2023-10-26,397.8640441894531,412.54998779296875,417.3299865722656,411.6000061035156,416.45001220703125,115156800
2023-10-27,396.060546875,410.67999267578125,414.6000061035156,409.2099914550781,414.19000244140625,107367700
2023-10-30,400.7958679199219,415.5899963378906,416.67999267578125,412.2200012207031,413.55999755859375,86562700
2023-10-31,403.31292724609375,418.20001220703125,418.5299987792969,414.2099914550781,416.17999267578125,79665200
2023-11-01,407.6141052246094,422.6600036621094,423.5,418.6499938964844,419.20001220703125,98068100
2023-11-02,415.4259033203125,430.760009765625,430.9200134277344,426.55999755859375,426.5799865722656,94938900
2023-11-03,419.21588134765625,434.69000244140625,436.2900085449219,433.010009765625,433.1400146484375,100167800
2023-11-06,420.1803283691406,435.69000244140625,436.1499938964844,433.67999267578125,435.4700012207031,67831700
2023-11-07,421.3761291503906,436.92999267578125,437.5899963378906,434.510009765625,435.69000244140625,64256100
2023-11-08,421.6848449707031,437.25,438.0899963378906,434.8699951171875,437.54998779296875,61746000
2023-11-09,418.39617919921875,433.8399963378906,438.4700012207031,433.3999938964844,438.42999267578125,83174400
2023-11-10,424.9251708984375,440.6099853515625,440.92999267578125,433.8299865722656,435.9800109863281,89462200
2023-11-13,424.5201721191406,440.19000244140625,441.3299865722656,438.4200134277344,439.2300109863281,52236100
2023-11-14,432.75604248046875,448.7300109863281,450.05999755859375,446.0899963378906,446.32000732421875,97176900
2023-11-15,433.6723327636719,449.67999267578125,451.3800048828125,448.79998779296875,450.1099853515625,77327600
2023-11-16,434.2027587890625,450.2300109863281,450.55999755859375,448.1199951171875,449.2200012207031,66665800
2023-11-17,434.7427673339844,450.7900085449219,451.4200134277344,449.2900085449219,450.239990234375,83133200
2023-11-20,438.0892639160156,454.260009765625,455.1300048828125,450.5199890136719,450.5299987792969,69936200
2023-11-21,437.134521484375,453.2699890136719,454.1300048828125,451.9599914550781,453.17999267578125,49244600
2023-11-22,438.82220458984375,455.0199890136719,456.3800048828125,453.8900146484375,454.9800109863281,59394900
2023-11-24,439.0922546386719,455.29998779296875,455.5,454.7300109863281,455.07000732421875,29737400
2023-11-27,438.3014221191406,454.4800109863281,455.489990234375,454.0799865722656,454.6499938964844,50506000
2023-11-28,438.73541259765625,454.92999267578125,456.2699890136719,453.5,454.0799865722656,62115000
2023-11-29,438.4268493652344,454.6099853515625,458.32000732421875,454.20001220703125,457.1499938964844,63146000
2023-11-30,440.153076171875,456.3999938964844,456.760009765625,453.3399963378906,455.4800109863281,79752700
2023-12-01,442.7569885253906,459.1000061035156,459.6499938964844,455.1600036621094,455.7699890136719,89183400
2023-12-04,440.43280029296875,456.69000244140625,459.1199951171875,454.3399963378906,455.6000061035156,72430900
2023-12-05,440.34600830078125,456.6000061035156,457.5899963378906,454.8699951171875,455.260009765625,69793500
2023-12-06,438.5715026855469,454.760009765625,458.8399963378906,454.30999755859375,458.80999755859375,69124700
2023-12-07,441.9179382324219,458.2300109863281,458.8999938964844,456.2900085449219,456.9100036621094,66995400
2023-12-08,443.8177795410156,460.20001220703125,460.75,457.2099914550781,457.4599914550781,83194400
2023-12-11,445.5440979003906,461.989990234375,462.1700134277344,459.4700012207031,459.69000244140625,65002200
2023-12-12,447.5790100097656,464.1000061035156,464.20001220703125,460.6000061035156,461.6300048828125,68327600
2023-12-13,453.7511901855469,470.5,470.760009765625,464.1199951171875,464.489990234375,93278000
2023-12-14,455.2073669433594,472.010009765625,473.7300109863281,469.25,472.5,119026000
2023-12-15,454.45794677734375,469.3299865722656,470.70001220703125,467.42999267578125,469.489990234375,141553700
2023-12-18,457.0142822265625,471.9700012207031,472.9800109863281,469.8900146484375,470.9800109863281,70375300
2023-12-19,459.7933349609375,474.8399963378906,474.9200134277344,472.45001220703125,472.5299987792969,55761800
2023-12-20,453.42181396484375,468.260009765625,475.8999938964844,467.82000732421875,473.9599914550781,102921000
2023-12-21,457.72113037109375,472.70001220703125,472.9800109863281,468.8399963378906,471.3299865722656,86667500
2023-12-22,458.6409912109375,473.6499938964844,475.3800048828125,471.70001220703125,473.8599853515625,67160400
2023-12-26,460.57763671875,475.6499938964844,476.5799865722656,473.989990234375,474.07000732421875,55387000
2023-12-27,461.410400390625,476.510009765625,476.6600036621094,474.8900146484375,475.44000244140625,68000300
2023-12-28,461.584716796875,476.69000244140625,477.54998779296875,476.260009765625,476.8800048828125,77158100
2023-12-29,460.2484130859375,475.30999755859375,477.0299987792969,473.29998779296875,476.489990234375,122283100
2024-01-02,457.6727294921875,472.6499938964844,473.6700134277344,470.489990234375,472.1600036621094,123623700
2024-01-03,453.93499755859375,468.7900085449219,471.19000244140625,468.1700134277344,470.42999267578125,103585900
2024-01-04,452.472900390625,467.2799987792969,470.9599914550781,467.04998779296875,468.29998779296875,84232200
2024-01-05,453.0926513671875,467.9200134277344,470.44000244140625,466.42999267578125,467.489990234375,86118900
2024-01-08,459.56097412109375,474.6000061035156,474.75,468.29998779296875,468.42999267578125,74879100
2024-01-09,458.86370849609375,473.8800048828125,474.92999267578125,471.3500061035156,471.8699951171875,65931400
2024-01-10,461.4587707519531,476.55999755859375,477.45001220703125,473.8699951171875,474.1600036621094,67310600
2024-01-11,461.2554626464844,476.3500061035156,478.1199951171875,472.260009765625,477.5899963378906,77940700
2024-01-12,461.57501220703125,476.67999267578125,478.6000061035156,475.2300109863281,477.8399963378906,58026400
2024-01-16,459.8804016113281,474.92999267578125,476.6099853515625,473.05999755859375,475.260009765625,85014900
2024-01-17,457.3241271972656,472.2900085449219,472.7900085449219,469.8699951171875,471.82000732421875,68843900
2024-01-18,461.39105224609375,476.489990234375,477.05999755859375,472.4200134277344,474.010009765625,91856200
2024-01-19,467.1428527832031,482.42999267578125,482.7200012207031,476.5400085449219,477.6499938964844,110834500
2024-01-22,468.1304931640625,483.45001220703125,485.2200012207031,482.7799987792969,484.010009765625,75844900
2024-01-23,469.495849609375,484.8599853515625,485.1099853515625,482.8900146484375,484.010009765625,49945300
2024-01-24,470.00897216796875,485.3900146484375,488.7699890136719,484.8800048828125,487.80999755859375,81765000
2024-01-25,472.56536865234375,488.0299987792969,488.30999755859375,485.3900146484375,487.5799865722656,72525000
2024-01-26,471.96502685546875,487.4100036621094,489.1199951171875,486.5400085449219,487.5899963378906,76641600
2024-01-29,475.7026672363281,491.2699890136719,491.4200134277344,487.1700134277344,487.7300109863281,61322800
2024-01-30,475.334716796875,490.8900146484375,491.6199951171875,490.1099853515625,490.55999755859375,58618400
2024-01-31,467.5784912109375,482.8800048828125,489.0799865722656,482.8599853515625,488.6199951171875,126011100
2024-02-01,473.6982727050781,489.20001220703125,489.2300109863281,483.79998779296875,484.6300048828125,91891600
2024-02-02,478.6850891113281,494.3500061035156,496.04998779296875,489.29998779296875,489.6499938964844,99228200
2024-02-05,476.942138671875,492.54998779296875,494.3800048828125,490.2300109863281,493.70001220703125,75757100
2024-02-06,478.3268127441406,493.9800109863281,494.32000732421875,492.04998779296875,493.5199890136719,55918600
2024-02-07,482.3163146972656,498.1000061035156,498.5299987792969,495.3599853515625,496.2900085449219,70556500
2024-02-08,482.5293273925781,498.32000732421875,498.7099914550781,497.260009765625,498.1000061035156,52343600
2024-02-09,485.3179931640625,501.20001220703125,501.6499938964844,498.489990234375,498.8399963378906,63979400
2024-02-12,485.1050109863281,500.9800109863281,503.5,500.239990234375,501.1700134277344,56502300
2024-02-13,478.42364501953125,494.0799865722656,497.0899963378906,490.7200012207031,494.5299987792969,113099200
2024-02-14,482.77130126953125,498.57000732421875,499.07000732421875,494.3999938964844,496.7900085449219,68387800
2024-02-15,486.1023864746094,502.010009765625,502.20001220703125,498.79998779296875,499.2900085449219,61683000
2024-02-16,483.6816101074219,499.510009765625,502.8699951171875,498.75,501.70001220703125,75532900
2024-02-20,481.01873779296875,496.760009765625,498.4100036621094,494.45001220703125,497.7200012207031,71736700
2024-02-21,481.4543762207031,497.2099914550781,497.3699951171875,493.55999755859375,495.4200134277344,59293400
2024-02-22,491.4183349609375,507.5,508.489990234375,503.0199890136719,504.010009765625,76402500
2024-02-23,491.7572937011719,507.8500061035156,510.1300048828125,507.1000061035156,509.2699890136719,61321800
2024-02-26,489.9562072753906,505.989990234375,508.75,505.8599853515625,508.29998779296875,50386700
2024-02-27,490.866455078125,506.92999267578125,507.1600036621094,504.75,506.70001220703125,48854500
2024-02-28,490.21771240234375,506.260009765625,506.8599853515625,504.9599914550781,505.3299865722656,56506600
2024-02-29,491.97998046875,508.0799865722656,509.739990234375,505.3500061035156,508.07000732421875,83924800
2024-03-01,496.5988464355469,512.8499755859375,513.2899780273438,508.55999755859375,508.9800109863281,76844800
2024-03-04,496.0662841796875,512.2999877929688,514.2000122070312,512.0,512.030029296875,49799300
2024-03-05,491.1085510253906,507.17999267578125,510.70001220703125,504.9100036621094,510.239990234375,72855600
2024-03-06,493.59710693359375,509.75,512.0700073242188,508.4200134277344,510.54998779296875,68382400
2024-03-07,498.4967041015625,514.8099975585938,515.8900146484375,509.80999755859375,513.1400146484375,58652100
2024-03-08,495.504638671875,511.7200012207031,518.219970703125,511.1300048828125,515.4600219726562,86532500
2024-03-11,495.0785827636719,511.2799987792969,511.8800048828125,508.5,510.4800109863281,62557200
2024-03-12,500.40435791015625,516.780029296875,517.3800048828125,510.8599853515625,513.4500122070312,73114400
2024-03-13,499.6199951171875,515.969970703125,517.2899780273438,514.489990234375,517.1099853515625,55104100
2024-03-14,498.6323547363281,514.9500122070312,517.1300048828125,511.82000732421875,516.969970703125,110171800
2024-03-15,495.2084655761719,509.8299865722656,511.70001220703125,508.1199951171875,510.2099914550781,107646300
2024-03-18,498.1514892578125,512.8599853515625,515.47998046875,512.4400024414062,514.0,88893300
2024-03-19,500.9198303222656,515.7100219726562,516.0,511.1199951171875,512.1500244140625,60755300
2024-03-20,505.5529479980469,520.47998046875,520.6199951171875,515.0800170898438,515.77001953125,69594600
2024-03-21,507.2236633300781,522.2000122070312,524.1099853515625,521.9099731445312,523.3900146484375,60256100
2024-03-22,506.26202392578125,521.2100219726562,522.6099853515625,520.969970703125,522.1099853515625,79070800
2024-03-25,504.86334228515625,519.77001953125,520.9500122070312,519.6099853515625,519.7999877929688,48512100
2024-03-26,503.930908203125,518.8099975585938,521.5800170898438,518.4000244140625,521.22998046875,65463700
2024-03-27,508.1659240722656,523.1699829101562,523.2100219726562,519.489990234375,521.7100219726562,82999800
2024-03-28,508.0687561035156,523.0700073242188,524.6099853515625,522.780029296875,523.2100219726562,96294900
2024-04-01,507.184814453125,522.1599731445312,524.3800048828125,520.969970703125,523.8300170898438,62477500
2024-04-02,503.96002197265625,518.8400268554688,518.97998046875,516.47998046875,518.239990234375,74230300
2024-04-03,504.51361083984375,519.4099731445312,520.9500122070312,517.6699829101562,517.719970703125,59155800
2024-04-04,498.3554992675781,513.0700073242188,523.8699951171875,512.760009765625,523.52001953125,96858100
2024-04-05,503.5617980957031,518.4299926757812,520.4400024414062,514.010009765625,514.4600219726562,74546500
2024-04-08,503.8434143066406,518.719970703125,520.1799926757812,517.8900146484375,519.1500244140625,48401800
2024-04-09,504.4263000488281,519.3200073242188,520.75,514.3499755859375,520.5,68049200
2024-04-10,499.37542724609375,514.1199951171875,516.1599731445312,512.0900268554688,513.47998046875,82652800
2024-04-11,503.14410400390625,518.0,519.47998046875,512.0800170898438,515.6799926757812,70099000
2024-04-12,496.1991882324219,510.8500061035156,515.8200073242188,509.0799865722656,514.3699951171875,92561100
2024-04-15,489.9827880859375,504.45001220703125,515.2999877929688,503.5799865722656,515.1300048828125,92101400
2024-04-16,489.0891418457031,503.5299987792969,506.5,502.2099914550781,504.94000244140625,73484000
2024-04-17,486.1946105957031,500.54998779296875,506.2200012207031,499.1199951171875,506.04998779296875,75910300
2024-04-18,485.19415283203125,499.5199890136719,504.1300048828125,498.55999755859375,501.9800109863281,74548100
2024-04-19,480.95916748046875,495.1600036621094,500.4599914550781,493.8599853515625,499.44000244140625,102212600
2024-04-22,485.38836669921875,499.7200012207031,502.3800048828125,495.42999267578125,497.8299865722656,67961000
2024-04-23,491.1483154296875,505.6499938964844,506.0899963378906,499.5299987792969,501.7799987792969,64633600
2024-04-24,490.9151611328125,505.4100036621094,507.3699951171875,503.1300048828125,506.55999755859375,55928100
2024-04-25,489.0502624511719,503.489990234375,504.2699890136719,497.489990234375,499.17999267578125,69122400
2024-04-26,493.6834716796875,508.260009765625,509.8800048828125,505.70001220703125,506.3500061035156,64306100
2024-04-29,495.4317932128906,510.05999755859375,510.75,507.25,510.0899963378906,46415400
2024-04-30,487.5836181640625,501.9800109863281,509.55999755859375,501.9800109863281,508.55999755859375,77483600
2024-05-01,486.00030517578125,500.3500061035156,508.19000244140625,499.8699951171875,501.3800048828125,80242800
2024-05-02,490.54608154296875,505.0299987792969,505.8900146484375,499.54998779296875,504.1499938964844,62550200
2024-05-03,496.6265563964844,511.2900085449219,512.5499877929688,508.55999755859375,511.1600036621094,72756700
2024-05-06,501.75518798828125,516.5700073242188,516.6099853515625,513.2999877929688,513.75,47264700
2024-05-07,502.3088073730469,517.1400146484375,518.5700073242188,516.4500122070312,517.5599975585938,52561300
2024-05-08,502.35736083984375,517.1900024414062,517.739990234375,515.1400146484375,515.260009765625,42047200
2024-05-09,505.25177001953125,520.1699829101562,520.2100219726562,516.7100219726562,517.3800048828125,43643700
2024-05-10,505.9027099609375,520.8400268554688,522.6400146484375,519.5900268554688,521.8099975585938,52233200
2024-05-13,505.9706726074219,520.9099731445312,522.6699829101562,519.739990234375,522.5599975585938,36716400
2024-05-14,508.29205322265625,523.2999877929688,523.8300170898438,520.5599975585938,521.1099853515625,57535900
2024-05-15,514.5863037109375,529.780029296875,530.0800170898438,525.1799926757812,525.8300170898438,59504900
2024-05-16,513.5275268554688,528.6900024414062,531.52001953125,528.5399780273438,529.8800048828125,50244800
2024-05-17,514.2657470703125,529.4500122070312,529.52001953125,527.3200073242188,528.8099975585938,59187600
2024-05-20,514.8582153320312,530.0599975585938,531.5599975585938,529.1699829101562,529.5700073242188,37764200
2024-05-21,516.1209716796875,531.3599853515625,531.52001953125,529.0700073242188,529.280029296875,33437000
2024-05-22,514.6348876953125,529.8300170898438,531.3800048828125,527.5999755859375,530.6500244140625,48390000
2024-05-23,510.8758239746094,525.9600219726562,533.0700073242188,524.719970703125,532.9600219726562,57211200
2024-05-24,514.2561645507812,529.4400024414062,530.27001953125,526.8800048828125,527.8499755859375,41291100
2024-05-28,514.6153564453125,529.8099975585938,530.510009765625,527.1099853515625,530.27001953125,36269600
2024-05-29,511.01177978515625,526.0999755859375,527.3099975585938,525.3699951171875,525.6799926757812,45190300
2024-05-30,507.6218566894531,522.6099853515625,525.2000122070312,521.3300170898438,524.52001953125,46377600
2024-05-31,512.2454833984375,527.3699951171875,527.5,518.3599853515625,523.5900268554688,90785800
2024-06-03,512.6630859375,527.7999877929688,529.3099975585938,522.5999755859375,529.02001953125,46835700
2024-06-04,513.2361450195312,528.3900146484375,529.1500244140625,524.9600219726562,526.4600219726562,34632700
2024-06-05,519.3360595703125,534.6699829101562,534.6900024414062,528.72998046875,530.77001953125,47610400
2024-06-06,519.3262939453125,534.6599731445312,535.4199829101562,532.6799926757812,534.97998046875,30808500
2024-06-07,518.6950073242188,534.010009765625,536.8900146484375,532.5399780273438,533.6599731445312,43224500
2024-06-10,520.2976684570312,535.6599731445312,535.989990234375,532.5700073242188,533.1799926757812,35686100
2024-06-11,521.5505981445312,536.9500122070312,537.010009765625,532.0499877929688,534.0700073242188,36383400
2024-06-12,525.8342895507812,541.3599853515625,544.1199951171875,540.2999877929688,541.6300048828125,63251300
2024-06-13,526.8929443359375,542.4500122070312,543.3300170898438,539.5900268554688,543.1500244140625,44760900
2024-06-14,527.2135009765625,542.780029296875,542.8099975585938,539.8499755859375,540.8800048828125,40089900
2024-06-17,531.4096069335938,547.0999755859375,548.530029296875,541.6099853515625,542.0800170898438,55839500
2024-06-18,532.7596435546875,548.489990234375,548.6199951171875,546.72998046875,547.1599731445312,41376400
2024-06-20,531.3124389648438,547.0,550.1199951171875,545.1799926757812,549.4400024414062,70328200
2024-06-21,530.60009765625,544.510009765625,545.6500244140625,543.02001953125,544.4000244140625,64338600
2024-06-24,528.8753662109375,542.739990234375,546.9500122070312,542.6199951171875,544.3300170898438,45528700
2024-06-25,530.9119262695312,544.8300170898438,545.2000122070312,542.4400024414062,543.989990234375,37936200
2024-06-26,531.5745849609375,545.510009765625,546.239990234375,543.030029296875,543.6900024414062,38550600
2024-06-27,532.4126586914062,546.3699951171875,546.9600219726562,544.6099853515625,545.3699951171875,35041500
2024-06-28,530.3174438476562,544.219970703125,550.280029296875,542.9500122070312,547.1599731445312,76144500
2024-07-01,531.4089965820312,545.3400268554688,545.8800048828125,542.52001953125,545.6300048828125,40297800
2024-07-02,534.9852294921875,549.010009765625,549.010009765625,543.6500244140625,543.7000122070312,40434800
2024-07-03,537.3726196289062,551.4600219726562,551.8300170898438,548.6500244140625,548.6900024414062,32789900
2024-07-05,540.4713134765625,554.6400146484375,555.0499877929688,551.1199951171875,551.77001953125,41488400
2024-07-08,541.0950317382812,555.280029296875,556.25,554.1900024414062,555.4400024414062,36110500
2024-07-09,541.6211547851562,555.8200073242188,557.1799926757812,555.52001953125,556.260009765625,27289700
2024-07-10,546.9806518554688,561.3200073242188,561.6699829101562,556.77001953125,557.0700073242188,38701200
2024-07-11,542.26416015625,556.47998046875,562.3300170898438,555.8300170898438,561.4400024414062,53054200
2024-07-12,545.6846313476562,559.989990234375,563.6699829101562,557.1500244140625,557.6300048828125,53084400
2024-07-15,547.1853637695312,561.530029296875,564.8400268554688,559.6300048828125,562.030029296875,40584300
2024-07-16,550.43017578125,564.8599853515625,565.1599731445312,562.0999755859375,562.8699951171875,36475300
2024-07-17,542.7125244140625,556.9400024414062,560.510009765625,556.6099853515625,558.7999877929688,57119000
2024-07-18,538.5419921875,552.6599731445312,559.52001953125,550.4299926757812,558.510009765625,56270400
2024-07-19,534.9656982421875,548.989990234375,554.0800170898438,547.9099731445312,552.4199829101562,65509100
2024-07-22,540.4811401367188,554.6500244140625,555.27001953125,551.02001953125,553.0,43346700
2024-07-23,539.6332397460938,553.780029296875,556.739990234375,553.280029296875,554.5399780273438,34439600
2024-07-24,527.4038696289062,541.22998046875,549.1699829101562,540.2899780273438,548.8599853515625,74515300
2024-07-25,524.6558837890625,538.4099731445312,547.4600219726562,537.4500122070312,541.3499755859375,61158300
2024-07-26,530.5319213867188,544.4400024414062,547.1900024414062,541.489990234375,542.280029296875,53763800
2024-07-29,530.8436889648438,544.760009765625,547.0499877929688,542.719970703125,546.02001953125,39515800
2024-07-30,528.1541137695312,542.0,547.3400268554688,538.52001953125,546.260009765625,46853600
2024-07-31,536.7391357421875,550.8099975585938,553.5,547.5800170898438,548.97998046875,65663400
2024-08-01,529.1384887695312,543.010009765625,554.8699951171875,539.4299926757812,552.5700073242188,76428700
2024-08-02,519.2866821289062,532.9000244140625,536.989990234375,528.5999755859375,535.75,82789100
2024-08-05,504.1632080078125,517.3800048828125,523.5800170898438,510.2699890136719,511.6400146484375,146267400
2024-08-06,508.8113708496094,522.1500244140625,529.75,517.8699951171875,519.219970703125,84826300
2024-08-07,505.4103698730469,518.6599731445312,531.5900268554688,518.0499877929688,528.469970703125,70698300
2024-08-08,517.09423828125,530.6500244140625,531.2899780273438,521.8400268554688,523.9099731445312,63276600
2024-08-09,519.3743896484375,532.989990234375,534.510009765625,528.5599975585938,529.8099975585938,45619600
2024-08-12,519.6472778320312,533.27001953125,535.72998046875,530.9500122070312,534.2100219726562,42542100
2024-08-13,528.1931762695312,542.0399780273438,542.280029296875,536.280029296875,536.530029296875,52333100
2024-08-14,529.8595581054688,543.75,544.9600219726562,540.1199951171875,542.8499755859375,42446900
2024-08-15,538.9413452148438,553.0700073242188,553.3599853515625,548.8800048828125,549.5,60846800
2024-08-16,540.1497802734375,554.3099975585938,555.02001953125,551.260009765625,551.4199829101562,44430700
2024-08-19,545.3143310546875,559.6099853515625,559.6099853515625,553.8599853515625,554.72998046875,39121800
2024-08-20,544.4276733398438,558.7000122070312,560.8400268554688,557.3300170898438,559.1500244140625,33732300
2024-08-21,546.2985229492188,560.6199951171875,562.1099853515625,554.72998046875,559.77001953125,41514600
2024-08-22,542.010986328125,556.219970703125,563.1799926757812,554.97998046875,562.5599975585938,56121500
2024-08-23,547.7698974609375,562.1300048828125,563.0900268554688,557.2899780273438,559.530029296875,50639400
2024-08-26,546.4642333984375,560.7899780273438,563.9099731445312,559.0499877929688,563.1799926757812,35788600
2024-08-27,547.214599609375,561.5599975585938,562.0599975585938,558.3200073242188,559.489990234375,32693900
2024-08-28,544.037841796875,558.2999877929688,561.6500244140625,555.0399780273438,561.2100219726562,41066000
2024-08-29,544.0865478515625,558.3499755859375,563.6799926757812,557.1799926757812,560.3099975585938,38715200
2024-08-30,549.2803955078125,563.6799926757812,564.2000122070312,557.1400146484375,560.77001953125,62700100
2024-09-03,537.9767456054688,552.0800170898438,560.8099975585938,549.510009765625,560.469970703125,60600100
2024-09-04,536.8756103515625,550.9500122070312,554.4299926757812,549.4600219726562,550.2000122070312,47224900
2024-09-05,535.5697631835938,549.6099853515625,553.7999877929688,547.0999755859375,550.8900146484375,44264300
2024-09-06,526.5560302734375,540.3599853515625,551.5999755859375,539.4400024414062,549.9400024414062,68493800
2024-09-09,532.4514770507812,546.4099731445312,547.7100219726562,542.6799926757812,544.6500244140625,40445800
2024-09-10,534.770751953125,548.7899780273438,549.1500244140625,543.3800048828125,548.3599853515625,36394600
2024-09-11,540.2569580078125,554.4199829101562,555.3599853515625,539.9600219726562,548.7000122070312,75248600
2024-09-12,544.8076171875,559.0900268554688,559.4000244140625,552.739990234375,555.010009765625,51819600
2024-09-13,547.653076171875,562.010009765625,563.030029296875,559.4500122070312,559.7100219726562,39310500
2024-09-16,548.4619140625,562.8400268554688,563.1099853515625,559.9000244140625,561.739990234375,36656100
2024-09-17,548.6859741210938,563.0700073242188,566.5800170898438,560.7899780273438,565.0999755859375,49321000
2024-09-18,547.0586547851562,561.4000244140625,568.6900024414062,560.8300170898438,563.739990234375,59044900
2024-09-19,556.3939208984375,570.97998046875,572.8800048828125,568.0800170898438,571.010009765625,75315500
2024-09-20,555.43212890625,568.25,569.3099975585938,565.1699829101562,567.8400268554688,77503100
2024-09-23,556.8200073242188,569.6699829101562,570.3300170898438,568.0999755859375,569.3400268554688,44116900
2024-09-24,558.4132080078125,571.2999877929688,571.3599853515625,567.5999755859375,570.47998046875,46805700
2024-09-25,557.1817626953125,570.0399780273438,571.8900146484375,568.9099731445312,571.1400146484375,38428600
2024-09-26,559.3907470703125,572.2999877929688,574.7100219726562,569.9000244140625,574.3800048828125,48336000
2024-09-27,558.5794677734375,571.469970703125,574.219970703125,570.4199829101562,573.3900146484375,42100900
2024-09-30,560.8178100585938,573.760009765625,574.3800048828125,568.0800170898438,570.4199829101562,63557400
2024-10-01,555.793701171875,568.6199951171875,574.0599975585938,566.0,573.4000244140625,72668800
2024-10-02,556.0283203125,568.8599853515625,569.9000244140625,565.27001953125,567.7100219726562,38097800
2024-10-03,555.0117797851562,567.8200073242188,569.7999877929688,565.489990234375,567.3599853515625,40846500
2024-10-04,560.0553588867188,572.97998046875,573.3599853515625,568.0999755859375,572.3499755859375,42939100
2024-10-07,554.9921875,567.7999877929688,571.9600219726562,566.6300048828125,571.2999877929688,49964700
2024-10-08,560.2411499023438,573.1699829101562,573.780029296875,569.530029296875,570.4199829101562,37398700
2024-10-09,564.1216430664062,577.1400146484375,577.7100219726562,572.5499877929688,573.1599731445312,37912200
2024-10-10,563.1343994140625,576.1300048828125,577.5800170898438,574.489990234375,575.77001953125,44138100
2024-10-11,566.5064697265625,579.5800170898438,580.3300170898438,575.9099731445312,576.0499877929688,42268000
2024-10-14,571.1396484375,584.3200073242188,585.27001953125,580.72998046875,581.219970703125,36217200
2024-10-15,566.7019653320312,579.780029296875,584.9000244140625,578.5399780273438,584.5900268554688,54203600
2024-10-16,569.1651611328125,582.2999877929688,582.8300170898438,578.9600219726562,579.780029296875,30725400
2024-10-17,569.2139282226562,582.3499755859375,586.1199951171875,582.1599731445312,585.9099731445312,34393700
2024-10-18,571.403564453125,584.5900268554688,585.3900146484375,582.5800170898438,584.0700073242188,37416800
2024-10-21,570.4652099609375,583.6300048828125,584.8499755859375,580.5999755859375,583.8499755859375,36439000
2024-10-22,570.1621704101562,583.3200073242188,584.5,580.3800048828125,581.0499877929688,34183800
2024-10-23,564.952392578125,577.989990234375,581.7100219726562,574.4199829101562,581.260009765625,49314600
2024-10-24,566.1741333007812,579.239990234375,580.0599975585938,576.5700073242188,579.97998046875,34979900
2024-10-25,565.9786376953125,579.0399780273438,584.4600219726562,578.0800170898438,581.510009765625,47268200
2024-10-28,567.7283935546875,580.8300170898438,582.7100219726562,580.52001953125,582.5800170898438,30174700
2024-10-29,568.6470947265625,581.77001953125,582.9099731445312,578.4299926757812,579.8499755859375,42899700
2024-10-30,566.9268188476562,580.010009765625,583.3200073242188,579.2899780273438,581.2899780273438,41435800
2024-10-31,555.8133544921875,568.6400146484375,575.6300048828125,568.4400024414062,575.5599975585938,60182500
2024-11-01,558.1591186523438,571.0399780273438,575.5499877929688,570.6199951171875,571.3200073242188,45667500
2024-11-04,556.9569091796875,569.8099975585938,572.5,567.8900146484375,571.1799926757812,38217000
2024-11-05,563.6915283203125,576.7000122070312,576.739990234375,570.52001953125,570.739990234375,39478300
2024-11-06,577.7081298828125,591.0399780273438,591.9299926757812,585.3900146484375,589.2000122070312,68182000
2024-11-07,582.1749877929688,595.6099853515625,596.6500244140625,593.0,593.0800170898438,47233200
2024-11-08,584.69677734375,598.1900024414062,599.6400146484375,596.1699829101562,596.1699829101562,46444900
2024-11-11,585.25390625,598.760009765625,600.1699829101562,597.0,599.8099975585938,37586800
2024-11-12,583.4358520507812,596.9000244140625,599.2899780273438,594.3699951171875,598.6799926757812,43006100
2024-11-13,583.71923828125,597.1900024414062,599.22998046875,594.9600219726562,597.3699951171875,47388600
2024-11-14,579.9658813476562,593.3499755859375,597.8099975585938,592.6500244140625,597.3200073242188,38904100
2024-11-15,572.537353515625,585.75,590.2000122070312,583.8599853515625,589.719970703125,75988800
2024-11-18,574.8832397460938,588.1500244140625,589.489990234375,585.3400268554688,586.219970703125,37001700
2024-11-19,576.9846801757812,590.2999877929688,591.0399780273438,584.030029296875,584.7100219726562,49412000
2024-11-20,577.18017578125,590.5,590.7899780273438,584.6300048828125,590.3800048828125,50032600
2024-11-21,580.2786865234375,593.6699829101562,595.1199951171875,587.4500122070312,593.4000244140625,46750300
2024-11-22,582.0772705078125,595.510009765625,596.1500244140625,593.1500244140625,593.6599731445312,38226400
2024-11-25,584.0516967773438,597.530029296875,600.8599853515625,595.2000122070312,599.52001953125,42441400
2024-11-26,587.1012573242188,600.6500244140625,601.3300170898438,598.0700073242188,598.7999877929688,45621300
2024-11-27,585.3223266601562,598.8300170898438,600.8499755859375,597.280029296875,600.4600219726562,34000200
2024-11-29,588.9584350585938,602.5499877929688,603.3499755859375,599.3800048828125,599.6599731445312,30177400
2024-12-02,590.0140380859375,603.6300048828125,604.3200073242188,602.469970703125,602.969970703125,31746000
2024-12-03,590.28759765625,603.9099731445312,604.1599731445312,602.3400268554688,603.3900146484375,26906600
2024-12-04,593.9530639648438,607.6599731445312,607.9099731445312,604.9500122070312,605.6300048828125,42787600
2024-12-05,592.9757080078125,606.6599731445312,608.47998046875,606.2999877929688,607.6599731445312,28762200
2024-12-06,594.0997314453125,607.8099975585938,609.0700073242188,607.02001953125,607.4400024414062,31241500
2024-12-09,591.040283203125,604.6799926757812,607.8599853515625,604.0800170898438,607.6900024414062,34742700
2024-12-10,589.2027587890625,602.7999877929688,605.7999877929688,602.1300048828125,605.3699951171875,37234500
2024-12-11,593.757568359375,607.4600219726562,608.4299926757812,605.5,605.780029296875,28677700
2024-12-12,590.6982421875,604.3300170898438,607.1599731445312,604.3300170898438,606.5800170898438,31543800
2024-12-13,590.5809936523438,604.2100219726562,607.1300048828125,602.8099975585938,606.4000244140625,35904700
2024-12-16,593.1026611328125,606.7899780273438,607.780029296875,605.2100219726562,606.0,43695200
2024-12-17,590.6591186523438,604.2899780273438,605.1699829101562,602.8900146484375,604.1900024414062,55773500
2024-12-18,573.055419921875,586.280029296875,606.4099731445312,585.8900146484375,603.97998046875,108248700
2024-12-19,572.8793334960938,586.0999755859375,593.0,585.8499755859375,591.3599853515625,85919500
2024-12-20,579.7603149414062,591.1500244140625,595.75,580.9099731445312,581.77001953125,125716700
2024-12-23,583.2321166992188,594.6900024414062,595.2999877929688,587.6599731445312,590.8900146484375,57635800
2024-12-24,589.7147827148438,601.2999877929688,601.3400268554688,595.469970703125,596.0599975585938,33160100
2024-12-26,589.7539672851562,601.3400268554688,602.47998046875,598.0800170898438,599.5,41219100
2024-12-27,583.5458984375,595.010009765625,597.780029296875,590.760009765625,597.5399780273438,64969300
2024-12-30,576.88671875,588.219970703125,591.739990234375,584.4099731445312,587.8900146484375,56578800
2024-12-31,574.7879028320312,586.0800170898438,590.6400146484375,584.4199829101562,589.9099731445312,57052700
2025-01-02,573.375732421875,584.6400146484375,591.1300048828125,580.5,589.3900146484375,50204000
2025-01-03,580.5448608398438,591.9500122070312,592.5999755859375,586.4299926757812,587.530029296875,37888500
2025-01-06,583.88916015625,595.3599853515625,599.7000122070312,593.5999755859375,596.27001953125,47679400
2025-01-07,577.2889404296875,588.6300048828125,597.75,586.780029296875,597.4199829101562,60393100
2025-01-08,578.1322021484375,589.489990234375,590.5800170898438,585.2000122070312,588.7000122070312,47304700
2025-01-10,569.3056030273438,580.489990234375,585.9500122070312,578.5499877929688,585.8800048828125,73105000
2025-01-13,570.1882934570312,581.3900146484375,581.75,575.3499755859375,575.77001953125,47910100
2025-01-14,570.972900390625,582.1900024414062,585.0,578.3499755859375,584.3599853515625,48420600
2025-01-15,581.3589477539062,592.780029296875,593.9400024414062,589.2000122070312,590.3300170898438,56900200
2025-01-16,580.2408447265625,591.6400146484375,594.3499755859375,590.9299926757812,594.1699829101562,43319700
2025-01-17,586.0664672851562,597.5800170898438,599.3599853515625,595.6099853515625,596.9600219726562,58070600
2025-01-21,591.4309692382812,603.0499877929688,603.0599975585938,598.6699829101562,600.6699829101562,42532900
2025-01-22,594.755615234375,606.4400024414062,607.8200073242188,605.3599853515625,605.9199829101562,48196000
2025-01-23,598.001953125,609.75,609.75,605.52001953125,605.7999877929688,41152100
2025-01-24,596.2562255859375,607.969970703125,610.780029296875,606.7999877929688,609.8099975585938,34604700
2025-01-27,587.8218994140625,599.3699951171875,599.6900024414062,594.6400146484375,594.8099975585938,70361100
2025-01-28,592.8727416992188,604.52001953125,605.3699951171875,597.25,600.6199951171875,44433300
2025-01-29,590.21484375,601.8099975585938,604.1300048828125,599.219970703125,603.719970703125,37177400
2025-01-30,593.3826293945312,605.0399780273438,606.5999755859375,600.719970703125,603.9600219726562,39281300
2025-01-31,590.2246704101562,601.8200073242188,609.9600219726562,601.0499877929688,607.5,66566900
2025-02-03,586.252685546875,597.77001953125,600.2899780273438,590.489990234375,592.6699829101562,65857200
2025-02-04,590.1854858398438,601.780029296875,602.2999877929688,597.280029296875,597.8300170898438,33457800
2025-02-05,592.578369140625,604.219970703125,604.3699951171875,598.5800170898438,600.6400146484375,30653100
2025-02-06,594.637939453125,606.3200073242188,606.4500122070312,602.6300048828125,605.989990234375,35771500
2025-02-07,589.1949462890625,600.77001953125,608.1300048828125,600.0499877929688,606.8900146484375,50788500
2025-02-10,593.1962890625,604.8499755859375,605.5,602.739990234375,604.030029296875,26048700
2025-02-11,593.6473999023438,605.3099975585938,605.8599853515625,602.4299926757812,602.5499877929688,30056700
2025-02-12,591.7349853515625,603.3599853515625,604.5499877929688,598.510009765625,599.2000122070312,45076100
2025-02-13,597.9823608398438,609.72998046875,609.9400024414062,603.2000122070312,604.47998046875,40921300
2025-02-14,597.952880859375,609.7000122070312,610.989990234375,609.0700073242188,609.9400024414062,26910400
2025-02-18,599.7083740234375,611.489990234375,611.489990234375,608.3800048828125,610.8800048828125,26749000
2025-02-19,601.1206665039062,612.9299926757812,613.22998046875,609.5599975585938,610.0800170898438,31011100
2025-02-20,598.6197509765625,610.3800048828125,611.6799926757812,607.02001953125,611.5399780273438,36554000
2025-02-21,588.3809814453125,599.9400024414062,610.2999877929688,599.469970703125,610.1599731445312,76519800
2025-02-24,585.7034912109375,597.2100219726562,603.030029296875,596.489990234375,602.02001953125,50737200
2025-02-25,582.790771484375,594.239990234375,597.8900146484375,589.5599975585938,597.1500244140625,58266500
2025-02-26,583.0848388671875,594.5399780273438,599.5800170898438,591.8599853515625,595.9299926757812,43321600
2025-02-27,573.7777709960938,585.0499877929688,598.02001953125,584.6500244140625,596.8499755859375,74196700
2025-02-28,582.7318725585938,594.1799926757812,594.719970703125,582.4400024414062,585.5599975585938,88744100
2025-03-03,572.5224609375,583.77001953125,597.3400268554688,579.9000244140625,596.1799926757812,74249200
2025-03-04,565.74560546875,576.8599853515625,585.3900146484375,572.25,579.7100219726562,109648200
2025-03-05,571.8262329101562,583.0599975585938,584.8800048828125,573.0800170898438,576.6900024414062,71230500
2025-03-06,561.675537109375,572.7100219726562,580.1699829101562,570.1199951171875,575.47998046875,80094900
2025-03-07,564.8237915039062,575.9199829101562,577.3900146484375,565.6300048828125,570.9000244140625,81158800
2025-03-10,549.779296875,560.5800170898438,569.5399780273438,555.5900268554688,567.5900268554688,99326600
2025-03-11,545.2090454101562,555.9199829101562,564.02001953125,552.02001953125,559.4000244140625,88102100
2025-03-12,548.1022338867188,558.8699951171875,563.1099853515625,553.6900024414062,562.1699829101562,69588200
2025-03-13,540.7957153320312,551.4199829101562,559.1099853515625,549.6799926757812,558.489990234375,74079400
2025-03-14,551.96630859375,562.8099975585938,563.8300170898438,551.489990234375,556.1099853515625,62660300
2025-03-17,556.22265625,567.1500244140625,569.7100219726562,562.3499755859375,562.7899780273438,49008700
2025-03-18,550.2108764648438,561.02001953125,565.02001953125,559.0599975585938,564.7999877929688,66041400
2025-03-19,556.2030029296875,567.1300048828125,570.9500122070312,561.6300048828125,562.8300170898438,66556000
2025-03-20,554.5946655273438,565.489990234375,570.5700073242188,562.5999755859375,563.3300170898438,62958200
2025-03-21,554.7776489257812,563.97998046875,564.8900146484375,558.030029296875,559.280029296875,83763000
2025-03-24,564.712890625,574.0800170898438,575.1500244140625,570.2000122070312,570.7999877929688,58766800
2025-03-25,566.0703125,575.4600219726562,576.4099731445312,573.6900024414062,575.2999877929688,38355700
2025-03-26,559.3125,568.5900268554688,576.3300170898438,567.1900024414062,575.1900024414062,51848300
2025-03-27,557.8270263671875,567.0800170898438,570.9000244140625,564.9400024414062,567.1799926757812,42164200
2025-03-28,546.5934448242188,555.6599731445312,566.27001953125,555.0700073242188,565.530029296875,71662700
2025-03-31,550.2625732421875,559.3900146484375,560.7100219726562,546.8699951171875,549.8300170898438,95328200
2025-04-01,551.8167724609375,560.969970703125,562.9400024414062,553.6799926757812,557.4500122070312,54609600
2025-04-02,555.3088989257812,564.52001953125,567.4199829101562,554.8099975585938,555.0499877929688,76014500
2025-04-03,527.9428100585938,536.7000122070312,547.969970703125,536.7000122070312,545.1099853515625,125986000
2025-04-04,497.0354309082031,505.2799987792969,525.8699951171875,505.05999755859375,523.6699829101562,217965100
2025-04-07,496.1501159667969,504.3800048828125,523.1699829101562,481.79998779296875,489.19000244140625,256611400
2025-04-08,488.3790588378906,496.4800109863281,524.97998046875,489.1600036621094,521.8599853515625,165816600
2025-04-09,539.668212890625,548.6199951171875,548.6199951171875,493.04998779296875,493.44000244140625,241867300
2025-04-10,516.0205078125,524.5800170898438,533.5,509.32000732421875,532.1699829101562,162331200
2025-04-11,525.2277221679688,533.9400024414062,536.4299926757812,520.0700073242188,523.010009765625,97866300
2025-04-14,530.3233032226562,539.1199951171875,544.280029296875,533.8599853515625,544.0499877929688,68034000
2025-04-15,528.8378295898438,537.6099853515625,543.22998046875,536.8099975585938,539.6699829101562,56892900
2025-04-16,517.0828857421875,525.6599731445312,537.8900146484375,520.2899780273438,531.6799926757812,83484800
2025-04-17,517.8206787109375,526.4099731445312,531.1699829101562,523.9099731445312,527.6400146484375,79868100
2025-04-21,505.4950866699219,513.8800048828125,521.7000122070312,508.4599914550781,521.1599731445312,69368100
2025-04-22,518.64697265625,527.25,529.2999877929688,519.1900024414062,520.1400146484375,75948100
2025-04-23,526.6836547851562,535.4199829101562,545.4299926757812,533.8800048828125,540.4299926757812,90590700
2025-04-24,537.7698364257812,546.6900024414062,547.4299926757812,535.4500122070312,536.719970703125,64150400
2025-04-25,541.6553344726562,550.6400146484375,551.0499877929688,543.6900024414062,546.6500244140625,61119600
2025-04-28,541.8618774414062,550.8499755859375,553.5499877929688,545.02001953125,551.3900146484375,47613800
2025-04-29,545.2753295898438,554.3200073242188,555.4500122070312,548.5499877929688,548.9099731445312,47775100
2025-04-30,545.4916381835938,554.5399780273438,556.52001953125,541.52001953125,547.5700073242188,93101500
2025-05-01,549.3574829101562,558.469970703125,564.0700073242188,557.8599853515625,560.3699951171875,63186100
2025-05-02,557.5122680664062,566.760009765625,568.3800048828125,562.3800048828125,564.72998046875,60717300
2025-05-05,554.3152465820312,563.510009765625,566.6500244140625,561.7000122070312,562.5700073242188,38659200
2025-05-06,549.6822509765625,558.7999877929688,563.3499755859375,556.9600219726562,557.9299926757812,48264700
2025-05-07,551.9938354492188,561.1500244140625,563.8200073242188,556.0399780273438,560.1500244140625,55588000
2025-05-08,555.8400268554688,565.0599975585938,570.3099975585938,561.7000122070312,565.239990234375,65130800
2025-05-09,555.1317749023438,564.3400268554688,567.5,562.760009765625,566.47998046875,37603400
2025-05-12,573.4774780273438,582.989990234375,583.0,577.0399780273438,581.469970703125,78993600
2025-05-13,577.2647094726562,586.8400268554688,589.0800170898438,582.8400268554688,583.4099731445312,67947200
2025-05-14,578.00244140625,587.5900268554688,588.97998046875,585.5399780273438,587.8099975585938,66283500
2025-05-15,580.8256225585938,590.4600219726562,590.969970703125,585.0999755859375,585.5599975585938,71268100
2025-05-16,584.5045166015625,594.2000122070312,594.5,589.280029296875,591.25,76052100
2025-05-19,585.1439819335938,594.8499755859375,595.5399780273438,588.0999755859375,588.0999755859375,68168500
2025-05-20,583.1765747070312,592.8499755859375,594.0499877929688,589.5999755859375,593.0900268554688,60614500
2025-05-21,573.3494873046875,582.8599853515625,592.5800170898438,581.8200073242188,588.4400024414062,95197700
2025-05-22,573.5758666992188,583.0900268554688,586.6199951171875,581.4099731445312,582.6599731445312,70860400
2025-05-23,569.6607666015625,579.1099853515625,581.8099975585938,575.5999755859375,575.97998046875,76029000
2025-05-27,581.5042724609375,591.1500244140625,591.3099975585938,578.4299926757812,586.0700073242188,72588500
2025-05-28,578.1401977539062,587.72998046875,592.77001953125,586.989990234375,591.5599975585938,68445500
2025-05-29,580.4222412109375,590.0499877929688,593.2000122070312,586.0700073242188,593.0599975585938,69973300
2025-05-30,579.7730712890625,589.3900146484375,591.1300048828125,583.239990234375,588.9299926757812,90601200
2025-06-02,583.038818359375,592.7100219726562,592.7899780273438,585.0599975585938,587.760009765625,61630500
2025-06-03,586.36376953125,596.0900268554688,597.0800170898438,591.8499755859375,592.3400268554688,63606200
2025-06-04,586.206298828125,595.9299926757812,597.9500122070312,595.489990234375,596.9600219726562,57314200
2025-06-05,583.373291015625,593.0499877929688,599.0,591.0499877929688,597.6300048828125,92278700
2025-06-06,589.364013671875,599.1400146484375,600.8300170898438,596.8599853515625,598.6599731445312,66588700
2025-06-09,589.8951416015625,599.6799926757812,601.25,598.489990234375,599.719970703125,53016400
2025-06-10,593.2396240234375,603.0800170898438,603.469970703125,599.0900268554688,600.219970703125,66247000
2025-06-11,591.5476684570312,601.3599853515625,605.0599975585938,599.27001953125,604.1900024414062,73658200
2025-06-12,593.8988037109375,603.75,603.75,599.52001953125,600.010009765625,64129000
2025-06-13,587.2589111328125,597.0,601.8499755859375,595.47998046875,598.5,89506000
2025-06-16,592.84619140625,602.6799926757812,604.4500122070312,600.219970703125,600.4000244140625,79984100
2025-06-17,587.7802734375,597.530029296875,601.75,596.760009765625,600.2100219726562,82209400
2025-06-18,587.691650390625,597.4400024414062,601.219970703125,596.469970703125,598.4400024414062,76605000
2025-06-20,586.3115234375,594.280029296875,599.4600219726562,592.8599853515625,598.3800048828125,94051400
2025-06-23,592.1028442382812,600.1500244140625,600.5399780273438,591.8900146484375,595.0399780273438,87426000
2025-06-24,598.6438598632812,606.780029296875,607.8499755859375,603.4099731445312,604.3300170898438,67735300
2025-06-25,598.9793090820312,607.1199951171875,608.6099853515625,605.5399780273438,607.9099731445312,62114800
2025-06-26,603.66552734375,611.8699951171875,612.3099975585938,608.3699951171875,608.989990234375,78548400
2025-06-27,606.664794921875,614.9099731445312,616.3900146484375,610.8300170898438,612.8800048828125,86258400
2025-06-30,609.5653076171875,617.8499755859375,619.219970703125,615.0399780273438,617.3800048828125,92502500
2025-07-01,609.3681030273438,617.6500244140625,618.8300170898438,615.52001953125,616.3599853515625,70030100
2025-07-02,612.130615234375,620.4500122070312,620.489990234375,616.6099853515625,617.239990234375,66510400
2025-07-03,616.9550170898438,625.3400268554688,626.280029296875,622.4299926757812,622.4500122070312,51065800
2025-07-07,612.357421875,620.6799926757812,624.030029296875,617.8699951171875,623.3599853515625,74814500
2025-07-08,612.0220336914062,620.3400268554688,622.1099853515625,619.52001953125,621.3499755859375,59024600
2025-07-09,615.6920776367188,624.0599975585938,624.719970703125,620.9099731445312,622.77001953125,66113300
2025-07-10,617.4285278320312,625.8200073242188,626.8699951171875,623.010009765625,624.2000122070312,57529000
2025-07-11,615.258056640625,623.6199951171875,624.8599853515625,621.530029296875,622.739990234375,63670200
2025-07-14,616.43212890625,624.8099975585938,625.1599731445312,621.7999877929688,623.1599731445312,51898500
2025-07-15,613.7978515625,622.1400146484375,627.8599853515625,622.0599975585938,627.52001953125,74317300
2025-07-16,615.8499145507812,624.219970703125,624.72998046875,618.0499877929688,623.739990234375,88987500
2025-07-17,619.6187744140625,628.0399780273438,628.4000244140625,624.1799926757812,624.4000244140625,68885700
2025-07-18,619.1648559570312,627.5800170898438,629.469970703125,626.4600219726562,629.2999877929688,65621600
2025-07-21,620.3389282226562,628.77001953125,631.5399780273438,628.3400268554688,628.77001953125,63375000
2025-07-22,620.427734375,628.8599853515625,629.72998046875,626.1900024414062,629.0999755859375,60046300
2025-07-23,625.7059936523438,634.2100219726562,634.2100219726562,629.72998046875,631.5499877929688,70511000
2025-07-24,625.9132690429688,634.4199829101562,636.1500244140625,633.989990234375,634.5999755859375,71307100
2025-07-25,628.5573120117188,637.0999755859375,637.5800170898438,634.8400268554688,635.0900268554688,56865400
2025-07-28,628.3994140625,636.9400024414062,638.0399780273438,635.5399780273438,637.47998046875,54917100
2025-07-29,626.741943359375,635.260009765625,638.6699829101562,634.3400268554688,638.3499755859375,60556300
2025-07-30,625.9526977539062,634.4600219726562,637.6799926757812,631.5399780273438,635.9199829101562,80418900
2025-07-31,623.6046142578125,632.0800170898438,639.8499755859375,630.77001953125,639.4600219726562,103385200
2025-08-01,613.3834838867188,621.719970703125,626.3400268554688,619.2899780273438,626.2999877929688,140103600
2025-08-04,622.7068481445312,631.1699829101562,631.219970703125,625.5800170898438,625.6699829101562,73218000
2025-08-05,619.5496826171875,627.969970703125,632.6099853515625,627.0399780273438,631.7899780273438,68051400
2025-08-06,624.295166015625,632.780029296875,633.4400024414062,628.1300048828125,629.0499877929688,64357500
2025-08-07,623.7723388671875,632.25,636.97998046875,629.1099853515625,636.239990234375,74205800
2025-08-08,628.6361694335938,637.1799926757812,637.6500244140625,633.739990234375,634.0599975585938,64051600
2025-08-11,627.3931274414062,635.9199829101562,638.9500122070312,634.6599731445312,637.4600219726562,58742300
2025-08-12,634.0723266601562,642.6900024414062,642.8499755859375,636.7899780273438,638.2899780273438,64730800
2025-08-13,636.2428588867188,644.8900146484375,646.1900024414062,642.6799926757812,644.9099731445312,60092800
2025-08-14,636.302001953125,644.9500122070312,645.6199951171875,642.3400268554688,642.7899780273438,59327500
2025-08-15,634.8123168945312,643.4400024414062,646.0900268554688,642.52001953125,645.989990234375,68592500
2025-08-18,634.6741333007812,643.2999877929688,644.0,642.1799926757812,642.8599853515625,43804900
2025-08-19,631.2308959960938,639.8099975585938,644.1099853515625,638.47998046875,643.1199951171875,69750700
2025-08-20,629.5537109375,638.1099853515625,639.6599731445312,632.9500122070312,639.4000244140625,88890300
2025-08-21,627.0280151367188,635.5499877929688,637.969970703125,633.8099975585938,636.280029296875,54805800
2025-08-22,636.6572265625,645.3099975585938,646.5,637.25,637.760009765625,84083200
2025-08-25,633.8551635742188,642.469970703125,645.2899780273438,642.3499755859375,644.0399780273438,51274300
2025-08-26,636.5092163085938,645.1599731445312,645.510009765625,641.5700073242188,642.2000122070312,51581600
2025-08-27,637.9595336914062,646.6300048828125,647.3699951171875,644.4199829101562,644.5700073242188,48341100
2025-08-28,640.21875,648.9199829101562,649.47998046875,645.3400268554688,647.239990234375,61519500
2025-08-29,636.400634765625,645.0499877929688,647.8400268554688,643.1400146484375,647.469970703125,74522200
2025-09-02,631.6847534179688,640.27001953125,640.489990234375,634.9199829101562,637.5,81983500
2025-09-03,635.108154296875,643.739990234375,644.2100219726562,640.4600219726562,642.6699829101562,70820900
2025-09-04,640.4160766601562,649.1199951171875,649.1500244140625,643.510009765625,644.4199829101562,65219200
2025-09-05,638.561279296875,647.239990234375,652.2100219726562,643.3300170898438,651.47998046875,85178900
2025-09-08,640.1300048828125,648.8300170898438,649.8400268554688,647.22998046875,648.6199951171875,63133100
2025-09-09,641.60986328125,650.3300170898438,650.8599853515625,647.219970703125,648.969970703125,66133900
2025-09-10,643.4647216796875,652.2100219726562,654.5499877929688,650.6300048828125,653.6199951171875,78034500
2025-09-11,648.8119506835938,657.6300048828125,658.3300170898438,653.5900268554688,654.1799926757812,69934400
2025-09-12,648.594970703125,657.4099731445312,659.1099853515625,656.9000244140625,657.5999755859375,72780100
2025-09-15,652.0480346679688,660.9099731445312,661.0399780273438,659.3400268554688,659.6400146484375,63772400
2025-09-16,651.1502075195312,660.0,661.780029296875,659.2100219726562,661.469970703125,61169000
2025-09-17,650.3412475585938,659.1799926757812,661.719970703125,654.2999877929688,660.010009765625,101952200
2025-09-18,653.3799438476562,662.260009765625,664.8900146484375,660.27001953125,661.8900146484375,90459200
2025-09-19,656.615966796875,663.7000122070312,664.5499877929688,660.3699951171875,662.3300170898438,97945600
2025-09-22,659.7225341796875,666.8400268554688,667.2899780273438,662.1699829101562,662.2000122070312,69452200
2025-09-23,656.1312255859375,663.2100219726562,667.3400268554688,661.97998046875,666.719970703125,81708900
2025-09-24,654.0436401367188,661.0999755859375,664.6099853515625,659.6699829101562,664.510009765625,68082200
2025-09-25,651.0263061523438,658.0499877929688,659.4099731445312,654.4099731445312,657.9400024414062,89622100
2025-09-26,654.756103515625,661.8200073242188,662.3699951171875,657.8800048828125,659.510009765625,69179200
2025-09-29,656.59619140625,663.6799926757812,665.280029296875,661.8599853515625,664.3599853515625,73499000
2025-09-30,659.0695190429688,666.1799926757812,666.6500244140625,661.6099853515625,662.9299926757812,86288000
2025-10-01,661.3153686523438,668.4500122070312,669.3699951171875,663.0599975585938,663.1699829101562,72545400
2025-10-02,662.0769653320312,669.219970703125,670.5700073242188,666.780029296875,670.4500122070312,56896000
2025-10-03,662.0672607421875,669.2100219726562,672.6799926757812,668.1599731445312,669.989990234375,70494400
2025-10-06,664.4415283203125,671.6099853515625,672.510009765625,669.4600219726562,671.6199951171875,54623300
2025-10-07,661.9781494140625,669.1199951171875,672.989990234375,667.6699829101562,672.5399780273438,72020100
2025-10-08,665.925537109375,673.1099853515625,673.2100219726562,669.4199829101562,670.25,60702200
2025-10-09,663.996337890625,671.1599731445312,673.9400024414062,669.2100219726562,673.530029296875,66501900
2025-10-10,646.0499877929688,653.02001953125,673.9500122070312,652.8400268554688,672.1300048828125,159422600
2025-10-13,655.9629516601562,663.0399780273438,665.1300048828125,659.77001953125,660.6500244140625,79560500
2025-10-14,655.16162109375,662.22998046875,665.8300170898438,653.1699829101562,657.1699829101562,88779600
2025-10-15,658.0702514648438,665.1699829101562,670.22998046875,658.9299926757812,666.8200073242188,81702600
2025-10-16,653.5887451171875,660.6400146484375,668.7100219726562,657.1099853515625,666.8200073242188,110563300
2025-10-17,657.298583984375,664.3900146484375,665.760009765625,658.1400146484375,659.5,96500900
2025-10-20,664.1348876953125,671.2999877929688,672.2100219726562,667.27001953125,667.3200073242188,60493400
2025-10-21,664.1249389648438,671.2899780273438,672.989990234375,669.97998046875,671.4400024414062,56249000
2025-10-22,660.6722412109375,667.7999877929688,672.0,663.2999877929688,672.0,80564000
2025-10-23,664.5899047851562,671.760009765625,672.7100219726562,667.7999877929688,668.1199951171875,65604500
2025-10-24,670.0213623046875,677.25,678.469970703125,675.6500244140625,676.4600219726562,74356500
2025-10-27,677.926025390625,685.239990234375,685.5399780273438,682.1199951171875,682.72998046875,63339800
2025-10-28,679.7265625,687.0599975585938,688.9099731445312,684.8300170898438,687.0499877929688,61738100
2025-10-29,680.05322265625,687.3900146484375,689.7000122070312,682.8699951171875,688.719970703125,85657100
2025-10-30,672.5738525390625,679.8300170898438,685.9400024414062,679.8300170898438,683.9000244140625,76335800
2025-10-31,674.7799682617188,682.0599975585938,685.0800170898438,679.239990234375,685.0399780273438,87164100
2025-11-03,676.04638671875,683.3400268554688,685.7999877929688,679.9400024414062,685.6699829101562,57315000
2025-11-04,668.0328369140625,675.239990234375,679.9600219726562,674.5800170898438,676.1099853515625,78427000
2025-11-05,670.3478393554688,677.5800170898438,680.8599853515625,674.1699829101562,674.97998046875,74402400
2025-11-06,663.1554565429688,670.3099975585938,677.3800048828125,668.719970703125,676.469970703125,85035300
2025-11-07,663.8082885742188,670.969970703125,671.0800170898438,661.2100219726562,667.9099731445312,100592400
2025-11-10,674.1666259765625,681.4400024414062,682.1799926757812,675.030029296875,677.239990234375,75842900
2025-11-11,675.7100219726562,683.0,683.5700073242188,678.72998046875,679.9500122070312,58953400
2025-11-12,676.0859985351562,683.3800048828125,684.9600219726562,680.9500122070312,684.7899780273438,62312500
2025-11-13,664.8670043945312,672.0399780273438,680.8599853515625,670.52001953125,680.5,103457800
2025-11-14,664.7581176757812,671.9299926757812,675.6599731445312,663.27001953125,665.3800048828125,96846700
2025-11-17,658.56494140625,665.6699829101562,673.7100219726562,662.1699829101562,669.7000122070312,90456100
2025-11-18,653.03466796875,660.0800170898438,665.1199951171875,655.8599853515625,662.0999755859375,114467500
2025-11-19,655.5574951171875,662.6300048828125,667.3400268554688,658.75,660.780029296875,94703000
2025-11-20,645.5652465820312,652.530029296875,675.5599975585938,651.8900146484375,672.9099731445312,165293500
2025-11-21,651.995849609375,659.030029296875,664.5499877929688,650.8499755859375,655.0499877929688,123956200
2025-11-24,661.59228515625,668.72998046875,670.0599975585938,661.5900268554688,662.6900024414062,80437900
2025-11-25,667.815185546875,675.02001953125,676.2100219726562,664.47998046875,668.6300048828125,81077100
2025-11-26,672.4254760742188,679.6799926757812,681.7000122070312,676.719970703125,677.6300048828125,71879600
2025-11-28,676.0958251953125,683.3900146484375,683.6699829101562,680.5,680.8599853515625,49212000
2025-12-01,673.0091552734375,680.27001953125,682.989990234375,678.739990234375,678.8099975585938,61201200
2025-12-02,674.2557373046875,681.530029296875,683.8200073242188,679.3300170898438,681.9199829101562,62953800
2025-12-03,676.5905151367188,683.8900146484375,684.9099731445312,679.6900024414062,680.5700073242188,57238500
2025-12-04,677.085205078125,684.3900146484375,685.3699951171875,681.3400268554688,685.2999877929688,61970300
2025-12-05,678.3712768554688,685.6900024414062,688.3900146484375,684.5800170898438,685.469970703125,79241000
2025-12-08,676.3333740234375,683.6300048828125,686.6400146484375,681.5700073242188,686.5900268554688,55231500
2025-12-09,675.7495727539062,683.0399780273438,685.3900146484375,682.5900268554688,683.1500244140625,58310100
2025-12-10,680.2312622070312,687.5700073242188,688.969970703125,681.3099975585938,682.5599975585938,85671300
2025-12-11,681.8141479492188,689.1699829101562,689.25,682.1699829101562,685.1400146484375,86173700
2025-12-12,674.4832763671875,681.760009765625,688.8800048828125,679.1699829101562,688.1699829101562,113160300
2025-12-15,673.4641723632812,680.72998046875,685.760009765625,679.25,685.739990234375,90811000
2025-12-16,671.6240844726562,678.8699951171875,681.0800170898438,674.97998046875,679.22998046875,122030600
2025-12-17,664.2337646484375,671.4000244140625,680.4400024414062,671.2000122070312,679.8900146484375,110625200
2025-12-18,669.2496337890625,676.469970703125,680.739990234375,674.9000244140625,677.5999755859375,108650100
2025-12-19,675.3153686523438,680.5900268554688,681.0900268554688,676.469970703125,676.5900268554688,103599500
2025-12-22,679.5224609375,684.8300170898438,685.3599853515625,680.5900268554688,683.9400024414062,69556700
2025-12-23,682.6282348632812,687.9600219726562,688.2000122070312,683.8699951171875,683.9199829101562,64840000
2025-12-24,685.0294799804688,690.3800048828125,690.8300170898438,687.7999877929688,687.9500122070312,39445600
2025-12-26,684.9599609375,690.3099975585938,691.6599731445312,689.27001953125,690.6400146484375,41613300
2025-12-29,682.51904296875,687.8499755859375,689.2000122070312,686.0700073242188,687.5399780273438,62559500
2025-12-30,681.685546875,687.010009765625,688.5599975585938,686.5800170898438,687.4500122070312,47160700
2025-12-31,676.635009765625,681.9199829101562,687.3599853515625,681.7100219726562,687.1400146484375,74144800
2026-01-02,677.8753051757812,683.1699829101562,686.8699951171875,679.8200073242188,685.7100219726562,89377200
2026-01-05,682.3900756835938,687.719970703125,689.4299926757812,686.3800048828125,686.5399780273438,71927200
2026-01-06,686.4484252929688,691.8099975585938,692.3200073242188,687.780029296875,687.9299926757812,69273800
2026-01-07,684.2356567382812,689.5800170898438,693.9600219726562,689.3200073242188,692.1900024414062,75588300
2026-01-08,684.1661987304688,689.510009765625,690.6199951171875,687.489990234375,688.8200073242188,64019200
2026-01-09,688.6908569335938,694.0700073242188,695.3099975585938,689.1799926757812,690.6300048828125,80125500
2026-01-12,689.7723999023438,695.1599731445312,696.0900268554688,690.6300048828125,690.6799926757812,63976000
2026-01-13,688.3932495117188,693.77001953125,696.0900268554688,691.3499755859375,695.489990234375,78309700
2026-01-14,685.009521484375,690.3599853515625,691.719970703125,686.0399780273438,691.0,94676700
2026-01-15,686.8750610351562,692.239990234375,695.4500122070312,691.25,694.5700073242188,77862000
2026-01-16,686.2994995117188,691.6599731445312,694.25,690.0999755859375,693.6599731445312,79289200
2026-01-20,672.3286743164062,677.5800170898438,684.77001953125,676.5700073242188,681.489990234375,111623300
2026-01-21,680.0880737304688,685.4000244140625,688.739990234375,678.1300048828125,679.6500244140625,127844500
2026-01-22,683.6402587890625,688.97998046875,691.1300048828125,686.9199829101562,689.8499755859375,77112200
2026-01-23,683.8883666992188,689.22998046875,690.9600219726562,687.1599731445312,688.1500244140625,63059600
2026-01-26,687.3612060546875,692.72998046875,694.1300048828125,689.9199829101562,690.489990234375,60473800
2026-01-27,690.099853515625,695.489990234375,696.530029296875,693.5700073242188,694.1799926757812,55506100
2026-01-28,690.0303344726562,695.4199829101562,697.8400268554688,693.9400024414062,697.0499877929688,61172200
2026-01-29,688.6610717773438,694.0399780273438,697.0599975585938,684.8300170898438,696.3900146484375,97486200
2026-01-30,686.6071166992188,691.969970703125,694.2100219726562,687.1199951171875,691.7899780273438,101835100
2026-02-02,690.0204467773438,695.4099731445312,696.9299926757812,689.4199829101562,689.5800170898438,79286500
2026-02-03,684.18603515625,689.530029296875,696.9600219726562,684.030029296875,696.2100219726562,107904600
2026-02-04,680.8719482421875,686.1900024414062,691.4500122070312,681.760009765625,690.3499755859375,105204600
2026-02-05,672.3682861328125,677.6199951171875,683.6900024414062,675.7899780273438,680.9400024414062,113610800
2026-02-06,685.2676391601562,690.6199951171875,692.3099975585938,680.8499755859375,681.4600219726562,89127600
2026-02-09,688.5718383789062,693.9500122070312,695.8699951171875,688.3400268554688,689.4199829101562,73885200
2026-02-10,686.7559814453125,692.1199951171875,696.5399780273438,691.6599731445312,694.9500122070312,65185700
2026-02-11,686.5972290039062,691.9600219726562,697.1400146484375,689.1799926757812,696.3900146484375,76353900
2026-02-12,675.9900512695312,681.27001953125,695.3499755859375,680.3699951171875,694.239990234375,118829000
2026-02-13,676.4663696289062,681.75,686.280029296875,677.52001953125,681.6900024414062,96267500
2026-02-17,677.5578002929688,682.8499755859375,684.9400024414062,675.780029296875,680.1400146484375,81354700
2026-02-18,680.97119140625,686.2899780273438,689.1500244140625,682.8300170898438,684.02001953125,73570300
2026-02-19,679.1751708984375,684.47998046875,686.1799926757812,681.5499877929688,683.8400268554688,58649400
2026-02-20,684.0867919921875,689.4299926757812,690.0599975585938,681.72998046875,682.3200073242188,100034000
2026-02-23,677.1013793945312,682.3900146484375,690.0,680.3699951171875,687.8300170898438,90558100
2026-02-24,682.0228881835938,687.3499755859375,688.3499755859375,680.0,681.9000244140625,73798700
2026-02-25,687.7780151367188,693.1500244140625,693.6799926757812,690.0999755859375,690.1799926757812,56369500
2026-02-26,683.9578247070312,689.2999877929688,693.2999877929688,684.3499755859375,693.280029296875,71671000
2026-02-27,680.6734619140625,685.989990234375,686.8599853515625,681.6400146484375,683.0900268554688,83308900
2026-03-02,681.0604858398438,686.3800048828125,688.6199951171875,678.02001953125,678.7000122070312,87477200
2026-03-03,675.0573120117188,680.3300170898438,682.6099853515625,669.6599731445312,675.0599975585938,105003100
2026-03-04,679.8201293945312,685.1300048828125,687.0900268554688,679.6199951171875,681.6300048828125,79182200
2026-03-05,676.0297241210938,681.3099975585938,685.530029296875,675.6099853515625,682.0800170898438,106606500
2026-03-06,667.1689453125,672.3800048828125,676.1099853515625,669.760009765625,673.4099731445312,100687000
2026-03-09,673.0133056640625,678.27001953125,679.9199829101562,662.3900146484375,666.3900146484375,102667700
2026-03-10,671.9317016601562,677.1799926757812,683.3599853515625,674.760009765625,677.719970703125,81505300
2026-03-11,671.08837890625,676.3300170898438,680.0800170898438,673.3400268554688,677.5800170898438,68441700
2026-03-12,660.89794921875,666.0599975585938,671.6500244140625,665.8699951171875,671.1599731445312,108882200
2026-03-13,657.1571655273438,662.2899780273438,672.3400268554688,661.3599853515625,669.27001953125,97200200
2026-03-16,663.844970703125,669.030029296875,672.0700073242188,667.1199951171875,668.3800048828125,82023100
2026-03-17,665.5912475585938,670.7899780273438,674.4400024414062,669.7000122070312,672.3900146484375,87128000
2026-03-18,656.3038330078125,661.4299926757812,669.719970703125,661.1900024414062,668.3599853515625,82062600
2026-03-19,654.6864624023438,659.7999877929688,662.97998046875,655.1699829101562,656.969970703125,111272500
2026-03-20,645.3009643554688,648.5700073242188,656.6900024414062,644.719970703125,656.510009765625,163617500
2026-03-23,652.07666015625,655.3800048828125,662.6199951171875,653.9400024414062,658.0700073242188,134802700
2026-03-24,649.8877563476562,653.1799926757812,657.030029296875,649.8800048828125,651.3200073242188,96457500
2026-03-25,653.5094604492188,656.8200073242188,660.8900146484375,654.239990234375,658.6699829101562,90653800
2026-03-26,641.838623046875,645.0900268554688,654.8499755859375,644.8200073242188,652.0599975585938,96494400
2026-03-27,630.89404296875,634.0900268554688,642.6599731445312,633.1099853515625,642.5,103649400
2026-03-30,628.78466796875,631.969970703125,640.3699951171875,629.280029296875,640.1099853515625,99275900
2026-03-31,647.0621337890625,650.3400268554688,651.5399780273438,637.97998046875,638.9400024414062,152534100
2026-04-01,651.9373779296875,655.239990234375,658.52001953125,653.0,653.9000244140625,97841500
2026-04-02,652.5244750976562,655.8300170898438,658.2000122070312,645.1099853515625,646.4199829101562,68358700
2026-04-06,655.6087646484375,658.9299926757812,659.719970703125,655.52001953125,655.8599853515625,39105800
2026-04-07,655.8972778320312,659.219970703125,659.6099853515625,651.0599975585938,656.6500244140625,69980400
2026-04-08,672.6027221679688,676.010009765625,677.0800170898438,671.4600219726562,676.3900146484375,93606100
2026-04-09,676.4830322265625,679.9099731445312,681.1599731445312,673.77001953125,674.8400268554688,57134400
2026-04-10,676.0353393554688,679.4600219726562,682.030029296875,678.4500122070312,681.3200073242188,42253500
2026-04-13,682.6417846679688,686.0999755859375,686.2999877929688,676.5800170898438,677.4099731445312,54185800
2026-04-14,690.959716796875,694.4600219726562,694.5800170898438,687.6599731445312,687.6900024414062,63480500
2026-04-15,696.412109375,699.9400024414062,700.280029296875,694.2000122070312,695.260009765625,58240400
2026-04-16,698.1234130859375,701.6599731445312,702.780029296875,698.530029296875,701.0599975585938,49972400
2026-04-17,706.5607299804688,710.1400146484375,712.3900146484375,705.760009765625,706.1400146484375,70661900
2026-04-20,705.1477661132812,708.719970703125,709.9099731445312,706.1400146484375,708.780029296875,43546800
2026-04-21,700.53125,704.0800170898438,711.280029296875,702.6400146484375,710.280029296875,58941400
2026-04-22,707.6253051757812,711.2100219726562,711.4500122070312,708.219970703125,709.1500244140625,42518500
2026-04-23,704.8792114257812,708.4500122070312,712.3599853515625,702.280029296875,709.5,56174000
2026-04-24,710.3414916992188,713.9400024414062,714.469970703125,709.010009765625,710.75,45182000
2026-04-27,711.5653686523438,715.1699829101562,715.6300048828125,712.2999877929688,713.1699829101562,33135900
2026-04-28,708.1029052734375,711.6900024414062,712.8800048828125,709.25,711.8200073242188,43117400
2026-04-29,707.993408203125,711.5800170898438,712.2000122070312,708.3699951171875,711.0,41859200
2026-04-30,715.0377197265625,718.6599731445312,719.7899780273438,710.4500122070312,714.6300048828125,67240900
2026-05-01,717.0177001953125,720.6500244140625,724.8699951171875,720.469970703125,721.25,43049800
2026-05-04,714.3909912109375,718.010009765625,722.1199951171875,714.989990234375,720.0700073242188,51950600
2026-05-05,720.1220092773438,723.77001953125,725.0399780273438,721.489990234375,721.77001953125,36933200
2026-05-06,730.1312866210938,733.8300170898438,734.5900268554688,727.8200073242188,728.1599731445312,53288900
2026-05-07,727.8926391601562,731.5800170898438,736.1300048828125,729.75,735.0499877929688,51724600
2026-05-08,733.9021606445312,737.6199951171875,738.0800170898438,734.5700073242188,734.9299926757812,47227100
2026-05-11,735.5736694335938,739.2999877929688,740.7899780273438,736.4500122070312,736.4500122070312,44024000
2026-05-12,734.4593505859375,738.1799926757812,738.8400268554688,731.8300170898438,736.8900146484375,54185300
2026-05-13,738.5685424804688,742.3099975585938,743.9099731445312,735.469970703125,738.469970703125,44200200
2026-05-14,744.3989868164062,748.1699829101562,749.530029296875,743.5599975585938,743.6500244140625,45307600
2026-05-15,735.4443969726562,739.1699829101562,743.4600219726562,737.9600219726562,741.7899780273438,60410800
2026-05-18,734.927001953125,738.6500244140625,741.4199829101562,733.3900146484375,739.8300170898438,47843900
2026-05-19,730.03173828125,733.72998046875,737.6500244140625,731.530029296875,734.780029296875,54255900
2026-05-20,737.5138549804688,741.25,741.8699951171875,733.8900146484375,735.7100219726562,45768000
2026-05-21,738.9764404296875,742.719970703125,744.8699951171875,737.030029296875,738.6400146484375,43332200
2026-05-22,741.8817749023438,745.6400146484375,748.9400024414062,744.47998046875,746.239990234375,41762000
2026-05-26,746.8068237304688,750.5900268554688,752.1300048828125,748.3699951171875,750.010009765625,41123600
2026-05-27,746.6774291992188,750.4600219726562,751.3800048828125,748.219970703125,750.8800048828125,42106300
2026-05-28,750.7965698242188,754.5999755859375,755.1500244140625,749.22998046875,750.25,41562600
2026-05-29,752.6671142578125,756.47998046875,758.0800170898438,754.6900024414062,755.9000244140625,55075700
2026-06-01,754.7166748046875,758.5399780273438,760.280029296875,754.6900024414062,755.3599853515625,43634900
2026-06-02,755.7415771484375,759.5700073242188,760.4000244140625,756.75,757.030029296875,31581900
2026-06-03,750.4384155273438,754.239990234375,758.7999877929688,753.5700073242188,758.1500244140625,51402500
2026-06-04,753.2740478515625,757.0900268554688,758.3099975585938,751.469970703125,752.0999755859375,49923000
2026-06-05,733.83251953125,737.5499877929688,752.8200073242188,735.530029296875,752.3099975585938,93989400
2026-06-08,735.4940795898438,739.219970703125,745.3400268554688,738.1900024414062,743.3599853515625,49319100
2026-06-09,733.3350830078125,737.0499877929688,746.9000244140625,722.5900268554688,743.6300048828125,87683500
2026-06-10,721.7736206054688,725.4299926757812,738.3800048828125,725.3300170898438,733.3900146484375,60341300
2026-06-11,734.04150390625,737.760009765625,740.0,724.4099731445312,728.760009765625,86330500
2026-06-12,738.0113525390625,741.75,744.4400024414062,735.030029296875,740.7100219726562,57079500
2026-06-15,751.0254516601562,754.8300170898438,756.6799926757812,751.760009765625,751.8499755859375,60176400
2026-06-16,746.5481567382812,750.3300170898438,755.4400024414062,749.8800048828125,754.5499877929688,67093100
2026-06-17,737.225341796875,740.9600219726562,752.1500244140625,739.219970703125,751.2899780273438,85945200
2026-06-18,744.8902587890625,746.739990234375,748.22998046875,743.8599853515625,747.760009765625,80875700
2026-06-22,742.546142578125,744.3900146484375,750.1799926757812,743.1300048828125,747.7000122070312,46628100
2026-06-23,731.7628784179688,733.5800170898438,739.6300048828125,732.2999877929688,733.8099975585938,66846800
2026-06-24,731.4237060546875,733.239990234375,739.9500122070312,730.8400268554688,735.1699829101562,57439500
2026-06-25,732.4810791015625,734.2999877929688,739.3699951171875,729.5999755859375,738.9099731445312,53934400
2026-06-26,727.1842651367188,728.989990234375,736.530029296875,716.5800170898438,728.9500122070312,71034000
2026-06-29,739.1644897460938,741.0,741.5599975585938,732.0900268554688,736.530029296875,58035200
2026-06-30,744.9202270507812,746.77001953125,748.02001953125,740.8900146484375,741.2899780273438,55626000
2026-07-01,743.9127197265625,745.760009765625,749.4400024414062,742.3800048828125,745.0,47100900
2026-07-02,742.9351806640625,744.780029296875,751.3099975585938,740.030029296875,747.4000244140625,57447800
2026-07-06,749.4190673828125,751.280029296875,752.4099731445312,747.4099731445312,748.739990234375,50673300
2026-07-07,745.85791015625,747.7100219726562,750.9600219726562,745.2100219726562,750.219970703125,43721500
2026-07-08,743.5536499023438,745.4000244140625,746.1500244140625,739.510009765625,743.1599731445312,43767400
2026-07-09,749.8480224609375,751.7100219726562,751.969970703125,745.5900268554688,747.3499755859375,41441700
2026-07-10,753.0799560546875,754.9500122070312,755.4199829101562,748.0999755859375,752.0499877929688,42191300
2026-07-13,747.3142700195312,749.1699829101562,753.9099731445312,748.0,752.469970703125,44013600
2026-07-14,749.9677124023438,751.8300170898438,753.3400268554688,748.6599731445312,750.9099731445312,35143100
2026-07-15,752.9403076171875,754.8099975585938,755.5800170898438,750.2000122070312,754.239990234375,43844800
2026-07-16,748.8604125976562,750.719970703125,754.5700073242188,747.8800048828125,752.760009765625,46409800
2026-07-17,741.4487915039062,743.2899780273438,747.2899780273438,740.7999877929688,742.0800170898438,62651000
2026-07-20,740.2518310546875,742.0900268554688,748.72998046875,741.510009765625,747.0599975585938,50422300
2026-07-21,746.426513671875,748.280029296875,749.0399780273438,744.1799926757812,746.2899780273438,34324300
2026-07-22,745.55859375,747.4099731445312,750.02001953125,746.3699951171875,746.6199951171875,32836200
2026-07-23,736.3515014648438,738.1799926757812,742.5599975585938,735.2100219726562,739.3699951171875,55437300
2026-07-24,737.099609375,738.9299926757812,743.719970703125,737.2899780273438,738.510009765625,44782000
2026-07-27,737.25927734375,739.0900268554688,745.530029296875,735.8699951171875,744.9099731445312,41461200
2026-07-28,739.0248413085938,740.8599853515625,742.7899780273438,735.97998046875,739.1900024414062,47322200
2026-07-29,727.6531372070312,729.4600219726562,742.6799926757812,729.0999755859375,739.969970703125,70697200
2026-07-30,739.852783203125,741.6900024414062,742.4500122070312,734.5900268554688,736.0499877929688,66811300
2026-07-31,745.1796264648438,747.030029296875,748.9000244140625,737.6799926757812,744.6799926757812,62445900
2026-08-03,755.793212890625,757.6699829101562,758.5800170898438,748.7999877929688,749.4400024414062,59927500
2026-08-04,769.4193725585938,771.3300170898438,773.4099731445312,760.52001953125,760.6300048828125,69154800
2026-08-05,767.8831787109375,769.7899780273438,776.8499755859375,769.510009765625,775.8499755859375,44689100
2026-08-06,766.65625,768.5599975585938,771.8200073242188,767.4600219726562,770.2100219726562,38416900
2026-08-07,771.3446044921875,773.260009765625,773.9199829101562,769.6099853515625,771.02001953125,43586300
2026-08-10,771.1151733398438,773.030029296875,775.0499877929688,771.6199951171875,772.5999755859375,39249500
2026-08-11,768.6513061523438,770.5599975585938,774.6099853515625,769.2000122070312,774.530029296875,36740600
2026-08-12,770.5764770507812,772.489990234375,774.9000244140625,771.280029296875,774.7100219726562,33179100
2026-08-13,775.9531860351562,777.8800048828125,779.3699951171875,774.1099853515625,774.8699951171875,35634500
2026-08-14,774.4169921875,776.3400268554688,778.7999877929688,775.4299926757812,778.5399780273438,31367900
2026-08-17,770.7560424804688,772.6699829101562,776.780029296875,772.510009765625,776.1799926757812,34356600
2026-08-18,765.5490112304688,767.4500122070312,769.5,766.9199829101562,768.7000122070312,43920900
2026-08-19,767.1549682617188,769.0599975585938,772.469970703125,768.0999755859375,770.3599853515625,40306000
2026-08-20,760.7109985351562,762.5999755859375,768.1500244140625,762.0399780273438,765.9600219726562,45520300
2026-08-21,763.8232421875,765.719970703125,767.8499755859375,764.1699829101562,766.0499877929688,39188700
2026-08-24,761.5787963867188,763.469970703125,765.219970703125,762.0800170898438,764.780029296875,32430900
2026-08-25,764.0127563476562,765.9099731445312,766.780029296875,763.0499877929688,766.1599731445312,27422300
2026-08-26,764.182373046875,766.0800170898438,767.3499755859375,763.9299926757812,764.72998046875,28751600
2026-08-27,769.18994140625,771.0999755859375,772.3599853515625,767.1599731445312,768.5,34557100
2026-08-28,767.4442749023438,769.3499755859375,775.2999877929688,768.3099975585938,771.760009765625,36744300
2026-08-31,765.1499633789062,767.0499877929688,768.0,764.719970703125,767.3300170898438,38810800
2026-09-01,759.89306640625,761.780029296875,764.6699829101562,759.47998046875,762.010009765625,41126300
2026-09-02,763.2646484375,765.1599731445312,766.4299926757812,761.72998046875,762.4500122070312,29566200
2026-09-03,771.2548217773438,773.1699829101562,774.030029296875,767.4500122070312,767.9000244140625,43531600
2026-09-04,768.2822265625,770.1900024414062,772.8699951171875,769.0,772.010009765625,34054200
2026-09-08,764.0626831054688,765.9600219726562,769.7000122070312,765.1400146484375,769.0700073242188,44746100
2026-09-09,760.5115356445312,762.4000244140625,764.469970703125,760.9400024414062,764.0800170898438,32812400
2026-09-10,755.9528198242188,757.8300170898438,760.1099853515625,756.6400146484375,758.030029296875,42740400
2026-09-11,762.3967895507812,764.2899780273438,766.3800048828125,763.5999755859375,764.719970703125,45512700
2026-09-14,758.9952392578125,760.8800048828125,763.52001953125,757.9299926757812,759.0,43992400
2026-09-15,755.513916015625,757.3900146484375,760.3499755859375,756.1500244140625,760.1199951171875,46195000
2026-09-16,752.1821899414062,754.0499877929688,761.6699829101562,749.5999755859375,759.5,59217700
2026-09-17,760.7109985351562,762.5999755859375,763.5700073242188,759.9600219726562,763.1500244140625,49652800
2026-09-18,761.6900024414062,761.6900024414062,762.0,757.969970703125,761.3099975585938,65308100
