Activo,SMA,Banda,Semanas,X,Y,Logica,Sharpe_completo,CAGR_completo,MaxDD_completo,Rotacion,PeorAnio,Sharpe_2000-2009,CAGR_2000-2009,MaxDD_2000-2009,Sharpe_2010-2019,CAGR_2010-2019,MaxDD_2010-2019,Sharpe_ultimos10,CAGR_ultimos10,MaxDD_ultimos10
SPY,100,0.01,26,8,2,AND,0.5078781479182376,0.0744514078932561,-0.1906292671557342,3.5679238374221898,-0.1608169078926388,0.2220429646411036,0.042764297632335,-0.1294451991249144,0.4930455933072286,0.0488831827574069,-0.1642107322278065,0.7192484867918424,0.0927269918898299,-0.1764792451880551
SPY,100,0.01,26,8,4,AND,0.4820718539517439,0.0732129758633566,-0.2536730327443144,4.306114976199194,-0.1898572194395776,0.1698249107097439,0.0386575254547321,-0.1523576231138605,0.4569403781736696,0.0465445859407571,-0.1928457499551663,0.6380330841225733,0.0871020227607661,-0.192845749955168
SPY,100,0.01,26,8,6,AND,0.4674065165515083,0.0725147631595151,-0.3331128156153105,4.859758330281949,-0.2149352929720706,0.0766311215212984,0.0299822094868849,-0.2425815187070941,0.4960532601678756,0.0514335341451321,-0.1556873256931998,0.6602000599593676,0.0919300450223599,-0.1632599860462816
SPY,100,0.01,26,8,8,AND,0.4614038849446245,0.0725784669735687,-0.3439368209249056,6.09007689491029,-0.2149352929720698,0.0391003173224143,0.026273730458195,-0.2548749048375587,0.4776801279932031,0.0504121717903274,-0.1803676714109263,0.6902872434227617,0.097143875407925,-0.1862545561805298
SPY,100,0.01,26,10,2,AND,0.492696865849408,0.0733161820037269,-0.2567436580230657,3.875503478579276,-0.1791706515816141,0.1796015101278749,0.0391277987573783,-0.1600020109368776,0.4371544293642688,0.043679953022967,-0.1642107322278067,0.8291554483707684,0.1056615143494605,-0.1642107322278073
SPY,100,0.01,26,10,4,AND,0.5043159194692565,0.0759491012052588,-0.2536730327443142,4.244599047967777,-0.1898572194395772,0.1698249107097439,0.0386575254547321,-0.1523576231138605,0.4577634753410013,0.04669003200671,-0.1928457499551688,0.7153963886150501,0.0965160487212883,-0.192845749955168
SPY,100,0.01,26,10,6,AND,0.4390797314633883,0.0696562575988304,-0.3586703843810195,4.798242402050532,-0.2149352929720706,0.0113652180423914,0.0235503226624527,-0.2716085796153382,0.4669205662965504,0.0487028372933262,-0.1556873256931993,0.6529735054280147,0.0919435359450742,-0.1706593220860875
SPY,100,0.01,26,10,8,AND,0.4463057848256825,0.0711594564911408,-0.3534105029569747,5.0443061149762,-0.2149352929720698,0.0017716119610945,0.0224624786439613,-0.2656346585485287,0.4568436462961571,0.048446946821212,-0.1955498687668072,0.6946185088986727,0.0984470614235,-0.1643689476953151
SPY,100,0.01,26,12,2,AND,0.4814853072751017,0.0728737024464518,-0.266896713490535,4.121567191504943,-0.21493529297207,0.1239823867902001,0.0343791421474564,-0.1673764455210519,0.4070330436262017,0.0414086985329802,-0.1821937964103743,0.7913025388054774,0.103253463588572,-0.182193796410375
SPY,100,0.01,26,12,4,AND,0.5007451539309574,0.0757769817189608,-0.2767756796026547,4.306114976199194,-0.2149352929720696,0.1329434527884029,0.0353050119767335,-0.1785965014534346,0.4822275375000423,0.0494448484202769,-0.1713831970906828,0.73753651791079,0.0994043027233422,-0.171383197090684
SPY,100,0.01,26,12,6,AND,0.4385333255452047,0.0698913155365261,-0.3792314397910122,4.736726473819115,-0.2149352929720706,-0.0404802400171462,0.0184321296157072,-0.2949608402781142,0.4577844399268254,0.0481019124715906,-0.1556873256931984,0.7030523060028679,0.0987094203473513,-0.1706593220860864
SPY,100,0.01,26,12,8,AND,0.463719518151634,0.0734965262160363,-0.3534105029569747,4.798242402050532,-0.2149352929720698,-0.0152265303506701,0.0207638225456072,-0.2656346585485287,0.5067658925126932,0.054147678922874,-0.1816818230618753,0.7170744850399045,0.1020744313910217,-0.1844430328982899
SPY,100,0.01,26,15,2,AND,0.4865289106835145,0.0735153739973542,-0.266896713490535,4.18308311973636,-0.21493529297207,0.1239823867902001,0.0343791421474564,-0.1673764455210519,0.4497048569128046,0.0458471133131457,-0.1821937964103744,0.7658992064598388,0.1007104115466854,-0.182193796410375
SPY,100,0.01,26,15,4,AND,0.5007451539309574,0.0757769817189608,-0.2767756796026547,4.306114976199194,-0.2149352929720696,0.1329434527884029,0.0353050119767335,-0.1785965014534346,0.4822275375000423,0.0494448484202769,-0.1713831970906828,0.73753651791079,0.0994043027233422,-0.171383197090684
SPY,100,0.01,26,15,6,AND,0.4501291065813045,0.0714638907840414,-0.3792314397910122,4.736726473819115,-0.2149352929720706,-0.0404802400171462,0.0184321296157072,-0.2949608402781142,0.4797548391339953,0.0510368656820452,-0.1816818230618762,0.7192359500074395,0.1008959043635948,-0.1632599860462816
SPY,100,0.01,26,15,8,AND,0.4584722839800589,0.0728747136923451,-0.3534105029569747,4.798242402050532,-0.2149352929720698,-0.0152265303506701,0.0207638225456072,-0.2656346585485287,0.5067658925126932,0.054147678922874,-0.1816818230618753,0.6993538684446269,0.0999953893380762,-0.1996624220884365
SPY,100,0.01,26,18,2,AND,0.5019370079059249,0.0753669478318268,-0.266896713490535,4.18308311973636,-0.21493529297207,0.1239823867902001,0.0343791421474564,-0.1673764455210519,0.5036075653397218,0.0517325426527464,-0.1821937964103747,0.7658992064598388,0.1007104115466854,-0.182193796410375
SPY,100,0.01,26,18,4,AND,0.5240147515302789,0.0786119312570419,-0.2677289164280481,4.367630904430612,-0.2149352929720696,0.1715544584348164,0.0389966814017301,-0.1683216217064961,0.531129681801966,0.0548134079614481,-0.1713831970906836,0.73753651791079,0.0994043027233422,-0.171383197090684
SPY,100,0.01,26,18,6,AND,0.4552108770638111,0.072108725646286,-0.3792314397910122,4.736726473819115,-0.2149352929720706,-0.0404802400171462,0.0184321296157072,-0.2949608402781142,0.4973483135023867,0.0530980464577957,-0.1816818230618753,0.7192359500074395,0.1008959043635948,-0.1632599860462816
SPY,100,0.01,26,18,8,AND,0.4462004599064347,0.0714947219136441,-0.3534105029569747,4.859758330281949,-0.2149352929720698,-0.0152265303506701,0.0207638225456072,-0.2656346585485287,0.5067658925126932,0.054147678922874,-0.1816818230618753,0.6566050440709524,0.0953910748710604,-0.2324619510966045
SPY,100,0.01,39,8,2,AND,0.4760506292915507,0.070210574018183,-0.1906292671557347,3.5064079091907727,-0.1608169078926387,0.1858608835954414,0.039006171189742,-0.1294451991249144,0.4328771830595705,0.0427476719530073,-0.1749234766051206,0.7040058022318837,0.0903070130598957,-0.1829685676850969
SPY,100,0.01,39,8,4,AND,0.4748284452107495,0.0716406349716223,-0.2434784933598697,4.18308311973636,-0.1898572194395766,0.1574094680816729,0.0370179224191087,-0.1407791541931071,0.4234974699999333,0.0430906956607224,-0.1928457499551685,0.65608097166821,0.0886076469050634,-0.192845749955168
SPY,100,0.01,39,8,6,AND,0.4870669736245461,0.0739097437055178,-0.2668967134905359,4.429146832662029,-0.2149352929720706,0.1592857335527957,0.037367788012347,-0.1673764455210519,0.4761910477654489,0.0493238904173263,-0.1556873256931999,0.6571296517287426,0.091144302104442,-0.1632599860462816
SPY,100,0.01,39,8,8,AND,0.5256920004437411,0.0788159931549381,-0.2668967134905347,5.228853899670451,-0.2149352929720698,0.1975411349976758,0.0408093418099242,-0.1673764455210519,0.4702567104877755,0.0495206074922844,-0.1883999150420638,0.7613026756260471,0.1037857093808147,-0.1472476236462486
SPY,100,0.01,39,10,2,AND,0.4674430059926693,0.0698658180739189,-0.2567436580230657,3.8139875503478575,-0.1791706515816141,0.1444812632015158,0.0357249810548057,-0.1294451991249144,0.3771546129303217,0.0375748788513379,-0.1749234766051176,0.8154262815594365,0.1032128904226628,-0.170796730293367
SPY,100,0.01,39,10,4,AND,0.4908986933522324,0.073706455797448,-0.2434784933598687,4.121567191504943,-0.1898572194395772,0.1574094680816729,0.0370179224191087,-0.1407791541931071,0.4243766683778745,0.0432356617139171,-0.1928457499551676,0.6974363111957906,0.0943785585510683,-0.192845749955168
SPY,100,0.01,39,10,6,AND,0.5039600679812277,0.0759720532991172,-0.2668967134905359,4.306114976199194,-0.2149352929720706,0.1592857335527957,0.037367788012347,-0.1673764455210519,0.4919698828849728,0.0510257140432612,-0.1556873256931991,0.6967019619337836,0.0962086721153705,-0.1632599860462816
SPY,100,0.01,39,10,8,AND,0.5237005835454289,0.0788124288707681,-0.2668967134905347,4.552178689124864,-0.2149352929720698,0.1948549975673228,0.0405722771656977,-0.1673764455210519,0.4695062495769325,0.0497160091623098,-0.1857750595445451,0.7554512945008643,0.1038133122785596,-0.1472476236462486
SPY,100,0.01,39,12,2,AND,0.456390540959818,0.0694247609451224,-0.266896713490535,4.060051263273526,-0.21493529297207,0.0870250461431481,0.0309918748062485,-0.1673764455210519,0.3481667890943634,0.0353169102130954,-0.1886380883898568,0.7771869583161484,0.1008101725874786,-0.1886380883898581
SPY,100,0.01,39,12,4,AND,0.4927526702816049,0.0741776509830478,-0.2668967134905343,4.18308311973636,-0.2149352929720696,0.11771386872232,0.0336707011487353,-0.1673764455210519,0.4490865583655958,0.0459813864616702,-0.1713831970906842,0.73753651791079,0.0994043027233422,-0.171383197090684
SPY,100,0.01,39,12,6,AND,0.511657176400311,0.0772774086055982,-0.2668967134905359,4.244599047967777,-0.2149352929720706,0.1592857335527957,0.037367788012347,-0.1673764455210519,0.4463949396124652,0.0468770756361718,-0.1595266634574392,0.7624811654135998,0.10491352001692,-0.1632599860462816
SPY,100,0.01,39,12,8,AND,0.5469943002856628,0.0817697710454534,-0.2668967134905347,4.306114976199194,-0.2149352929720698,0.1948549975673228,0.0405722771656977,-0.1673764455210519,0.497030724632717,0.0530644301981664,-0.1900389143412403,0.8045407437793511,0.1101610088276894,-0.1472476236462486
SPY,100,0.01,39,15,2,AND,0.4663893378118368,0.0706386143275841,-0.266896713490535,4.121567191504943,-0.21493529297207,0.0870250461431481,0.0309918748062485,-0.1673764455210519,0.4082479010544915,0.0415473985226673,-0.1886380883898587,0.7514903462065775,0.0982727524483009,-0.1886380883898581
SPY,100,0.01,39,15,4,AND,0.4968955614932512,0.0746518247274763,-0.2668967134905343,4.18308311973636,-0.2149352929720696,0.11771386872232,0.0336707011487353,-0.1673764455210519,0.4635769374914599,0.0474856846579585,-0.1713831970906842,0.73753651791079,0.0994043027233422,-0.171383197090684
SPY,100,0.01,39,15,6,AND,0.5212468673422971,0.0785901343846615,-0.2668967134905359,4.244599047967777,-0.2149352929720706,0.1592857335527957,0.037367788012347,-0.1673764455210519,0.4797548391339953,0.0510368656820452,-0.1816818230618762,0.7624811654135998,0.10491352001692,-0.1632599860462816
SPY,100,0.01,39,15,8,AND,0.5498397466220395,0.0821113735548169,-0.2668967134905347,4.306114976199194,-0.2149352929720698,0.1948549975673228,0.0405722771656977,-0.1673764455210519,0.5067658925126932,0.054147678922874,-0.1816818230618753,0.8045407437793511,0.1101610088276894,-0.1472476236462486
SPY,100,0.01,39,18,2,AND,0.4855253104187954,0.0728777267611129,-0.266896713490535,4.121567191504943,-0.21493529297207,0.0870250461431481,0.0309918748062485,-0.1673764455210519,0.474619855116708,0.0486573844484761,-0.188638088389857,0.7514903462065775,0.0982727524483009,-0.1886380883898581
SPY,100,0.01,39,18,4,AND,0.5110039182399132,0.0763370790105799,-0.2668967134905343,4.18308311973636,-0.2149352929720696,0.11771386872232,0.0336707011487353,-0.1673764455210519,0.512655646393671,0.0528442218646318,-0.171383197090684,0.73753651791079,0.0994043027233422,-0.171383197090684
SPY,100,0.01,39,18,6,AND,0.5263879093493987,0.0792392580058181,-0.2668967134905359,4.244599047967777,-0.2149352929720706,0.1592857335527957,0.037367788012347,-0.1673764455210519,0.4973483135023867,0.0530980464577957,-0.1816818230618753,0.7624811654135998,0.10491352001692,-0.1632599860462816
SPY,100,0.01,39,18,8,AND,0.5498397466220395,0.0821113735548169,-0.2668967134905347,4.306114976199194,-0.2149352929720698,0.1948549975673228,0.0405722771656977,-0.1673764455210519,0.5067658925126932,0.054147678922874,-0.1816818230618753,0.8045407437793511,0.1101610088276894,-0.1472476236462486
SPY,100,0.01,52,8,2,AND,0.4283368466037168,0.0646021061375927,-0.1906292671557347,3.5064079091907727,-0.1608169078926387,-0.0217722912088295,0.0227879125374705,-0.1294451991249144,0.4328771830595705,0.0427476719530073,-0.1749234766051206,0.6860914185280722,0.0883622574045239,-0.1829685676850969
SPY,100,0.01,52,8,4,AND,0.4313909390283763,0.0662055681366677,-0.2434784933598697,4.121567191504943,-0.1898572194395766,-0.1036417495805845,0.0158566124276446,-0.1468912642211769,0.4156060350574999,0.0422658933223678,-0.1928457499551656,0.7083177340328389,0.0933222051853372,-0.192845749955168
SPY,100,0.01,52,8,6,AND,0.456402109785233,0.069667389700339,-0.2668967134905359,4.306114976199194,-0.2149352929720706,-0.1129344454659784,0.0147445499483012,-0.1673764455210519,0.4761910477654489,0.0493238904173263,-0.1556873256931999,0.7533164100719186,0.1005658315235455,-0.1632599860462816
SPY,100,0.01,52,8,8,AND,0.474413439695212,0.0721410740079206,-0.2668967134905347,5.105822043207617,-0.2149352929720698,-0.1024897564835068,0.0155326596080584,-0.1673764455210519,0.4702567104877755,0.0495206074922844,-0.1883999150420638,0.8084974944139353,0.1079245211719159,-0.1472476236462486
SPY,100,0.01,52,10,2,AND,0.4202160850473148,0.0642591568963149,-0.2567436580230657,3.8139875503478575,-0.1791706515816141,-0.0625167587122133,0.0195579397983214,-0.1500054317336193,0.3771546129303217,0.0375748788513379,-0.1749234766051176,0.7980110858322983,0.1012451148493336,-0.170796730293367
SPY,100,0.01,52,10,4,AND,0.4584489977244217,0.069354752698983,-0.2434784933598687,4.060051263273526,-0.1898572194395772,-0.1036417495805845,0.0158566124276446,-0.1468912642211769,0.4164986005161464,0.0424107447466617,-0.1928457499551669,0.7861306182568761,0.1027900963375323,-0.192845749955168
SPY,100,0.01,52,10,6,AND,0.4693144923952103,0.0712189793346484,-0.2668967134905359,4.244599047967777,-0.2149352929720706,-0.1129344454659784,0.0147445499483012,-0.1673764455210519,0.4919698828849728,0.0510257140432612,-0.1556873256931991,0.7784853976967968,0.1039850766935699,-0.1632599860462816
SPY,100,0.01,52,10,8,AND,0.477696627380662,0.0727257907587679,-0.2668967134905347,4.429146832662029,-0.2149352929720698,-0.1024897564835068,0.0155326596080584,-0.1673764455210519,0.4695062495769325,0.0497160091623098,-0.1857750595445451,0.8164845838891589,0.1096881283266066,-0.1472476236462486
SPY,100,0.01,52,12,2,AND,0.4098237997959261,0.0638204111395051,-0.266896713490535,4.060051263273526,-0.21493529297207,-0.1134585632957424,0.0148987144789609,-0.1673764455210519,0.3481667890943634,0.0353169102130954,-0.1886380883898568,0.7600677202379711,0.0988466826869396,-0.1886380883898581
SPY,100,0.01,52,12,4,AND,0.4549162810845004,0.0691836881100549,-0.2668967134905343,4.121567191504943,-0.2149352929720696,-0.1406434073083496,0.0125776943036104,-0.1673764455210519,0.4412754633796754,0.0451542983695052,-0.1713831970906832,0.8082200703985938,0.1056948763568366,-0.171383197090684
SPY,100,0.01,52,12,6,AND,0.4724450524905954,0.0719485757451099,-0.2668967134905359,4.18308311973636,-0.2149352929720706,-0.1129344454659784,0.0147445499483012,-0.1673764455210519,0.4463949396124652,0.0468770756361718,-0.1595266634574392,0.827997314235384,0.1108255727127007,-0.1632599860462816
SPY,100,0.01,52,12,8,AND,0.5015786234617353,0.0756664476681479,-0.2668967134905347,4.18308311973636,-0.2149352929720698,-0.1024897564835068,0.0155326596080584,-0.1673764455210519,0.497030724632717,0.0530644301981664,-0.1900389143412403,0.8657604812489563,0.1160696091661956,-0.1472476236462486
SPY,100,0.01,52,15,2,AND,0.4200669902463735,0.0650279032900067,-0.266896713490535,4.121567191504943,-0.21493529297207,-0.1134585632957424,0.0148987144789609,-0.1673764455210519,0.4082479010544915,0.0415473985226673,-0.1886380883898587,0.7343821769716457,0.0963137884859661,-0.1886380883898581
SPY,100,0.01,52,15,4,AND,0.4614149028720575,0.0699155320703441,-0.2668967134905343,4.121567191504943,-0.2149352929720696,-0.1406434073083496,0.0125776943036104,-0.1673764455210519,0.4635769374914599,0.0474856846579585,-0.1713831970906842,0.8082200703985938,0.1056948763568366,-0.171383197090684
SPY,100,0.01,52,15,6,AND,0.4823450990161848,0.0732548080284287,-0.2668967134905359,4.18308311973636,-0.2149352929720706,-0.1129344454659784,0.0147445499483012,-0.1673764455210519,0.4797548391339953,0.0510368656820452,-0.1816818230618762,0.827997314235384,0.1108255727127007,-0.1632599860462816
SPY,100,0.01,52,15,8,AND,0.50447956237765,0.0760061228629966,-0.2668967134905347,4.18308311973636,-0.2149352929720698,-0.1024897564835068,0.0155326596080584,-0.1673764455210519,0.5067658925126932,0.054147678922874,-0.1816818230618753,0.8657604812489563,0.1160696091661956,-0.1472476236462486
SPY,100,0.01,52,18,2,AND,0.4395663514712047,0.0672552815933844,-0.266896713490535,4.121567191504943,-0.21493529297207,-0.1134585632957424,0.0148987144789609,-0.1673764455210519,0.474619855116708,0.0486573844484761,-0.188638088389857,0.7343821769716457,0.0963137884859661,-0.1886380883898581
SPY,100,0.01,52,18,4,AND,0.4758327906599285,0.0715933589641273,-0.2668967134905343,4.121567191504943,-0.2149352929720696,-0.1406434073083496,0.0125776943036104,-0.1673764455210519,0.512655646393671,0.0528442218646318,-0.171383197090684,0.8082200703985938,0.1056948763568366,-0.171383197090684
SPY,100,0.01,52,18,6,AND,0.4876146138943101,0.0739007207112927,-0.2668967134905359,4.18308311973636,-0.2149352929720706,-0.1129344454659784,0.0147445499483012,-0.1673764455210519,0.4973483135023867,0.0530980464577957,-0.1816818230618753,0.827997314235384,0.1108255727127007,-0.1632599860462816
SPY,100,0.01,52,18,8,AND,0.50447956237765,0.0760061228629966,-0.2668967134905347,4.18308311973636,-0.2149352929720698,-0.1024897564835068,0.0155326596080584,-0.1673764455210519,0.5067658925126932,0.054147678922874,-0.1816818230618753,0.8657604812489563,0.1160696091661956,-0.1472476236462486
SPY,100,0.02,26,8,2,AND,0.4982707962866599,0.0740963954834375,-0.1946706486755424,2.5221530574881,-0.1578967355300382,0.2216620019651634,0.042825514350099,-0.1429676754953376,0.5580277994954506,0.0564838137714078,-0.168489842162569,0.6707205723264621,0.0890827187560665,-0.1906076106599589
SPY,100,0.02,26,8,4,AND,0.4813981171686256,0.0737605923796111,-0.2405812814887489,2.9527645551080197,-0.1688602734402153,0.1916841124818253,0.0407075956358842,-0.1681801347673154,0.4965418614407092,0.0518141221388088,-0.1550181994257244,0.6415994140451998,0.0887950977078231,-0.164322373573563
SPY,100,0.02,26,8,6,AND,0.463594828003992,0.0724540761009016,-0.3226672530649628,3.444891980959356,-0.1994771868836193,0.104517505378973,0.0326419593120619,-0.258091984646226,0.5133563843161905,0.0542911791387938,-0.1810133850064544,0.6392212806090684,0.0906127911509453,-0.185917185235225
SPY,100,0.02,26,8,8,AND,0.4592716556203403,0.0727688714598693,-0.3454087034034954,4.798242402050532,-0.2135908206125074,0.0466928975868156,0.0270438711399811,-0.2830015499422701,0.4975192371046965,0.0535090994617906,-0.2125046170873865,0.700065728539651,0.0996209102894649,-0.1833524825513945
SPY,100,0.02,26,10,2,AND,0.4966130234059481,0.0745291781367059,-0.2412909801358524,2.583668985719517,-0.1578967355300378,0.2025985517361296,0.0411787971494677,-0.1437470041439157,0.4744010561169364,0.0484007059096966,-0.168489842162569,0.817183572219025,0.1065397089992103,-0.151771148955941
SPY,100,0.02,26,10,4,AND,0.5016234302160416,0.0764679030570856,-0.2742852063237043,2.829732698645185,-0.1729206173415257,0.1389326403621454,0.035861495537258,-0.2050973104052628,0.4965418614407092,0.0518141221388088,-0.1550181994257244,0.7542008322421627,0.102773852019272,-0.1406016966508403
SPY,100,0.02,26,10,6,AND,0.4289018605358084,0.068966110624224,-0.3832526104599694,3.3218601244965216,-0.2152438860603251,-0.0266075878530896,0.0198414538125095,-0.324453403709195,0.4848559188954555,0.0515530606460241,-0.2020036242926258,0.6685386581749402,0.0951448551608606,-0.185917185235225
SPY,100,0.02,26,10,8,AND,0.4345567770442541,0.0702429132461279,-0.3781943407986831,3.5679238374221898,-0.2152438860603251,-0.0355830170846382,0.0187575516332265,-0.3189128908334924,0.4770853398824407,0.0515380804246408,-0.2270915360060249,0.7114380446829576,0.1019208306990258,-0.163315961371004
SPY,100,0.02,26,12,2,AND,0.4801084885524352,0.0733547616177154,-0.2708471641235268,2.768216770413768,-0.2152438860603239,0.1161763019737647,0.0336559774790763,-0.2013314935641645,0.4495258571427123,0.0466630140272512,-0.168489842162569,0.7858206933397129,0.104704195646887,-0.1517711489559406
SPY,100,0.02,26,12,4,AND,0.4873521564671549,0.0748816394610234,-0.3114214508849496,2.8912486268766022,-0.2152438860603247,0.0795479857954803,0.0302822556447714,-0.2457740348435821,0.4999317706515049,0.0522970884524065,-0.1550181994257244,0.7568164835569468,0.1032806206749583,-0.1406016966508396
SPY,100,0.02,26,12,6,AND,0.4224345740780942,0.0685111652168475,-0.4047073145743682,3.1988282680336875,-0.2152438860603251,-0.0999072645078384,0.0125549349835016,-0.3479535475034292,0.4758642467746486,0.050950502597125,-0.2065572894690511,0.7175652822955443,0.1019305755299575,-0.185917185235225
SPY,100,0.02,26,12,8,AND,0.445877475393493,0.0718859527315718,-0.3799460495660943,3.2603441962651045,-0.2152438860603251,-0.0740479328471755,0.014873172119173,-0.3208316032846314,0.5258499888017016,0.0572556199810021,-0.2099710166895193,0.7334211432356963,0.1055596719943758,-0.1815344988041703
SPY,100,0.02,26,15,2,AND,0.4854844863401821,0.0739925442739701,-0.2708471641235268,2.768216770413768,-0.2152438860603239,0.1161763019737647,0.0336559774790763,-0.2013314935641645,0.4682426677657837,0.048689575219142,-0.168489842162569,0.7858206933397129,0.104704195646887,-0.1517711489559406
SPY,100,0.02,26,15,4,AND,0.4873521564671549,0.0748816394610234,-0.3114214508849496,2.8912486268766022,-0.2152438860603247,0.0795479857954803,0.0302822556447714,-0.2457740348435821,0.4999317706515049,0.0522970884524065,-0.1550181994257244,0.7568164835569468,0.1032806206749583,-0.1406016966508396
SPY,100,0.02,26,15,6,AND,0.4339770833413514,0.0700817118562242,-0.4047073145743682,3.1988282680336875,-0.2152438860603251,-0.0999072645078384,0.0125549349835016,-0.3479535475034292,0.4972438527993755,0.053893432587925,-0.2099710166895184,0.7334194650204238,0.1041234697982567,-0.185917185235225
SPY,100,0.02,26,15,8,AND,0.4415280328881423,0.0713656681772525,-0.3799460495660943,3.2603441962651045,-0.2152438860603251,-0.0740479328471755,0.014873172119173,-0.3208316032846314,0.5258499888017016,0.0572556199810021,-0.2099710166895193,0.7187652424917632,0.103811781944006,-0.194352415453605
SPY,100,0.02,26,18,2,AND,0.500700665921879,0.0758449411204094,-0.2708471641235268,2.768216770413768,-0.2152438860603239,0.1161763019737647,0.0336559774790763,-0.2013314935641645,0.5207871125327982,0.0545910003084906,-0.1684898421625691,0.7858206933397129,0.104704195646887,-0.1517711489559406
SPY,100,0.02,26,18,4,AND,0.5130316109894923,0.0780038473886091,-0.2980876080992901,2.8912486268766022,-0.2152438860603247,0.1282373181215035,0.0348851100109559,-0.2311689756863039,0.5476309741763198,0.0576802389656156,-0.1550181994257261,0.7568164835569468,0.1032806206749583,-0.1406016966508396
SPY,100,0.02,26,18,6,AND,0.4390096656945036,0.0707257148872082,-0.4047073145743682,3.1988282680336875,-0.2152438860603251,-0.0999072645078384,0.0125549349835016,-0.3479535475034292,0.5144283944484462,0.055960215356319,-0.2099710166895193,0.7334194650204238,0.1041234697982567,-0.185917185235225
SPY,100,0.02,26,18,8,AND,0.4422608213132135,0.0714553581208183,-0.3799460495660943,3.3218601244965216,-0.2152438860603251,-0.0740479328471755,0.014873172119173,-0.3208316032846314,0.5258499888017016,0.0572556199810021,-0.2099710166895193,0.7211841511314023,0.1041129575524064,-0.1921567483205212
SPY,100,0.02,39,8,2,AND,0.4724280241744827,0.0704799165312226,-0.1946706486755437,2.460637129256683,-0.1578967355300382,0.2102879538570496,0.0410909762001698,-0.1429676754953376,0.4996670246792128,0.0503038425785937,-0.18603336638749,0.6550035947556349,0.0866708106189033,-0.1906076106599586
SPY,100,0.02,39,8,4,AND,0.4844436702151992,0.0733092177661791,-0.2277500259434124,2.829732698645185,-0.1688602734402162,0.1961574180582395,0.04031194351264,-0.1541255783041683,0.4782921959361478,0.0498505352805853,-0.1706363422555473,0.6604037813683353,0.0904144678705554,-0.164322373573563
SPY,100,0.02,39,8,6,AND,0.4833536990372088,0.0738718529643525,-0.2561976020329681,3.0757964115708534,-0.1994771868836193,0.1912361253189455,0.0400116760608642,-0.1852852776007539,0.4939660588058467,0.0521758017030162,-0.1972727333389498,0.6371563551054056,0.0899393487054012,-0.185917185235225
SPY,100,0.02,39,8,8,AND,0.5182957939112391,0.0784570367626491,-0.2693112253296087,3.9985353350421096,-0.2135908206125074,0.207249442459911,0.0415554047652795,-0.1996491220747329,0.490283952380691,0.0526149065668792,-0.2191526898198771,0.7550504215572876,0.1044756799850941,-0.1549609341603703
SPY,100,0.02,39,10,2,AND,0.4756647593100536,0.0714593530932534,-0.2412909801358524,2.5221530574881,-0.1578967355300378,0.1845619269646417,0.0390148952028002,-0.1429676754953376,0.4161496127518693,0.0422680173851852,-0.1860333663874901,0.8034064098016435,0.1040891402019406,-0.1517711489559402
SPY,100,0.02,39,10,4,AND,0.5086926207606843,0.0764578859315199,-0.2315226773668106,2.706700842182351,-0.1729206173415257,0.1890121895755543,0.0397882668147793,-0.158257905203789,0.4782921959361478,0.0498505352805853,-0.1706363422555473,0.7379701281568726,0.100736618900576,-0.1406016966508403
SPY,100,0.02,39,10,6,AND,0.5048664966666708,0.0766410367635985,-0.2708471641235285,2.8912486268766022,-0.2152438860603251,0.1658550125292958,0.0378868136163497,-0.2013314935641645,0.509366514943005,0.0538822506405916,-0.1841794304070221,0.7125145678852494,0.0995348285991561,-0.185917185235225
SPY,100,0.02,39,10,8,AND,0.5141637278992381,0.0782952506000416,-0.2708471641235285,3.1373123398022704,-0.2152438860603251,0.1869583648360961,0.0398447826957495,-0.2013314935641645,0.4894887642741676,0.052810884339177,-0.2176999870603726,0.7566290077590829,0.1055003205562872,-0.163315961371004
SPY,100,0.02,39,12,2,AND,0.4590969541946162,0.0702882917676956,-0.2708471641235268,2.706700842182351,-0.2152438860603239,0.0930713792782229,0.0315077103534151,-0.2013314935641645,0.3923676628740816,0.0405404902451007,-0.1860333663874901,0.7717703730763817,0.1022576918205455,-0.151771148955941
SPY,100,0.02,39,12,4,AND,0.4991807250061511,0.0754816764641785,-0.2708471641235283,2.768216770413768,-0.2152438860603247,0.1239925748516956,0.0341878769914805,-0.2013314935641645,0.4817379651708271,0.0503325999650012,-0.1706363422555473,0.7568164835569468,0.1032806206749583,-0.1406016966508396
SPY,100,0.02,39,12,6,AND,0.5121860624641864,0.0779134101722787,-0.2708471641235285,2.829732698645185,-0.2152438860603251,0.1658550125292958,0.0378868136163497,-0.2013314935641645,0.4647368412922702,0.0497223368315007,-0.2157664843064403,0.7757403457185863,0.1081528641468798,-0.185917185235225
SPY,100,0.02,39,12,8,AND,0.5416626394038934,0.081792198979512,-0.2708471641235285,2.8912486268766022,-0.2152438860603251,0.1869583648360961,0.0398447826957495,-0.2013314935641645,0.5163313893633645,0.0561691775166934,-0.218039203994821,0.8191150360951018,0.1136718227201267,-0.1549609341603703
SPY,100,0.02,39,15,2,AND,0.469354059873737,0.0714989583905316,-0.2708471641235268,2.706700842182351,-0.2152438860603239,0.0930713792782229,0.0315077103534151,-0.2013314935641645,0.4278231522760186,0.0443781744228009,-0.1860333663874901,0.7717703730763817,0.1022576918205455,-0.151771148955941
SPY,100,0.02,39,15,4,AND,0.4991807250061511,0.0754816764641785,-0.2708471641235283,2.768216770413768,-0.2152438860603247,0.1239925748516956,0.0341878769914805,-0.2013314935641645,0.4817379651708271,0.0503325999650012,-0.1706363422555473,0.7568164835569468,0.1032806206749583,-0.1406016966508396
SPY,100,0.02,39,15,6,AND,0.5216838462699792,0.0792269109565964,-0.2708471641235285,2.829732698645185,-0.2152438860603251,0.1658550125292958,0.0378868136163497,-0.2013314935641645,0.4972438527993755,0.053893432587925,-0.2099710166895184,0.7757403457185863,0.1081528641468798,-0.185917185235225
SPY,100,0.02,39,15,8,AND,0.5444740876326544,0.0821338085711944,-0.2708471641235285,2.8912486268766022,-0.2152438860603251,0.1869583648360961,0.0398447826957495,-0.2013314935641645,0.5258499888017016,0.0572556199810021,-0.2099710166895193,0.8191150360951018,0.1136718227201267,-0.1549609341603703
SPY,100,0.02,39,18,2,AND,0.4882522129189668,0.0737398701306266,-0.2708471641235268,2.706700842182351,-0.2152438860603239,0.0930713792782229,0.0315077103534151,-0.2013314935641645,0.4925084417157502,0.051507484266885,-0.1860333663874912,0.7717703730763817,0.1022576918205455,-0.151771148955941
SPY,100,0.02,39,18,4,AND,0.5131186801350398,0.0771682321094178,-0.2708471641235283,2.768216770413768,-0.2152438860603247,0.1239925748516956,0.0341878769914805,-0.2013314935641645,0.5296008948178118,0.0557057009044492,-0.1706363422555484,0.7568164835569468,0.1032806206749583,-0.1406016966508396
SPY,100,0.02,39,18,6,AND,0.5267691280494969,0.0798764178064705,-0.2708471641235285,2.829732698645185,-0.2152438860603251,0.1658550125292958,0.0378868136163497,-0.2013314935641645,0.5144283944484462,0.055960215356319,-0.2099710166895193,0.7757403457185863,0.1081528641468798,-0.185917185235225
SPY,100,0.02,39,18,8,AND,0.5444740876326544,0.0821338085711944,-0.2708471641235285,2.8912486268766022,-0.2152438860603251,0.1869583648360961,0.0398447826957495,-0.2013314935641645,0.5258499888017016,0.0572556199810021,-0.2099710166895193,0.8191150360951018,0.1136718227201267,-0.1549609341603703
SPY,100,0.02,52,8,2,AND,0.425346274862195,0.0648700371538018,-0.1946706486755437,2.460637129256683,-0.1578967355300382,0.0064989399651455,0.0248401750011497,-0.1429676754953376,0.4996670246792128,0.0503038425785937,-0.18603336638749,0.6374000440768164,0.0847325407745704,-0.1906076106599586
SPY,100,0.02,52,8,4,AND,0.4416735872713602,0.0678656883377839,-0.2277500259434124,2.768216770413768,-0.1688602734402162,-0.0633606814081072,0.0190834159736554,-0.1541255783041683,0.4706648662514773,0.049020387739221,-0.1706363422555473,0.7113360343908259,0.0951368511580921,-0.164322373573563
SPY,100,0.02,52,8,6,AND,0.4528189845715314,0.0696296486420857,-0.2561976020329681,2.9527645551080197,-0.1994771868836193,-0.0844838355149328,0.0173307792672641,-0.1852852776007539,0.4939660588058467,0.0521758017030162,-0.1972727333389498,0.7310058816444365,0.0993504739058546,-0.185917185235225
SPY,100,0.02,52,8,8,AND,0.4722381148422996,0.07235424377136,-0.2693112253296087,3.875503478579276,-0.2135908206125074,-0.0956879545050571,0.0162606039748629,-0.1996491220747329,0.490283952380691,0.0526149065668792,-0.2191526898198771,0.8169832737610272,0.1105393528144207,-0.1549609341603703
SPY,100,0.02,52,10,2,AND,0.429259379409723,0.0658443409516527,-0.2412909801358524,2.5221530574881,-0.1578967355300378,-0.0202140394333846,0.0227965003739551,-0.1429676754953376,0.4161496127518693,0.0422680173851852,-0.1860333663874901,0.7864210412933911,0.1021198016819431,-0.1517711489559402
SPY,100,0.02,52,10,4,AND,0.4769546899025253,0.0720950313614632,-0.2315226773668106,2.645184913950934,-0.1729206173415257,-0.0682694201782711,0.0185704253832372,-0.158257905203789,0.4706648662514773,0.049020387739221,-0.1706363422555473,0.824729591320382,0.1091970255765668,-0.1406016966508403
SPY,100,0.02,52,10,6,AND,0.470557939476782,0.0718850075849326,-0.2708471641235285,2.829732698645185,-0.2152438860603251,-0.1084528642136219,0.015252256481153,-0.2013314935641645,0.509366514943005,0.0538822506405916,-0.1841794304070221,0.7924901244384258,0.1073348286288113,-0.185917185235225
SPY,100,0.02,52,10,8,AND,0.4771032317680321,0.0731667136230602,-0.2708471641235285,3.0142804833394363,-0.2152438860603251,-0.0979176988328069,0.0160407604553449,-0.2013314935641645,0.4894887642741676,0.052810884339177,-0.2176999870603726,0.8319641425187044,0.1133111871139169,-0.163315961371004
SPY,100,0.02,52,12,2,AND,0.4131535611709896,0.0646794166051063,-0.2708471641235268,2.706700842182351,-0.2152438860603239,-0.1089382575123153,0.0154064981448605,-0.2013314935641645,0.3923676628740816,0.0405404902451007,-0.1860333663874901,0.7550754913574472,0.1002916200130927,-0.151771148955941
SPY,100,0.02,52,12,4,AND,0.4621848615136339,0.0705152115498941,-0.2708471641235283,2.706700842182351,-0.2152438860603247,-0.1364268061371545,0.0130843166948761,-0.2013314935641645,0.4741346666315115,0.0495020712409837,-0.1706363422555473,0.8271550492898906,0.1097067459371954,-0.1406016966508396
SPY,100,0.02,52,12,6,AND,0.4736918172362672,0.0726150576204978,-0.2708471641235285,2.768216770413768,-0.2152438860603251,-0.1084528642136219,0.015252256481153,-0.2013314935641645,0.4647368412922702,0.0497223368315007,-0.2157664843064403,0.840987697568776,0.1141960803313852,-0.185917185235225
SPY,100,0.02,52,12,8,AND,0.5007336495403283,0.0761085792316984,-0.2708471641235285,2.768216770413768,-0.2152438860603251,-0.0979176988328069,0.0160407604553449,-0.2013314935641645,0.5163313893633645,0.0561691775166934,-0.218039203994821,0.8802232582515075,0.1197135030689238,-0.1549609341603703
SPY,100,0.02,52,15,2,AND,0.4236025755281308,0.0658837386962838,-0.2708471641235268,2.706700842182351,-0.2152438860603239,-0.1089382575123153,0.0154064981448605,-0.2013314935641645,0.4278231522760186,0.0443781744228009,-0.1860333663874901,0.7550754913574472,0.1002916200130927,-0.151771148955941
SPY,100,0.02,52,15,4,AND,0.4644311130867645,0.0707752950786591,-0.2708471641235283,2.706700842182351,-0.2152438860603247,-0.1364268061371545,0.0130843166948761,-0.2013314935641645,0.4817379651708271,0.0503325999650012,-0.1706363422555473,0.8271550492898906,0.1097067459371954,-0.1406016966508396
SPY,100,0.02,52,15,6,AND,0.4834893214887761,0.0739221020511171,-0.2708471641235285,2.768216770413768,-0.2152438860603251,-0.1084528642136219,0.015252256481153,-0.2013314935641645,0.4972438527993755,0.053893432587925,-0.2099710166895184,0.840987697568776,0.1141960803313852,-0.185917185235225
SPY,100,0.02,52,15,8,AND,0.503601424741886,0.0764483940433633,-0.2708471641235285,2.768216770413768,-0.2152438860603251,-0.0979176988328069,0.0160407604553449,-0.2013314935641645,0.5258499888017016,0.0572556199810021,-0.2099710166895193,0.8802232582515075,0.1197135030689238,-0.1549609341603703
SPY,100,0.02,52,18,2,AND,0.4428502593788522,0.0681129068769121,-0.2708471641235268,2.706700842182351,-0.2152438860603239,-0.1089382575123153,0.0154064981448605,-0.2013314935641645,0.4925084417157502,0.051507484266885,-0.1860333663874912,0.7550754913574472,0.1002916200130927,-0.151771148955941
SPY,100,0.02,52,18,4,AND,0.4786680239437938,0.0724544702410241,-0.2708471641235283,2.706700842182351,-0.2152438860603247,-0.1364268061371545,0.0130843166948761,-0.2013314935641645,0.5296008948178118,0.0557057009044492,-0.1706363422555484,0.8271550492898906,0.1097067459371954,-0.1406016966508396
SPY,100,0.02,52,18,6,AND,0.4886988865819681,0.0745684163288951,-0.2708471641235285,2.768216770413768,-0.2152438860603251,-0.1084528642136219,0.015252256481153,-0.2013314935641645,0.5144283944484462,0.055960215356319,-0.2099710166895193,0.840987697568776,0.1141960803313852,-0.185917185235225
SPY,100,0.02,52,18,8,AND,0.503601424741886,0.0764483940433633,-0.2708471641235285,2.768216770413768,-0.2152438860603251,-0.0979176988328069,0.0160407604553449,-0.2013314935641645,0.5258499888017016,0.0572556199810021,-0.2099710166895193,0.8802232582515075,0.1197135030689238,-0.1549609341603703
SPY,100,0.03,26,8,2,AND,0.4267600370710547,0.0668083121505502,-0.2151225735985443,2.153057488099597,-0.1474883659174787,0.0423690898097463,0.0269645089024381,-0.1644240336694983,0.5610491401600519,0.058219046716738,-0.2151225735985438,0.7195255205370304,0.0960525525631053,-0.1906076106599583
SPY,100,0.03,26,8,4,AND,0.4192809160919438,0.0672243681768058,-0.2821299804168417,2.460637129256683,-0.1585874128081413,0.0290181057544639,0.0254906720360876,-0.1904468115028827,0.4850036928922023,0.0516604585353381,-0.2123480191443237,0.7307668912593323,0.1009752764621505,-0.1643223735735628
SPY,100,0.03,26,8,6,AND,0.4055558082771966,0.0662060165681404,-0.3440944545878116,2.8912486268766022,-0.1585874128081404,-0.0594643606522321,0.0169339836424744,-0.2603251129644527,0.5025181164929449,0.0542836549138825,-0.212348019144324,0.7375563521832765,0.1042492056228825,-0.1859171852352245
SPY,100,0.03,26,8,8,AND,0.3887144407973638,0.0648740668723026,-0.3895130250846871,4.306114976199194,-0.1773679895960572,-0.1461582407242619,0.0080135712186342,-0.3082419290373019,0.4751039851057685,0.0520727095973883,-0.2123480191443215,0.8065127168189437,0.1150162812154551,-0.1968078774944514
SPY,100,0.03,26,10,2,AND,0.4339617320904253,0.0682176346007767,-0.2588855360273517,2.030025631636763,-0.1679413206227923,0.0423690898097463,0.0269645089024381,-0.1644240336694983,0.4928796640815866,0.0515983028019135,-0.2151225735985447,0.8980201586640119,0.118138978367225,-0.1517711489559403
SPY,100,0.03,26,10,4,AND,0.4474188888535931,0.0709298539758243,-0.3299842968564731,2.2145734163310147,-0.1827859979760538,-0.0201843396959053,0.020715430202806,-0.2263757649904844,0.4976233138530331,0.0531382595898233,-0.212348019144323,0.8738033219921949,0.1196341655881139,-0.1406016966508398
SPY,100,0.03,26,10,6,AND,0.3788139268534804,0.0635639656792246,-0.4112791843642881,2.645184913950934,-0.1827859979760551,-0.1667489503256672,0.0058777522230177,-0.3202417667324536,0.486541954885831,0.052876869444578,-0.2123480191443237,0.7823192746083163,0.111198030933368,-0.1859171852352245
SPY,100,0.03,26,10,8,AND,0.366817160616752,0.0626112633662967,-0.4275314309878386,2.9527645551080197,-0.1827859979760551,-0.2092225445487759,0.0010797134203361,-0.3390071953669487,0.4668030685380188,0.0514338667870188,-0.2123480191443232,0.818400385762528,0.1175726103401888,-0.1730553327387139
SPY,100,0.03,26,12,2,AND,0.4464214056672629,0.0702121290153492,-0.2618844284590508,2.09154155986818,-0.1827859979760547,0.0234541916891212,0.0250654832328121,-0.1644240336694993,0.50841451443061,0.0542628277894323,-0.2151225735985447,0.9045352374171256,0.1209743599159289,-0.1517711489559408
SPY,100,0.03,26,12,4,AND,0.4604144258639849,0.0725276631703555,-0.3299842968564731,2.153057488099597,-0.1827859979760538,-0.0201843396959053,0.020715430202806,-0.2263757649904844,0.5423142078333965,0.0582634789263869,-0.212348019144323,0.9150087744459036,0.1250873402820242,-0.14060169665084
SPY,100,0.03,26,12,6,AND,0.3800483939838681,0.0640915038349467,-0.4266042290119826,2.460637129256683,-0.1827859979760551,-0.2246568136097828,-0.0003813184563561,-0.3379366146090556,0.4946251309865969,0.0543501533677208,-0.2123480191443238,0.8673516430407555,0.1231532583539662,-0.1859171852352248
SPY,100,0.03,26,12,8,AND,0.3852501037930039,0.0651325542423255,-0.4104341498074485,2.5221530574881,-0.1827859979760551,-0.2116400739196657,0.0005749070838965,-0.3192660594325718,0.507422786192919,0.0564817571969109,-0.2123480191443241,0.854835342352181,0.1234153911360818,-0.1919129432904669
SPY,100,0.03,26,15,2,AND,0.4474020145475233,0.0703282941892586,-0.2618844284590508,2.09154155986818,-0.1827859979760547,0.0234541916891212,0.0250654832328121,-0.1644240336694993,0.5117679082330763,0.0546355115525316,-0.2123480191443246,0.9045352374171256,0.1209743599159289,-0.1517711489559408
SPY,100,0.03,26,15,4,AND,0.4604144258639849,0.0725276631703555,-0.3299842968564731,2.153057488099597,-0.1827859979760538,-0.0201843396959053,0.020715430202806,-0.2263757649904844,0.5423142078333965,0.0582634789263869,-0.212348019144323,0.9150087744459036,0.1250873402820242,-0.14060169665084
SPY,100,0.03,26,15,6,AND,0.3840538101285506,0.0647815253257644,-0.4351368978981536,2.460637129256683,-0.1827859979760551,-0.2377611621137049,-0.0019210283008943,-0.3477887410721856,0.5060313777255417,0.0562161125048923,-0.2123480191443254,0.8810101004506452,0.1252283535075089,-0.1859171852352248
SPY,100,0.03,26,15,8,AND,0.3726329782922121,0.0636411175114968,-0.4192074446952334,2.5221530574881,-0.18772315537418,-0.2247167156653819,-0.0009662756321533,-0.329396021333813,0.507422786192919,0.0564817571969109,-0.2123480191443241,0.8272683399933026,0.119978916948721,-0.2162372697272064
SPY,100,0.03,26,18,2,AND,0.4577506458538894,0.071612249408177,-0.2618844284590508,2.09154155986818,-0.1827859979760547,0.0234541916891212,0.0250654832328121,-0.1644240336694993,0.5465480130156071,0.0587608086469575,-0.2123480191443247,0.9045352374171256,0.1209743599159289,-0.1517711489559408
SPY,100,0.03,26,18,4,AND,0.4693283409998035,0.0736463977298542,-0.3299842968564731,2.153057488099597,-0.1827859979760538,-0.0201843396959053,0.020715430202806,-0.2263757649904844,0.5725676342833048,0.0618622620234463,-0.2123480191443238,0.9150087744459036,0.1250873402820242,-0.14060169665084
SPY,100,0.03,26,18,6,AND,0.3845536290728366,0.0648637569189665,-0.4351368978981536,2.460637129256683,-0.1827859979760551,-0.2377611621137049,-0.0019210283008943,-0.3477887410721856,0.507422786192919,0.0564817571969109,-0.2123480191443241,0.8810101004506452,0.1252283535075089,-0.1859171852352248
SPY,100,0.03,26,18,8,AND,0.3772391965611785,0.0642210856105185,-0.4192074446952334,2.5221530574881,-0.1827859979760551,-0.2247167156653819,-0.0009662756321533,-0.329396021333813,0.507422786192919,0.0564817571969109,-0.2123480191443241,0.8418547522345492,0.1219703419852986,-0.2022229577547383
SPY,100,0.03,39,8,2,AND,0.4067737029873081,0.0639319824166888,-0.228694223278336,2.09154155986818,-0.147488365917478,0.0368710177028973,0.0267569695712044,-0.1245537082614469,0.5043422465195888,0.0520289251652763,-0.2286942232783368,0.7045931980665823,0.093625208868491,-0.1906076106599585
SPY,100,0.03,39,8,4,AND,0.4173655820412142,0.0662455155609871,-0.2338062125901001,2.399121201025266,-0.1585874128081413,0.0531303327474828,0.0280387157695956,-0.135951346784842,0.4672010201046001,0.0496971585451322,-0.212348019144323,0.705631740610925,0.0970849214147961,-0.1643223735735628
SPY,100,0.03,39,8,6,AND,0.4303735206417893,0.0683070006759183,-0.2338062125900994,2.583668985719517,-0.1585874128081404,0.0952241564192545,0.0317156589461147,-0.135951346784842,0.4836208956447045,0.0521682925750497,-0.2123480191443242,0.6934419298149468,0.0980347162841173,-0.1859171852352245
SPY,100,0.03,39,8,8,AND,0.4685423627593892,0.0732497937864797,-0.2509078836108532,3.752471622116442,-0.1773679895960572,0.0564180909406485,0.0282796608458058,-0.1511849741288833,0.4774229864196189,0.0522610458840895,-0.2123480191443241,0.878117849924567,0.1216670502625607,-0.1549609341603707
SPY,100,0.03,39,10,2,AND,0.4180340397903184,0.0657645573419021,-0.2523003310278232,1.9685097034053465,-0.1679413206227923,0.0368710177028973,0.0267569695712044,-0.1245537082614469,0.4364931833842036,0.045446909725167,-0.2286942232783351,0.8852845126868686,0.1156627215559114,-0.1517711489559404
SPY,100,0.03,39,10,4,AND,0.4479939721700489,0.0701854184655361,-0.2553258702494497,2.153057488099597,-0.1827859979760538,0.0475253432511613,0.0275212172218728,-0.1401724597546655,0.4798768189503501,0.0511722007559509,-0.2123480191443223,0.8161490330152641,0.1119629788436429,-0.1406016966508398
SPY,100,0.03,39,10,6,AND,0.4584703920789368,0.0718938944550005,-0.2553258702494499,2.276089344562432,-0.1827859979760551,0.0892900903491818,0.0311963094829303,-0.1401724597546655,0.5102999314912363,0.05520899167559,-0.2123480191443235,0.7843964288301069,0.1100591412115752,-0.1859171852352245
SPY,100,0.03,39,10,8,AND,0.4648485467786507,0.0731614778620752,-0.2553258702494499,2.583668985719517,-0.1827859979760551,0.0418535998956907,0.0269590034025268,-0.1401724597546655,0.4882233836976198,0.0537894251400539,-0.2123480191443223,0.8811859518099594,0.1232578792512186,-0.1633159613710039
SPY,100,0.03,39,12,2,AND,0.430835408055792,0.0677544715578966,-0.2553258702494501,2.030025631636763,-0.1827859979760547,0.0168004852498913,0.024858327675812,-0.1401724597546655,0.4533592305708553,0.0480958483994358,-0.2286942232783351,0.8919324392067615,0.1184918238021239,-0.1517711489559411
SPY,100,0.03,39,12,4,AND,0.4797261677648904,0.0740455386184946,-0.2553258702494497,2.030025631636763,-0.1827859979760538,0.0475253432511613,0.0275212172218728,-0.1401724597546655,0.524699630565305,0.0562878520394498,-0.2123480191443223,0.9150087744459036,0.1250873402820242,-0.14060169665084
SPY,100,0.03,39,12,6,AND,0.4913433388424121,0.0762688519572087,-0.2553258702494499,2.09154155986818,-0.1827859979760551,0.0892900903491818,0.0311963094829303,-0.1401724597546655,0.5073893304826145,0.055674128791703,-0.2123480191443252,0.9237274855539216,0.1293541051037976,-0.1859171852352248
SPY,100,0.03,39,12,8,AND,0.4954405517392492,0.0771254611325442,-0.2562100564554548,2.153057488099597,-0.1827859979760551,0.0383158212211117,0.0266163777964623,-0.1411933729571725,0.5306413027729504,0.0590460357305859,-0.2123480191443237,0.9547115233403488,0.1335869121285571,-0.1549609341603708
SPY,100,0.03,39,15,2,AND,0.4365726210237622,0.0684434371666606,-0.2553258702494501,2.030025631636763,-0.1827859979760547,0.0168004852498913,0.024858327675812,-0.1401724597546655,0.4726656227131293,0.050299665662763,-0.2123480191443233,0.8919324392067615,0.1184918238021239,-0.1517711489559411
SPY,100,0.03,39,15,4,AND,0.4797261677648904,0.0740455386184946,-0.2553258702494497,2.030025631636763,-0.1827859979760538,0.0475253432511613,0.0275212172218728,-0.1401724597546655,0.524699630565305,0.0562878520394498,-0.2123480191443223,0.9150087744459036,0.1250873402820242,-0.14060169665084
SPY,100,0.03,39,15,6,AND,0.4910815106356413,0.076438507314718,-0.2553258702494499,2.09154155986818,-0.1827859979760551,0.0892900903491818,0.0311963094829303,-0.1401724597546655,0.5060313777255417,0.0562161125048923,-0.2123480191443254,0.9237274855539216,0.1293541051037976,-0.1859171852352248
SPY,100,0.03,39,15,8,AND,0.4885419484404189,0.0763238772151631,-0.2562100564554548,2.153057488099597,-0.1827859979760551,0.0383158212211117,0.0266163777964623,-0.1411933729571725,0.507422786192919,0.0564817571969109,-0.2123480191443241,0.9547115233403488,0.1335869121285571,-0.1549609341603708
SPY,100,0.03,39,18,2,AND,0.4504721319519091,0.0701166215760371,-0.2553258702494501,2.030025631636763,-0.1827859979760547,0.0168004852498913,0.024858327675812,-0.1401724597546655,0.5191187739747655,0.0556651005129691,-0.2123480191443237,0.8919324392067615,0.1184918238021239,-0.1517711489559411
SPY,100,0.03,39,18,4,AND,0.4887594850804824,0.0751658564469186,-0.2553258702494497,2.030025631636763,-0.1827859979760538,0.0475253432511613,0.0275212172218728,-0.1401724597546655,0.5550690661063155,0.0598799167220607,-0.212348019144323,0.9150087744459036,0.1250873402820242,-0.14060169665084
SPY,100,0.03,39,18,6,AND,0.4915174191710169,0.0765216391603924,-0.2553258702494499,2.09154155986818,-0.1827859979760551,0.0892900903491818,0.0311963094829303,-0.1401724597546655,0.507422786192919,0.0564817571969109,-0.2123480191443241,0.9237274855539216,0.1293541051037976,-0.1859171852352248
SPY,100,0.03,39,18,8,AND,0.4885419484404189,0.0763238772151631,-0.2562100564554548,2.153057488099597,-0.1827859979760551,0.0383158212211117,0.0266163777964623,-0.1411933729571725,0.507422786192919,0.0564817571969109,-0.2123480191443241,0.9547115233403488,0.1335869121285571,-0.1549609341603708
SPY,100,0.03,52,8,2,AND,0.359517812000886,0.0583564176676756,-0.2286942232783345,2.09154155986818,-0.147488365917478,-0.173625616228906,0.0107299135562621,-0.1544800797118497,0.5043422465195888,0.0520289251652763,-0.2286942232783368,0.6875097017007561,0.091674534623229,-0.1906076106599585
SPY,100,0.03,52,8,4,AND,0.3763005779603988,0.0610955436767859,-0.2338062125901001,2.3376052727938488,-0.1585874128081413,-0.2093473416125804,0.0070606347959523,-0.1513823061904778,0.4672010201046001,0.0496971585451322,-0.212348019144323,0.7556926700818282,0.1018361932023168,-0.1643223735735628
SPY,100,0.03,52,8,6,AND,0.3991863962721695,0.064086779647436,-0.2338062125900994,2.460637129256683,-0.1585874128081404,-0.1814387003405662,0.0092156842635919,-0.1513823061904777,0.4836208956447045,0.0521682925750497,-0.2123480191443242,0.7857818787767185,0.107515741261946,-0.1859171852352245
SPY,100,0.03,52,8,8,AND,0.4227809336265791,0.0672482834514671,-0.2509078836108532,3.5064079091907727,-0.1773679895960572,-0.1911596141274726,0.0081540455989479,-0.1511849741288833,0.4774229864196189,0.0522610458840895,-0.2123480191443241,0.8999208520591139,0.1227847631465297,-0.1549609341603707
SPY,100,0.03,52,10,2,AND,0.3716479412847979,0.0601793889337063,-0.2523003310278232,1.9685097034053465,-0.1679413206227923,-0.173625616228906,0.0107299135562621,-0.1544800797118497,0.4364931833842036,0.045446909725167,-0.2286942232783351,0.8688846158268738,0.1136727395038432,-0.1517711489559404
SPY,100,0.03,52,10,4,AND,0.4178479904058573,0.0661069356539547,-0.2553258702494497,2.09154155986818,-0.1827859979760538,-0.2126021993062987,0.0065536962848027,-0.1513823061904784,0.4798768189503501,0.0511722007559509,-0.2123480191443223,0.9015463540169072,0.1205096728012404,-0.1406016966508398
SPY,100,0.03,52,10,6,AND,0.4237154211227228,0.0671588356337373,-0.2553258702494499,2.2145734163310147,-0.1827859979760551,-0.1849820641072392,0.0087076609343785,-0.151382306190478,0.5102999314912363,0.05520899167559,-0.2123480191443235,0.8633046047734045,0.1179337997573173,-0.1859171852352245
SPY,100,0.03,52,10,8,AND,0.4299062890268831,0.0683269181281025,-0.2553258702494499,2.399121201025266,-0.1827859979760551,-0.1744104300578537,0.0094910819948752,-0.1401724597546655,0.4882233836976198,0.0537894251400539,-0.2123480191443223,0.9129799997551188,0.125519171842048,-0.1633159613710039
SPY,100,0.03,52,12,2,AND,0.3852398144860219,0.0621588749496466,-0.2553258702494501,2.030025631636763,-0.1827859979760547,-0.1863872129029238,0.0088609083138579,-0.154480079711848,0.4533592305708553,0.0480958483994358,-0.2286942232783351,0.8758830823833861,0.1164967955451548,-0.1517711489559411
SPY,100,0.03,52,12,4,AND,0.4313536672288658,0.0676975491360769,-0.2553258702494497,2.030025631636763,-0.1827859979760538,-0.2126021993062987,0.0065536962848027,-0.1513823061904784,0.524699630565305,0.0562878520394498,-0.2123480191443223,0.9435772061899949,0.1259671116502876,-0.14060169665084
SPY,100,0.03,52,12,6,AND,0.4394751519946783,0.0693281735789017,-0.2553258702494499,2.09154155986818,-0.1827859979760551,-0.1849820641072392,0.0087076609343785,-0.151382306190478,0.5073893304826145,0.055674128791703,-0.2123480191443252,0.9485180333296072,0.1298201577675679,-0.1859171852352248
SPY,100,0.03,52,12,8,AND,0.458355003196369,0.0718449140561354,-0.2553258702494499,2.09154155986818,-0.1827859979760551,-0.1744104300578537,0.0094910819948752,-0.1401724597546655,0.5306413027729504,0.0590460357305859,-0.2123480191443237,0.975153577367432,0.1340226743037544,-0.1549609341603708
SPY,100,0.03,52,15,2,AND,0.3910871627288344,0.0628442300152323,-0.2553258702494501,2.030025631636763,-0.1827859979760547,-0.1863872129029238,0.0088609083138579,-0.154480079711848,0.4726656227131293,0.050299665662763,-0.2123480191443233,0.8758830823833861,0.1164967955451548,-0.1517711489559411
SPY,100,0.03,52,15,4,AND,0.4313536672288658,0.0676975491360769,-0.2553258702494497,2.030025631636763,-0.1827859979760538,-0.2126021993062987,0.0065536962848027,-0.1513823061904784,0.524699630565305,0.0562878520394498,-0.2123480191443223,0.9435772061899949,0.1259671116502876,-0.14060169665084
SPY,100,0.03,52,15,6,AND,0.4394014851532978,0.0694967348572968,-0.2553258702494499,2.09154155986818,-0.1827859979760551,-0.1849820641072392,0.0087076609343785,-0.151382306190478,0.5060313777255417,0.0562161125048923,-0.2123480191443254,0.9485180333296072,0.1298201577675679,-0.1859171852352248
SPY,100,0.03,52,15,8,AND,0.4513344944347351,0.071047259858888,-0.2553258702494499,2.09154155986818,-0.1827859979760551,-0.1744104300578537,0.0094910819948752,-0.1401724597546655,0.507422786192919,0.0564817571969109,-0.2123480191443241,0.975153577367432,0.1340226743037544,-0.1549609341603708
SPY,100,0.03,52,18,2,AND,0.4052491986586264,0.0645086460557977,-0.2553258702494501,2.030025631636763,-0.1827859979760547,-0.1863872129029238,0.0088609083138579,-0.154480079711848,0.5191187739747655,0.0556651005129691,-0.2123480191443237,0.8758830823833861,0.1164967955451548,-0.1517711489559411
SPY,100,0.03,52,18,4,AND,0.4406212346195799,0.0688112454893996,-0.2553258702494497,2.030025631636763,-0.1827859979760538,-0.2126021993062987,0.0065536962848027,-0.1513823061904784,0.5550690661063155,0.0598799167220607,-0.212348019144323,0.9435772061899949,0.1259671116502876,-0.14060169665084
SPY,100,0.03,52,18,6,AND,0.4398756252868959,0.0695793305995595,-0.2553258702494499,2.09154155986818,-0.1827859979760551,-0.1849820641072392,0.0087076609343785,-0.151382306190478,0.507422786192919,0.0564817571969109,-0.2123480191443241,0.9485180333296072,0.1298201577675679,-0.1859171852352248
SPY,100,0.03,52,18,8,AND,0.4513344944347351,0.071047259858888,-0.2553258702494499,2.09154155986818,-0.1827859979760551,-0.1744104300578537,0.0094910819948752,-0.1401724597546655,0.507422786192919,0.0564817571969109,-0.2123480191443241,0.975153577367432,0.1340226743037544,-0.1549609341603708
SPY,100,0.05,26,8,2,AND,0.5249031447696949,0.0778331555273039,-0.2271802798908431,1.5994141340168435,-0.1617121810926673,0.2851395232790574,0.0504415328799614,-0.1670046956489767,0.8377199131332748,0.0833893447453759,-0.1383222588026722,0.5406697751487354,0.0773729848449618,-0.1906076106599592
SPY,100,0.05,26,8,4,AND,0.5285787018959828,0.0801712524905575,-0.2777833242110487,1.9069937751739288,-0.1293939459693143,0.2880741944389419,0.0515136498152681,-0.2050213897366282,0.7445200681305795,0.0765163662187771,-0.1451993809870676,0.5573833706402661,0.0815511969829776,-0.1643223735735626
SPY,100,0.05,26,8,6,AND,0.5374062033511172,0.0822329553567593,-0.3083968230973867,2.276089344562432,-0.1494407704989894,0.2632142192730672,0.0493646739835125,-0.2571308873875664,0.7421996029021064,0.0772499712459142,-0.1471489997983429,0.5989405585619072,0.0881762278496101,-0.1859171852352246
SPY,100,0.05,26,8,8,AND,0.59028736700167,0.0896697983899543,-0.2856934577652866,3.5679238374221898,-0.1132516437215247,0.2717707661814165,0.0508341418228421,-0.2397863393659188,0.7853127052414981,0.0823318252359421,-0.1493096398585907,0.7495802917699552,0.1077175587834045,-0.1549609341603701
SPY,100,0.05,26,10,2,AND,0.5625287239678787,0.0841663323063621,-0.1874525405302191,1.2303185646283414,-0.1058378894237483,0.3373014551396002,0.055775948401423,-0.1741395844682218,0.6679895904289821,0.0680971971186292,-0.1840231179742442,0.6966731275649464,0.0966579071820499,-0.1517711489559412
SPY,100,0.05,26,10,4,AND,0.5651474054020249,0.0859922998279512,-0.2546674137271818,1.4148663493225926,-0.1217905480066179,0.2774693907710067,0.0507251641103305,-0.2424557209122161,0.6464779721590214,0.0676964060390865,-0.1708031363148918,0.6614722360341417,0.0955977784033947,-0.1595142687030709
SPY,100,0.05,26,10,6,AND,0.5620812597931585,0.0865407208392303,-0.3114159869821093,1.5994141340168435,-0.148111712937609,0.2199537239265452,0.0450806035248161,-0.3001340752568764,0.7055370894615689,0.0747958378708137,-0.1590504041150019,0.6634949600612822,0.0976031026083963,-0.1859171852352247
SPY,100,0.05,26,10,8,AND,0.5994660120360996,0.0918377813769346,-0.2667600979683051,1.7224459904796778,-0.1047375754600733,0.2507919875317344,0.0488135579962925,-0.2547465343482524,0.7677310095011575,0.0818913073971996,-0.1590504041150019,0.7513194648544069,0.1094871256534923,-0.163315961371004
SPY,100,0.05,26,12,2,AND,0.615612790230069,0.0922425209643205,-0.1840231179742427,1.04577077993409,-0.0683581284322734,0.3833539975882177,0.0622021619215531,-0.1320763152652706,0.7122753883617848,0.0755968290532642,-0.1840231179742442,0.7388120336581138,0.1043642251122334,-0.1517711489559411
SPY,100,0.05,26,12,4,AND,0.6300091132325762,0.0949747138880539,-0.2018924423358036,1.1072867081655071,-0.0594035356476682,0.357437388463842,0.0601592266919503,-0.1963597872026469,0.7419817748792642,0.0792969037809605,-0.1708031363148918,0.7496915794954431,0.1075109451221485,-0.1406016966508396
SPY,100,0.05,26,12,6,AND,0.6442728732446396,0.097895551560112,-0.2139716962704608,1.1072867081655071,-0.0732475125384453,0.3605724688679151,0.0614191581684944,-0.2085227771521366,0.7792665132548695,0.083485842776952,-0.1590504041150019,0.7770379621399347,0.1133405822008704,-0.1859171852352248
SPY,100,0.05,26,12,8,AND,0.6463768966638128,0.0983215254661276,-0.2112572954985723,1.1072867081655071,-0.0732475125384453,0.3355249323576634,0.0587261014428701,-0.2057895595638686,0.7792665132548695,0.083485842776952,-0.1590504041150019,0.8076394095553656,0.117513370714227,-0.1549609341603707
SPY,100,0.05,26,15,2,AND,0.615612790230069,0.0922425209643205,-0.1840231179742427,1.04577077993409,-0.0683581284322734,0.3833539975882177,0.0622021619215531,-0.1320763152652706,0.7122753883617848,0.0755968290532642,-0.1840231179742442,0.7388120336581138,0.1043642251122334,-0.1517711489559411
SPY,100,0.05,26,15,4,AND,0.6300091132325762,0.0949747138880539,-0.2018924423358036,1.1072867081655071,-0.0594035356476682,0.357437388463842,0.0601592266919503,-0.1963597872026469,0.7419817748792642,0.0792969037809605,-0.1708031363148918,0.7496915794954431,0.1075109451221485,-0.1406016966508396
SPY,100,0.05,26,15,6,AND,0.6442728732446396,0.097895551560112,-0.2139716962704608,1.1072867081655071,-0.0732475125384453,0.3605724688679151,0.0614191581684944,-0.2085227771521366,0.7792665132548695,0.083485842776952,-0.1590504041150019,0.7770379621399347,0.1133405822008704,-0.1859171852352248
SPY,100,0.05,26,15,8,AND,0.6463768966638128,0.0983215254661276,-0.2112572954985723,1.1072867081655071,-0.0732475125384453,0.3355249323576634,0.0587261014428701,-0.2057895595638686,0.7792665132548695,0.083485842776952,-0.1590504041150019,0.8076394095553656,0.117513370714227,-0.1549609341603707
SPY,100,0.05,26,18,2,AND,0.6211353709647413,0.0929555814984663,-0.1840231179742428,1.04577077993409,-0.0683581284322734,0.3833539975882177,0.0622021619215531,-0.1320763152652706,0.731879382433273,0.0778851081262499,-0.1840231179742431,0.7388120336581138,0.1043642251122334,-0.1517711489559411
SPY,100,0.05,26,18,4,AND,0.6342921466348715,0.0955182795543194,-0.2018924423358036,1.1072867081655071,-0.0594035356476682,0.357437388463842,0.0601592266919503,-0.1963597872026469,0.757517896673764,0.081042582770912,-0.1708031363148934,0.7496915794954431,0.1075109451221485,-0.1406016966508396
SPY,100,0.05,26,18,6,AND,0.6442728732446396,0.097895551560112,-0.2139716962704608,1.1072867081655071,-0.0732475125384453,0.3605724688679151,0.0614191581684944,-0.2085227771521366,0.7792665132548695,0.083485842776952,-0.1590504041150019,0.7770379621399347,0.1133405822008704,-0.1859171852352248
SPY,100,0.05,26,18,8,AND,0.6463768966638128,0.0983215254661276,-0.2112572954985723,1.1072867081655071,-0.0732475125384453,0.3355249323576634,0.0587261014428701,-0.2057895595638686,0.7792665132548695,0.083485842776952,-0.1590504041150019,0.8076394095553656,0.117513370714227,-0.1549609341603707
SPY,100,0.05,39,8,2,AND,0.5275631965492107,0.0771911507290301,-0.1906076106599585,1.537898205785427,-0.1474883659174791,0.3409475160268084,0.0543332244289849,-0.1245537082614469,0.7958023246669311,0.0789352853229703,-0.1451122573770583,0.5237672992256376,0.0749870093592102,-0.1906076106599593
SPY,100,0.05,39,8,4,AND,0.53727215767199,0.0801244139391301,-0.2150350487565513,1.845477846942512,-0.1146217647164911,0.3623088130790176,0.0572114155431306,-0.135951346784842,0.726051615610255,0.0745066637961935,-0.145199380987067,0.5300022081248935,0.0777294779597532,-0.1643223735735626
SPY,100,0.05,39,8,6,AND,0.5412150174731696,0.0816256718009693,-0.2204808954365098,2.2145734163310147,-0.1350087377256361,0.3867051793713578,0.0602084654204708,-0.1626980835094383,0.7306884996749062,0.0759910712954079,-0.147148999798343,0.5056410631064577,0.0766141736848142,-0.1859171852352246
SPY,100,0.05,39,8,8,AND,0.6172844457931145,0.0915322590404728,-0.178974174554981,3.444891980959356,-0.0947619061989343,0.4158214248020617,0.0635622948249086,-0.1262084114699542,0.7853127052414981,0.0823318252359421,-0.1493096398585907,0.6986865440871425,0.1009012126078374,-0.1549609341603701
SPY,100,0.05,39,10,2,AND,0.560789982269089,0.0830670279517595,-0.2012389151137802,1.1688026363969244,-0.1058378894237483,0.3783253095662759,0.0582054627304611,-0.1462444409970966,0.6269130773953333,0.0637060071849779,-0.2012389151137794,0.6818042500189835,0.0942292228548962,-0.1517711489559412
SPY,100,0.05,39,10,4,AND,0.5710968968331729,0.0856246094061907,-0.1861295197260747,1.3533504210911755,-0.1217905480066179,0.3762983033370518,0.0589931184881358,-0.1614762102533684,0.6283561251270723,0.0657031692234337,-0.1861295197260752,0.6030371494775436,0.0880912772503641,-0.1595142687030709
SPY,100,0.05,39,10,6,AND,0.5810046309986427,0.0876470436089824,-0.1997199052733476,1.4763822775540096,-0.148111712937609,0.3781413934057136,0.059804927836718,-0.1866079404099788,0.6942585564544723,0.0735398058789675,-0.1688109937254925,0.5861962607936357,0.0876021360464256,-0.1859171852352247
SPY,100,0.05,39,10,8,AND,0.6331859734974418,0.094549716268,-0.1633159613710043,1.6609300622482608,-0.0950312968018012,0.3967819922846796,0.0620297523713579,-0.1359261906309278,0.7677310095011575,0.0818913073971996,-0.1590504041150019,0.7176396312906252,0.1049211069887527,-0.163315961371004
SPY,100,0.05,39,12,2,AND,0.6145043018318007,0.0911350276546698,-0.201238915113781,0.9842548517026732,-0.0514748958739856,0.4229939705340458,0.0646464640262094,-0.1027603978870614,0.6730137290340265,0.0711748064310275,-0.2012389151137794,0.7246571010759346,0.1019184741926131,-0.1517711489559408
SPY,100,0.05,39,12,4,AND,0.6523671459316184,0.096581132107292,-0.1861295197260766,0.9842548517026732,-0.0514748958739869,0.4487126413405199,0.0674127350928983,-0.1027603978870614,0.724276510790344,0.0772820104915685,-0.1861295197260752,0.7496915794954431,0.1075109451221485,-0.1406016966508396
SPY,100,0.05,39,12,6,AND,0.6728072037430824,0.0997903932435935,-0.1859171852352243,0.9842548517026732,-0.0514748958739861,0.4877496452012038,0.07157833960778,-0.1027603978870614,0.7681081355733475,0.0822196554385863,-0.1688109937254925,0.7560495943970631,0.1105638965017861,-0.1859171852352248
SPY,100,0.05,39,12,8,AND,0.6655704122215925,0.0991607008263575,-0.1590504041150023,1.04577077993409,-0.0541960759651104,0.4113999119299343,0.0641546674161135,-0.1188828541984962,0.7792665132548695,0.083485842776952,-0.1590504041150019,0.7867405323704943,0.1147262780270428,-0.1549609341603707
SPY,100,0.05,39,15,2,AND,0.6145043018318007,0.0911350276546698,-0.201238915113781,0.9842548517026732,-0.0514748958739856,0.4229939705340458,0.0646464640262094,-0.1027603978870614,0.6730137290340265,0.0711748064310275,-0.2012389151137794,0.7246571010759346,0.1019184741926131,-0.1517711489559408
SPY,100,0.05,39,15,4,AND,0.6523671459316184,0.096581132107292,-0.1861295197260766,0.9842548517026732,-0.0514748958739869,0.4487126413405199,0.0674127350928983,-0.1027603978870614,0.724276510790344,0.0772820104915685,-0.1861295197260752,0.7496915794954431,0.1075109451221485,-0.1406016966508396
SPY,100,0.05,39,15,6,AND,0.6759127781724426,0.1001853815081399,-0.1859171852352241,0.9842548517026732,-0.0514748958739861,0.4877496452012038,0.07157833960778,-0.1027603978870614,0.7792665132548695,0.083485842776952,-0.1590504041150019,0.7560495943970631,0.1105638965017861,-0.1859171852352248
SPY,100,0.05,39,15,8,AND,0.6655704122215925,0.0991607008263575,-0.1590504041150023,1.04577077993409,-0.0541960759651104,0.4113999119299343,0.0641546674161135,-0.1188828541984962,0.7792665132548695,0.083485842776952,-0.1590504041150019,0.7867405323704943,0.1147262780270428,-0.1549609341603707
SPY,100,0.05,39,18,2,AND,0.6233536889368028,0.0922469515529327,-0.2012389151137813,0.9842548517026732,-0.0514748958739856,0.4229939705340458,0.0646464640262094,-0.1027603978870614,0.704239039525311,0.0747334824998766,-0.2012389151137811,0.7246571010759346,0.1019184741926131,-0.1517711489559408
SPY,100,0.05,39,18,4,AND,0.6567237337017784,0.0971254952292235,-0.186129519726076,0.9842548517026732,-0.0514748958739869,0.4487126413405199,0.0674127350928983,-0.1027603978870614,0.7398339339523,0.0790244305479772,-0.186129519726077,0.7496915794954431,0.1075109451221485,-0.1406016966508396
SPY,100,0.05,39,18,6,AND,0.6759127781724426,0.1001853815081399,-0.1859171852352241,0.9842548517026732,-0.0514748958739861,0.4877496452012038,0.07157833960778,-0.1027603978870614,0.7792665132548695,0.083485842776952,-0.1590504041150019,0.7560495943970631,0.1105638965017861,-0.1859171852352248
SPY,100,0.05,39,18,8,AND,0.6655704122215925,0.0991607008263575,-0.1590504041150023,1.04577077993409,-0.0541960759651104,0.4113999119299343,0.0641546674161135,-0.1188828541984962,0.7792665132548695,0.083485842776952,-0.1590504041150019,0.7867405323704943,0.1147262780270428,-0.1549609341603707
SPY,100,0.05,52,8,2,AND,0.4818447183615598,0.0715461009446338,-0.1906076106599586,1.537898205785427,-0.1474883659174791,0.1676047902495625,0.0378757197349626,-0.1245537082614469,0.7958023246669311,0.0789352853229703,-0.1451122573770583,0.5066683802604022,0.0730695796436706,-0.1906076106599593
SPY,100,0.05,52,8,4,AND,0.4981487748490148,0.0749074068970891,-0.2150350487565513,1.7839619187110949,-0.1146217647164911,0.1391707318535598,0.0356380386446539,-0.135951346784842,0.726051615610255,0.0745066637961935,-0.145199380987067,0.577143685900402,0.0823969249032461,-0.1643223735735626
SPY,100,0.05,52,8,6,AND,0.5109872326482598,0.0772482070485089,-0.2204808954365098,2.09154155986818,-0.1350087377256361,0.1501202646393997,0.0367504727016658,-0.1626980835094383,0.7306884996749062,0.0759910712954079,-0.147148999798343,0.5932258476857334,0.0859102421249211,-0.1859171852352246
SPY,100,0.05,52,8,8,AND,0.5731215981444722,0.085323100734074,-0.178974174554981,3.1988282680336875,-0.0947619061989343,0.2095854704226536,0.0424076485519517,-0.1262084114699542,0.7853127052414981,0.0823318252359421,-0.1493096398585907,0.7171062518268824,0.1019982328590973,-0.1549609341603701
SPY,100,0.05,52,10,2,AND,0.517120100747224,0.0773911854715387,-0.2012389151137803,1.1688026363969244,-0.1058378894237483,0.2098463541243009,0.0416875147358333,-0.1462444409970966,0.6269130773953333,0.0637060071849779,-0.2012389151137794,0.6654333591735578,0.0922774712437162,-0.1517711489559412
SPY,100,0.05,52,10,4,AND,0.5433929100967452,0.0814872877487518,-0.1861295197260746,1.2918344928597585,-0.1217905480066179,0.1574528633610557,0.0373833842929165,-0.1614762102533684,0.6283561251270723,0.0657031692234337,-0.1861295197260752,0.682811964976786,0.0964544901643957,-0.1595142687030709
SPY,100,0.05,52,10,6,AND,0.5477987160785327,0.0827372327139939,-0.1997199052733476,1.4148663493225926,-0.148111712937609,0.1448162344532854,0.0363558637220602,-0.1866079404099788,0.6942585564544723,0.0735398058789675,-0.1688109937254925,0.6592322851085693,0.095317486640843,-0.1859171852352247
SPY,100,0.05,52,10,8,AND,0.6004888595470914,0.0895129820496711,-0.1633159613710051,1.4763822775540096,-0.0950312968018012,0.2215609940066093,0.043626429019568,-0.1359261906309278,0.7677310095011575,0.0818913073971996,-0.1590504041150019,0.7455698169953048,0.1071454848086974,-0.163315961371004
SPY,100,0.05,52,12,2,AND,0.5725707554004065,0.0854169046006132,-0.201238915113782,0.9842548517026732,-0.0514748958739856,0.2677568910618132,0.0480279758924651,-0.1104984352334625,0.6730137290340265,0.0711748064310275,-0.2012389151137794,0.7089327946561804,0.0999530074398762,-0.1517711489559408
SPY,100,0.05,52,12,4,AND,0.6084560193349553,0.0900999492868799,-0.1861295197260758,0.9842548517026732,-0.0514748958739869,0.2414576172922546,0.0456311908323652,-0.1072395239666383,0.724276510790344,0.0772820104915685,-0.1861295197260752,0.7725790372254153,0.1083769724825778,-0.1406016966508396
SPY,100,0.05,52,12,6,AND,0.6242228072761719,0.0925919081979402,-0.1859171852352245,0.9842548517026732,-0.0514748958739861,0.2644162812734315,0.0478687789807765,-0.1072395239666397,0.7681081355733475,0.0822196554385863,-0.1688109937254925,0.7754250366140585,0.1110221949751457,-0.1859171852352248
SPY,100,0.05,52,12,8,AND,0.6380719279818252,0.0944843622350799,-0.159050404115001,0.9842548517026732,-0.0514748958739861,0.272403907178228,0.0486826148441128,-0.1027603978870614,0.7792665132548695,0.083485842776952,-0.1590504041150019,0.8029276828934055,0.115154789985381,-0.1549609341603707
SPY,100,0.05,52,15,2,AND,0.5725707554004065,0.0854169046006132,-0.201238915113782,0.9842548517026732,-0.0514748958739856,0.2677568910618132,0.0480279758924651,-0.1104984352334625,0.6730137290340265,0.0711748064310275,-0.2012389151137794,0.7089327946561804,0.0999530074398762,-0.1517711489559408
SPY,100,0.05,52,15,4,AND,0.6084560193349553,0.0900999492868799,-0.1861295197260758,0.9842548517026732,-0.0514748958739869,0.2414576172922546,0.0456311908323652,-0.1072395239666383,0.724276510790344,0.0772820104915685,-0.1861295197260752,0.7725790372254153,0.1083769724825778,-0.1406016966508396
SPY,100,0.05,52,15,6,AND,0.6273892164621863,0.092984311136107,-0.1859171852352242,0.9842548517026732,-0.0514748958739861,0.2644162812734315,0.0478687789807765,-0.1072395239666397,0.7792665132548695,0.083485842776952,-0.1590504041150019,0.7754250366140585,0.1110221949751457,-0.1859171852352248
SPY,100,0.05,52,15,8,AND,0.6380719279818252,0.0944843622350799,-0.159050404115001,0.9842548517026732,-0.0514748958739861,0.272403907178228,0.0486826148441128,-0.1027603978870614,0.7792665132548695,0.083485842776952,-0.1590504041150019,0.8029276828934055,0.115154789985381,-0.1549609341603707
SPY,100,0.05,52,18,2,AND,0.5815474574549759,0.0865230014311755,-0.2012389151137811,0.9842548517026732,-0.0514748958739856,0.2677568910618132,0.0480279758924651,-0.1104984352334625,0.704239039525311,0.0747334824998766,-0.2012389151137811,0.7089327946561804,0.0999530074398762,-0.1517711489559408
SPY,100,0.05,52,18,4,AND,0.6128946719097758,0.0906410950299867,-0.1861295197260748,0.9842548517026732,-0.0514748958739869,0.2414576172922546,0.0456311908323652,-0.1072395239666383,0.7398339339523,0.0790244305479772,-0.186129519726077,0.7725790372254153,0.1083769724825778,-0.1406016966508396
SPY,100,0.05,52,18,6,AND,0.6273892164621863,0.092984311136107,-0.1859171852352242,0.9842548517026732,-0.0514748958739861,0.2644162812734315,0.0478687789807765,-0.1072395239666397,0.7792665132548695,0.083485842776952,-0.1590504041150019,0.7754250366140585,0.1110221949751457,-0.1859171852352248
SPY,100,0.05,52,18,8,AND,0.6380719279818252,0.0944843622350799,-0.159050404115001,0.9842548517026732,-0.0514748958739861,0.272403907178228,0.0486826148441128,-0.1027603978870614,0.7792665132548695,0.083485842776952,-0.1590504041150019,0.8029276828934055,0.115154789985381,-0.1549609341603707
SPY,150,0.01,26,8,2,AND,0.4720154288544652,0.0719706363723151,-0.1946082242923654,3.1988282680336875,-0.1434938126645006,0.1723937776492317,0.0387262289800725,-0.1311267649370492,0.5821976648585337,0.0606533696088498,-0.1914230901572231,0.6063593450711648,0.083989241967703,-0.1906076106599588
SPY,150,0.01,26,8,4,AND,0.4909188822673704,0.0762140132274489,-0.2213572735816833,3.752471622116442,-0.112580752586747,0.1621650650868191,0.0381459314246046,-0.186589473865067,0.5473762890469269,0.0591650810098181,-0.1742604693589846,0.5817908929538937,0.084072920942263,-0.1742604693589854
SPY,150,0.01,26,8,6,AND,0.4604573011941675,0.0738021104107338,-0.2895274943495115,4.6136946173562805,-0.1525551569487599,0.079916881772832,0.0302589371839914,-0.2677677962141609,0.4809904861669781,0.0530868153364301,-0.192218239489096,0.5442558595139454,0.082072129433558,-0.1975195281582522
SPY,150,0.01,26,8,8,AND,0.4435564772448285,0.072527786656968,-0.2884358528873179,5.905529110216039,-0.2008151139910842,0.0559792303235258,0.0278619184553488,-0.2713203294939085,0.4865910024123813,0.0541701613194069,-0.1836901554083352,0.5885577786242614,0.0890987804154517,-0.2515293087296963
SPY,150,0.01,26,10,2,AND,0.4975234082087066,0.0762982005825787,-0.1914230901572234,3.3833760527279386,-0.1216971061599725,0.178058247647011,0.0392648141476106,-0.1311267649370492,0.4817319351645034,0.0512831753148277,-0.1914230901572233,0.7659220053463041,0.1038162951837913,-0.167617152170867
SPY,150,0.01,26,10,4,AND,0.5234522909459502,0.0808749956303043,-0.2017640183775227,3.690955693885024,-0.1149262072173914,0.1561986895850759,0.0376233450632197,-0.1905632057942605,0.5166866912225394,0.0562228220117835,-0.1742604693589843,0.7077052755973957,0.1004352454567498,-0.1747049791126892
SPY,150,0.01,26,10,6,AND,0.4760791030343247,0.0762142163349217,-0.2985639693707989,4.367630904430612,-0.1782773215196914,0.0521184948893325,0.0274813539554878,-0.2821894775147157,0.5142444921577447,0.0570374501939463,-0.1852631108766557,0.5988646660111742,0.0898175598276747,-0.2218769066129401
SPY,150,0.01,26,10,8,AND,0.4629643433684776,0.0752738259467202,-0.2894395398059423,4.6752105455876976,-0.2021977503080483,0.0304601401368859,0.0252827038562215,-0.272852045065666,0.511643667496741,0.0572553729694753,-0.1793768750692633,0.6239346742838597,0.0943093834849952,-0.2293950234265763
SPY,150,0.01,26,12,2,AND,0.4964568380825491,0.0775883890422972,-0.1963553863011239,3.690955693885024,-0.1399598987020573,0.112491294147876,0.0334083364942598,-0.1775949126334206,0.4665662134810207,0.0508675712208339,-0.1914230901572233,0.7658741388792455,0.1063693504538052,-0.1708967622076772
SPY,150,0.01,26,12,4,AND,0.5117134847740922,0.0801551869997951,-0.2377301947994671,3.875503478579276,-0.1399598987020586,0.1148971350373061,0.0336875751571768,-0.2199355846392249,0.5273699721792965,0.0580437389835888,-0.1637421133003338,0.7205050306667161,0.1029917161768498,-0.1747049791126886
SPY,150,0.01,26,12,6,AND,0.4969291784788097,0.0792540594511812,-0.2918848820583861,4.306114976199194,-0.1782773215196922,0.0622218101199223,0.0284829954471321,-0.2753544719773655,0.5545459803493012,0.0617679369673884,-0.1637421133003332,0.6847405203065107,0.1014815893595892,-0.2218769066129404
SPY,150,0.01,26,12,8,AND,0.4818981903881051,0.0777601200845161,-0.2894395398059423,4.490662760893446,-0.2021977503080477,0.0304601401368859,0.0252827038562215,-0.272852045065666,0.5276457897550357,0.059150756399553,-0.1793768750692633,0.6849753683133819,0.1025770903078866,-0.2293950234265758
SPY,150,0.01,26,15,2,AND,0.4855572022349844,0.0763631300698979,-0.1963553863011239,3.8139875503478575,-0.1399598987020573,0.112491294147876,0.0334083364942598,-0.1775949126334206,0.4975545819867071,0.0544165249281265,-0.1708967622076781,0.6965465206147134,0.0985619242381146,-0.1708967622076772
SPY,150,0.01,26,15,4,AND,0.5051209301196671,0.0793614485991762,-0.2377301947994671,3.937019406810693,-0.1399598987020586,0.1148971350373061,0.0336875751571768,-0.2199355846392249,0.5273699721792965,0.0580437389835888,-0.1637421133003338,0.6979646132926278,0.1003524653020757,-0.1798100121681132
SPY,150,0.01,26,15,6,AND,0.4890677642189551,0.0784240644032743,-0.2918848820583861,4.429146832662029,-0.178277321519692,0.0622218101199223,0.0284829954471321,-0.2753544719773655,0.5263021691563072,0.0588844406070006,-0.179376875069263,0.6840165405726328,0.1017177328914966,-0.2062900478850868
SPY,150,0.01,26,15,8,AND,0.4818981903881051,0.0777601200845161,-0.2894395398059423,4.490662760893446,-0.2021977503080477,0.0304601401368859,0.0252827038562215,-0.272852045065666,0.5276457897550357,0.059150756399553,-0.1793768750692633,0.6849753683133819,0.1025770903078866,-0.2293950234265758
SPY,150,0.01,26,18,2,AND,0.4955086015444253,0.0776543246181569,-0.1963553863011239,3.8139875503478575,-0.1399598987020573,0.112491294147876,0.0334083364942598,-0.1775949126334206,0.5314973507976234,0.0585409654376221,-0.1708967622076787,0.6965465206147134,0.0985619242381146,-0.1708967622076772
SPY,150,0.01,26,18,4,AND,0.5225394769580839,0.081638463195351,-0.2281950143467213,3.9985353350421096,-0.1399598987020586,0.1522154890234648,0.0373734771590623,-0.2101778126345032,0.5568884814883385,0.0616417748221362,-0.1637421133003337,0.6979646132926278,0.1003524653020757,-0.1798100121681132
SPY,150,0.01,26,18,6,AND,0.4894993306413655,0.0785073495907555,-0.2918848820583861,4.429146832662029,-0.1782773215196914,0.0622218101199223,0.0284829954471321,-0.2753544719773655,0.5276457897550357,0.059150756399553,-0.1793768750692633,0.6840165405726328,0.1017177328914966,-0.2062900478850868
SPY,150,0.01,26,18,8,AND,0.4818981903881051,0.0777601200845161,-0.2894395398059423,4.490662760893446,-0.2021977503080477,0.0304601401368859,0.0252827038562215,-0.272852045065666,0.5276457897550357,0.059150756399553,-0.1793768750692633,0.6849753683133819,0.1025770903078866,-0.2293950234265758
SPY,150,0.01,39,8,2,AND,0.4611732242484834,0.0699940573484887,-0.2054045376933896,3.0142804833394363,-0.1434938126645001,0.2206851771726573,0.0423055766625655,-0.1283094132798563,0.5258228246953421,0.0544490083263569,-0.2054045376933897,0.5901179236625719,0.0815886139637203,-0.1906076106599579
SPY,150,0.01,39,8,4,AND,0.4946865244899728,0.0758284821001487,-0.1764319516391187,3.5679238374221898,-0.1125807525867473,0.2114091773215161,0.0419570756083003,-0.13965815540766,0.5162878926941721,0.0556695395609423,-0.1756555255830377,0.5720466568623693,0.0825218041768383,-0.1742604693589854
SPY,150,0.01,39,8,6,AND,0.4834381636761426,0.0757118111258732,-0.2007203141093887,4.121567191504943,-0.1309557095646368,0.2119208524340771,0.0423086075563083,-0.1662901473965814,0.4625907421525341,0.0509738543905773,-0.1922182394890955,0.5153438162061437,0.0782529719970897,-0.2007203141093894
SPY,150,0.01,39,8,8,AND,0.5122368777249537,0.080010080294629,-0.1926106889434565,5.474917612596119,-0.1381482497707032,0.2317794588081529,0.0442952208108451,-0.1731902463915805,0.4871691336509537,0.0542307175537544,-0.1836901554083356,0.6611959102940388,0.096897431911044,-0.1892325624177177
SPY,150,0.01,39,10,2,AND,0.4868322198916517,0.0743219550748903,-0.2054045376933901,3.2603441962651045,-0.1216971061599727,0.2004814310648721,0.0406579761677232,-0.1283094132798563,0.426426637430624,0.045133625596935,-0.2054045376933889,0.751743624651831,0.1013717577226445,-0.1741763077343492
SPY,150,0.01,39,10,4,AND,0.5177923581762893,0.0793825658233011,-0.1880330340068735,3.5064079091907727,-0.1149262072173908,0.2043873685488513,0.0414325707767742,-0.143861159607918,0.485858662845225,0.0527369908417545,-0.175655525583035,0.6655726126846111,0.0952018140896246,-0.1880330340068741
SPY,150,0.01,39,10,6,AND,0.5138732740327242,0.0798684987442672,-0.2013542607344313,3.8139875503478575,-0.1480719736785692,0.1874851032298594,0.0401790522188347,-0.1827104819970181,0.4959347505575011,0.054916562515896,-0.1852631108766559,0.613981032860219,0.0909979448703408,-0.1884381213699582
SPY,150,0.01,39,10,8,AND,0.5293881969532209,0.082496861959636,-0.1937495407153364,4.244599047967777,-0.1399598987020568,0.2004556144675411,0.0414935410556316,-0.1749282355598571,0.5108904631776062,0.0571710057523455,-0.1800304449028826,0.6924580292147711,0.1015601554245588,-0.1779907244325448
SPY,150,0.01,39,12,2,AND,0.4858375127547636,0.0756097745543888,-0.2054045376933905,3.5679238374221898,-0.1399598987020573,0.1292052533481157,0.0347936477509032,-0.1749282355598571,0.4128036711098327,0.0447204526062814,-0.2054045376933889,0.7518929233712993,0.103919158936566,-0.1774300745279033
SPY,150,0.01,39,12,4,AND,0.5184844369786731,0.0802427537993184,-0.1937495407153372,3.690955693885024,-0.1399598987020586,0.1586352607835521,0.0374823522405995,-0.1749282355598571,0.4969537144696003,0.0545518982774975,-0.175655525583035,0.7205050306667161,0.1029917161768498,-0.1747049791126886
SPY,150,0.01,39,12,6,AND,0.5489188361486814,0.0847105721318774,-0.1937495407153364,3.8139875503478575,-0.1399598987020568,0.1984754611228051,0.0411930720776192,-0.1749282355598571,0.5439160161967952,0.0605271296905494,-0.1665774909846404,0.7394194341380393,0.1077013426792807,-0.1859171852352242
SPY,150,0.01,39,12,8,AND,0.5438875376787347,0.0844345710867546,-0.1937495407153364,4.060051263273526,-0.1399598987020568,0.1798511550275692,0.039595659010835,-0.1749282355598571,0.5276457897550357,0.059150756399553,-0.1793768750692633,0.7541246224301802,0.1098826431508588,-0.1769154008645072
SPY,150,0.01,39,15,2,AND,0.4793214291767671,0.0749633295312919,-0.1937495407153363,3.690955693885024,-0.1399598987020573,0.1292052533481157,0.0347936477509032,-0.1749282355598571,0.4595677578778935,0.0500815793420594,-0.1774300745279026,0.6818864298283288,0.096129023230123,-0.1774300745279033
SPY,150,0.01,39,15,4,AND,0.5156665825071021,0.0799254517033258,-0.1937495407153372,3.752471622116442,-0.1399598987020586,0.1586352607835521,0.0374823522405995,-0.1749282355598571,0.5102517402369556,0.0560685223197647,-0.1637421133003322,0.6979646132926278,0.1003524653020757,-0.1798100121681132
SPY,150,0.01,39,15,6,AND,0.5388939655868693,0.0836044164026517,-0.2001955410632155,3.937019406810693,-0.1399598987020568,0.1984754611228051,0.0411930720776192,-0.1749282355598571,0.5263021691563072,0.0588844406070006,-0.179376875069263,0.7231097108241928,0.1057383477304347,-0.2001955410632159
SPY,150,0.01,39,15,8,AND,0.5438875376787347,0.0844345710867546,-0.1937495407153364,4.060051263273526,-0.1399598987020568,0.1798511550275692,0.039595659010835,-0.1749282355598571,0.5276457897550357,0.059150756399553,-0.1793768750692633,0.7541246224301802,0.1098826431508588,-0.1769154008645072
SPY,150,0.01,39,18,2,AND,0.4926640309090559,0.0766467241042352,-0.1937495407153363,3.690955693885024,-0.1399598987020573,0.1292052533481157,0.0347936477509032,-0.1749282355598571,0.5048290153224676,0.055445900102655,-0.1774300745279047,0.6818864298283288,0.096129023230123,-0.1774300745279033
SPY,150,0.01,39,18,4,AND,0.5243676824448258,0.0810519027646732,-0.1937495407153372,3.752471622116442,-0.1399598987020586,0.1586352607835521,0.0374823522405995,-0.1749282355598571,0.5398766690972291,0.0596598411388891,-0.1637421133003337,0.6979646132926278,0.1003524653020757,-0.1798100121681132
SPY,150,0.01,39,18,6,AND,0.5392963139271666,0.0836881016614976,-0.2001955410632158,3.937019406810693,-0.1399598987020568,0.1984754611228051,0.0411930720776192,-0.1749282355598571,0.5276457897550357,0.059150756399553,-0.1793768750692633,0.7231097108241928,0.1057383477304347,-0.2001955410632159
SPY,150,0.01,39,18,8,AND,0.5438875376787347,0.0844345710867546,-0.1937495407153364,4.060051263273526,-0.1399598987020568,0.1798511550275692,0.039595659010835,-0.1749282355598571,0.5276457897550357,0.059150756399553,-0.1793768750692633,0.7541246224301802,0.1098826431508588,-0.1769154008645072
SPY,150,0.01,52,8,2,AND,0.4147142278692258,0.0643867241294475,-0.2054045376933903,3.0142804833394363,-0.1434938126645001,0.0242710066382019,0.0260358162840863,-0.1283094132798563,0.5258228246953421,0.0544490083263569,-0.2054045376933897,0.5729397318757427,0.0796594091171989,-0.1906076106599579
SPY,150,0.01,52,8,4,AND,0.4531609235046011,0.0703721756552955,-0.1821404441928353,3.5064079091907727,-0.1125807525867467,-0.0386801641294722,0.020694977627089,-0.13965815540766,0.5089759393927754,0.054834790762605,-0.1821404441928379,0.6197118503457267,0.0872100057983944,-0.1742604693589854
SPY,150,0.01,52,8,6,AND,0.4538311760927351,0.0714623382655181,-0.1922182394890947,3.9985353350421096,-0.1309557095646368,-0.0493267882906976,0.0195776185691407,-0.1662901473965814,0.4625907421525341,0.0509738543905773,-0.1922182394890955,0.602059758813531,0.0875631907072216,-0.192218239489096
SPY,150,0.01,52,8,8,AND,0.459514229689126,0.0728719674355136,-0.1926106889434565,5.228853899670451,-0.1381482497707032,-0.0486022320385636,0.0194979706864015,-0.1731902463915805,0.4871691336509537,0.0542307175537544,-0.1836901554083356,0.6860638261507844,0.0988942803909096,-0.1836901554083373
SPY,150,0.01,52,10,2,AND,0.4420925004038068,0.0686919413890529,-0.2054045376933889,3.2603441962651045,-0.1216971061599722,0.0040011686782948,0.024413933837627,-0.1283094132798563,0.426426637430624,0.045133625596935,-0.2054045376933889,0.7353021442839953,0.0994072661355573,-0.1741763077343492
SPY,150,0.01,52,10,4,AND,0.4871274122619151,0.0750078576050909,-0.1821404441928367,3.444891980959356,-0.1149262072173901,-0.0437053474600791,0.0201811758018388,-0.143861159607918,0.4785959803111129,0.0519045608955082,-0.1821404441928349,0.7468700260075833,0.1036196795266228,-0.1742604693589854
SPY,150,0.01,52,10,6,AND,0.4808834303687918,0.075098212350031,-0.2013542607344313,3.752471622116442,-0.1480719736785692,-0.0725933430483267,0.0174945052341337,-0.1827104819970181,0.4959347505575011,0.054916562515896,-0.1852631108766559,0.687507974898582,0.0987373850235773,-0.1859171852352241
SPY,150,0.01,52,10,8,AND,0.4860615180873165,0.0763596506536488,-0.1937495407153364,4.060051263273526,-0.1399598987020568,-0.0508625154481407,0.0192774268405226,-0.1749282355598571,0.5108904631776062,0.0571710057523455,-0.1800304449028826,0.7230736956607615,0.104308997331046,-0.1779907244325448
SPY,150,0.01,52,12,2,AND,0.4423273980356707,0.0699730120152304,-0.2054045376933895,3.5679238374221898,-0.1399598987020573,-0.0605368400067862,0.0186411440446605,-0.1749282355598571,0.4128036711098327,0.0447204526062814,-0.2054045376933889,0.7359641209679165,0.1019501236082591,-0.1774300745279033
SPY,150,0.01,52,12,4,AND,0.475315952130366,0.0742919561947541,-0.1937495407153372,3.629439765653607,-0.1399598987020586,-0.0871345745004448,0.0163115651290108,-0.1749282355598571,0.4897899449160585,0.05371803323083,-0.1821404441928349,0.7591631784211073,0.1061835481490474,-0.1599368271288188
SPY,150,0.01,52,12,6,AND,0.5045630787902275,0.0784127710258799,-0.1937495407153364,3.752471622116442,-0.1399598987020568,-0.0607084915840705,0.0184864110337277,-0.1749282355598571,0.5439160161967952,0.0605271296905494,-0.1665774909846404,0.774282007764077,0.1104968810889188,-0.1859171852352242
SPY,150,0.01,52,12,8,AND,0.5058884209813888,0.0788748944558737,-0.1937495407153364,3.875503478579276,-0.1399598987020568,-0.0508625154481407,0.0192774268405226,-0.1749282355598571,0.5276457897550357,0.059150756399553,-0.1793768750692633,0.785309935071316,0.1126522530589078,-0.1697822376589562
SPY,150,0.01,52,15,2,AND,0.4358482689778185,0.0693299547050161,-0.1937495407153363,3.690955693885024,-0.1399598987020573,-0.0605368400067862,0.0186411440446605,-0.1749282355598571,0.4595677578778935,0.0500815793420594,-0.1774300745279026,0.6659481448380111,0.0941738829885117,-0.1774300745279033
SPY,150,0.01,52,15,4,AND,0.4745992721694645,0.0742373264707207,-0.1937495407153372,3.690955693885024,-0.1399598987020586,-0.0871345745004448,0.0163115651290108,-0.1749282355598571,0.5102517402369556,0.0560685223197647,-0.1637421133003322,0.736107559822173,0.1035366598231462,-0.1599368271288188
SPY,150,0.01,52,15,6,AND,0.4944575745573178,0.0773130376077795,-0.2001955410632153,3.875503478579276,-0.1399598987020568,-0.0607084915840705,0.0184864110337277,-0.1749282355598571,0.5263021691563072,0.0588844406070006,-0.179376875069263,0.7575934910459463,0.1085289320720717,-0.2001955410632159
SPY,150,0.01,52,15,8,AND,0.5058884209813888,0.0788748944558737,-0.1937495407153364,3.875503478579276,-0.1399598987020568,-0.0508625154481407,0.0192774268405226,-0.1749282355598571,0.5276457897550357,0.059150756399553,-0.1793768750692633,0.785309935071316,0.1126522530589078,-0.1697822376589562
SPY,150,0.01,52,18,2,AND,0.4494229735333445,0.0710045274025057,-0.1937495407153363,3.690955693885024,-0.1399598987020573,-0.0605368400067862,0.0186411440446605,-0.1749282355598571,0.5048290153224676,0.055445900102655,-0.1774300745279047,0.6659481448380111,0.0941738829885117,-0.1774300745279033
SPY,150,0.01,52,18,4,AND,0.4834885807313592,0.0753578443496478,-0.1937495407153372,3.690955693885024,-0.1399598987020586,-0.0871345745004448,0.0163115651290108,-0.1749282355598571,0.5398766690972291,0.0596598411388891,-0.1637421133003337,0.736107559822173,0.1035366598231462,-0.1599368271288188
SPY,150,0.01,52,18,6,AND,0.4948901772976355,0.0773962369922094,-0.2001955410632159,3.875503478579276,-0.1399598987020568,-0.0607084915840705,0.0184864110337277,-0.1749282355598571,0.5276457897550357,0.059150756399553,-0.1793768750692633,0.7575934910459463,0.1085289320720717,-0.2001955410632159
SPY,150,0.01,52,18,8,AND,0.5058884209813888,0.0788748944558737,-0.1937495407153364,3.875503478579276,-0.1399598987020568,-0.0508625154481407,0.0192774268405226,-0.1749282355598571,0.5276457897550357,0.059150756399553,-0.1793768750692633,0.785309935071316,0.1126522530589078,-0.1697822376589562
SPY,150,0.02,26,8,2,AND,0.5173607487574761,0.07780851731663,-0.1906076106599586,2.153057488099597,-0.1127843550269175,0.2143598502565404,0.0428343694394175,-0.144353941115097,0.723161191563976,0.0771642212552188,-0.1383222588026729,0.6401564998465102,0.0885335686492614,-0.1906076106599592
SPY,150,0.02,26,8,4,AND,0.5210768782093824,0.0805187044110606,-0.1945102995608824,2.5221530574881,-0.0986646282241822,0.2038992022070027,0.0423624186710747,-0.1493936756645664,0.6609435929077224,0.0729977015517144,-0.145199380987067,0.6118699944470517,0.0885353201644041,-0.1643223735735626
SPY,150,0.02,26,8,6,AND,0.5523622348027469,0.0854842851861388,-0.1962158130431034,2.829732698645185,-0.1316133544614166,0.2423187298444803,0.046474184149355,-0.1649462033362749,0.6869195823219373,0.077494839133662,-0.1471489997983429,0.6089316773411182,0.0903114460361362,-0.1859171852352243
SPY,150,0.02,26,8,8,AND,0.5621347442250983,0.0875434092184239,-0.2349385230264425,3.937019406810693,-0.1822419733138698,0.2128306990969952,0.0436236703741712,-0.1768357763406931,0.7237868273439914,0.0822482075296433,-0.1285396181031751,0.6766044613002051,0.1005759810150539,-0.2349385230264427
SPY,150,0.02,26,10,2,AND,0.5428573340539075,0.0824250997566591,-0.164231374947821,1.9685097034053465,-0.0888231664739188,0.2143598502565404,0.0428343694394175,-0.144353941115097,0.643465255475681,0.0704428320847843,-0.1603982496860772,0.8176013350841591,0.1104684802947331,-0.1517711489559412
SPY,150,0.02,26,10,4,AND,0.5565697616090162,0.0858168592288619,-0.1771294444470483,2.2145734163310147,-0.1050793830614138,0.1977593524496274,0.0418377097962152,-0.1535491191971769,0.6335906667223964,0.0710047350003513,-0.1595142687030705,0.7363100892893892,0.1051110017693486,-0.1595142687030709
SPY,150,0.02,26,10,6,AND,0.5682084397739231,0.08828902269401,-0.2023541069700216,2.399121201025266,-0.1579711574392697,0.2367812125765255,0.0460565247553927,-0.1681821012832764,0.7057964135828023,0.0803804000796035,-0.1510136830085435,0.6646441123974921,0.0987886585055737,-0.2023541069700224
SPY,150,0.02,26,10,8,AND,0.5871736878348871,0.0913120801106077,-0.2123136037032588,2.5221530574881,-0.1836567422440377,0.2098528000780897,0.0434024464511759,-0.1653095747652951,0.7483951397465292,0.0856669798908067,-0.1286464460034897,0.7008978630612478,0.1048829356496963,-0.2123136037032588
SPY,150,0.02,26,12,2,AND,0.5729616692483275,0.0875965593109413,-0.1788425968396493,1.9685097034053465,-0.1319014049664614,0.1555915904520977,0.0376544696608645,-0.155311363989972,0.6568321398445242,0.0740240293555973,-0.1603982496860772,0.825237869872428,0.1141865449971408,-0.1517711489559399
SPY,150,0.02,26,12,4,AND,0.5869021480131724,0.0902438508936052,-0.2017920252931171,2.09154155986818,-0.131901404966462,0.1635080334713671,0.0385832712264861,-0.1789184353540753,0.6928396718886249,0.0786891814214678,-0.1467955116860064,0.7935718882229069,0.1130464908507671,-0.1592317708363078
SPY,150,0.02,26,12,6,AND,0.6096199201580323,0.0939858711374568,-0.2023541069700221,2.153057488099597,-0.1579711574392701,0.2367812125765255,0.0460565247553927,-0.1681821012832764,0.7443742083529621,0.0851399277720217,-0.1347025042205276,0.748109423655045,0.1104714570536062,-0.2023541069700221
SPY,150,0.02,26,12,8,AND,0.6055659837871701,0.0939341298836278,-0.2312359304751943,2.2145734163310147,-0.2032674832114434,0.2098528000780897,0.0434024464511759,-0.1653095747652951,0.7640498321650933,0.0876132979298323,-0.1254500640254101,0.7369505808485871,0.1105204493006886,-0.2312359304751934
SPY,150,0.02,26,15,2,AND,0.5621473587791972,0.0863340311033027,-0.1788425968396493,2.030025631636763,-0.1319014049664614,0.1555915904520977,0.0376544696608645,-0.155311363989972,0.6646261821669563,0.0749911901039397,-0.1603982496860772,0.7791678614923035,0.1089775282027001,-0.1517711489559399
SPY,150,0.02,26,15,4,AND,0.5869021480131724,0.0902438508936052,-0.2017920252931171,2.09154155986818,-0.131901404966462,0.1635080334713671,0.0385832712264861,-0.1789184353540753,0.6928396718886249,0.0786891814214678,-0.1467955116860064,0.7935718882229069,0.1130464908507671,-0.1592317708363078
SPY,150,0.02,26,15,6,AND,0.6197005372300062,0.0953712483386572,-0.1913547827054983,2.153057488099597,-0.1579711574392714,0.2367812125765255,0.0460565247553927,-0.1681821012832764,0.7640498321650933,0.0876132979298323,-0.1254500640254101,0.7618570244136919,0.1125231217944062,-0.1875296840231258
SPY,150,0.02,26,15,8,AND,0.6055659837871701,0.0939341298836278,-0.2312359304751943,2.2145734163310147,-0.2032674832114434,0.2098528000780897,0.0434024464511759,-0.1653095747652951,0.7640498321650933,0.0876132979298323,-0.1254500640254101,0.7369505808485871,0.1105204493006886,-0.2312359304751934
SPY,150,0.02,26,18,2,AND,0.5714817083154056,0.0875531964280442,-0.1788425968396493,2.030025631636763,-0.1319014049664614,0.1555915904520977,0.0376544696608645,-0.155311363989972,0.695817178495031,0.0789247541260471,-0.1603982496860778,0.7791678614923035,0.1089775282027001,-0.1517711489559399
SPY,150,0.02,26,18,4,AND,0.6061065740203262,0.0927530342027651,-0.1910127453941003,2.09154155986818,-0.131901404966462,0.2093468608254924,0.0432232109307957,-0.1678302624897396,0.7200148954780934,0.0820852742306195,-0.1467955116860102,0.7935718882229069,0.1130464908507671,-0.1592317708363078
SPY,150,0.02,26,18,6,AND,0.6197005372300062,0.0953712483386572,-0.1913547827054983,2.153057488099597,-0.1579711574392714,0.2367812125765255,0.0460565247553927,-0.1681821012832764,0.7640498321650933,0.0876132979298323,-0.1254500640254101,0.7618570244136919,0.1125231217944062,-0.1875296840231258
SPY,150,0.02,26,18,8,AND,0.6055659837871701,0.0939341298836278,-0.2312359304751943,2.2145734163310147,-0.2032674832114434,0.2098528000780897,0.0434024464511759,-0.1653095747652951,0.7640498321650933,0.0876132979298323,-0.1254500640254101,0.7369505808485871,0.1105204493006886,-0.2312359304751934
SPY,150,0.02,39,8,2,AND,0.4992253755434114,0.0749025288176115,-0.1906076106599594,2.09154155986818,-0.1127843550269157,0.2206174841061376,0.0426236229669299,-0.1133948135864136,0.668684187232522,0.0708632786657395,-0.1497174017598073,0.6244379146118535,0.0861228766728068,-0.1906076106599593
SPY,150,0.02,39,8,4,AND,0.518426665168161,0.0792100838995404,-0.1713515128336271,2.460637129256683,-0.0986646282241829,0.2308413035989085,0.0439251762114614,-0.12493773235033,0.6438665911117228,0.0709945679739043,-0.1451993809870669,0.5854624037044717,0.0846889223682305,-0.1643223735735626
SPY,150,0.02,39,8,6,AND,0.5367739345414646,0.0825363174302693,-0.1859171852352242,2.768216770413768,-0.1071025011234688,0.2309487966949369,0.0442773721505826,-0.1520253969203315,0.6763960443141755,0.0762356530247152,-0.1471489997983432,0.5640620823889624,0.0841753955659863,-0.1859171852352243
SPY,150,0.02,39,8,8,AND,0.5930356756059691,0.09014631211788,-0.1968745242512778,3.937019406810693,-0.1270322363052944,0.2395192480374078,0.0452487757343913,-0.1669756303967209,0.7251553760545907,0.0823967501492963,-0.1285396181031751,0.7445629936335176,0.1073501586474012,-0.169197120960683
SPY,150,0.02,39,10,2,AND,0.5290390641134407,0.079939396178436,-0.1781124934714163,1.9069937751739288,-0.0888231664739188,0.2206174841061376,0.0426236229669299,-0.1133948135864136,0.5902853420141829,0.0641812067010278,-0.178112493471415,0.8040384941886055,0.1080092107483896,-0.1517711489559412
SPY,150,0.02,39,10,4,AND,0.5447859904893624,0.0833924871793785,-0.1731146565054212,2.153057488099597,-0.1050793830614138,0.2238113472489007,0.0433996806689935,-0.129212649825908,0.6167966592810763,0.0690053220066699,-0.1625656378028963,0.6788222749558829,0.0975393206537684,-0.1731146565054216
SPY,150,0.02,39,10,6,AND,0.5659360130419709,0.0868725500171652,-0.1859171852352249,2.276089344562432,-0.1319014049664618,0.2248914147027195,0.04386058952853,-0.155311363989972,0.6953758810343325,0.0791178418354709,-0.1510136830085432,0.6643878699244801,0.0976624874048714,-0.1859171852352245
SPY,150,0.02,39,10,8,AND,0.6132531491154936,0.0933308470602092,-0.1788425968396474,2.460637129256683,-0.1319014049664614,0.2271519617988344,0.0442155979824496,-0.155311363989972,0.7483951397465292,0.0856669798908067,-0.1286464460034897,0.7602782657025416,0.1107138277248014,-0.1633159613710038
SPY,150,0.02,39,12,2,AND,0.5597630852791117,0.0850989798851225,-0.1788425968396493,1.9069937751739288,-0.1319014049664614,0.1572201242172725,0.0374447699946944,-0.155311363989972,0.605338700921421,0.0677414555240929,-0.178112493471415,0.8119166405576527,0.1117190413374873,-0.1517711489559401
SPY,150,0.02,39,12,4,AND,0.5930976438658159,0.0901068633710571,-0.1788425968396485,1.9685097034053465,-0.131901404966462,0.1859805115054307,0.0401403628957146,-0.155311363989972,0.6762749984658064,0.0766754226629902,-0.1625656378028963,0.7935718882229069,0.1130464908507671,-0.1592317708363078
SPY,150,0.02,39,12,6,AND,0.6248278472664255,0.0947957796410192,-0.185917185235224,1.9685097034053465,-0.1319014049664622,0.2248914147027195,0.04386058952853,-0.155311363989972,0.7339887207318261,0.0838718074305708,-0.1447456908616969,0.8026376990281759,0.116741973599822,-0.1859171852352246
SPY,150,0.02,39,12,8,AND,0.641618104067752,0.0972158181663622,-0.1788425968396489,2.030025631636763,-0.1319014049664622,0.2227133185065561,0.0438672150373322,-0.155311363989972,0.7640498321650933,0.0876132979298323,-0.1254500640254101,0.8331309010290686,0.120927510491515,-0.1562645348837177
SPY,150,0.02,39,15,2,AND,0.5532268734998268,0.08442098784496,-0.1788425968396493,1.9685097034053465,-0.1319014049664614,0.1572201242172725,0.0374447699946944,-0.155311363989972,0.6279176195214532,0.0705716574008454,-0.178112493471415,0.7654005783910856,0.1065215605538349,-0.1517711489559401
SPY,150,0.02,39,15,4,AND,0.5930976438658159,0.0901068633710571,-0.1788425968396485,1.9685097034053465,-0.131901404966462,0.1859805115054307,0.0401403628957146,-0.155311363989972,0.6762749984658064,0.0766754226629902,-0.1625656378028963,0.7935718882229069,0.1130464908507671,-0.1592317708363078
SPY,150,0.02,39,15,6,AND,0.6337390220450229,0.0959549541681794,-0.1859171852352242,1.9685097034053465,-0.1319014049664622,0.2248914147027195,0.04386058952853,-0.155311363989972,0.7640498321650933,0.0876132979298323,-0.1254500640254101,0.8026376990281759,0.116741973599822,-0.1859171852352246
SPY,150,0.02,39,15,8,AND,0.641618104067752,0.0972158181663622,-0.1788425968396489,2.030025631636763,-0.1319014049664622,0.2227133185065561,0.0438672150373322,-0.155311363989972,0.7640498321650933,0.0876132979298323,-0.1254500640254101,0.8331309010290686,0.120927510491515,-0.1562645348837177
SPY,150,0.02,39,18,2,AND,0.5659092588481694,0.0860353201342554,-0.1788425968396493,1.9685097034053465,-0.1319014049664614,0.1572201242172725,0.0374447699946944,-0.155311363989972,0.6700083754667235,0.0757700886812824,-0.1781124934714184,0.7654005783910856,0.1065215605538349,-0.1517711489559401
SPY,150,0.02,39,18,4,AND,0.6012363640758697,0.0911596657418905,-0.1788425968396485,1.9685097034053465,-0.131901404966462,0.1859805115054307,0.0401403628957146,-0.155311363989972,0.70350957264201,0.0800651754515342,-0.1625656378029,0.7935718882229069,0.1130464908507671,-0.1592317708363078
SPY,150,0.02,39,18,6,AND,0.6337390220450229,0.0959549541681794,-0.1859171852352242,1.9685097034053465,-0.1319014049664622,0.2248914147027195,0.04386058952853,-0.155311363989972,0.7640498321650933,0.0876132979298323,-0.1254500640254101,0.8026376990281759,0.116741973599822,-0.1859171852352246
SPY,150,0.02,39,18,8,AND,0.641618104067752,0.0972158181663622,-0.1788425968396489,2.030025631636763,-0.1319014049664622,0.2227133185065561,0.0438672150373322,-0.155311363989972,0.7640498321650933,0.0876132979298323,-0.1254500640254101,0.8331309010290686,0.120927510491515,-0.1562645348837177
SPY,150,0.02,52,8,2,AND,0.4538965640455711,0.069269472619144,-0.1906076106599591,2.09154155986818,-0.1127843550269157,0.0297986631789712,0.0263488980777761,-0.1341711386453691,0.668684187232522,0.0708632786657395,-0.1497174017598073,0.6075485273555088,0.0841855841657082,-0.1906076106599593
SPY,150,0.02,52,8,4,AND,0.4776891049296319,0.073736626899558,-0.1713515128336271,2.399121201025266,-0.0986646282241826,-0.0129686469659048,0.0226229173168681,-0.1309989582432491,0.6367671513559299,0.0701477012271249,-0.1451993809870656,0.6326495459967927,0.0893865093776646,-0.1643223735735626
SPY,150,0.02,52,8,6,AND,0.5082373299027921,0.0782598851612454,-0.185917185235224,2.645184913950934,-0.1071025011234688,-0.0240035051115863,0.021503447735284,-0.1520253969203315,0.6763960443141755,0.0762356530247152,-0.1471489997983432,0.6514280744048295,0.0935367516809313,-0.1859171852352243
SPY,150,0.02,52,8,8,AND,0.53954282829211,0.0826678199756183,-0.1968745242512778,3.629439765653607,-0.1270322363052944,-0.0352390818901822,0.0204288830281618,-0.1669756303967209,0.7251553760545907,0.0823967501492963,-0.1285396181031751,0.7633786343029861,0.1084536051104991,-0.1549609341603699
SPY,150,0.02,52,10,2,AND,0.4854113195222663,0.0742799441383481,-0.1781124934714161,1.9069937751739288,-0.0888231664739188,0.0297986631789712,0.0263488980777761,-0.1341711386453691,0.5902853420141829,0.0641812067010278,-0.178112493471415,0.7878071918909622,0.1060328800883128,-0.1517711489559412
SPY,150,0.02,52,10,4,AND,0.5148875875946755,0.0790015268588402,-0.1625656378028982,2.09154155986818,-0.1050793830614138,-0.0181545843765137,0.0221081449970497,-0.1309989582432481,0.6098050822462456,0.0681600282148904,-0.1625656378028963,0.7592821214671404,0.1059751524741876,-0.1595142687030709
SPY,150,0.02,52,10,6,AND,0.5341025375418818,0.0820713234385168,-0.1859171852352241,2.2145734163310147,-0.1319014049664618,-0.0273396663715217,0.0210957544377576,-0.155311363989972,0.6953758810343325,0.0791178418354709,-0.1510136830085432,0.7381966783055369,0.105449205216455,-0.1859171852352245
SPY,150,0.02,52,10,8,AND,0.5704222712503189,0.0869549701012841,-0.1788425968396474,2.276089344562432,-0.1319014049664614,-0.0178105088653007,0.0218887968124632,-0.155311363989972,0.7483951397465292,0.0856669798908067,-0.1286464460034897,0.7886912952660071,0.1129498671913931,-0.1633159613710038
SPY,150,0.02,52,12,2,AND,0.5175671487238487,0.0794124889050365,-0.1788425968396493,1.9069937751739288,-0.1319014049664614,-0.0267780392076463,0.0212508838718112,-0.155311363989972,0.605338700921421,0.0677414555240929,-0.178112493471415,0.7961993958256007,0.1097360935375291,-0.1517711489559401
SPY,150,0.02,52,12,4,AND,0.5465071726609393,0.0834007316833462,-0.1788425968396485,1.9685097034053465,-0.131901404966462,-0.0530989730327395,0.0189153366179375,-0.155311363989972,0.6693923900697399,0.0758240638981619,-0.1625656378028963,0.8174840958291987,0.113916846777047,-0.14060169665084
SPY,150,0.02,52,12,6,AND,0.5771319068368476,0.0877356241951023,-0.1859171852352242,1.9685097034053465,-0.1319014049664622,-0.0273396663715217,0.0210957544377576,-0.155311363989972,0.7339887207318261,0.0838718074305708,-0.1447456908616969,0.8230446023307252,0.1172028215917744,-0.1859171852352246
SPY,150,0.02,52,12,8,AND,0.5968964322626722,0.0903817516442075,-0.1788425968396489,1.9685097034053465,-0.1319014049664622,-0.0178105088653007,0.0218887968124632,-0.155311363989972,0.7640498321650933,0.0876132979298323,-0.1254500640254101,0.8501141549241824,0.1213584062657904,-0.1549609341603708
SPY,150,0.02,52,15,2,AND,0.5110350722735417,0.078738049900765,-0.1788425968396493,1.9685097034053465,-0.1319014049664614,-0.0267780392076463,0.0212508838718112,-0.155311363989972,0.6279176195214532,0.0705716574008454,-0.178112493471415,0.749683094521259,0.1045478833813486,-0.1517711489559401
SPY,150,0.02,52,15,4,AND,0.5486012023707821,0.0836639457715933,-0.1788425968396485,1.9685097034053465,-0.131901404966462,-0.0530989730327395,0.0189153366179375,-0.155311363989972,0.6762749984658064,0.0766754226629902,-0.1625656378028963,0.8174840958291987,0.113916846777047,-0.14060169665084
SPY,150,0.02,52,15,6,AND,0.5862271278470531,0.0888873233990079,-0.1859171852352241,1.9685097034053465,-0.1319014049664622,-0.0273396663715217,0.0210957544377576,-0.155311363989972,0.7640498321650933,0.0876132979298323,-0.1254500640254101,0.8230446023307252,0.1172028215917744,-0.1859171852352246
SPY,150,0.02,52,15,8,AND,0.5968964322626722,0.0903817516442075,-0.1788425968396489,1.9685097034053465,-0.1319014049664622,-0.0178105088653007,0.0218887968124632,-0.155311363989972,0.7640498321650933,0.0876132979298323,-0.1254500640254101,0.8501141549241824,0.1213584062657904,-0.1549609341603708
SPY,150,0.02,52,18,2,AND,0.5239082838483704,0.0803439222373998,-0.1788425968396493,1.9685097034053465,-0.1319014049664614,-0.0267780392076463,0.0212508838718112,-0.155311363989972,0.6700083754667235,0.0757700886812824,-0.1781124934714184,0.749683094521259,0.1045478833813486,-0.1517711489559401
SPY,150,0.02,52,18,4,AND,0.5569066605305723,0.084710525707589,-0.1788425968396485,1.9685097034053465,-0.131901404966462,-0.0530989730327395,0.0189153366179375,-0.155311363989972,0.70350957264201,0.0800651754515342,-0.1625656378029,0.8174840958291987,0.113916846777047,-0.14060169665084
SPY,150,0.02,52,18,6,AND,0.5862271278470531,0.0888873233990079,-0.1859171852352241,1.9685097034053465,-0.1319014049664622,-0.0273396663715217,0.0210957544377576,-0.155311363989972,0.7640498321650933,0.0876132979298323,-0.1254500640254101,0.8230446023307252,0.1172028215917744,-0.1859171852352246
SPY,150,0.02,52,18,8,AND,0.5968964322626722,0.0903817516442075,-0.1788425968396489,1.9685097034053465,-0.1319014049664622,-0.0178105088653007,0.0218887968124632,-0.155311363989972,0.7640498321650933,0.0876132979298323,-0.1254500640254101,0.8501141549241824,0.1213584062657904,-0.1549609341603708
SPY,150,0.03,26,8,2,AND,0.5004132870579023,0.0760431172839337,-0.2056156031037235,1.845477846942512,-0.1474883659174799,0.0745175970176748,0.0297986341158291,-0.1779233086445787,0.7830645795275548,0.083643364533215,-0.1409750906248076,0.647586174424154,0.0893841956377046,-0.1906076106599592
SPY,150,0.03,26,8,4,AND,0.5210795792026062,0.0804970508444473,-0.22745812497145,2.09154155986818,-0.1146217647164894,0.1128139236336892,0.0335007961861457,-0.1703261997384348,0.7164591569378718,0.0791956334668018,-0.143662727639813,0.6648384011048448,0.0942284257997063,-0.1643223735735631
SPY,150,0.03,26,8,6,AND,0.5320728353669681,0.0828580024585541,-0.2328177841493417,2.399121201025266,-0.1350087377256382,0.1075668805659375,0.0330076891081903,-0.1960088584872418,0.725505029385976,0.0816172220434097,-0.1471489997983435,0.6479811928726402,0.0944690837466646,-0.1859171852352245
SPY,150,0.03,26,8,8,AND,0.5550132587469301,0.0866073913900165,-0.1919679603128639,3.629439765653607,-0.1213176495172325,0.1392476496128908,0.0362487419514847,-0.1609708721902389,0.7852671050219355,0.0892644924181362,-0.1379384236136008,0.7663980055296207,0.1106172733866179,-0.167632588440749
SPY,150,0.03,26,10,2,AND,0.5399289711029596,0.0824394661568339,-0.1779233086445788,1.537898205785427,-0.082809970752799,0.0745175970176748,0.0297986341158291,-0.1779233086445787,0.7567449025778377,0.0836060658993054,-0.1409750906248073,0.7787313128319004,0.1061905201603112,-0.1517711489559412
SPY,150,0.03,26,10,4,AND,0.5718761128383085,0.0878787590322902,-0.1858041430504242,1.6609300622482608,-0.0991734681758371,0.1074576824556049,0.0329805481129035,-0.1743793821905759,0.7422068702817677,0.0839176080168246,-0.1580033488656362,0.745023652017848,0.1057471337413311,-0.1580033488656373
SPY,150,0.03,26,10,6,AND,0.5587932520873783,0.0871343392169232,-0.2102067310529253,1.845477846942512,-0.1306401457049369,0.1034100645298486,0.0325954043409921,-0.1991243862467986,0.7886634895355596,0.0902001315293055,-0.1510136830085428,0.6610073507015936,0.0978715916213719,-0.1859171852352245
SPY,150,0.03,26,10,8,AND,0.5833485585844979,0.0908691299088553,-0.1764637001806952,1.9685097034053465,-0.1306401457049388,0.1368395056668088,0.0360290813416299,-0.149222525290789,0.8460277650054246,0.0973972954355708,-0.1379384236136016,0.7482030232519291,0.1097585216640983,-0.1764637001806939
SPY,150,0.03,26,12,2,AND,0.5872695630318153,0.0902359330711448,-0.1779233086445776,1.2918344928597585,-0.0695729437574813,0.1377250840530143,0.0360667309744349,-0.1779233086445789,0.7965203943849146,0.0912145931740753,-0.1409750906248073,0.8178062498082636,0.113963824655616,-0.1517711489559411
SPY,150,0.03,26,12,4,AND,0.6231441345355909,0.0955179881849268,-0.1450482570318624,1.2918344928597585,-0.0695729437574813,0.1866572063936123,0.041193349521571,-0.1450482570318596,0.8297969455838009,0.0956943487579713,-0.1379384236136017,0.8319044014460142,0.117770661182434,-0.1406016966508405
SPY,150,0.03,26,12,6,AND,0.6227267744405265,0.0962924188057425,-0.1859171852352242,1.3533504210911755,-0.1238595597135212,0.2138732392681837,0.0440665445186734,-0.1352998459374624,0.856636989239029,0.0990146841706982,-0.1379384236136016,0.77815110170863,0.1144805179999575,-0.1859171852352251
SPY,150,0.03,26,12,8,AND,0.6242332853135132,0.0966014876568626,-0.1700405157302165,1.3533504210911755,-0.1238595597135222,0.1845640103094512,0.0410484593577822,-0.1462047106499747,0.856636989239029,0.0990146841706982,-0.1379384236136016,0.8084215465575305,0.118657578980414,-0.1700405157302167
SPY,150,0.03,26,15,2,AND,0.5881880531403094,0.0903542717101246,-0.1779233086445776,1.2918344928597585,-0.0695729437574813,0.1377250840530143,0.0360667309744349,-0.1779233086445789,0.7996267807893106,0.0916003394512021,-0.1379384236136016,0.8178062498082636,0.113963824655616,-0.1517711489559411
SPY,150,0.03,26,15,4,AND,0.6231441345355909,0.0955179881849268,-0.1450482570318624,1.2918344928597585,-0.0695729437574813,0.1866572063936123,0.041193349521571,-0.1450482570318596,0.8297969455838009,0.0956943487579713,-0.1379384236136017,0.8319044014460142,0.117770661182434,-0.1406016966508405
SPY,150,0.03,26,15,6,AND,0.6227267744405265,0.0962924188057425,-0.1859171852352242,1.3533504210911755,-0.1238595597135212,0.2138732392681837,0.0440665445186734,-0.1352998459374624,0.856636989239029,0.0990146841706982,-0.1379384236136016,0.77815110170863,0.1144805179999575,-0.1859171852352251
SPY,150,0.03,26,15,8,AND,0.6242332853135132,0.0966014876568626,-0.1700405157302165,1.3533504210911755,-0.1238595597135222,0.1845640103094512,0.0410484593577822,-0.1462047106499747,0.856636989239029,0.0990146841706982,-0.1379384236136016,0.8084215465575305,0.118657578980414,-0.1700405157302167
SPY,150,0.03,26,18,2,AND,0.5935950763011981,0.0910660995180254,-0.1779233086445776,1.2918344928597585,-0.069572943757482,0.1377250840530143,0.0360667309744349,-0.1779233086445789,0.8176790203941025,0.0939226652012965,-0.1379384236136008,0.8178062498082636,0.113963824655616,-0.1517711489559411
SPY,150,0.03,26,18,4,AND,0.6273368316305314,0.0960618235425847,-0.1450482570318624,1.2918344928597585,-0.0695729437574818,0.1866572063936123,0.041193349521571,-0.1450482570318596,0.8441449169687836,0.0974665493427549,-0.1379384236136011,0.8319044014460142,0.117770661182434,-0.1406016966508405
SPY,150,0.03,26,18,6,AND,0.6227267744405265,0.0962924188057425,-0.1859171852352242,1.3533504210911755,-0.1238595597135212,0.2138732392681837,0.0440665445186734,-0.1352998459374624,0.856636989239029,0.0990146841706982,-0.1379384236136016,0.77815110170863,0.1144805179999575,-0.1859171852352251
SPY,150,0.03,26,18,8,AND,0.6242332853135132,0.0966014876568626,-0.1700405157302165,1.3533504210911755,-0.1238595597135222,0.1845640103094512,0.0410484593577822,-0.1462047106499747,0.856636989239029,0.0990146841706982,-0.1379384236136016,0.8084215465575305,0.118657578980414,-0.1700405157302167
SPY,150,0.03,39,8,2,AND,0.4929884180609186,0.0743754914280585,-0.1906076106599591,1.7839619187110949,-0.1474883659174799,0.100261291103052,0.0321683703665898,-0.1352998459374632,0.7288152531573872,0.0773045217712113,-0.1558288559951607,0.6319566669688391,0.086971619842767,-0.1906076106599593
SPY,150,0.03,39,8,4,AND,0.5139736643020757,0.0786911841259827,-0.1954503487270668,2.09154155986818,-0.1146217647164894,0.1139631824503248,0.0334568718562553,-0.135951346784842,0.6993900470529874,0.0771809292346334,-0.1436627276398133,0.6390051781398345,0.0903619111101596,-0.1643223735735631
SPY,150,0.03,39,8,6,AND,0.5231542582464084,0.0808458996145566,-0.2010320680640992,2.399121201025266,-0.1350087377256382,0.1170413405003889,0.0338055360343205,-0.1626980835094383,0.7149360547899025,0.0803532184196993,-0.1471489997983429,0.6032500441896823,0.0883096349393501,-0.1859171852352245
SPY,150,0.03,39,8,8,AND,0.5697101555338164,0.0874489388261077,-0.1597354899984646,3.690955693885024,-0.0947619061989345,0.1479448877364966,0.0367858689714395,-0.1352998459374633,0.7852671050219355,0.0892644924181362,-0.1379384236136008,0.793910938630434,0.1128605085114557,-0.1549609341603703
SPY,150,0.03,39,10,2,AND,0.5331314564297602,0.0807619273926445,-0.1558288559951605,1.4763822775540096,-0.082809970752799,0.100261291103052,0.0321683703665898,-0.1352998459374632,0.7043082535164233,0.0772674413181004,-0.1558288559951599,0.7647600381049708,0.1037407246848354,-0.1517711489559412
SPY,150,0.03,39,10,4,AND,0.555999625451242,0.0849496256997295,-0.1580033488656377,1.6609300622482608,-0.0991734681758371,0.1081167946595947,0.0329366458938316,-0.1401724597546655,0.7255463440350142,0.0818940885320593,-0.1580033488656371,0.6873180370639725,0.0981710941600122,-0.1580033488656373
SPY,150,0.03,39,10,6,AND,0.5632430300355143,0.0866530917728753,-0.1859171852352246,1.7839619187110949,-0.1261724986059195,0.1124107560957373,0.0333929328376099,-0.1659426930943747,0.7782617853973215,0.0889260977133312,-0.1510136830085433,0.6607640716136183,0.0967463604413856,-0.1859171852352245
SPY,150,0.03,39,10,8,AND,0.6005917607869113,0.0920629926360909,-0.1633159613710044,2.030025631636763,-0.071725069160849,0.1347274245683501,0.0355623112680287,-0.1352998459374627,0.8460277650054246,0.0973972954355708,-0.1379384236136016,0.7909840066543402,0.11421094396697,-0.1633159613710033
SPY,150,0.03,39,12,2,AND,0.581152681919258,0.0885463115292282,-0.1612522230099525,1.2303185646283414,-0.0695729437574812,0.1650474414309834,0.0384508911483361,-0.1352998459374639,0.7460684523446371,0.0848314620147623,-0.1558288559951599,0.8044496987193072,0.1114968142376555,-0.1517711489559408
SPY,150,0.03,39,12,4,AND,0.6254047175869029,0.0948756045884324,-0.1406016966508406,1.2303185646283414,-0.0695729437574818,0.1926620746415035,0.0411490982540996,-0.1352998459374628,0.8134592824390792,0.0936488437789395,-0.1379384236136005,0.8319044014460142,0.117770661182434,-0.1406016966508405
SPY,150,0.03,39,12,6,AND,0.6431273462347312,0.0977851828490992,-0.1859171852352248,1.2303185646283414,-0.0695729437574814,0.2300604877463869,0.044872932788579,-0.1352998459374625,0.8463285447758855,0.0977303494587575,-0.1379384236136016,0.8286641624373509,0.119901176319449,-0.1859171852352251
SPY,150,0.03,39,12,8,AND,0.6362473319721274,0.0971566385286171,-0.1549609341603712,1.2918344928597585,-0.0695729437574816,0.1549358380887986,0.0376342701091838,-0.1352998459374631,0.856636989239029,0.0990146841706982,-0.1379384236136016,0.8591456954758472,0.1240985538689158,-0.1549609341603712
SPY,150,0.03,39,15,2,AND,0.5864511459313851,0.0892486930150173,-0.1612522230099525,1.2303185646283414,-0.0695729437574812,0.1650474414309834,0.0384508911483361,-0.1352998459374639,0.7634529238475803,0.0871125227664477,-0.1379384236136013,0.8044496987193072,0.1114968142376555,-0.1517711489559408
SPY,150,0.03,39,15,4,AND,0.6254047175869029,0.0948756045884324,-0.1406016966508406,1.2303185646283414,-0.0695729437574818,0.1926620746415035,0.0411490982540996,-0.1352998459374628,0.8134592824390792,0.0936488437789395,-0.1379384236136005,0.8319044014460142,0.117770661182434,-0.1406016966508405
SPY,150,0.03,39,15,6,AND,0.6461595069368917,0.0981794509449855,-0.1859171852352238,1.2303185646283414,-0.0695729437574811,0.2300604877463869,0.044872932788579,-0.1352998459374625,0.856636989239029,0.0990146841706982,-0.1379384236136016,0.8286641624373509,0.119901176319449,-0.1859171852352251
SPY,150,0.03,39,15,8,AND,0.6362473319721274,0.0971566385286171,-0.1549609341603712,1.2918344928597585,-0.0695729437574816,0.1549358380887986,0.0376342701091838,-0.1352998459374631,0.856636989239029,0.0990146841706982,-0.1379384236136016,0.8591456954758472,0.1240985538689158,-0.1549609341603712
SPY,150,0.03,39,18,2,AND,0.5951011751912741,0.0903586946392145,-0.1612522230099525,1.2303185646283414,-0.0695729437574809,0.1650474414309834,0.0384508911483361,-0.1352998459374639,0.7922036813762121,0.0907241474010902,-0.1379384236136023,0.8044496987193072,0.1114968142376555,-0.1517711489559408
SPY,150,0.03,39,18,4,AND,0.6296569131359688,0.0954191210550117,-0.1406016966508398,1.2303185646283414,-0.0695729437574814,0.1926620746415035,0.0411490982540996,-0.1352998459374628,0.827823609907076,0.0954177359181478,-0.1379384236136006,0.8319044014460142,0.117770661182434,-0.1406016966508405
SPY,150,0.03,39,18,6,AND,0.6461595069368917,0.0981794509449855,-0.1859171852352238,1.2303185646283414,-0.0695729437574811,0.2300604877463869,0.044872932788579,-0.1352998459374625,0.856636989239029,0.0990146841706982,-0.1379384236136016,0.8286641624373509,0.119901176319449,-0.1859171852352251
SPY,150,0.03,39,18,8,AND,0.6362473319721274,0.0971566385286171,-0.1549609341603712,1.2918344928597585,-0.0695729437574816,0.1549358380887986,0.0376342701091838,-0.1352998459374631,0.856636989239029,0.0990146841706982,-0.1379384236136016,0.8591456954758472,0.1240985538689158,-0.1549609341603712
SPY,150,0.03,52,8,2,AND,0.4477404294652383,0.0687451971834933,-0.1906076106599583,1.7839619187110949,-0.1474883659174799,-0.0942239783087722,0.0160568456543448,-0.1681400057518474,0.7288152531573872,0.0773045217712113,-0.1558288559951607,0.615085414672991,0.0850328134519089,-0.1906076106599593
SPY,150,0.03,52,8,4,AND,0.4753470970559477,0.073481099592064,-0.1954503487270668,2.030025631636763,-0.1146217647164894,-0.1313614195702044,0.0123682283956452,-0.1650922787831092,0.6993900470529874,0.0771809292346334,-0.1436627276398133,0.6873616394282288,0.0950840667840922,-0.1643223735735631
SPY,150,0.03,52,8,6,AND,0.4943745534809214,0.0765761451420916,-0.2010320680640992,2.276089344562432,-0.1350087377256382,-0.1395758269299001,0.0112599846648813,-0.1650922787831095,0.7149360547899025,0.0803532184196993,-0.1471489997983429,0.6923032583652184,0.0977066883106585,-0.1859171852352245
SPY,150,0.03,52,8,8,AND,0.5270366450572509,0.0813680282282702,-0.1597354899984646,3.444891980959356,-0.0947619061989345,-0.0761671561092537,0.016493769179118,-0.1524601775083351,0.7852671050219355,0.0892644924181362,-0.1379384236136008,0.813741505968368,0.1139694458990099,-0.1549609341603703
SPY,150,0.03,52,10,2,AND,0.4898122805563333,0.0750981648551578,-0.1681400057518485,1.4763822775540096,-0.082809970752799,-0.0942239783087722,0.0160568456543448,-0.1681400057518474,0.7043082535164233,0.0772674413181004,-0.1558288559951599,0.7485182806211838,0.1017720076256183,-0.1517711489559412
SPY,150,0.03,52,10,4,AND,0.5284676857645337,0.0808148764090948,-0.1650922787831102,1.5994141340168435,-0.0991734681758371,-0.1352989500583242,0.0118586181252151,-0.1650922787831109,0.7255463440350142,0.0818940885320593,-0.1580033488656371,0.7684571899769591,0.1066117818748368,-0.1580033488656373
SPY,150,0.03,52,10,6,AND,0.5314126396234203,0.0818528346443763,-0.1859171852352241,1.7224459904796778,-0.1261724986059195,-0.1414088575866677,0.0108563796464964,-0.1659426930943747,0.7782617853973215,0.0889260977133312,-0.1510136830085433,0.7351240994798213,0.1045265793316467,-0.1859171852352245
SPY,150,0.03,52,10,8,AND,0.5691015915669462,0.0871432821544233,-0.1633159613710044,1.845477846942512,-0.071725069160849,-0.0590829245710772,0.0179480530493234,-0.1524601775083369,0.8460277650054246,0.0973972954355708,-0.1379384236136016,0.8201022172985102,0.1164540236717774,-0.1633159613710033
SPY,150,0.03,52,12,2,AND,0.5397305028540321,0.0828417547130635,-0.1681400057518486,1.2303185646283414,-0.0695729437574813,-0.0106129350165146,0.0222413000820578,-0.168140005751849,0.7460684523446371,0.0848314620147623,-0.1558288559951599,0.7888391902625765,0.1095142628190872,-0.1517711489559408
SPY,150,0.03,52,12,4,AND,0.5818745517419913,0.0884045020396313,-0.1650922787831099,1.2303185646283414,-0.0695729437574809,-0.0358966620949789,0.0199034877982136,-0.1650922787831106,0.8134592824390792,0.0936488437789395,-0.1379384236136005,0.8567846672263121,0.1186447112128492,-0.1406016966508405
SPY,150,0.03,52,12,6,AND,0.5961426443234277,0.0907057492403209,-0.1859171852352246,1.2303185646283414,-0.0695729437574814,-0.0113282496172928,0.0220860202024009,-0.1650922787831102,0.8463285447758855,0.0977303494587575,-0.1379384236136016,0.849792406180503,0.1203633280254767,-0.1859171852352251
SPY,150,0.03,52,12,8,AND,0.6097758843641143,0.092594936303664,-0.1549609341603708,1.2303185646283414,-0.0695729437574813,-0.0022672061149399,0.0228798316751162,-0.152460177508339,0.856636989239029,0.0990146841706982,-0.1379384236136016,0.8766930442965357,0.1245306686240612,-0.1549609341603712
SPY,150,0.03,52,15,2,AND,0.5451163710667233,0.0835404553494028,-0.1681400057518486,1.2303185646283414,-0.0695729437574813,-0.0106129350165146,0.0222413000820578,-0.168140005751849,0.7634529238475803,0.0871125227664477,-0.1379384236136013,0.7888391902625765,0.1095142628190872,-0.1517711489559408
SPY,150,0.03,52,15,4,AND,0.5818745517419913,0.0884045020396313,-0.1650922787831099,1.2303185646283414,-0.0695729437574809,-0.0358966620949789,0.0199034877982136,-0.1650922787831106,0.8134592824390792,0.0936488437789395,-0.1379384236136005,0.8567846672263121,0.1186447112128492,-0.1406016966508405
SPY,150,0.03,52,15,6,AND,0.5992332260681295,0.0910974747669939,-0.1859171852352242,1.2303185646283414,-0.0695729437574814,-0.0113282496172928,0.0220860202024009,-0.1650922787831102,0.856636989239029,0.0990146841706982,-0.1379384236136016,0.849792406180503,0.1203633280254767,-0.1859171852352251
SPY,150,0.03,52,15,8,AND,0.6097758843641143,0.092594936303664,-0.1549609341603708,1.2303185646283414,-0.0695729437574813,-0.0022672061149399,0.0228798316751162,-0.152460177508339,0.856636989239029,0.0990146841706982,-0.1379384236136016,0.8766930442965357,0.1245306686240612,-0.1549609341603712
SPY,150,0.03,52,18,2,AND,0.5538850537865135,0.084644639979629,-0.1681400057518486,1.2303185646283414,-0.0695729437574814,-0.0106129350165146,0.0222413000820578,-0.168140005751849,0.7922036813762121,0.0907241474010902,-0.1379384236136023,0.7888391902625765,0.1095142628190872,-0.1517711489559408
SPY,150,0.03,52,18,4,AND,0.586202971122123,0.0889448061314186,-0.1650922787831099,1.2303185646283414,-0.0695729437574809,-0.0358966620949789,0.0199034877982136,-0.1650922787831106,0.827823609907076,0.0954177359181478,-0.1379384236136006,0.8567846672263121,0.1186447112128492,-0.1406016966508405
SPY,150,0.03,52,18,6,AND,0.5992332260681295,0.0910974747669939,-0.1859171852352242,1.2303185646283414,-0.0695729437574814,-0.0113282496172928,0.0220860202024009,-0.1650922787831102,0.856636989239029,0.0990146841706982,-0.1379384236136016,0.849792406180503,0.1203633280254767,-0.1859171852352251
SPY,150,0.03,52,18,8,AND,0.6097758843641143,0.092594936303664,-0.1549609341603708,1.2303185646283414,-0.0695729437574813,-0.0022672061149399,0.0228798316751162,-0.152460177508339,0.856636989239029,0.0990146841706982,-0.1379384236136016,0.8766930442965357,0.1245306686240612,-0.1549609341603712
SPY,150,0.05,26,8,2,AND,0.5485899395861823,0.0814002990064572,-0.2012119848812062,1.5994141340168435,-0.1617121810926673,0.2890573874531295,0.0507297032746389,-0.1529415221722931,0.8305682077285926,0.0873901909269549,-0.1451122573770581,0.5591629052484405,0.0795215036649596,-0.1906076106599593
SPY,150,0.05,26,8,4,AND,0.5708518200204651,0.0863102554101762,-0.2280011446729766,1.845477846942512,-0.1293939459693123,0.3635762346776752,0.0593331779141228,-0.1502237518091685,0.7402322311263786,0.0802717783684916,-0.1629995169627653,0.5834068774132265,0.0845678086679799,-0.1643223735735629
SPY,150,0.05,26,8,6,AND,0.5363465443995907,0.0834796388659129,-0.2659376469432071,2.399121201025266,-0.1494407704989887,0.3363512651899694,0.0571824176400403,-0.1765286844082774,0.6587901287562482,0.0727478018886575,-0.2164812051031682,0.5243226433570878,0.079883119370272,-0.2164812051031673
SPY,150,0.05,26,8,8,AND,0.581983245265105,0.0902470614955042,-0.2095193140552723,3.752471622116442,-0.1098654412370502,0.3926932413355786,0.0636234229374208,-0.1406417508565096,0.7392800633300667,0.0827470400431571,-0.1532321138437515,0.6343664751988994,0.0944726738901295,-0.2001955410632162
SPY,150,0.05,26,10,2,AND,0.5894711166021392,0.0891981579830145,-0.1600070696822048,1.1688026363969244,-0.1058378894237503,0.3237308766712224,0.0547345046832166,-0.1462444409970966,0.737089951805545,0.0810130600281791,-0.1526942436034268,0.6677083055592411,0.0948072364189773,-0.1526942436034263
SPY,150,0.05,26,10,4,AND,0.6125454242099639,0.0936260993110953,-0.1843153449715644,1.2918344928597585,-0.121790548006618,0.3541540315486706,0.0589692627836331,-0.1614762102533684,0.703360328441244,0.0786724847692414,-0.1843153449715653,0.6431240274969109,0.09461662317144,-0.1843153449715653
SPY,150,0.05,26,10,6,AND,0.5771226918236507,0.0900868832063079,-0.2483418520440145,1.537898205785427,-0.1481117129376093,0.3456517362002917,0.0585744291955736,-0.1866079404099788,0.6661535194505283,0.0753154740375554,-0.2093091246293337,0.5704369112158573,0.0873792714424486,-0.2093091246293353
SPY,150,0.05,26,10,8,AND,0.6012055979176035,0.0938615000896876,-0.2081033269724549,1.7224459904796778,-0.0950312968018023,0.375755503728895,0.0620944939331389,-0.1359261906309278,0.745366119736982,0.0851053374248747,-0.1497868601630547,0.6389971642009822,0.0968096794034387,-0.2081033269724547
SPY,150,0.05,26,12,2,AND,0.6453852388891729,0.0989337109449963,-0.1612522230099535,0.8612229952398389,-0.080537144766617,0.3702500221542326,0.0611543792261106,-0.1255560890667106,0.7713376264891211,0.0889570752571156,-0.1360920686976671,0.7738762389598645,0.1114509995159098,-0.1517711489559406
SPY,150,0.05,26,12,4,AND,0.6711901640131098,0.1029626597093835,-0.1579117316315363,0.8612229952398389,-0.0805371447666171,0.4228575726974033,0.0673886897215483,-0.1027603978870614,0.785786848460066,0.0907465132891056,-0.1351091563551471,0.7747259776818457,0.1131516216213595,-0.1423224020895958
SPY,150,0.05,26,12,6,AND,0.6775261075133594,0.1043978212911647,-0.1859171852352246,0.8612229952398389,-0.0805371447666177,0.4481712146959096,0.070334171312149,-0.1027603978870614,0.785786848460066,0.0907465132891056,-0.1351091563551471,0.7714257930852024,0.1148795555790866,-0.1859171852352245
SPY,150,0.05,26,12,8,AND,0.6409246862061854,0.1000853578269282,-0.262683667883223,0.922738923471256,-0.080537144766618,0.4191326822176058,0.0672401542721516,-0.1027603978870614,0.785786848460066,0.0907465132891056,-0.1351091563551471,0.6746829810984203,0.1038656321557567,-0.2626836678832228
SPY,150,0.05,26,15,2,AND,0.6162594864049812,0.0963725538256996,-0.1894840077089639,0.8612229952398389,-0.0805371447666174,0.3702500221542326,0.0611543792261106,-0.1255560890667106,0.7210428019263673,0.0836479035646269,-0.1370360536434738,0.7163493815758072,0.1084398928496217,-0.189484007708964
SPY,150,0.05,26,15,4,AND,0.6419675248996126,0.1003921127873093,-0.1894840077089642,0.8612229952398389,-0.0805371447666161,0.4228575726974033,0.0673886897215483,-0.1027603978870614,0.7353715165101944,0.0854286172548026,-0.1351091563551473,0.7188506679545069,0.1101359076853307,-0.189484007708964
SPY,150,0.05,26,15,6,AND,0.6485178990939214,0.1018239296047378,-0.2076539300636188,0.8612229952398389,-0.080537144766617,0.4481712146959096,0.070334171312149,-0.1027603978870614,0.7353715165101944,0.0854286172548026,-0.1351091563551473,0.7179001187264239,0.1118591603809402,-0.2076539300636192
SPY,150,0.05,26,15,8,AND,0.6409853929307855,0.1008701318622944,-0.2076539300636189,0.8612229952398389,-0.0805371447666175,0.4191326822176058,0.0672401542721516,-0.1027603978870614,0.7353715165101944,0.0854286172548026,-0.1351091563551473,0.7179001187264239,0.1118591603809402,-0.2076539300636192
SPY,150,0.05,26,18,2,AND,0.6201078791825089,0.0968871379593758,-0.1894840077089639,0.8612229952398389,-0.0805371447666168,0.3702500221542326,0.0611543792261106,-0.1255560890667106,0.7343936179860265,0.0853050034922913,-0.1360920686976671,0.7163493815758072,0.1084398928496217,-0.189484007708964
SPY,150,0.05,26,18,4,AND,0.6419675248996126,0.1003921127873093,-0.1894840077089642,0.8612229952398389,-0.0805371447666161,0.4228575726974033,0.0673886897215483,-0.1027603978870614,0.7353715165101944,0.0854286172548026,-0.1351091563551473,0.7188506679545069,0.1101359076853307,-0.189484007708964
SPY,150,0.05,26,18,6,AND,0.6485178990939214,0.1018239296047378,-0.2076539300636188,0.8612229952398389,-0.080537144766617,0.4481712146959096,0.070334171312149,-0.1027603978870614,0.7353715165101944,0.0854286172548026,-0.1351091563551473,0.7179001187264239,0.1118591603809402,-0.2076539300636192
SPY,150,0.05,26,18,8,AND,0.6409853929307855,0.1008701318622944,-0.2076539300636189,0.8612229952398389,-0.0805371447666175,0.4191326822176058,0.0672401542721516,-0.1027603978870614,0.7353715165101944,0.0854286172548026,-0.1351091563551473,0.7179001187264239,0.1118591603809402,-0.2076539300636192
SPY,150,0.05,39,8,2,AND,0.5268285302423679,0.0782339548191799,-0.1906076106599582,1.5994141340168435,-0.1474883659174787,0.2430048483638699,0.0455669500082658,-0.1349442857759288,0.7988912753294215,0.0837781030506841,-0.1451122573770586,0.5503218658714358,0.0779852806667404,-0.1906076106599593
SPY,150,0.05,39,8,4,AND,0.5449073462584608,0.0823521082680316,-0.2150350487565495,1.9069937751739288,-0.114621764716489,0.2902351683627069,0.050694235994416,-0.135951346784842,0.7366574988878315,0.0798691489297946,-0.1629995169627648,0.5563912557383315,0.0807354302859619,-0.1643223735735629
SPY,150,0.05,39,8,6,AND,0.50264994170676,0.0786778211413241,-0.2536087130170802,2.5221530574881,-0.1350087377256351,0.2809178771262086,0.0503833603104129,-0.1626980835094383,0.6587901287562482,0.0727478018886575,-0.2164812051031682,0.4536057684709957,0.0710804693033697,-0.2164812051031673
SPY,150,0.05,39,8,8,AND,0.565551713874051,0.0874724897332275,-0.2001955410632158,3.937019406810693,-0.0947619061989347,0.3580462199669237,0.0585854459149148,-0.1262084114699542,0.7392800633300667,0.0827470400431571,-0.1532321138437515,0.604887656054905,0.0904574450489956,-0.2001955410632162
SPY,150,0.05,39,10,2,AND,0.5641927172644997,0.0854471025405192,-0.1600070696822048,1.1688026363969244,-0.1058378894237503,0.2610531588835537,0.0477380212587732,-0.1462444409970966,0.7067792313019787,0.0774221556768255,-0.1543191337287437,0.6601313314486257,0.0932492609182633,-0.1526942436034263
SPY,150,0.05,39,10,4,AND,0.573618902376697,0.0879635219156536,-0.1843153449715635,1.3533504210911755,-0.121790548006618,0.2633620835240766,0.0485178857690642,-0.1614762102533684,0.6999146855004182,0.0782704514052519,-0.1843153449715642,0.5855523886602475,0.0871168444151002,-0.1843153449715653
SPY,150,0.05,39,10,6,AND,0.5439709748350772,0.0852031888962492,-0.2483418520440145,1.5994141340168435,-0.1481117129376093,0.273382724528342,0.0499485395392329,-0.1866079404099788,0.6661535194505283,0.0753154740375554,-0.2093091246293337,0.515355650938535,0.0801654071570379,-0.2093091246293353
SPY,150,0.05,39,10,8,AND,0.5901190345512379,0.0917349834595535,-0.208103326972455,1.7839619187110949,-0.0950312968018023,0.3401484706580726,0.0569704890510587,-0.1359261906309278,0.745366119736982,0.0851053374248747,-0.1497868601630547,0.6264660582604292,0.0950268449081583,-0.2081033269724547
SPY,150,0.05,39,12,2,AND,0.6214942314881143,0.0951491275363949,-0.1612522230099535,0.8612229952398389,-0.0805371447666172,0.3123387011227885,0.054115310159853,-0.1027603978870614,0.7425447046756226,0.0853397825114794,-0.1543191337287462,0.7673417301221208,0.1098693389551395,-0.1517711489559406
SPY,150,0.05,39,12,4,AND,0.6505580709780079,0.0995689486268243,-0.1579117316315363,0.8612229952398389,-0.0805371447666172,0.3377323140370338,0.0568542181278757,-0.1027603978870614,0.7824445374173663,0.0903399797989223,-0.1383222019526691,0.7747259776818457,0.1131516216213595,-0.1423224020895958
SPY,150,0.05,39,12,6,AND,0.6621719981744654,0.1016978914746373,-0.1859171852352241,0.8612229952398389,-0.080537144766618,0.3813431031042162,0.061612456331592,-0.1027603978870614,0.785786848460066,0.0907465132891056,-0.1351091563551471,0.7714257930852024,0.1148795555790866,-0.1859171852352245
SPY,150,0.05,39,12,8,AND,0.6340972485657922,0.0984949492080553,-0.2626836678832236,0.922738923471256,-0.0805371447666184,0.3858108038021396,0.0620913244909222,-0.1027603978870614,0.785786848460066,0.0907465132891056,-0.1351091563551471,0.6746829810984203,0.1038656321557567,-0.2626836678832228
SPY,150,0.05,39,15,2,AND,0.5923908196569814,0.0925967907059326,-0.1894840077089642,0.8612229952398389,-0.0805371447666178,0.3123387011227885,0.054115310159853,-0.1027603978870614,0.6924420571480068,0.0800482468017904,-0.1593165765374213,0.7093184039849946,0.1068625172718691,-0.189484007708964
SPY,150,0.05,39,15,4,AND,0.6213162546300292,0.0970063110328682,-0.1894840077089638,0.8612229952398389,-0.0805371447666182,0.3377323140370338,0.0568542181278757,-0.1027603978870614,0.732062548266612,0.0850240658042673,-0.1383222019526691,0.7188506679545069,0.1101359076853307,-0.189484007708964
SPY,150,0.05,39,15,6,AND,0.6330689455658086,0.0991302922009398,-0.2076539300636196,0.8612229952398389,-0.0805371447666175,0.3813431031042162,0.061612456331592,-0.1027603978870614,0.7353715165101944,0.0854286172548026,-0.1351091563551473,0.7179001187264239,0.1118591603809402,-0.2076539300636192
SPY,150,0.05,39,15,8,AND,0.6341638509327077,0.0992785886847429,-0.2076539300636191,0.8612229952398389,-0.0805371447666166,0.3858108038021396,0.0620913244909222,-0.1027603978870614,0.7353715165101944,0.0854286172548026,-0.1351091563551473,0.7179001187264239,0.1118591603809402,-0.2076539300636192
SPY,150,0.05,39,18,2,AND,0.5993152602187791,0.0935096510049364,-0.1894840077089638,0.8612229952398389,-0.0805371447666163,0.3123387011227885,0.054115310159853,-0.1027603978870614,0.7162652704505446,0.0829894781444673,-0.154319133728744,0.7093184039849946,0.1068625172718691,-0.189484007708964
SPY,150,0.05,39,18,4,AND,0.6213162546300292,0.0970063110328682,-0.1894840077089638,0.8612229952398389,-0.0805371447666182,0.3377323140370338,0.0568542181278757,-0.1027603978870614,0.732062548266612,0.0850240658042673,-0.1383222019526691,0.7188506679545069,0.1101359076853307,-0.189484007708964
SPY,150,0.05,39,18,6,AND,0.6330689455658086,0.0991302922009398,-0.2076539300636196,0.8612229952398389,-0.0805371447666175,0.3813431031042162,0.061612456331592,-0.1027603978870614,0.7353715165101944,0.0854286172548026,-0.1351091563551473,0.7179001187264239,0.1118591603809402,-0.2076539300636192
SPY,150,0.05,39,18,8,AND,0.6341638509327077,0.0992785886847429,-0.2076539300636191,0.8612229952398389,-0.0805371447666166,0.3858108038021396,0.0620913244909222,-0.1027603978870614,0.7353715165101944,0.0854286172548026,-0.1351091563551473,0.7179001187264239,0.1118591603809402,-0.2076539300636192
SPY,150,0.05,52,8,2,AND,0.4820284065331646,0.0725834401913341,-0.1906076106599583,1.5994141340168435,-0.1474883659174787,0.0670305147978839,0.0292462815621072,-0.142860918083179,0.7988912753294215,0.0837781030506841,-0.1451122573770586,0.5333048229442235,0.0760625030033177,-0.1906076106599593
SPY,150,0.05,52,8,4,AND,0.506722700153123,0.0771243414497546,-0.2150350487565495,1.845477846942512,-0.114621764716489,0.0679258205919942,0.0292538481732913,-0.135951346784842,0.7366574988878315,0.0798691489297946,-0.1629995169627648,0.6038623180020853,0.0854158954527515,-0.1643223735735629
SPY,150,0.05,52,8,6,AND,0.4719952156970798,0.0742367581681651,-0.2536087130170802,2.399121201025266,-0.1350087377256351,0.0394645569096772,0.0265294978663803,-0.1626980835094383,0.6587901287562482,0.0727478018886575,-0.2164812051031682,0.5416023996985951,0.0807103304639234,-0.2164812051031673
SPY,150,0.05,52,8,8,AND,0.516287760765262,0.0805772553921992,-0.2001955410632155,3.8139875503478575,-0.0947619061989347,0.1277529075578742,0.0348819941949078,-0.1262084114699542,0.7392800633300667,0.0827470400431571,-0.1532321138437515,0.6239387781138613,0.0919295933245625,-0.2001955410632162
SPY,150,0.05,52,10,2,AND,0.5219224322745155,0.0797587872141047,-0.1600070696822048,1.1688026363969244,-0.1058378894237503,0.0913468239168528,0.0313834637019729,-0.1462444409970966,0.7067792313019787,0.0774221556768255,-0.1543191337287437,0.6440844760224457,0.0912992572427526,-0.1526942436034263
SPY,150,0.05,52,10,4,AND,0.5466449716331735,0.0838172866491304,-0.1843153449715627,1.2918344928597585,-0.121790548006618,0.0457827979312682,0.0271219083875018,-0.1614762102533684,0.6999146855004182,0.0782704514052519,-0.1843153449715642,0.6632772219928409,0.0954725677099772,-0.1843153449715653
SPY,150,0.05,52,10,6,AND,0.510602312819473,0.0802284601628418,-0.2483418520440145,1.537898205785427,-0.1481117129376093,0.0360608046852385,0.0261045517326474,-0.1866079404099788,0.6661535194505283,0.0753154740375554,-0.2093091246293337,0.5877336141032619,0.0882122247317527,-0.2093091246293353
SPY,150,0.05,52,10,8,AND,0.544857712217191,0.0851506908538339,-0.2081033269724547,1.7224459904796778,-0.0950312968018023,0.1111110809750303,0.0333031988447007,-0.1359261906309278,0.745366119736982,0.0851053374248747,-0.1497868601630547,0.654495148717351,0.0976188477600914,-0.2081033269724547
SPY,150,0.05,52,12,2,AND,0.5813860480329752,0.0894099684817579,-0.1612522230099535,0.8612229952398389,-0.0805371447666183,0.1559260681128785,0.037661206975927,-0.1151495786604127,0.7425447046756226,0.0853397825114794,-0.1543191337287462,0.7521890410380112,0.1078896904269701,-0.1517711489559406
SPY,150,0.05,52,12,4,AND,0.608188261078249,0.0930701067527133,-0.1579117316315363,0.8612229952398389,-0.0805371447666177,0.1312941940338602,0.0352881301730794,-0.1119077080198442,0.7824445374173663,0.0903399797989223,-0.1383222019526691,0.7969219887589203,0.1140220597555166,-0.14060169665084
SPY,150,0.05,52,12,6,AND,0.6146341490089473,0.0944099743605175,-0.185917185235225,0.8612229952398389,-0.0805371447666178,0.1537726972254318,0.0375035847908993,-0.1119077080198434,0.785786848460066,0.0907465132891056,-0.1351091563551471,0.7923950465508666,0.1157335746112551,-0.1859171852352245
SPY,150,0.05,52,12,8,AND,0.5862214455042565,0.09132498579226,-0.2626836678832235,0.922738923471256,-0.0805371447666182,0.1617977664274849,0.0383093704413355,-0.1027603978870614,0.785786848460066,0.0907465132891056,-0.1351091563551471,0.6898503534148991,0.1046800060223533,-0.2626836678832228
SPY,150,0.05,52,15,2,AND,0.5526311520739172,0.086871007242494,-0.1894840077089639,0.8612229952398389,-0.0805371447666165,0.1559260681128785,0.037661206975927,-0.1151495786604127,0.6924420571480068,0.0800482468017904,-0.1593165765374213,0.6948694950573043,0.1048882319426918,-0.189484007708964
SPY,150,0.05,52,15,4,AND,0.5790977207047089,0.0905226152544385,-0.1894840077089638,0.8612229952398389,-0.080537144766618,0.1312941940338602,0.0352881301730794,-0.1119077080198442,0.732062548266612,0.0850240658042673,-0.1383222019526691,0.7378226696089869,0.1110039876569872,-0.189484007708964
SPY,150,0.05,52,15,6,AND,0.5857460690245938,0.0918593601884829,-0.2076539300636201,0.8612229952398389,-0.0805371447666177,0.1537726972254318,0.0375035847908993,-0.1119077080198434,0.7353715165101944,0.0854286172548026,-0.1351091563551473,0.7359483629057787,0.112710865732702,-0.2076539300636192
SPY,150,0.05,52,15,8,AND,0.5867386952404525,0.0921035103921035,-0.2076539300636195,0.8612229952398389,-0.0805371447666188,0.1617977664274849,0.0383093704413355,-0.1027603978870614,0.7353715165101944,0.0854286172548026,-0.1351091563551473,0.7330168395259667,0.1126794314512353,-0.2076539300636192
SPY,150,0.05,52,18,2,AND,0.5596337118707257,0.0877790836720515,-0.1894840077089641,0.8612229952398389,-0.0805371447666173,0.1559260681128785,0.037661206975927,-0.1151495786604127,0.7162652704505446,0.0829894781444673,-0.154319133728744,0.6948694950573043,0.1048882319426918,-0.189484007708964
SPY,150,0.05,52,18,4,AND,0.5790977207047089,0.0905226152544385,-0.1894840077089638,0.8612229952398389,-0.080537144766618,0.1312941940338602,0.0352881301730794,-0.1119077080198442,0.732062548266612,0.0850240658042673,-0.1383222019526691,0.7378226696089869,0.1110039876569872,-0.189484007708964
SPY,150,0.05,52,18,6,AND,0.5857460690245938,0.0918593601884829,-0.2076539300636201,0.8612229952398389,-0.0805371447666177,0.1537726972254318,0.0375035847908993,-0.1119077080198434,0.7353715165101944,0.0854286172548026,-0.1351091563551473,0.7359483629057787,0.112710865732702,-0.2076539300636192
SPY,150,0.05,52,18,8,AND,0.5867386952404525,0.0921035103921035,-0.2076539300636195,0.8612229952398389,-0.0805371447666188,0.1617977664274849,0.0383093704413355,-0.1027603978870614,0.7353715165101944,0.0854286172548026,-0.1351091563551473,0.7330168395259667,0.1126794314512353,-0.2076539300636192
SPY,200,0.01,26,8,2,AND,0.4964553839404028,0.0753718987469664,-0.2075351959532924,2.583668985719517,-0.1127843550269152,0.1377269991071066,0.0357205668046338,-0.2075351959532908,0.7232709395366876,0.076675770619885,-0.1676171521708669,0.6254123964774788,0.0867144497187675,-0.1906076106599592
SPY,200,0.01,26,8,4,AND,0.5088265994091048,0.0789389326508978,-0.2121396294502445,3.0142804833394363,-0.0986646282241824,0.1247818385128082,0.034641847639985,-0.2121396294502444,0.6697813688062848,0.0736209511266086,-0.1742604693589843,0.6192960629868303,0.0890521262547916,-0.1742604693589848
SPY,200,0.01,26,8,6,AND,0.5163774954211607,0.0811836535654895,-0.222213648275224,3.629439765653607,-0.1265927065916883,0.1230310867989082,0.0345399713220913,-0.2222136482752255,0.6755998214940642,0.075974398173424,-0.1943578172572774,0.6290686959420608,0.0930549124862438,-0.1943578172572776
SPY,200,0.01,26,8,8,AND,0.54809651574161,0.0861048720835635,-0.222213648275225,4.736726473819115,-0.1110034247585695,0.167641198919137,0.0390872260037649,-0.2222136482752247,0.7102829351747793,0.0810754030077958,-0.1506419911213798,0.7715748038516917,0.1121853703107831,-0.1697822376589562
SPY,200,0.01,26,10,2,AND,0.5220553864311626,0.0803873905908163,-0.2222136482752249,2.583668985719517,-0.0844981379836511,0.1159026951189362,0.0337315599715939,-0.2222136482752228,0.6989597696432174,0.0766387118081739,-0.1676171521708661,0.7597549901970608,0.1044767629114833,-0.1676171521708637
SPY,200,0.01,26,10,4,AND,0.5414180548299864,0.084145334807163,-0.2222136482752256,2.829732698645185,-0.1263126424839633,0.1052718149688445,0.0327536544162043,-0.2222136482752245,0.6966629632182176,0.0783185338913807,-0.1880886866074018,0.6854226061640837,0.0992312719997949,-0.1880886866074006
SPY,200,0.01,26,10,6,AND,0.5500075372072807,0.0861703689647193,-0.2222136482752232,3.1373123398022704,-0.12098209001759,0.1186814998286436,0.0341270750041537,-0.2222136482752241,0.7393110582957686,0.0845125304076879,-0.1824406894069421,0.6762518555982814,0.1003632910313365,-0.1859171852352243
SPY,200,0.01,26,10,8,AND,0.5796075980895717,0.0906602263503624,-0.2222136482752246,3.3833760527279386,-0.1209820900175899,0.1820002982197491,0.0405738340266901,-0.2222136482752233,0.771260542296752,0.089147063619938,-0.1424213056395419,0.7578087780981724,0.1117788975978149,-0.1779907244325451
SPY,200,0.01,26,12,2,AND,0.5505035559117035,0.0857636941276509,-0.2222136482752227,2.645184913950934,-0.084498137983651,0.1296896187456638,0.0352320805630057,-0.2222136482752249,0.7080835138705706,0.0804551108994355,-0.1653513908995348,0.7939859260294856,0.1119710475311452,-0.165351390899536
SPY,200,0.01,26,12,4,AND,0.5642923435724932,0.0880761830244589,-0.2222136482752231,2.768216770413768,-0.1263126424839638,0.1388036681801269,0.0361688014365346,-0.2222136482752238,0.7525371333113344,0.0862710845473668,-0.1543181514277419,0.7495836710415753,0.108576311836793,-0.185322363118166
SPY,200,0.01,26,12,6,AND,0.6050918405192496,0.0939811388994125,-0.2222136482752243,2.768216770413768,-0.1209820900175894,0.1840906396515533,0.0407979543367873,-0.222213648275223,0.8074529689176111,0.093281097309362,-0.142421305639541,0.7879468887463382,0.1161403463218695,-0.1859171852352249
SPY,200,0.01,26,12,8,AND,0.5841860396142353,0.0918808334658929,-0.2346465332273436,2.8912486268766022,-0.120982090017591,0.1840906396515533,0.0407979543367873,-0.222213648275223,0.7820661737533499,0.0907522928281043,-0.1424213056395412,0.7302572253357137,0.1107273319792878,-0.234646533227344
SPY,200,0.01,26,15,2,AND,0.5247694829182352,0.0830875832606008,-0.2222136482752227,2.829732698645185,-0.1209820900175897,0.1296896187456638,0.0352320805630057,-0.2222136482752249,0.7248049779397496,0.0825471007452445,-0.1653513908995342,0.6822202078471639,0.1009307345072774,-0.2002709163947242
SPY,200,0.01,26,15,4,AND,0.5464784271177124,0.0863107338217767,-0.2222136482752231,2.8912486268766022,-0.1209820900175895,0.1388036681801269,0.0361688014365346,-0.2222136482752238,0.7525371333113344,0.0862710845473668,-0.1543181514277419,0.6846854620481131,0.1027251364842789,-0.1897401075860681
SPY,200,0.01,26,15,6,AND,0.5890285414226021,0.0924460570030554,-0.2324645611508208,2.8912486268766022,-0.1209820900175894,0.1840906396515533,0.0407979543367873,-0.222213648275223,0.8074529689176111,0.093281097309362,-0.142421305639541,0.7306023208365772,0.1110443423652243,-0.2324645611508206
SPY,200,0.01,26,15,8,AND,0.5936483402319646,0.0932306583104887,-0.222213648275224,2.9527645551080197,-0.1209820900175903,0.1840906396515533,0.0407979543367873,-0.222213648275223,0.7820661737533499,0.0907522928281043,-0.1424213056395412,0.7600558611991848,0.1152085245964036,-0.203278317045264
SPY,200,0.01,26,18,2,AND,0.5270879992410972,0.0835322902106605,-0.2222136482752227,2.8912486268766022,-0.1209820900175883,0.1296896187456638,0.0352320805630057,-0.2222136482752249,0.7303594490977593,0.0839951742975142,-0.1653513908995346,0.6822202078471639,0.1009307345072774,-0.2002709163947242
SPY,200,0.01,26,18,4,AND,0.5585363742947659,0.0880368456409927,-0.2222136482752237,2.9527645551080197,-0.1209820900175903,0.1840906396515533,0.0407979543367873,-0.222213648275223,0.7541440891281537,0.0871705473052464,-0.1543181514277437,0.6846854620481131,0.1027251364842789,-0.1897401075860681
SPY,200,0.01,26,18,6,AND,0.5822481385857059,0.0916694533315556,-0.2324645611508207,2.9527645551080197,-0.1209820900175905,0.1840906396515533,0.0407979543367873,-0.222213648275223,0.7820661737533499,0.0907522928281043,-0.1424213056395412,0.7306023208365772,0.1110443423652243,-0.2324645611508206
SPY,200,0.01,26,18,8,AND,0.5936483402319646,0.0932306583104887,-0.222213648275224,2.9527645551080197,-0.1209820900175903,0.1840906396515533,0.0407979543367873,-0.222213648275223,0.7820661737533499,0.0907522928281043,-0.1424213056395412,0.7600558611991848,0.1152085245964036,-0.203278317045264
SPY,200,0.01,39,8,2,AND,0.4800191022464907,0.0728122586652753,-0.1906076106599585,2.399121201025266,-0.1127843550269148,0.1594462870233507,0.0374239378408687,-0.1416520638634267,0.6684179628608581,0.070377685254356,-0.1741763077343484,0.6094961184610325,0.0843077864057701,-0.1906076106599598
SPY,200,0.01,39,8,4,AND,0.508127538839493,0.0783099187696538,-0.1742604693589848,2.8912486268766022,-0.0986646282241829,0.1421489268571978,0.0361301729544201,-0.1440842045838741,0.6526121840645199,0.0716166540307887,-0.1742604693589838,0.6099059798369428,0.0874938851265223,-0.1742604693589848
SPY,200,0.01,39,8,6,AND,0.4988628374819924,0.0785650917993345,-0.2206652620695717,3.5679238374221898,-0.1265927065916877,0.1300276831962914,0.035109249459529,-0.1550284177438823,0.6650425433766437,0.0747169888879637,-0.1943578172572778,0.5665125408493749,0.0851386824192683,-0.1943578172572776
SPY,200,0.01,39,8,8,AND,0.5483895691428242,0.0857242977133578,-0.1805703655993027,4.859758330281949,-0.1110034247585681,0.2108588860535288,0.0431081614718398,-0.1550284177438807,0.7102829351747793,0.0810754030077958,-0.1506419911213798,0.7307471584631238,0.1067406111583655,-0.1805703655993027
SPY,200,0.01,39,10,2,AND,0.506557691737654,0.077889944125115,-0.1741763077343485,2.460637129256683,-0.0844981379836512,0.1142135082692774,0.0334700191918466,-0.1550284177438822,0.6459827637188037,0.0703408432205887,-0.1741763077343483,0.7456164158335411,0.1020307627630128,-0.1741763077343472
SPY,200,0.01,39,10,4,AND,0.5314131671690201,0.0824049618803361,-0.1984789531745948,2.706700842182351,-0.1263126424839628,0.1214728510450642,0.0342392635774317,-0.1550284177438819,0.6799097912031901,0.0763054670789462,-0.1880886866074003,0.6440612803600396,0.0940035664693157,-0.1984789531745964
SPY,200,0.01,39,10,6,AND,0.5369196009307684,0.0840480831245837,-0.1966792992616286,3.0142804833394363,-0.1209820900175883,0.1253934231770854,0.0346961259364062,-0.155311363989972,0.7289208489136948,0.0832451432577259,-0.1824406894069434,0.6281129198538487,0.0940652532661094,-0.1889742508614954
SPY,200,0.01,39,10,8,AND,0.5855617367074155,0.0909993204104417,-0.1779907244325453,3.3218601244965216,-0.1209820900175904,0.222953007315841,0.0443487363003247,-0.1550284177438814,0.771260542296752,0.089147063619938,-0.1424213056395419,0.7375498239606467,0.1089837032252758,-0.1779907244325451
SPY,200,0.01,39,12,2,AND,0.5356772422978843,0.0832538196843706,-0.1719284006039183,2.5221530574881,-0.0844981379836524,0.1283920506830217,0.0349701601418313,-0.1550284177438815,0.6571042102620163,0.0741349180356645,-0.1719284006039179,0.7804520188238542,0.1095084503641519,-0.1719284006039187
SPY,200,0.01,39,12,4,AND,0.5668321245634483,0.0879197241622911,-0.1853223631181674,2.645184913950934,-0.126312642483964,0.1558762456180928,0.0376593232637001,-0.1550284177438819,0.7361201809037968,0.0842431714577915,-0.1543181514277434,0.7495836710415753,0.108576311836793,-0.185322363118166
SPY,200,0.01,39,12,6,AND,0.6042179030251923,0.0933684741235882,-0.1859171852352246,2.645184913950934,-0.1209820900175895,0.1931672155730172,0.0413706760655927,-0.1550284177438814,0.7971560402418854,0.0920034630034631,-0.1424213056395404,0.7789835067575899,0.114811005514692,-0.1859171852352249
SPY,200,0.01,39,12,8,AND,0.590065820469845,0.0922203070214489,-0.2346465332273437,2.829732698645185,-0.1209820900175899,0.2250495995407253,0.0445736696543797,-0.1550284177438813,0.7820661737533499,0.0907522928281043,-0.1424213056395412,0.7105178658324397,0.107934781415069,-0.234646533227344
SPY,200,0.01,39,15,2,AND,0.5140719620685001,0.081163784819576,-0.2002709163947248,2.706700842182351,-0.1209820900175894,0.1283920506830217,0.0349701601418313,-0.1550284177438815,0.6884397096421079,0.0780965039790331,-0.1719284006039175,0.6678864477849124,0.0984925874764945,-0.2002709163947242
SPY,200,0.01,39,15,4,AND,0.5488031479577611,0.0861545288206693,-0.1897401075860686,2.768216770413768,-0.1209820900175898,0.1558762456180928,0.0376593232637001,-0.1550284177438819,0.7361201809037968,0.0842431714577915,-0.1543181514277434,0.6846854620481131,0.1027251364842789,-0.1897401075860681
SPY,200,0.01,39,15,6,AND,0.5875976769696266,0.0917822012255689,-0.2324645611508207,2.768216770413768,-0.12098209001759,0.1931672155730172,0.0413706760655927,-0.1550284177438814,0.8074529689176111,0.093281097309362,-0.142421305639541,0.7109238148840161,0.1082509947849363,-0.2324645611508206
SPY,200,0.01,39,15,8,AND,0.599575951821518,0.0935705515362372,-0.2032783170452634,2.8912486268766022,-0.1209820900175896,0.2250495995407253,0.0445736696543797,-0.1550284177438813,0.7820661737533499,0.0907522928281043,-0.1424213056395412,0.7404840826301374,0.1124047075794636,-0.203278317045264
SPY,200,0.01,39,18,2,AND,0.5195418519741507,0.082003540816917,-0.2002709163947246,2.768216770413768,-0.1209820900175899,0.1283920506830217,0.0349701601418313,-0.1550284177438815,0.7049283899881433,0.0808256834636347,-0.1719284006039179,0.6678864477849124,0.0984925874764945,-0.2002709163947242
SPY,200,0.01,39,18,4,AND,0.5498882432995572,0.0864306372839509,-0.1897401075860681,2.829732698645185,-0.1209820900175887,0.1558762456180928,0.0376593232637001,-0.1550284177438819,0.7378717173094548,0.0851409550470672,-0.1543181514277422,0.6846854620481131,0.1027251364842789,-0.1897401075860681
SPY,200,0.01,39,18,6,AND,0.5807584314871639,0.0910060694792787,-0.2324645611508202,2.829732698645185,-0.1209820900175899,0.1931672155730172,0.0413706760655927,-0.1550284177438814,0.7820661737533499,0.0907522928281043,-0.1424213056395412,0.7109238148840161,0.1082509947849363,-0.2324645611508206
SPY,200,0.01,39,18,8,AND,0.599575951821518,0.0935705515362372,-0.2032783170452634,2.8912486268766022,-0.1209820900175896,0.2250495995407253,0.0445736696543797,-0.1550284177438813,0.7820661737533499,0.0907522928281043,-0.1424213056395412,0.7404840826301374,0.1124047075794636,-0.203278317045264
SPY,200,0.01,52,8,2,AND,0.4345145895581714,0.0671901565848995,-0.1906076106599593,2.399121201025266,-0.1127843550269148,-0.031273925110677,0.0212303768953212,-0.1742509749040202,0.6684179628608581,0.070377685254356,-0.1741763077343484,0.5925328563788306,0.0823737314336221,-0.1906076106599598
SPY,200,0.01,52,8,4,AND,0.4674704726379432,0.0728410271598625,-0.1760410387910457,2.829732698645185,-0.0986646282241822,-0.0966489566839369,0.014986978311988,-0.1760410387910459,0.645477730249539,0.0707692953823588,-0.1742604693589838,0.6574210500566234,0.0922036199106262,-0.1742604693589848
SPY,200,0.01,52,8,6,AND,0.4699774493564802,0.0743043473896114,-0.2206652620695717,3.444891980959356,-0.1265927065916876,-0.1193226352702174,0.0125352663038651,-0.1865766341788917,0.6650425433766437,0.0747169888879637,-0.1943578172572778,0.6526997510265846,0.0945083560733419,-0.1943578172572776
SPY,200,0.01,52,8,8,AND,0.4958383202408468,0.0783698574044093,-0.1742695898490809,4.6752105455876976,-0.1110034247585686,-0.057897806295756,0.0177756510488968,-0.1742695898490794,0.7102829351747793,0.0810754030077958,-0.1506419911213798,0.7560663815671791,0.1087553786677999,-0.1697822376589562
SPY,200,0.01,52,10,2,AND,0.4631388419051517,0.0722412322947509,-0.1895459351758972,2.460637129256683,-0.0844981379836514,-0.0738956248479753,0.0173381765277857,-0.1895459351758964,0.6459827637188037,0.0703408432205887,-0.1741763077343483,0.7294468131877271,0.1000650957237243,-0.1741763077343472
SPY,200,0.01,52,10,4,AND,0.5015857946288658,0.0780180039730094,-0.1880886866073986,2.645184913950934,-0.126312642483963,-0.114876408149736,0.0131346546900064,-0.1865766341788912,0.6729516542333902,0.0754544008488244,-0.1880886866074009,0.7230174608533748,0.1024122220172334,-0.1880886866074006
SPY,200,0.01,52,10,6,AND,0.5049555093920233,0.079259333542907,-0.1966792992616286,2.9527645551080197,-0.1209820900175893,-0.1213908765098849,0.0121311523065057,-0.1865766341788928,0.7289208489136948,0.0832451432577259,-0.1824406894069434,0.700070364018388,0.1018264526260173,-0.1859171852352243
SPY,200,0.01,52,10,8,AND,0.5363665970530023,0.0839112779213069,-0.1779907244325449,3.1988282680336875,-0.1209820900175899,-0.0413181227000365,0.0192317688901355,-0.1742695898490798,0.771260542296752,0.089147063619938,-0.1424213056395419,0.767867283187051,0.1117510699115387,-0.1779907244325451
SPY,200,0.01,52,12,2,AND,0.4939713676798724,0.0775769983169496,-0.1895459351758965,2.5221530574881,-0.0844981379836519,-0.047436504625587,0.0188149011837999,-0.1895459351758953,0.6571042102620163,0.0741349180356645,-0.1719284006039179,0.7649696418191316,0.1075294455446986,-0.1719284006039187
SPY,200,0.01,52,12,4,AND,0.5255413630043041,0.0819266359737955,-0.1865766341788911,2.583668985719517,-0.1263126424839622,-0.0721578122595042,0.0164849248946792,-0.1865766341788916,0.7293129613105991,0.0833858286525259,-0.1543181514277436,0.7874003941930301,0.1117843044842858,-0.1543181514277436
SPY,200,0.01,52,12,6,AND,0.5618035756679629,0.0870204054659142,-0.1865766341788916,2.583668985719517,-0.1209820900175905,-0.0477761688435865,0.0186601417789156,-0.1865766341788924,0.7971560402418854,0.0920034630034631,-0.1424213056395404,0.8133440046024621,0.1176244867892255,-0.1859171852352249
SPY,200,0.01,52,12,8,AND,0.5413793851527009,0.085124331983855,-0.2346465332273438,2.706700842182351,-0.1209820900175903,-0.038715984939619,0.0194512925151155,-0.1742695898490798,0.7820661737533499,0.0907522928281043,-0.1424213056395412,0.7392132810439406,0.1106995306135678,-0.234646533227344
SPY,200,0.01,52,15,2,AND,0.4725646085708356,0.075497916337216,-0.2002709163947241,2.706700842182351,-0.1209820900175913,-0.047436504625587,0.0188149011837999,-0.1895459351758953,0.6884397096421079,0.0780965039790331,-0.1719284006039175,0.6528036676858019,0.096533231399454,-0.2002709163947242
SPY,200,0.01,52,15,4,AND,0.5095924394971602,0.0804335941282343,-0.1897401075860686,2.706700842182351,-0.1209820900175904,-0.0721578122595042,0.0164849248946792,-0.1865766341788916,0.7361201809037968,0.0842431714577915,-0.1543181514277434,0.7197342573006318,0.1059161970294799,-0.1897401075860681
SPY,200,0.01,52,15,6,AND,0.5452240505110605,0.0854433424266978,-0.2324645611508209,2.706700842182351,-0.1209820900175921,-0.0477761688435865,0.0186601417789156,-0.1865766341788924,0.8074529689176111,0.093281097309362,-0.142421305639541,0.7426545198152283,0.1110479203677359,-0.2324645611508206
SPY,200,0.01,52,15,8,AND,0.5511054603620256,0.0864658041829211,-0.2032783170452642,2.768216770413768,-0.1209820900175896,-0.038715984939619,0.0194512925151155,-0.1742695898490798,0.7820661737533499,0.0907522928281043,-0.1424213056395412,0.7693344844494575,0.1151806110669941,-0.203278317045264
SPY,200,0.01,52,18,2,AND,0.4782052998515571,0.0763332715702092,-0.2002709163947242,2.768216770413768,-0.1209820900175895,-0.047436504625587,0.0188149011837999,-0.1895459351758953,0.7049283899881433,0.0808256834636347,-0.1719284006039179,0.6528036676858019,0.096533231399454,-0.2002709163947242
SPY,200,0.01,52,18,4,AND,0.5107736455961207,0.0807082482878744,-0.1897401075860689,2.768216770413768,-0.1209820900175897,-0.0721578122595042,0.0164849248946792,-0.1865766341788916,0.7378717173094548,0.0851409550470672,-0.1543181514277422,0.7197342573006318,0.1059161970294799,-0.1897401075860681
SPY,200,0.01,52,18,6,AND,0.538337812428027,0.0846717168809516,-0.2324645611508202,2.768216770413768,-0.1209820900175894,-0.0477761688435865,0.0186601417789156,-0.1865766341788924,0.7820661737533499,0.0907522928281043,-0.1424213056395412,0.7426545198152283,0.1110479203677359,-0.2324645611508206
SPY,200,0.01,52,18,8,AND,0.5511054603620256,0.0864658041829211,-0.2032783170452642,2.768216770413768,-0.1209820900175896,-0.038715984939619,0.0194512925151155,-0.1742695898490798,0.7820661737533499,0.0907522928281043,-0.1424213056395412,0.7693344844494575,0.1151806110669941,-0.203278317045264
SPY,200,0.02,26,8,2,AND,0.503828804623308,0.0766353691434245,-0.1906076106599592,2.030025631636763,-0.1474883659174805,0.1340481937147161,0.0354320624667501,-0.1786186780457136,0.7645653630660396,0.0825075515763196,-0.1645507464720841,0.6228593233280251,0.086840769409038,-0.1906076106599592
SPY,200,0.02,26,8,4,AND,0.527595729347899,0.0816456148314979,-0.1817809591448078,2.399121201025266,-0.1146217647164903,0.1496124790340812,0.0371118700179806,-0.1619634084083769,0.6968839289630362,0.0777310528446055,-0.1615974197873313,0.6446984111935639,0.0928056269279096,-0.1643223735735626
SPY,200,0.02,26,8,6,AND,0.5240149844581521,0.0823817415382188,-0.2367192953285212,2.829732698645185,-0.1420287613858289,0.1152774132770424,0.0337643455094522,-0.1626980835094383,0.7204412249264137,0.0820599780518887,-0.1615974197873309,0.6595400176640602,0.0973564900474133,-0.1859171852352243
SPY,200,0.02,26,8,8,AND,0.5562358990020082,0.0874104437375193,-0.2021692867491566,3.9985353350421096,-0.1456215928849014,0.1600251273721622,0.0383081909771705,-0.1619634084083768,0.7802631341967942,0.089984447509489,-0.1615974197873309,0.7625679610471828,0.1118328491153575,-0.1906554822322483
SPY,200,0.02,26,10,2,AND,0.5509172871473179,0.0844096186955658,-0.1645507464720829,1.845477846942512,-0.109720837861604,0.1558734173044406,0.0375713421594927,-0.1619634084083787,0.7395853827634226,0.0824702920367033,-0.1645507464720834,0.7279878917459335,0.1016542766325534,-0.1517711489559412
SPY,200,0.02,26,10,4,AND,0.5733154913353277,0.0887377522869943,-0.1984143517482222,2.030025631636763,-0.1406698383502899,0.1439524761367505,0.0365898041868713,-0.161963408408377,0.72298880306368,0.082446619184467,-0.1615974197873315,0.6821175390785046,0.0999885754384202,-0.198414351748223
SPY,200,0.02,26,10,6,AND,0.5715429842784919,0.0894136637500235,-0.2114965903418847,2.2145734163310147,-0.1487611649660054,0.1109968473210151,0.0333517587523353,-0.1659426930943747,0.7829386018997492,0.0906464009200305,-0.1615974197873314,0.687595085189921,0.1027270466224978,-0.191000115903811
SPY,200,0.02,26,10,8,AND,0.5971457313185297,0.0933430427083195,-0.1910001159038118,2.399121201025266,-0.1459854028087169,0.1744251422258219,0.0397936844452324,-0.1619634084083767,0.8402300107112236,0.0981226259458232,-0.1615974197873316,0.7570740005103301,0.1126912096655659,-0.1910001159038118
SPY,200,0.02,26,12,2,AND,0.5945917735944759,0.0919761834497079,-0.1645507464720839,1.6609300622482608,-0.1097208378616035,0.2136523871075257,0.0438867493225194,-0.1619634084083775,0.7798586673186086,0.090070844488626,-0.1645507464720834,0.7942432779467269,0.1127680266872226,-0.1517711489559411
SPY,200,0.02,26,12,4,AND,0.6115879582558273,0.0948612308864769,-0.198414351748222,1.7224459904796778,-0.1406698383502901,0.2223177465899269,0.0448313012988823,-0.1619634084083751,0.8100814446369378,0.0942073776646157,-0.1615974197873315,0.7752723155658485,0.1129793615300753,-0.1984143517482223
SPY,200,0.02,26,12,6,AND,0.6332049338643692,0.098328449399224,-0.1910001159038116,1.7224459904796778,-0.1459854028087166,0.2223177465899269,0.0448313012988823,-0.1619634084083751,0.8500995473200957,0.0994645617659384,-0.1615974197873314,0.7978782572982628,0.1185379935404229,-0.1910001159038115
SPY,200,0.02,26,12,8,AND,0.6119931719562727,0.0960797764898186,-0.2346465332273443,1.7839619187110949,-0.1459854028087172,0.2223177465899269,0.0448313012988823,-0.1619634084083751,0.8507411679595455,0.099741083702536,-0.1615974197873316,0.7301265394672064,0.1116387811452461,-0.2346465332273439
SPY,200,0.02,26,15,2,AND,0.554919305317814,0.0873810025540837,-0.2317575387853593,1.7839619187110949,-0.1459854028087173,0.2136523871075257,0.0438867493225194,-0.1619634084083775,0.7829360976539793,0.0904561864485817,-0.1615974197873311,0.6514202859732846,0.097191658672888,-0.2317575387853598
SPY,200,0.02,26,15,4,AND,0.5810242688561316,0.0913225940501756,-0.2216413448847055,1.7839619187110949,-0.1459854028087176,0.2223177465899269,0.0448313012988823,-0.1619634084083751,0.8100814446369378,0.0942073776646157,-0.1615974197873315,0.6699440020574203,0.1012990192441289,-0.221641344884706
SPY,200,0.02,26,15,6,AND,0.6044295515671522,0.0949875654979062,-0.2626836678832229,1.7839619187110949,-0.1459854028087172,0.2223177465899269,0.0448313012988823,-0.1619634084083751,0.8500995473200957,0.0994645617659384,-0.1615974197873314,0.7007509822254856,0.1074879283156287,-0.2626836678832234
SPY,200,0.02,26,15,8,AND,0.6119931719562727,0.0960797764898186,-0.2346465332273443,1.7839619187110949,-0.1459854028087172,0.2223177465899269,0.0448313012988823,-0.1619634084083751,0.8507411679595455,0.099741083702536,-0.1615974197873316,0.7301265394672064,0.1116387811452461,-0.2346465332273439
SPY,200,0.02,26,18,2,AND,0.564344484868172,0.0886854140330306,-0.2317575387853589,1.7839619187110949,-0.1459854028087153,0.2136523871075257,0.0438867493225194,-0.1619634084083775,0.8138912706819891,0.0947215991795948,-0.1615974197873311,0.6514202859732846,0.097191658672888,-0.2317575387853598
SPY,200,0.02,26,18,4,AND,0.5891921395572278,0.0924609332683146,-0.2216413448847046,1.7839619187110949,-0.1459854028087165,0.2223177465899269,0.0448313012988823,-0.1619634084083751,0.8372038089784619,0.0979283933604531,-0.1615974197873313,0.6699440020574203,0.1012990192441289,-0.221641344884706
SPY,200,0.02,26,18,6,AND,0.6047904589898873,0.095072129861492,-0.262683667883223,1.7839619187110949,-0.1459854028087162,0.2223177465899269,0.0448313012988823,-0.1619634084083751,0.8507411679595455,0.099741083702536,-0.1615974197873316,0.7007509822254856,0.1074879283156287,-0.2626836678832234
SPY,200,0.02,26,18,8,AND,0.6119931719562727,0.0960797764898186,-0.2346465332273443,1.7839619187110949,-0.1459854028087172,0.2223177465899269,0.0448313012988823,-0.1619634084083751,0.8507411679595455,0.099741083702536,-0.1615974197873316,0.7301265394672064,0.1116387811452461,-0.2346465332273439
SPY,200,0.02,39,8,2,AND,0.4771344471842453,0.0728713792122801,-0.1906076106599582,1.9685097034053465,-0.1474883659174791,0.1032542059624437,0.0324500318945126,-0.1352998459374627,0.7108410106227987,0.0761753528265214,-0.1789968551416992,0.6069766488904594,0.0844338263454909,-0.1906076106599593
SPY,200,0.02,39,8,4,AND,0.5152839266834393,0.0794660252741537,-0.1817809591448078,2.399121201025266,-0.1146217647164903,0.1392256387258663,0.0358746664568256,-0.135951346784842,0.6799861229988534,0.0757190827754437,-0.1615974197873315,0.6188498689381419,0.0889441397743036,-0.1643223735735626
SPY,200,0.02,39,8,6,AND,0.5095314649706006,0.0800396233260838,-0.2367192953285212,2.8912486268766022,-0.1420287613858289,0.1417075300321778,0.036224146342241,-0.1626980835094383,0.7204412249264137,0.0820599780518887,-0.1615974197873309,0.5813015183075997,0.0871150908766922,-0.1978794493253093
SPY,200,0.02,39,8,8,AND,0.5513653822092207,0.0862499743026921,-0.2124795468508498,4.244599047967777,-0.1456215928849015,0.1776004223607586,0.0397867663835276,-0.1262084114699542,0.7802631341967942,0.089984447509489,-0.1615974197873309,0.7250193246558464,0.1064345795445069,-0.2124795468508509
SPY,200,0.02,39,10,2,AND,0.5292368667605322,0.0810516272900299,-0.1789968551417,1.7839619187110949,-0.1097208378616052,0.126496151848805,0.0345831504901854,-0.1245537082614469,0.6876251863757353,0.0761383112390197,-0.1789968551416996,0.7135909570140216,0.0992145272284072,-0.1517711489559412
SPY,200,0.02,39,10,4,AND,0.5522595476610644,0.0854324478596033,-0.2116502490177374,2.030025631636763,-0.1406698383502913,0.1333194957399173,0.035353223414563,-0.1401724597546655,0.7064877552195583,0.0804258458259221,-0.1615974197873315,0.6252939387061823,0.0924519906875076,-0.2116502490177367
SPY,200,0.02,39,10,6,AND,0.5616239590080665,0.0875663327694307,-0.21204355383824,2.2145734163310147,-0.1487611649660054,0.136936558937425,0.0358105778514694,-0.1659426930943747,0.7829386018997492,0.0906464009200305,-0.1615974197873314,0.624328527214939,0.094106710252414,-0.2120435538382385
SPY,200,0.02,39,10,8,AND,0.5930268968885437,0.092333730420812,-0.2008559880608567,2.460637129256683,-0.1459854028087174,0.1748933568379887,0.039589630021118,-0.1195974883878138,0.8402300107112236,0.0981226259458232,-0.1615974197873316,0.7359362129988023,0.1095594814712954,-0.2008559880608561
SPY,200,0.02,39,12,2,AND,0.5740071844439866,0.0885947613598847,-0.1789968551416986,1.5994141340168435,-0.1097208378616032,0.1883736148489495,0.0408803693645538,-0.1195974883878134,0.7298315329362562,0.0836944037620823,-0.1789968551416996,0.7807650570183134,0.1103036645114938,-0.1517711489559408
SPY,200,0.02,39,12,4,AND,0.6081692586253412,0.0938424774679655,-0.1984143517482222,1.6609300622482608,-0.1406698383502902,0.2153634955580759,0.0435848889839305,-0.1195974883878143,0.7938942468721601,0.0921646486484049,-0.1615974197873315,0.7752723155658485,0.1129793615300753,-0.1984143517482223
SPY,200,0.02,39,12,6,AND,0.6401991245474408,0.0987077794367121,-0.2005612717077498,1.6609300622482608,-0.1459854028087169,0.2519034001946372,0.047317435509472,-0.1195974883878139,0.8500995473200957,0.0994645617659384,-0.1615974197873314,0.7890247451430156,0.1172057970974826,-0.2005612717077498
SPY,200,0.02,39,12,8,AND,0.6117540693072896,0.0956147078855824,-0.2346465332273432,1.7839619187110949,-0.1459854028087163,0.2242326506693347,0.044626258267103,-0.1195974883878142,0.8507411679595455,0.099741083702536,-0.1615974197873316,0.721342326294878,0.1103148017733974,-0.2346465332273439
SPY,200,0.02,39,15,2,AND,0.5382420950095143,0.08459554043166,-0.2317575387853596,1.7224459904796778,-0.1459854028087157,0.1883736148489495,0.0408803693645538,-0.1195974883878134,0.7470970286295702,0.085973073636435,-0.1615974197873315,0.6368225963400596,0.0947617922871615,-0.2317575387853593
SPY,200,0.02,39,15,4,AND,0.5773156087464585,0.0903071332848992,-0.2216413448847047,1.7224459904796778,-0.1459854028087165,0.2153634955580759,0.0435848889839305,-0.1195974883878143,0.7938942468721601,0.0921646486484049,-0.1615974197873315,0.6699440020574203,0.1012990192441289,-0.221641344884706
SPY,200,0.02,39,15,6,AND,0.6111147559996096,0.0953657416932847,-0.2626836678832229,1.7224459904796778,-0.145985402808717,0.2519034001946372,0.047317435509472,-0.1195974883878139,0.8500995473200957,0.0994645617659384,-0.1615974197873314,0.6918971448634388,0.1061688926751571,-0.2626836678832234
SPY,200,0.02,39,15,8,AND,0.6117540693072896,0.0956147078855824,-0.2346465332273432,1.7839619187110949,-0.1459854028087163,0.2242326506693347,0.044626258267103,-0.1195974883878142,0.8507411679595455,0.099741083702536,-0.1615974197873316,0.721342326294878,0.1103148017733974,-0.2346465332273439
SPY,200,0.02,39,18,2,AND,0.5508864467429109,0.0862940190647845,-0.2317575387853588,1.7224459904796778,-0.1459854028087162,0.1883736148489495,0.0408803693645538,-0.1195974883878134,0.7887632240439636,0.0915207453782867,-0.1615974197873311,0.6368225963400596,0.0947617922871615,-0.2317575387853593
SPY,200,0.02,39,18,4,AND,0.585554936395709,0.0914444132939462,-0.221641344884705,1.7224459904796778,-0.1459854028087178,0.2153634955580759,0.0435848889839305,-0.1195974883878143,0.8211055278268228,0.0958787177389763,-0.1615974197873309,0.6699440020574203,0.1012990192441289,-0.221641344884706
SPY,200,0.02,39,18,6,AND,0.6114718187389867,0.095450335262891,-0.2626836678832238,1.7224459904796778,-0.1459854028087164,0.2519034001946372,0.047317435509472,-0.1195974883878139,0.8507411679595455,0.099741083702536,-0.1615974197873316,0.6918971448634388,0.1061688926751571,-0.2626836678832234
SPY,200,0.02,39,18,8,AND,0.6117540693072896,0.0956147078855824,-0.2346465332273432,1.7839619187110949,-0.1459854028087163,0.2242326506693347,0.044626258267103,-0.1195974883878142,0.8507411679595455,0.099741083702536,-0.1615974197873316,0.721342326294878,0.1103148017733974,-0.2346465332273439
SPY,200,0.02,52,8,2,AND,0.4319597049483923,0.0672489673090557,-0.1906076106599583,1.9685097034053465,-0.1474883659174791,-0.0886682945302491,0.0163341106159724,-0.16814000575185,0.7108410106227987,0.0761753528265214,-0.1789968551416992,0.5901250192989748,0.0824995465587885,-0.1906076106599593
SPY,200,0.02,52,8,4,AND,0.4770845797105578,0.0742521982530965,-0.1817809591448078,2.3376052727938488,-0.1146217647164903,-0.0987973817582596,0.0147366856608308,-0.1481627323623585,0.6799861229988534,0.0757190827754437,-0.1615974197873315,0.6660852956944355,0.0936601553429281,-0.1643223735735626
SPY,200,0.02,52,8,6,AND,0.4808909413152688,0.0757730539531689,-0.2367192953285212,2.768216770413768,-0.1420287613858289,-0.1075586615267007,0.0136258491699994,-0.1626980835094383,0.7204412249264137,0.0820599780518887,-0.1615974197873309,0.6674307840122545,0.0965018299091855,-0.1859171852352243
SPY,200,0.02,52,8,8,AND,0.5076534457126411,0.0799969383210672,-0.2021692867491566,4.060051263273526,-0.1456215928849014,-0.0461669135665162,0.0188718782357824,-0.135274488115751,0.7802631341967942,0.089984447509489,-0.1615974197873309,0.7429408481870475,0.1075371136561547,-0.1782427042956669
SPY,200,0.02,52,10,2,AND,0.4864360356799204,0.0753863465722812,-0.1789968551416986,1.7839619187110949,-0.1097208378616036,-0.0613355453265781,0.0184339325190174,-0.1512722585382243,0.6876251863757353,0.0761383112390197,-0.1789968551416996,0.6975623466461721,0.0972538834439609,-0.1517711489559412
SPY,200,0.02,52,10,4,AND,0.525012751407519,0.0812958585309286,-0.1710246262558683,1.9685097034053465,-0.140669838350291,-0.1029648229054151,0.0142258831462014,-0.1481627323623598,0.7064877552195583,0.0804258458259221,-0.1615974197873315,0.7028995354812538,0.1008487206195447,-0.171024626255868
SPY,200,0.02,52,10,6,AND,0.5302299615529668,0.0827620414264829,-0.2114965903418847,2.153057488099597,-0.1487611649660054,-0.1097677767363972,0.0132212999089851,-0.1659426930943747,0.7829386018997492,0.0906464009200305,-0.1615974197873314,0.6955363507267761,0.1018682037044103,-0.1859171852352245
SPY,200,0.02,52,10,8,AND,0.5578245565857768,0.086910418052277,-0.1779907244325452,2.3376052727938488,-0.1459854028087174,-0.0295911909361066,0.0203295644344116,-0.1352744881157508,0.8402300107112236,0.0981226259458232,-0.1615974197873316,0.7629747640755046,0.1117931970595695,-0.1779907244325447
SPY,200,0.02,52,12,2,AND,0.5330845626718456,0.0828899506410532,-0.178996855141699,1.5994141340168435,-0.1097208378616039,0.0177464711017316,0.0246328556110071,-0.1512722585382263,0.7298315329362562,0.0836944037620823,-0.1789968551416996,0.7654163696290897,0.1083232412867738,-0.1517711489559408
SPY,200,0.02,52,12,4,AND,0.5649728413494232,0.0873774810663048,-0.1710246262558681,1.6609300622482608,-0.1406698383502913,-0.0071878617589132,0.0222895739649946,-0.1481627323623602,0.7938942468721601,0.0921646486484049,-0.1615974197873315,0.7975990280860269,0.1138496649640268,-0.171024626255868
SPY,200,0.02,52,12,6,AND,0.5938663131900453,0.0916223961563664,-0.1859171852352243,1.6609300622482608,-0.1459854028087165,0.0167663804209079,0.0244772124507286,-0.1481627323623606,0.8500995473200957,0.0994645617659384,-0.1615974197873314,0.808098416899319,0.117666836496342,-0.1859171852352249
SPY,200,0.02,52,12,8,AND,0.5733465860777538,0.0896310504085948,-0.2346465332273434,1.7224459904796778,-0.1459854028087165,0.0255519792366323,0.0252728810624736,-0.1352744881157507,0.8507411679595455,0.099741083702536,-0.1615974197873316,0.7348773532329498,0.1107416179160312,-0.2346465332273439
SPY,200,0.02,52,15,2,AND,0.4972694442124643,0.0789116877398448,-0.2317575387853593,1.7224459904796778,-0.1459854028087175,0.0177464711017316,0.0246328556110071,-0.1512722585382263,0.7470970286295702,0.085973073636435,-0.1615974197873315,0.6217316876515876,0.092809090744079,-0.2317575387853593
SPY,200,0.02,52,15,4,AND,0.5338647250658194,0.0838630320193236,-0.2216413448847057,1.7224459904796778,-0.1459854028087162,-0.0071878617589132,0.0222895739649946,-0.1481627323623602,0.7938942468721601,0.0921646486484049,-0.1615974197873315,0.6889619016983168,0.1021601891376462,-0.221641344884706
SPY,200,0.02,52,15,6,AND,0.5645388175351816,0.0883019106571232,-0.262683667883223,1.7224459904796778,-0.1459854028087148,0.0167663804209079,0.0244772124507286,-0.1481627323623606,0.8500995473200957,0.0994645617659384,-0.1615974197873314,0.7079794219136873,0.1066253774540946,-0.2626836678832234
SPY,200,0.02,52,15,8,AND,0.5733465860777538,0.0896310504085948,-0.2346465332273434,1.7224459904796778,-0.1459854028087165,0.0255519792366323,0.0252728810624736,-0.1352744881157507,0.8507411679595455,0.099741083702536,-0.1615974197873316,0.7348773532329498,0.1107416179160312,-0.2346465332273439
SPY,200,0.02,52,18,2,AND,0.5101111353489114,0.0806012654490846,-0.2317575387853589,1.7224459904796778,-0.1459854028087173,0.0177464711017316,0.0246328556110071,-0.1512722585382263,0.7887632240439636,0.0915207453782867,-0.1615974197873311,0.6217316876515876,0.092809090744079,-0.2317575387853593
SPY,200,0.02,52,18,4,AND,0.5422810445180467,0.0849935903007752,-0.2216413448847061,1.7224459904796778,-0.1459854028087168,-0.0071878617589132,0.0222895739649946,-0.1481627323623602,0.8211055278268228,0.0958787177389763,-0.1615974197873309,0.6889619016983168,0.1021601891376462,-0.221641344884706
SPY,200,0.02,52,18,6,AND,0.5649239113411554,0.0883859586969038,-0.2626836678832233,1.7224459904796778,-0.1459854028087169,0.0167663804209079,0.0244772124507286,-0.1481627323623606,0.8507411679595455,0.099741083702536,-0.1615974197873316,0.7079794219136873,0.1066253774540946,-0.2626836678832234
SPY,200,0.02,52,18,8,AND,0.5733465860777538,0.0896310504085948,-0.2346465332273434,1.7224459904796778,-0.1459854028087165,0.0255519792366323,0.0252728810624736,-0.1352744881157507,0.8507411679595455,0.099741083702536,-0.1615974197873316,0.7348773532329498,0.1107416179160312,-0.2346465332273439
SPY,200,0.03,26,8,2,AND,0.5779712790686614,0.0855124612305575,-0.1926220376759958,1.5994141340168435,-0.1617121810926685,0.3071674320388933,0.0524977821828938,-0.1495840682690105,0.8523345827740485,0.0915404000441457,-0.1400879805833805,0.6192503940650973,0.0864429558763009,-0.1906076106599592
SPY,200,0.03,26,8,4,AND,0.5867112975310618,0.0889118527991088,-0.1952963480135328,1.9069937751739288,-0.1293939459693136,0.297215304745002,0.0520317001023011,-0.1502237518091685,0.7757378070662029,0.085957706900406,-0.1436627276398123,0.632996059109837,0.0912286724371234,-0.1643223735735622
SPY,200,0.03,26,8,6,AND,0.5776860795546932,0.0890597608529886,-0.2348399842635077,2.3376052727938488,-0.1494407704989913,0.2612460034125509,0.0486360183039811,-0.1765286844082774,0.7708614095214171,0.0868612941914175,-0.1471489997983438,0.6331801062542592,0.0936693955372232,-0.185917185235224
SPY,200,0.03,26,8,8,AND,0.6092841989848562,0.0942281913962499,-0.2176304926948423,3.690955693885024,-0.164219900800577,0.3038481637073469,0.0532452312641256,-0.1495840682690096,0.8280229333574693,0.0942716448097205,-0.1400879805833799,0.7094140479850745,0.1048856740773527,-0.2176304926948431
SPY,200,0.03,26,10,2,AND,0.6126092493554406,0.0923956821896814,-0.1517711489559396,1.2303185646283414,-0.0981129190469622,0.3071674320388933,0.0524977821828938,-0.1495840682690105,0.7703503717325257,0.0861075999634943,-0.1400879805833802,0.7343417469439331,0.1028110442196283,-0.1517711489559412
SPY,200,0.03,26,10,4,AND,0.6218434207305436,0.0953396001738122,-0.2118433538779114,1.4148663493225926,-0.1550662370334107,0.2905851229000879,0.0515021238629918,-0.1543751401937682,0.7485498873727853,0.0853179615032533,-0.1580033488656365,0.6657621085551242,0.0985481557305492,-0.2118433538779121
SPY,200,0.03,26,10,6,AND,0.6056846118440549,0.0941743500246912,-0.209863655321546,1.5994141340168435,-0.1550662370334109,0.2556471668496834,0.0482174960981545,-0.1797196993466973,0.7821228924321599,0.0900708994443371,-0.151013683008543,0.6490429975249596,0.098103043383589,-0.2090617945188325
SPY,200,0.03,26,10,8,AND,0.6401387097430261,0.0993380090543978,-0.2090617945188344,1.7839619187110949,-0.1550662370334121,0.3176163220700879,0.0547520949534481,-0.1495840682690101,0.8390689920986446,0.0972672102003688,-0.140087980583381,0.7261586044543981,0.1090185269465191,-0.2090617945188334
SPY,200,0.03,26,12,2,AND,0.675678980228696,0.1030960391520059,-0.1612522230099528,0.922738923471256,-0.0941599887196508,0.3552951916715174,0.0589040424202209,-0.1495840682690089,0.8192443834576228,0.0953760480796264,-0.1400879805833799,0.8408410625596466,0.1192186171812041,-0.1517711489559411
SPY,200,0.03,26,12,4,AND,0.6804684806988573,0.1045824264367687,-0.2118433538779124,0.9842548517026732,-0.1550662370334116,0.3633104480055466,0.0598621826655072,-0.149584068269009,0.8449955593490481,0.0987573431611874,-0.1400879805833802,0.7979585398364899,0.1167926343014205,-0.2118433538779116
SPY,200,0.03,26,12,6,AND,0.6898481866445052,0.1064337026612849,-0.2090617945188335,0.9842548517026732,-0.1550662370334112,0.3633104480055466,0.0598621826655072,-0.149584068269009,0.8591494494968747,0.1005344979017339,-0.1400879805833805,0.7965010221325352,0.1189212852804775,-0.2090617945188334
SPY,200,0.03,26,12,8,AND,0.6699880747747139,0.1043351149270499,-0.2346465332273437,1.04577077993409,-0.1550662370334106,0.3633104480055466,0.0598621826655072,-0.149584068269009,0.8591494494968747,0.1005344979017339,-0.1400879805833805,0.729307933223372,0.1120197087178431,-0.2346465332273442
SPY,200,0.03,26,15,2,AND,0.6286653992023833,0.0987018252247553,-0.1903003499453566,0.9842548517026732,-0.155066237033411,0.3552951916715174,0.0589040424202209,-0.1495840682690089,0.8192443834576228,0.0953760480796264,-0.1400879805833799,0.7147693275878921,0.1084258729332972,-0.1894840077089639
SPY,200,0.03,26,15,4,AND,0.6528673554013716,0.1025401856148462,-0.2118433538779111,0.9842548517026732,-0.1550662370334101,0.3633104480055466,0.0598621826655072,-0.149584068269009,0.8449955593490481,0.0987573431611874,-0.1400879805833802,0.7415708036838606,0.1137670562530219,-0.2118433538779128
SPY,200,0.03,26,15,6,AND,0.6623721619257356,0.1043880390509963,-0.2090617945188336,0.9842548517026732,-0.1550662370334117,0.3633104480055466,0.0598621826655072,-0.149584068269009,0.8591494494968747,0.1005344979017339,-0.1400879805833805,0.7424594318294061,0.115889940360524,-0.2090617945188325
SPY,200,0.03,26,15,8,AND,0.671266024209611,0.1056565056601521,-0.2090617945188334,0.9842548517026732,-0.1550662370334112,0.3633104480055466,0.0598621826655072,-0.149584068269009,0.8591494494968747,0.1005344979017339,-0.1400879805833805,0.7708509257468008,0.120072283840811,-0.2090617945188337
SPY,200,0.03,26,18,2,AND,0.6338103072453705,0.0994191026565756,-0.1903003499453566,0.9842548517026732,-0.1550662370334118,0.3552951916715174,0.0589040424202209,-0.1495840682690089,0.8369930859871078,0.0977064064631445,-0.1400879805833809,0.7147693275878921,0.1084258729332972,-0.1894840077089639
SPY,200,0.03,26,18,4,AND,0.65687284020066,0.1030875069209704,-0.2118433538779116,0.9842548517026732,-0.1550662370334107,0.3633104480055466,0.0598621826655072,-0.149584068269009,0.8591494494968747,0.1005344979017339,-0.1400879805833805,0.7415708036838606,0.1137670562530219,-0.2118433538779128
SPY,200,0.03,26,18,6,AND,0.6623721619257356,0.1043880390509963,-0.2090617945188336,0.9842548517026732,-0.1550662370334117,0.3633104480055466,0.0598621826655072,-0.149584068269009,0.8591494494968747,0.1005344979017339,-0.1400879805833805,0.7424594318294061,0.115889940360524,-0.2090617945188325
SPY,200,0.03,26,18,8,AND,0.671266024209611,0.1056565056601521,-0.2090617945188334,0.9842548517026732,-0.1550662370334112,0.3633104480055466,0.0598621826655072,-0.149584068269009,0.8591494494968747,0.1005344979017339,-0.1400879805833805,0.7708509257468008,0.120072283840811,-0.2090617945188337
SPY,200,0.03,39,8,2,AND,0.5506535217684605,0.0816391781051009,-0.1906076106599595,1.5994141340168435,-0.1474883659174791,0.2570295256693833,0.0469004604129583,-0.1349442857759282,0.8049540244163442,0.086071895933675,-0.1478040018239443,0.603327077138545,0.0840368938199356,-0.1906076106599593
SPY,200,0.03,39,8,4,AND,0.5719778246165167,0.0864209457982683,-0.1817809591448074,1.9685097034053465,-0.1146217647164905,0.266036287859014,0.0482073526230875,-0.135951346784842,0.7722415174242723,0.0855529582522114,-0.143662727639813,0.6069359093024856,0.0873727575365859,-0.1643223735735622
SPY,200,0.03,39,8,6,AND,0.5596697916568973,0.086304755284053,-0.2219887499812348,2.460637129256683,-0.1350087377256386,0.265693339974122,0.0485609932683785,-0.1626980835094383,0.7708614095214171,0.0868612941914175,-0.1471489997983438,0.5639712195801275,0.0847543668594816,-0.185917185235224
SPY,200,0.03,39,8,8,AND,0.6044951354721562,0.0931189062068467,-0.2296224752717762,3.937019406810693,-0.1642199008005759,0.3141229994347628,0.0536449363728601,-0.1349442857759286,0.8280229333574693,0.0942716448097205,-0.1400879805833799,0.680718684300883,0.1008322436623723,-0.2296224752717787
SPY,200,0.03,39,10,2,AND,0.5818558732557076,0.0879346718455202,-0.1543191337287446,1.2303185646283414,-0.0981129190469622,0.2375636007171421,0.0450909908852517,-0.1390143801301477,0.7249473901802278,0.0806663136175431,-0.1543191337287437,0.7200487119138126,0.1003687330108482,-0.1517711489559412
SPY,200,0.03,39,10,4,AND,0.5936865070334618,0.0911512998371764,-0.2248575095368953,1.4763822775540096,-0.1550662370334102,0.2405124919661501,0.0458688851272084,-0.1543751401937682,0.7451668842078506,0.0849134512953613,-0.1580033488656367,0.6092565672188006,0.0910214400323226,-0.2248575095368964
SPY,200,0.03,39,10,6,AND,0.587550494977535,0.091353513673611,-0.2204219842390854,1.6609300622482608,-0.1550662370334106,0.2414846993928462,0.0463308847271692,-0.1797196993466973,0.7821228924321599,0.0900708994443371,-0.151013683008543,0.5950988210975908,0.090818035719375,-0.2204219842390853
SPY,200,0.03,39,10,8,AND,0.6359369774683314,0.0983455538499402,-0.2093533771194776,1.845477846942512,-0.1550662370334111,0.3099219150169524,0.0533286397299446,-0.1349442857759283,0.8390689920986446,0.0972672102003688,-0.140087980583381,0.7139962722262243,0.1072158472994715,-0.209353377119478
SPY,200,0.03,39,12,2,AND,0.6465392194145262,0.0985913318179412,-0.1612522230099528,0.922738923471256,-0.0941599887196492,0.2911520889267029,0.0514521680512609,-0.1349442857759286,0.7757339922239824,0.0898883277706088,-0.1543191337287462,0.827849201029404,0.1167399693764466,-0.1517711489559408
SPY,200,0.03,39,12,4,AND,0.6699597564752082,0.10268255458732,-0.2118433538779116,0.9842548517026732,-0.1550662370334107,0.3171894330527384,0.0541841563767448,-0.1349442857759279,0.8416837356394853,0.0983478239446349,-0.1400879805833808,0.7979585398364899,0.1167926343014205,-0.2118433538779116
SPY,200,0.03,39,12,6,AND,0.6885695569265234,0.1058375864977376,-0.2090617945188335,0.9842548517026732,-0.1550662370334117,0.3523132975020366,0.0579546128596826,-0.1349442857759274,0.8591494494968747,0.1005344979017339,-0.1400879805833805,0.7965010221325352,0.1189212852804775,-0.2090617945188334
SPY,200,0.03,39,12,8,AND,0.6696750939502548,0.103889047875769,-0.2346465332273437,1.04577077993409,-0.1550662370334107,0.3568854273231798,0.0584318310527183,-0.1349442857759274,0.8591494494968747,0.1005344979017339,-0.1400879805833805,0.729307933223372,0.1120197087178431,-0.2346465332273442
SPY,200,0.03,39,15,2,AND,0.6019211922429338,0.0945184625816322,-0.1903003499453566,0.9842548517026732,-0.155066237033411,0.2911520889267029,0.0514521680512609,-0.1349442857759286,0.7836734395016541,0.0908727085999736,-0.1543191337287462,0.7010711231210137,0.1059711269931322,-0.1894840077089639
SPY,200,0.03,39,15,4,AND,0.6423041414783734,0.1006438264012623,-0.2118433538779118,0.9842548517026732,-0.1550662370334111,0.3171894330527384,0.0541841563767448,-0.1349442857759279,0.8416837356394853,0.0983478239446349,-0.1400879805833808,0.7415708036838606,0.1137670562530219,-0.2118433538779128
SPY,200,0.03,39,15,6,AND,0.6608894302956307,0.1037930250349525,-0.2090617945188331,0.9842548517026732,-0.1550662370334113,0.3523132975020366,0.0579546128596826,-0.1349442857759274,0.8591494494968747,0.1005344979017339,-0.1400879805833805,0.7424594318294061,0.115889940360524,-0.2090617945188325
SPY,200,0.03,39,15,8,AND,0.6709083278417917,0.105209904867926,-0.2090617945188324,0.9842548517026732,-0.1550662370334105,0.3568854273231798,0.0584318310527183,-0.1349442857759274,0.8591494494968747,0.1005344979017339,-0.1400879805833805,0.7708509257468008,0.120072283840811,-0.2090617945188337
SPY,200,0.03,39,18,2,AND,0.6101260011964422,0.0956338343777793,-0.1903003499453566,0.9842548517026732,-0.1550662370334106,0.2911520889267029,0.0514521680512609,-0.1349442857759286,0.8119409685179699,0.0944968253911349,-0.1543191337287435,0.7010711231210137,0.1059711269931322,-0.1894840077089639
SPY,200,0.03,39,18,4,AND,0.6463372010270727,0.1011902063196577,-0.2118433538779117,0.9842548517026732,-0.1550662370334111,0.3171894330527384,0.0541841563767448,-0.1349442857759279,0.8558388961495523,0.100124316319627,-0.1400879805833806,0.7415708036838606,0.1137670562530219,-0.2118433538779128
SPY,200,0.03,39,18,6,AND,0.6608894302956307,0.1037930250349525,-0.2090617945188331,0.9842548517026732,-0.1550662370334113,0.3523132975020366,0.0579546128596826,-0.1349442857759274,0.8591494494968747,0.1005344979017339,-0.1400879805833805,0.7424594318294061,0.115889940360524,-0.2090617945188325
SPY,200,0.03,39,18,8,AND,0.6709083278417917,0.105209904867926,-0.2090617945188324,0.9842548517026732,-0.1550662370334105,0.3568854273231798,0.0584318310527183,-0.1349442857759274,0.8591494494968747,0.1005344979017339,-0.1400879805833805,0.7708509257468008,0.120072283840811,-0.2090617945188337
SPY,200,0.03,52,8,2,AND,0.5066761211641779,0.0759708183111831,-0.1906076106599584,1.5994141340168435,-0.1474883659174791,0.0820882883730067,0.0305589766749772,-0.1428609180831782,0.8049540244163442,0.086071895933675,-0.1478040018239443,0.5864710701731101,0.0821033220326905,-0.1906076106599593
SPY,200,0.03,52,8,4,AND,0.5346476880568183,0.0811735264716557,-0.1817809591448074,1.9069937751739288,-0.1146217647164905,0.0407359729555726,0.0268177119576242,-0.1397205748595849,0.7722415174242723,0.0855529582522114,-0.143662727639813,0.6541985982742685,0.0920819677395112,-0.1643223735735622
SPY,200,0.03,52,8,6,AND,0.5318637178282651,0.0820134362449669,-0.2219887499812348,2.3376052727938488,-0.1350087377256386,0.0293832509540239,0.0256936503168148,-0.1626980835094383,0.7708614095214171,0.0868612941914175,-0.1471489997983438,0.6502539740757711,0.094120722125377,-0.185917185235224
SPY,200,0.03,52,8,8,AND,0.557939540462306,0.0863697445323758,-0.1961309082696722,3.8139875503478575,-0.1642199008005769,0.0871766172963969,0.0310021363884327,-0.1349442857759289,0.8280229333574693,0.0942716448097205,-0.1400879805833799,0.6979813961139472,0.1019291951878198,-0.1961309082696737
SPY,200,0.03,52,10,2,AND,0.5400085114003175,0.082233320343902,-0.1543191337287445,1.2303185646283414,-0.0981129190469622,0.061718429880176,0.0287777518734686,-0.142860918083178,0.7249473901802278,0.0806663136175431,-0.1543191337287437,0.7041130444736925,0.0984060304959748,-0.1517711489559412
SPY,200,0.03,52,10,4,AND,0.5672223913799859,0.0869929159305806,-0.1801098892103864,1.4148663493225926,-0.1550662370334116,0.0160062166722271,0.024526963054178,-0.1543751401937682,0.7451668842078506,0.0849134512953613,-0.1580033488656367,0.6858311960043598,0.099407174563548,-0.1801098892103866
SPY,200,0.03,52,10,6,AND,0.5567533331474732,0.0865324925736965,-0.209863655321546,1.5994141340168435,-0.1550662370334097,0.0066620715312937,0.0235121766734878,-0.1797196993466973,0.7821228924321599,0.0900708994443371,-0.151013683008543,0.66526528408297,0.0985561996134645,-0.1859171852352238
SPY,200,0.03,52,10,8,AND,0.5933453693838878,0.0919041935745963,-0.1801098892103863,1.7839619187110949,-0.1550662370334108,0.0839116614516241,0.030692636951459,-0.1349442857759282,0.8390689920986446,0.0972672102003688,-0.140087980583381,0.7404446670321021,0.1094448447881122,-0.1801098892103866
SPY,200,0.03,52,12,2,AND,0.6068161860619071,0.0928341337973102,-0.1612522230099528,0.922738923471256,-0.09415998871965,0.1299323410840614,0.0350396349068036,-0.1428609180831799,0.7757339922239824,0.0898883277706088,-0.1543191337287462,0.8126653298996304,0.114748065862106,-0.1517711489559408
SPY,200,0.03,52,12,4,AND,0.6281740579751415,0.0961653101993689,-0.1801098892103866,0.9842548517026732,-0.1550662370334116,0.1048194937587156,0.0326725535018979,-0.139720574859583,0.8416837356394853,0.0983478239446349,-0.1400879805833808,0.8203709743338056,0.1176659195556126,-0.1801098892103861
SPY,200,0.03,52,12,6,AND,0.6434492127903344,0.098706224280419,-0.1859171852352243,0.9842548517026732,-0.1550662370334109,0.1279303581861337,0.0348824109422312,-0.1397205748595821,0.8591494494968747,0.1005344979017339,-0.1400879805833805,0.8154336540095916,0.1193830326130434,-0.1859171852352247
SPY,200,0.03,52,12,8,AND,0.6243106778769549,0.0968675085997703,-0.234646533227344,1.04577077993409,-0.1550662370334107,0.1362176442938184,0.0356861608365453,-0.1349442857759289,0.8591494494968747,0.1005344979017339,-0.1400879805833805,0.7427736597422364,0.1124471802438009,-0.2346465332273442
SPY,200,0.03,52,15,2,AND,0.5626298710079175,0.0887826085439968,-0.1903003499453566,0.9842548517026732,-0.1550662370334106,0.1299323410840614,0.0350396349068036,-0.1428609180831799,0.7836734395016541,0.0908727085999736,-0.1543191337287462,0.6866471421560804,0.1039984316163855,-0.1894840077089639
SPY,200,0.03,52,15,4,AND,0.600828423996272,0.094138631618861,-0.1903003499453566,0.9842548517026732,-0.1550662370334107,0.1048194937587156,0.0326725535018979,-0.139720574859583,0.8416837356394853,0.0983478239446349,-0.1400879805833808,0.7607701736733502,0.1146379756313886,-0.189484007708964
SPY,200,0.03,52,15,6,AND,0.6160970042349988,0.0966748478536145,-0.2076539300636191,0.9842548517026732,-0.1550662370334109,0.1279303581861337,0.0348824109422312,-0.1397205748595821,0.8591494494968747,0.1005344979017339,-0.1400879805833805,0.758495747256441,0.1163504367423311,-0.2076539300636197
SPY,200,0.03,52,15,8,AND,0.6261303074600489,0.0981799639783176,-0.1903003499453566,0.9842548517026732,-0.1550662370334115,0.1362176442938184,0.0356861608365453,-0.1349442857759289,0.8591494494968747,0.1005344979017339,-0.1400879805833805,0.7842921503846652,0.1205028508573866,-0.189484007708964
SPY,200,0.03,52,18,2,AND,0.57093545387327,0.0898921352036399,-0.1903003499453566,0.9842548517026732,-0.1550662370334112,0.1299323410840614,0.0350396349068036,-0.1428609180831799,0.8119409685179699,0.0944968253911349,-0.1543191337287435,0.6866471421560804,0.1039984316163855,-0.1894840077089639
SPY,200,0.03,52,18,4,AND,0.6049262135802889,0.0946817822384502,-0.1903003499453566,0.9842548517026732,-0.1550662370334107,0.1048194937587156,0.0326725535018979,-0.139720574859583,0.8558388961495523,0.100124316319627,-0.1400879805833806,0.7607701736733502,0.1146379756313886,-0.189484007708964
SPY,200,0.03,52,18,6,AND,0.6160970042349988,0.0966748478536145,-0.2076539300636191,0.9842548517026732,-0.1550662370334109,0.1279303581861337,0.0348824109422312,-0.1397205748595821,0.8591494494968747,0.1005344979017339,-0.1400879805833805,0.758495747256441,0.1163504367423311,-0.2076539300636197
SPY,200,0.03,52,18,8,AND,0.6261303074600489,0.0981799639783176,-0.1903003499453566,0.9842548517026732,-0.1550662370334115,0.1362176442938184,0.0356861608365453,-0.1349442857759289,0.8591494494968747,0.1005344979017339,-0.1400879805833805,0.7842921503846652,0.1205028508573866,-0.189484007708964
SPY,200,0.05,26,8,2,AND,0.5756902706322098,0.0845965507217798,-0.192622037675995,1.5994141340168435,-0.161712181092668,0.3590357299253116,0.0571910965191111,-0.1390143801301477,0.815066565782339,0.0869035268102813,-0.1646136748455465,0.5867698200877174,0.0826525629146628,-0.1906076106599594
SPY,200,0.05,26,8,4,AND,0.6028853209424901,0.0901348451426879,-0.1952963480135331,1.845477846942512,-0.1293939459693146,0.3874369542184205,0.0608394511887158,-0.1502237518091685,0.7194369009647457,0.0789888374383125,-0.1660158471781849,0.6287089068473566,0.0899691893360286,-0.1660158471781845
SPY,200,0.05,26,8,6,AND,0.5629204534824217,0.0867902909684956,-0.2431851147438131,2.460637129256683,-0.1494407704989911,0.3529264921652161,0.0580645359825893,-0.1765286844082774,0.6143925907356832,0.0686627558236807,-0.2395147213894051,0.573802889168881,0.0862545125341043,-0.2395147213894061
SPY,200,0.05,26,8,8,AND,0.5907163177070773,0.0917723512522814,-0.200195541063216,4.121567191504943,-0.109865441237052,0.4364784325767165,0.0672788165469402,-0.1406417508565096,0.6747275712186727,0.0766911903616824,-0.1895731709802932,0.6056478825804662,0.0926718213047474,-0.2001955410632155
SPY,200,0.05,26,10,2,AND,0.6438828069048156,0.0962876999022945,-0.179064936407653,1.04577077993409,-0.1282938572921188,0.4113765805140036,0.0635365065788446,-0.1675456112932469,0.7242649095545038,0.0805292500119019,-0.1646136748455473,0.7761856191846783,0.1083524538255391,-0.1557477113212032
SPY,200,0.05,26,10,4,AND,0.663235034217717,0.1002867395947384,-0.193711158421862,1.1688026363969244,-0.1438458811530334,0.3841166945685998,0.0615698532923201,-0.1823973484578759,0.6842024947124469,0.0773914431751916,-0.1872548585334772,0.7476422656566353,0.1081594822652394,-0.1872548585334785
SPY,200,0.05,26,10,6,AND,0.6089630014694598,0.0943731046903786,-0.2443790575747877,1.4763822775540096,-0.1695060169183327,0.3482982014509033,0.0582537764767747,-0.206902042856701,0.6245757654105246,0.0714029271336829,-0.2312486854475094,0.6504240322631886,0.0981292018949855,-0.2312486854475093
SPY,200,0.05,26,10,8,AND,0.5992973995896953,0.0943137808608653,-0.2081033269724552,1.7839619187110949,-0.1177586612030975,0.4089100184901913,0.0648509416091225,-0.1574848009002535,0.6656010847346728,0.0770851665028733,-0.1848923012352439,0.6023573215191844,0.0945566469914755,-0.2081033269724544
SPY,200,0.05,26,12,2,AND,0.6785166094049796,0.1046797104767751,-0.1732765020680352,0.6766752105455878,-0.0805371447666174,0.4529556052481815,0.0700099564505492,-0.1251464934849384,0.7164422343580954,0.084243748307986,-0.1669251945387112,0.7234182592102754,0.1088408535659866,-0.1732765020680351
SPY,200,0.05,26,12,4,AND,0.6939017298628047,0.1072194467876892,-0.1732765020680354,0.6766752105455878,-0.0805371447666188,0.4529556052481815,0.0700099564505492,-0.1251464934849384,0.7235975219178563,0.0852213605422957,-0.16692519453871,0.7257340772885418,0.1105374819084159,-0.1732765020680352
SPY,200,0.05,26,12,6,AND,0.6917934492565545,0.1074901484319399,-0.1859171852352245,0.6766752105455878,-0.0805371447666182,0.4529556052481815,0.0700099564505492,-0.1251464934849384,0.7235975219178563,0.0852213605422957,-0.16692519453871,0.7245164158859071,0.1122613579636147,-0.1859171852352247
SPY,200,0.05,26,12,8,AND,0.6422224274434426,0.1013988414195343,-0.2626836678832227,0.7997070670084219,-0.0805371447666177,0.4529556052481815,0.0700099564505492,-0.1251464934849384,0.649671235817984,0.0765317177429558,-0.1669251945387102,0.6334231475177056,0.1012732997809733,-0.2626836678832236
SPY,200,0.05,26,15,2,AND,0.6317204587339549,0.1004053949536905,-0.1903003499453568,0.6766752105455878,-0.080537144766618,0.4529556052481815,0.0700099564505492,-0.1251464934849384,0.6469015806714488,0.0771134409422007,-0.1669251945387109,0.6725045059867931,0.1058368182216671,-0.1894840077089641
SPY,200,0.05,26,15,4,AND,0.6470840294160309,0.1029353043127425,-0.1903003499453568,0.6766752105455878,-0.0805371447666175,0.4529556052481815,0.0700099564505492,-0.1251464934849384,0.6540037071669274,0.078084624109499,-0.1669251945387107,0.6760696800700849,0.107528850114128,-0.1894840077089641
SPY,200,0.05,26,15,6,AND,0.6454855185162052,0.1032049585364338,-0.2076539300636195,0.6766752105455878,-0.0805371447666183,0.4529556052481815,0.0700099564505492,-0.1251464934849384,0.6540037071669274,0.078084624109499,-0.1669251945387107,0.6766751675505125,0.1092480559007456,-0.2076539300636196
SPY,200,0.05,26,15,8,AND,0.6454855185162052,0.1032049585364338,-0.2076539300636195,0.6766752105455878,-0.0805371447666183,0.4529556052481815,0.0700099564505492,-0.1251464934849384,0.6540037071669274,0.078084624109499,-0.1669251945387107,0.6766751675505125,0.1092480559007456,-0.2076539300636196
SPY,200,0.05,26,18,2,AND,0.6337937578950023,0.1007099911503321,-0.1903003499453568,0.6766752105455878,-0.0805371447666178,0.4529556052481815,0.0700099564505492,-0.1251464934849384,0.6540037071669274,0.078084624109499,-0.1669251945387107,0.6725045059867931,0.1058368182216671,-0.1894840077089641
SPY,200,0.05,26,18,4,AND,0.6470840294160309,0.1029353043127425,-0.1903003499453568,0.6766752105455878,-0.0805371447666175,0.4529556052481815,0.0700099564505492,-0.1251464934849384,0.6540037071669274,0.078084624109499,-0.1669251945387107,0.6760696800700849,0.107528850114128,-0.1894840077089641
SPY,200,0.05,26,18,6,AND,0.6454855185162052,0.1032049585364338,-0.2076539300636195,0.6766752105455878,-0.0805371447666183,0.4529556052481815,0.0700099564505492,-0.1251464934849384,0.6540037071669274,0.078084624109499,-0.1669251945387107,0.6766751675505125,0.1092480559007456,-0.2076539300636196
SPY,200,0.05,26,18,8,AND,0.6454855185162052,0.1032049585364338,-0.2076539300636195,0.6766752105455878,-0.0805371447666183,0.4529556052481815,0.0700099564505492,-0.1251464934849384,0.6540037071669274,0.078084624109499,-0.1669251945387107,0.6766751675505125,0.1092480559007456,-0.2076539300636196
SPY,200,0.05,39,8,2,AND,0.5476419624626395,0.0809740262154161,-0.1906076106599583,1.5994141340168435,-0.1474883659174792,0.2916041262494601,0.0503233947146672,-0.1349442857759282,0.7855098387209682,0.0835150473797177,-0.1646136748455475,0.5782490339528857,0.081111884233799,-0.1906076106599594
SPY,200,0.05,39,8,4,AND,0.5859430942908901,0.0877818768418945,-0.1817809591448078,1.9069937751739288,-0.1146217647164901,0.3511608732796138,0.0570357662478475,-0.135951346784842,0.7194369009647457,0.0789888374383125,-0.1660158471781849,0.6023665359284597,0.0861177248864177,-0.1660158471781845
SPY,200,0.05,39,8,6,AND,0.5398815235623244,0.083763917933902,-0.2395147213894054,2.583668985719517,-0.143081672285892,0.3441664973866062,0.0570850726318481,-0.1626980835094383,0.6143925907356832,0.0686627558236807,-0.2395147213894051,0.5039643324885831,0.077399926157194,-0.2395147213894061
SPY,200,0.05,39,8,8,AND,0.5809582668066725,0.0903867537307665,-0.200195541063215,4.367630904430612,-0.0947619061989349,0.4325672439852366,0.0667718018829695,-0.1262084114699542,0.6747275712186727,0.0766911903616824,-0.1895731709802932,0.5767515465913856,0.0886631991477384,-0.2001955410632155
SPY,200,0.05,39,10,2,AND,0.6205395729981685,0.0930235485880324,-0.1646136748455469,1.04577077993409,-0.10583788942375,0.3591951774207622,0.0579128296885491,-0.1462444409970966,0.69599391986548,0.0771606427275624,-0.1646136748455476,0.7697172578618078,0.1067752026786941,-0.1557477113212032
SPY,200,0.05,39,10,4,AND,0.6401454045586769,0.0970792823755395,-0.187254858533476,1.2303185646283414,-0.1217905480066174,0.3585630461782009,0.0587002676302061,-0.1614762102533684,0.6842024947124469,0.0773914431751916,-0.1872548585334772,0.6913350737911768,0.1005669144494409,-0.1872548585334785
SPY,200,0.05,39,10,6,AND,0.5929618587903959,0.0921267860273882,-0.2312486854475102,1.537898205785427,-0.1481117129376096,0.3490342416573573,0.0582104227047073,-0.1866079404099788,0.6245757654105246,0.0714029271336829,-0.2312486854475094,0.5963753561940929,0.0908440206906315,-0.2312486854475093
SPY,200,0.05,39,10,8,AND,0.5969854737764182,0.0939018260928952,-0.208103326972455,1.845477846942512,-0.0950312968018016,0.4143529243307132,0.065287626854523,-0.1359261906309278,0.6656010847346728,0.0770851665028733,-0.1848923012352439,0.5901464844522508,0.0927774747394978,-0.2081033269724544
SPY,200,0.05,39,12,2,AND,0.6495368376399984,0.1005292692974917,-0.1732765020680352,0.6766752105455878,-0.0805371447666177,0.3771623821387491,0.0615723257561859,-0.1251464934849384,0.6898432729133473,0.0808635608780667,-0.1669251945387101,0.7164403216173726,0.1072629073974018,-0.1732765020680349
SPY,200,0.05,39,12,4,AND,0.6811659084228611,0.1054580625359749,-0.1732765020680349,0.6766752105455878,-0.0805371447666184,0.4017712407494579,0.0643306092889479,-0.1251464934849384,0.7235975219178563,0.0852213605422957,-0.16692519453871,0.7257340772885418,0.1105374819084159,-0.1732765020680352
SPY,200,0.05,39,12,6,AND,0.6854186767781936,0.1066105128513039,-0.185917185235224,0.6766752105455878,-0.0805371447666183,0.4272775095162636,0.0671717349706082,-0.1251464934849384,0.7235975219178563,0.0852213605422957,-0.16692519453871,0.7245164158859071,0.1122613579636147,-0.1859171852352247
SPY,200,0.05,39,12,8,AND,0.6369665430834249,0.1006725284540099,-0.2626836678832241,0.7997070670084219,-0.0805371447666174,0.4316518915649599,0.0676531107884659,-0.1251464934849384,0.649671235817984,0.0765317177429558,-0.1669251945387102,0.6334231475177056,0.1012732997809733,-0.2626836678832236
SPY,200,0.05,39,15,2,AND,0.6032796499486472,0.0962710129950046,-0.1903003499453568,0.6766752105455878,-0.0805371447666185,0.3771623821387491,0.0615723257561859,-0.1251464934849384,0.6207638382806007,0.0737554826239248,-0.1735527837143562,0.665193330578643,0.1042631469731909,-0.1894840077089641
SPY,200,0.05,39,15,4,AND,0.6346525887519459,0.1011807353505442,-0.1903003499453568,0.6766752105455878,-0.0805371447666177,0.4017712407494579,0.0643306092889479,-0.1251464934849384,0.6540037071669274,0.078084624109499,-0.1669251945387107,0.6760696800700849,0.107528850114128,-0.1894840077089641
SPY,200,0.05,39,15,6,AND,0.6392682493603467,0.1023287265124859,-0.2076539300636193,0.6766752105455878,-0.0805371447666186,0.4272775095162636,0.0671717349706082,-0.1251464934849384,0.6540037071669274,0.078084624109499,-0.1669251945387107,0.6766751675505125,0.1092480559007456,-0.2076539300636196
SPY,200,0.05,39,15,8,AND,0.6403271703421761,0.1024774545343565,-0.2076539300636194,0.6766752105455878,-0.0805371447666176,0.4316518915649599,0.0676531107884659,-0.1251464934849384,0.6540037071669274,0.078084624109499,-0.1669251945387107,0.6766751675505125,0.1092480559007456,-0.2076539300636196
SPY,200,0.05,39,18,2,AND,0.608299107317485,0.0969757811503781,-0.1903003499453568,0.6766752105455878,-0.0805371447666175,0.3771623821387491,0.0615723257561859,-0.1251464934849384,0.6379787284488032,0.0760049567922915,-0.1669251945387109,0.665193330578643,0.1042631469731909,-0.1894840077089641
SPY,200,0.05,39,18,4,AND,0.6346525887519459,0.1011807353505442,-0.1903003499453568,0.6766752105455878,-0.0805371447666177,0.4017712407494579,0.0643306092889479,-0.1251464934849384,0.6540037071669274,0.078084624109499,-0.1669251945387107,0.6760696800700849,0.107528850114128,-0.1894840077089641
SPY,200,0.05,39,18,6,AND,0.6392682493603467,0.1023287265124859,-0.2076539300636193,0.6766752105455878,-0.0805371447666186,0.4272775095162636,0.0671717349706082,-0.1251464934849384,0.6540037071669274,0.078084624109499,-0.1669251945387107,0.6766751675505125,0.1092480559007456,-0.2076539300636196
SPY,200,0.05,39,18,8,AND,0.6403271703421761,0.1024774545343565,-0.2076539300636194,0.6766752105455878,-0.0805371447666176,0.4316518915649599,0.0676531107884659,-0.1251464934849384,0.6540037071669274,0.078084624109499,-0.1669251945387107,0.6766751675505125,0.1092480559007456,-0.2076539300636196
SPY,200,0.05,52,8,2,AND,0.5033892569582248,0.075309152168228,-0.1906076106599595,1.5994141340168435,-0.1474883659174792,0.120281577655077,0.0339284810400841,-0.1428609180831809,0.7855098387209682,0.0835150473797177,-0.1646136748455475,0.5613015697016884,0.0791835297191814,-0.1906076106599594
SPY,200,0.05,52,8,4,AND,0.5486378438683054,0.0825278842106267,-0.1817809591448078,1.845477846942512,-0.1146217647164901,0.1353258938095453,0.0354659736357239,-0.135951346784842,0.7194369009647457,0.0789888374383125,-0.1660158471781849,0.6502885294168275,0.0908214997751695,-0.1660158471781845
SPY,200,0.05,52,8,6,AND,0.5145677923519306,0.0798917596442567,-0.2395147213894061,2.460637129256683,-0.1430816722858929,0.128681844650929,0.0349674687576813,-0.1626980835094383,0.6143925907356832,0.0686627558236807,-0.2395147213894051,0.5920614371869553,0.0870866042366032,-0.2395147213894061
SPY,200,0.05,52,8,8,AND,0.53699755832951,0.0840651655699109,-0.2001955410632161,4.244599047967777,-0.0947619061989349,0.2279717342113004,0.0447914218531364,-0.1262084114699542,0.6747275712186727,0.0766911903616824,-0.1895731709802932,0.5946285300819241,0.0901329251407832,-0.2001955410632155
SPY,200,0.05,52,10,2,AND,0.5793312583011827,0.0872955286882024,-0.1646136748455474,1.04577077993409,-0.10583788942375,0.1989589244073566,0.0413994495189216,-0.1462444409970966,0.69599391986548,0.0771606427275624,-0.1646136748455476,0.7539568397253815,0.104801073090557,-0.1557477113212032
SPY,200,0.05,52,10,4,AND,0.6143673764476346,0.0928983068932478,-0.1872548585334781,1.1688026363969244,-0.1217905480066174,0.1505497459232499,0.037096509327642,-0.1614762102533684,0.6842024947124469,0.0773914431751916,-0.1872548585334772,0.7699961040518565,0.1090260167546621,-0.1872548585334785
SPY,200,0.05,52,10,6,AND,0.5649969215075157,0.0877144361588222,-0.2312486854475086,1.4763822775540096,-0.1481117129376096,0.1389563940121189,0.0360692729043172,-0.1866079404099788,0.6245757654105246,0.0714029271336829,-0.2312486854475094,0.6692114418700649,0.0989703898363245,-0.2312486854475093
SPY,200,0.05,52,10,8,AND,0.556876944992083,0.087898683457001,-0.2081033269724543,1.7839619187110949,-0.0950312968018016,0.2115626842886934,0.0433378276209746,-0.1359261906309278,0.6656010847346728,0.0770851665028733,-0.1848923012352439,0.6162487321815333,0.0953641531795961,-0.2081033269724544
SPY,200,0.05,52,12,2,AND,0.6105927858794994,0.0947619154623204,-0.1732765020680348,0.6766752105455878,-0.0805371447666172,0.2275388604869259,0.0450018230637014,-0.1251464934849384,0.6898432729133473,0.0808635608780667,-0.1669251945387101,0.7019065820549916,0.1052879079015245,-0.1732765020680347
SPY,200,0.05,52,12,4,AND,0.6401157044047084,0.098924413913163,-0.1732765020680353,0.6766752105455878,-0.0805371447666178,0.2031107061574336,0.0426119586565385,-0.1251464934849384,0.7235975219178563,0.0852213605422957,-0.16692519453871,0.7450768386653088,0.1114058758943643,-0.1732765020680348
SPY,200,0.05,52,12,6,AND,0.6433561782929517,0.0998908664129976,-0.1859171852352247,0.6766752105455878,-0.0805371447666181,0.224869209738393,0.0448430858288495,-0.1251464934849384,0.7235975219178563,0.0852213605422957,-0.16692519453871,0.7429025334744696,0.1131133714064056,-0.1859171852352247
SPY,200,0.05,52,12,8,AND,0.5943336312456076,0.0940859496115944,-0.2626836678832235,0.7997070670084219,-0.0805371447666175,0.232532878347008,0.0456545717628364,-0.1251464934849384,0.649671235817984,0.0765317177429558,-0.1669251945387102,0.6469003249747917,0.1020857611614145,-0.2626836678832236
SPY,200,0.05,52,15,2,AND,0.5648264079951635,0.0905259746688373,-0.1903003499453568,0.6766752105455878,-0.0805371447666176,0.2275388604869259,0.0450018230637014,-0.1251464934849384,0.6207638382806007,0.0737554826239248,-0.1735527837143562,0.6512857278623126,0.1022934980812992,-0.1894840077089641
SPY,200,0.05,52,15,4,AND,0.5937978332621174,0.094672367246118,-0.1903003499453568,0.6766752105455878,-0.0805371447666177,0.2031107061574336,0.0426119586565385,-0.1251464934849384,0.6540037071669274,0.078084624109499,-0.1669251945387107,0.6928322077472978,0.1083948914755148,-0.1894840077089641
SPY,200,0.05,52,15,6,AND,0.5974300527674855,0.0956350802702623,-0.2076539300636194,0.6766752105455878,-0.0805371447666181,0.224869209738393,0.0448430858288495,-0.1251464934849384,0.6540037071669274,0.078084624109499,-0.1669251945387107,0.6926997521350717,0.1100977610966071,-0.2076539300636196
SPY,200,0.05,52,15,8,AND,0.5984049542949579,0.0958800747610324,-0.2076539300636204,0.6766752105455878,-0.0805371447666176,0.232532878347008,0.0456545717628364,-0.1251464934849384,0.6540037071669274,0.078084624109499,-0.1669251945387107,0.6901865001245031,0.1100664006358156,-0.2076539300636196
SPY,200,0.05,52,18,2,AND,0.569907243712177,0.0912270494673528,-0.1903003499453568,0.6766752105455878,-0.080537144766617,0.2275388604869259,0.0450018230637014,-0.1251464934849384,0.6379787284488032,0.0760049567922915,-0.1669251945387109,0.6512857278623126,0.1022934980812992,-0.1894840077089641
SPY,200,0.05,52,18,4,AND,0.5937978332621174,0.094672367246118,-0.1903003499453568,0.6766752105455878,-0.0805371447666177,0.2031107061574336,0.0426119586565385,-0.1251464934849384,0.6540037071669274,0.078084624109499,-0.1669251945387107,0.6928322077472978,0.1083948914755148,-0.1894840077089641
SPY,200,0.05,52,18,6,AND,0.5974300527674855,0.0956350802702623,-0.2076539300636194,0.6766752105455878,-0.0805371447666181,0.224869209738393,0.0448430858288495,-0.1251464934849384,0.6540037071669274,0.078084624109499,-0.1669251945387107,0.6926997521350717,0.1100977610966071,-0.2076539300636196
SPY,200,0.05,52,18,8,AND,0.5984049542949579,0.0958800747610324,-0.2076539300636204,0.6766752105455878,-0.0805371447666176,0.232532878347008,0.0456545717628364,-0.1251464934849384,0.6540037071669274,0.078084624109499,-0.1669251945387107,0.6901865001245031,0.1100664006358156,-0.2076539300636196
SPY,250,0.01,26,8,2,AND,0.4861131959684295,0.0742754461313761,-0.1906076106599591,2.399121201025266,-0.1474883659174787,0.1169210980560087,0.0337385691608906,-0.1352998459374633,0.7385823596437873,0.0794557902829016,-0.1795991952710883,0.6100881431010973,0.0854025911368216,-0.1906076106599589
SPY,250,0.01,26,8,4,AND,0.4860431664540013,0.0761766879585716,-0.1817809591448067,2.9527645551080197,-0.1146217647164905,0.0767680926524731,0.0299948616462655,-0.1600024750653301,0.6809914877761294,0.0758048256125893,-0.168153604900879,0.6109202481114063,0.0880512661466332,-0.1643223735735621
SPY,250,0.01,26,8,6,AND,0.4826255455746386,0.077072115197182,-0.2304740409831466,3.5679238374221898,-0.1350087377256366,0.0604174862314472,0.0283563246621632,-0.1626980835094383,0.6271351613871151,0.0714904853964371,-0.1681536049008782,0.6553279166699107,0.096368674851536,-0.1859171852352241
SPY,250,0.01,26,8,8,AND,0.5253232277707132,0.0835083787055934,-0.1771892148749668,5.105822043207617,-0.1106387688897616,0.1198595543285518,0.0342180443732964,-0.1432111582689448,0.6643557091808183,0.076867215957159,-0.1681536049008789,0.7677118352979676,0.1123936636150475,-0.1697822376589564
SPY,250,0.01,26,10,2,AND,0.523162887196035,0.0811858219791554,-0.1795991952710894,2.276089344562432,-0.1197750722331406,0.123301778392165,0.0344192374076368,-0.1432111582689449,0.6627745492714454,0.0740831375581179,-0.1795991952710889,0.7760052217663617,0.1080479859220724,-0.1517711489559405
SPY,250,0.01,26,10,4,AND,0.5372765730859027,0.0841591714930705,-0.1760493404120046,2.5221530574881,-0.136275048879349,0.1028367058046184,0.0325064267233699,-0.1432111582689442,0.6573786307569834,0.075171061349905,-0.1681536049008777,0.6978459636139935,0.1017526008336955,-0.1760493404120044
SPY,250,0.01,26,10,6,AND,0.5172233239630275,0.0825891470757282,-0.2348466542091813,2.8912486268766022,-0.1586026416530309,0.0701415280574225,0.0292811367314391,-0.1659426930943747,0.6554970094247587,0.0763976050414658,-0.1681536049008787,0.6926985567281146,0.1033312826243277,-0.1859171852352242
SPY,250,0.01,26,10,8,AND,0.5426703567254594,0.0866188115099564,-0.1779907244325456,3.2603441962651045,-0.1106387688897622,0.1345707960757022,0.0356976861240005,-0.1432111582689447,0.6741185137630222,0.079427032508853,-0.1681536049008782,0.7632712645613074,0.1138762071128776,-0.1779907244325466
SPY,250,0.01,26,12,2,AND,0.5750707895673292,0.0900440702294922,-0.1795991952710882,2.276089344562432,-0.1197750722331408,0.1554358957454534,0.0378384762113019,-0.143211158268945,0.6867166965003838,0.0798758664869583,-0.1795991952710883,0.814915104694804,0.1166747268729289,-0.1517711489559401
SPY,250,0.01,26,12,4,AND,0.5835158072001513,0.0915729194331982,-0.1760493404120059,2.399121201025266,-0.1362750488793496,0.1554358957454534,0.0378384762113019,-0.143211158268945,0.7257834268588984,0.0850953844711439,-0.1681536049008795,0.7666641888053711,0.1122228816785,-0.1760493404120061
SPY,250,0.01,26,12,6,AND,0.5997554707259463,0.0943980939689488,-0.1859171852352245,2.460637129256683,-0.1106387688897611,0.1554358957454534,0.0378384762113019,-0.143211158268945,0.7324642599352746,0.0867299534468764,-0.1681536049008797,0.8057806410229316,0.1198818339187783,-0.1859171852352246
SPY,250,0.01,26,12,8,AND,0.5676913298309859,0.0907999590299031,-0.2346465332273436,2.645184913950934,-0.1106387688897614,0.1554358957454534,0.0378384762113019,-0.143211158268945,0.6810990131898762,0.0809628211731521,-0.1681536049008783,0.7363470692494386,0.1128226577738629,-0.2346465332273435
SPY,250,0.01,26,15,2,AND,0.5192004448692743,0.084090572416662,-0.2260901881243047,2.460637129256683,-0.1106387688897619,0.1554358957454534,0.0378384762113019,-0.143211158268945,0.6454265136739425,0.0758571364968687,-0.1681536049008797,0.6944024261188518,0.1046809884757045,-0.2260901881243041
SPY,250,0.01,26,15,4,AND,0.5370673839802311,0.0867387272541522,-0.2158993667185534,2.5221530574881,-0.1106387688897628,0.1554358957454534,0.0378384762113019,-0.143211158268945,0.672577318882057,0.0795581066874071,-0.16815360490088,0.6931223607831825,0.1055402438019281,-0.2158993667185533
SPY,250,0.01,26,15,6,AND,0.5455619910395751,0.0884482721785033,-0.2572444603241638,2.583668985719517,-0.1106387688897616,0.1554358957454534,0.0378384762113019,-0.143211158268945,0.6798153550174909,0.0811843344033715,-0.1681536049008782,0.707603881321555,0.1094844958300351,-0.2572444603241645
SPY,250,0.01,26,15,8,AND,0.5517336785980524,0.0894370009350067,-0.2290004947761538,2.645184913950934,-0.1106387688897621,0.1554358957454534,0.0378384762113019,-0.143211158268945,0.6617906978440733,0.0793511888310305,-0.1681536049008793,0.7365922597423614,0.1136428317731963,-0.2290004947761539
SPY,250,0.01,26,18,2,AND,0.5243014759647854,0.0849404010166292,-0.2260901881243038,2.5221530574881,-0.1106387688897626,0.1554358957454534,0.0378384762113019,-0.143211158268945,0.6609846484894295,0.0786058959771265,-0.1681536049008783,0.6944024261188518,0.1046809884757045,-0.2260901881243041
SPY,250,0.01,26,18,4,AND,0.5409600443845753,0.0874206192389484,-0.2158993667185536,2.583668985719517,-0.1106387688897618,0.1554358957454534,0.0378384762113019,-0.143211158268945,0.6841270185552053,0.0817654820428912,-0.1681536049008787,0.6931223607831825,0.1055402438019281,-0.2158993667185533
SPY,250,0.01,26,18,6,AND,0.5418301786428683,0.0880803915983665,-0.2572444603241646,2.645184913950934,-0.1106387688897615,0.1554358957454534,0.0378384762113019,-0.143211158268945,0.665664987013114,0.0799948314564986,-0.1681536049008796,0.707603881321555,0.1094844958300351,-0.2572444603241645
SPY,250,0.01,26,18,8,AND,0.5529531943685465,0.0896364638321904,-0.2290004947761537,2.645184913950934,-0.1106387688897626,0.1554358957454534,0.0378384762113019,-0.143211158268945,0.665664987013114,0.0799948314564986,-0.1681536049008796,0.7365922597423614,0.1136428317731963,-0.2290004947761539
SPY,250,0.01,39,8,2,AND,0.4582601308921517,0.0707648789265429,-0.1937850948068262,2.3376052727938488,-0.1474883659174787,0.1021129966344565,0.0323623841044589,-0.1352998459374639,0.6846159981545242,0.0731414430104615,-0.1937850948068259,0.5940566718114688,0.0829988330966138,-0.1906076106599581
SPY,250,0.01,39,8,4,AND,0.4839273175016013,0.0758867990524665,-0.1817809591448067,2.8912486268766022,-0.1146217647164905,0.0939356555674565,0.0316371856656383,-0.1600024750653308,0.6640593529980254,0.0737964515347719,-0.1681536049008787,0.6062485386769415,0.0874408315329262,-0.1643223735735621
SPY,250,0.01,39,8,6,AND,0.4859186226990291,0.0774723951933173,-0.2304740409831466,3.5064079091907727,-0.1350087377256366,0.0771480410211677,0.0299960360387494,-0.1626980835094383,0.6271351613871151,0.0714904853964371,-0.1681536049008782,0.6522819162056175,0.095993364525629,-0.1859171852352241
SPY,250,0.01,39,8,8,AND,0.5294431540449706,0.0840249305400764,-0.1771892148749668,5.0443061149762,-0.1106387688897615,0.1364347011075689,0.0358671022460976,-0.1432111582689452,0.6643557091808183,0.076867215957159,-0.1681536049008789,0.7677118352979676,0.1123936636150475,-0.1697822376589564
SPY,250,0.01,39,10,2,AND,0.5027869755843285,0.0784449647319263,-0.1937850948068258,2.2145734163310147,-0.1197750722331396,0.112496863592313,0.0333835753837323,-0.1432111582689451,0.6108294137910513,0.0678002179693155,-0.193785094806826,0.7621648578791054,0.1055940768593479,-0.1517711489559401
SPY,250,0.01,39,10,4,AND,0.5352562842214154,0.0838671323513715,-0.1806493892452815,2.460637129256683,-0.1362750488793496,0.1197191846839282,0.0341527554264606,-0.143211158268945,0.6409529555569026,0.0731638704195192,-0.1681536049008788,0.6934564214742409,0.1011344792945585,-0.1806493892452806
SPY,250,0.01,39,10,6,AND,0.5204432091974838,0.0829914774057896,-0.2348466542091813,2.829732698645185,-0.1586026416530309,0.0866987094128476,0.0309223227183668,-0.1659426930943747,0.6554970094247587,0.0763976050414658,-0.1681536049008787,0.6897487300974208,0.1029535888496298,-0.1859171852352242
SPY,250,0.01,39,10,8,AND,0.5467253454207834,0.0871368462123181,-0.1779907244325455,3.1988282680336875,-0.1106387688897631,0.1511027813198998,0.0373491032815695,-0.1432111582689442,0.6741185137630222,0.079427032508853,-0.1681536049008782,0.7632712645613074,0.1138762071128776,-0.1779907244325466
SPY,250,0.01,39,12,2,AND,0.5556939208396207,0.0872807569035569,-0.1937850948068245,2.2145734163310147,-0.1197750722331397,0.1453932072952619,0.0367993908406047,-0.1432111582689444,0.6369901713500266,0.0735590619512771,-0.1937850948068267,0.8017215290998425,0.1142017128273236,-0.1517711489559404
SPY,250,0.01,39,12,4,AND,0.5828861205713622,0.0914668180150248,-0.176049340412005,2.3376052727938488,-0.1362750488793496,0.1718439887834994,0.0394933068528711,-0.1432111582689448,0.7097731939191801,0.0830696662458225,-0.168153604900879,0.7666641888053711,0.1122228816785,-0.1760493404120061
SPY,250,0.01,39,12,6,AND,0.6038004585700685,0.0949198373667892,-0.1859171852352245,2.399121201025266,-0.1106387688897623,0.1718439887834994,0.0394933068528711,-0.1432111582689448,0.7324642599352746,0.0867299534468764,-0.1681536049008797,0.8057806410229316,0.1198818339187783,-0.1859171852352246
SPY,250,0.01,39,12,8,AND,0.5716864283312795,0.0913199870527263,-0.234646533227344,2.583668985719517,-0.1106387688897612,0.1718439887834994,0.0394933068528711,-0.1432111582689448,0.6810990131898762,0.0809628211731521,-0.1681536049008783,0.7363470692494386,0.1128226577738629,-0.2346465332273435
SPY,250,0.01,39,15,2,AND,0.5041628878682389,0.0819226483588486,-0.2260901881243034,2.399121201025266,-0.1106387688897633,0.1453932072952619,0.0367993908406047,-0.1432111582689444,0.6103721552501642,0.0714340436916669,-0.1681536049008801,0.6804213182408838,0.102234536044508,-0.2260901881243043
SPY,250,0.01,39,15,4,AND,0.5364286407073776,0.0866330957218075,-0.215899366718553,2.460637129256683,-0.1106387688897625,0.1718439887834994,0.0394933068528711,-0.1432111582689448,0.6567518522117438,0.0775427257694658,-0.1681536049008795,0.6931223607831825,0.1055402438019281,-0.2158993667185533
SPY,250,0.01,39,15,6,AND,0.5495107065598891,0.0889671790580286,-0.2572444603241638,2.5221530574881,-0.1106387688897617,0.1718439887834994,0.0394933068528711,-0.1432111582689448,0.6798153550174909,0.0811843344033715,-0.1681536049008782,0.707603881321555,0.1094844958300351,-0.2572444603241645
SPY,250,0.01,39,15,8,AND,0.5556721524221536,0.089956379181125,-0.2290004947761534,2.583668985719517,-0.1106387688897621,0.1718439887834994,0.0394933068528711,-0.1432111582689448,0.6617906978440733,0.0793511888310305,-0.1681536049008793,0.7365922597423614,0.1136428317731963,-0.2290004947761539
SPY,250,0.01,39,18,2,AND,0.5123163630258101,0.0831670421004031,-0.2260901881243044,2.460637129256683,-0.1106387688897621,0.1453932072952619,0.0367993908406047,-0.1432111582689444,0.6364996026514765,0.0754521628409221,-0.1681536049008792,0.6804213182408838,0.102234536044508,-0.2260901881243043
SPY,250,0.01,39,18,4,AND,0.5403240752465409,0.0873149214263717,-0.2158993667185533,2.5221530574881,-0.1106387688897621,0.1718439887834994,0.0394933068528711,-0.1432111582689448,0.6684745265650688,0.0797459802701825,-0.1681536049008795,0.6931223607831825,0.1055402438019281,-0.2158993667185533
SPY,250,0.01,39,18,6,AND,0.5457687377744856,0.0885991230944871,-0.2572444603241642,2.583668985719517,-0.1106387688897614,0.1718439887834994,0.0394933068528711,-0.1432111582689448,0.665664987013114,0.0799948314564986,-0.1681536049008796,0.707603881321555,0.1094844958300351,-0.2572444603241645
SPY,250,0.01,39,18,8,AND,0.5568894188498507,0.0901559371702598,-0.229000494776154,2.583668985719517,-0.1106387688897625,0.1718439887834994,0.0394933068528711,-0.1432111582689448,0.665664987013114,0.0799948314564986,-0.1681536049008796,0.7365922597423614,0.1136428317731963,-0.2290004947761539
SPY,250,0.01,52,8,2,AND,0.4128895252927721,0.0651535061958699,-0.1937850948068252,2.3376052727938488,-0.1474883659174787,-0.087516627112377,0.0162478309549722,-0.1681400057518508,0.6846159981545242,0.0731414430104615,-0.1937850948068259,0.5771807000909179,0.081067112874513,-0.1906076106599581
SPY,250,0.01,52,8,4,AND,0.4453248821291034,0.0706838151606332,-0.1924770713201947,2.829732698645185,-0.1146217647164905,-0.1407696487678717,0.0105856745850332,-0.1924770713201918,0.6640593529980254,0.0737964515347719,-0.1681536049008787,0.6529556620312509,0.0921289132626055,-0.1643223735735621
SPY,250,0.01,52,8,6,AND,0.4561954807629946,0.0732273337262632,-0.2304740409831466,3.444891980959356,-0.1350087377256366,-0.1279382998409334,0.0111371666790456,-0.1866687594395596,0.6271351613871151,0.0714904853964371,-0.1681536049008782,0.7054606613703477,0.1016535936366962,-0.1859171852352241
SPY,250,0.01,52,8,8,AND,0.4931659685135527,0.0788673175104959,-0.1771892148749668,5.105822043207617,-0.1106387688897614,-0.0540790346430443,0.0176905199841843,-0.1638729117352777,0.6643557091808183,0.076867215957159,-0.1681536049008789,0.7882634180373014,0.1143050695099876,-0.1697822376589564
SPY,250,0.01,52,10,2,AND,0.4601355547139366,0.0727933443008423,-0.1937850948068257,2.2145734163310147,-0.1197750722331394,-0.0690794922438031,0.017253082055294,-0.1793415997966785,0.6108294137910513,0.0678002179693155,-0.193785094806826,0.7463403368209873,0.1036220540182917,-0.1517711489559401
SPY,250,0.01,52,10,4,AND,0.4984337165331298,0.0786255556023323,-0.1763349126669727,2.399121201025266,-0.136275048879349,-0.1089824361386472,0.0130499118178795,-0.1763349126669718,0.6409529555569026,0.0731638704195192,-0.1681536049008788,0.7384724313384724,0.105881595905054,-0.1595142687030709
SPY,250,0.01,52,10,6,AND,0.4917240569791659,0.0787246716756455,-0.2348466542091813,2.768216770413768,-0.1586026416530309,-0.1155007229107053,0.0120464933715669,-0.1763349126669746,0.6554970094247587,0.0763976050414658,-0.1681536049008787,0.7413934851716611,0.1086497638574648,-0.1859171852352242
SPY,250,0.01,52,10,8,AND,0.5188809972951821,0.0829820625936597,-0.1779907244325451,3.1373123398022704,-0.1106387688897609,-0.0380457231286736,0.0191465160295609,-0.163872911735277,0.6741185137630222,0.079427032508853,-0.1681536049008782,0.8082195078801983,0.1192139000520835,-0.1779907244325466
SPY,250,0.01,52,12,2,AND,0.5152051123540868,0.081582832261136,-0.193785094806826,2.2145734163310147,-0.1197750722331399,-0.0227129526461705,0.0206155786964321,-0.1793415997966774,0.6369901713500266,0.0735590619512771,-0.1937850948068267,0.7866203095476801,0.112214336743073,-0.1517711489559404
SPY,250,0.01,52,12,4,AND,0.5461278456639821,0.0860014633115324,-0.1763349126669737,2.276089344562432,-0.1362750488793488,-0.046631816922127,0.0182814843522023,-0.1763349126669734,0.7097731939191801,0.0830696662458225,-0.168153604900879,0.8069499746681846,0.1163911158113062,-0.1575532866298447
SPY,250,0.01,52,12,6,AND,0.5756407701355268,0.0904914646410415,-0.1859171852352247,2.3376052727938488,-0.1106387688897626,-0.023285618559201,0.0204605457661217,-0.176334912666973,0.7324642599352746,0.0867299534468764,-0.1681536049008797,0.8545114354315184,0.1252800951761417,-0.1859171852352246
SPY,250,0.01,52,12,8,AND,0.5444450088686286,0.0871492164448506,-0.2346465332273437,2.5221530574881,-0.1106387688897618,-0.0146511998292417,0.0212530948008129,-0.1638729117352759,0.6810990131898762,0.0809628211731521,-0.1681536049008783,0.7796196575126907,0.1181553021063819,-0.2346465332273435
SPY,250,0.01,52,15,2,AND,0.4640256900316917,0.0762528030312872,-0.2260901881243044,2.399121201025266,-0.1106387688897622,-0.0227129526461705,0.0206155786964321,-0.1793415997966774,0.6103721552501642,0.0714340436916669,-0.1681536049008801,0.6657811611223851,0.1002685055394827,-0.2260901881243043
SPY,250,0.01,52,15,4,AND,0.4997637207025293,0.0811919451502547,-0.2158993667185532,2.399121201025266,-0.1106387688897612,-0.046631816922127,0.0182814843522023,-0.1763349126669734,0.6567518522117438,0.0775427257694658,-0.1681536049008795,0.7308476807756261,0.1096834336744936,-0.2158993667185533
SPY,250,0.01,52,15,6,AND,0.5211691540472725,0.0845628816926866,-0.257244460324165,2.460637129256683,-0.1106387688897622,-0.023285618559201,0.0204605457661217,-0.176334912666973,0.6798153550174909,0.0811843344033715,-0.1681536049008782,0.7533920563465529,0.1148326379179602,-0.2572444603241645
SPY,250,0.01,52,15,8,AND,0.5285643204021303,0.0857908199646828,-0.2290004947761537,2.5221530574881,-0.1106387688897607,-0.0146511998292417,0.0212530948008129,-0.1638729117352759,0.6617906978440733,0.0793511888310305,-0.1681536049008793,0.7794156755170929,0.1189794063781621,-0.2290004947761539
SPY,250,0.01,52,18,2,AND,0.4723852298366546,0.077490675493292,-0.2260901881243048,2.460637129256683,-0.1106387688897614,-0.0227129526461705,0.0206155786964321,-0.1793415997966774,0.6364996026514765,0.0754521628409221,-0.1681536049008792,0.6657811611223851,0.1002685055394827,-0.2260901881243043
SPY,250,0.01,52,18,4,AND,0.5037987712727834,0.0818703567159186,-0.2158993667185529,2.460637129256683,-0.1106387688897617,-0.046631816922127,0.0182814843522023,-0.1763349126669734,0.6684745265650688,0.0797459802701825,-0.1681536049008795,0.7308476807756261,0.1096834336744936,-0.2158993667185533
SPY,250,0.01,52,18,6,AND,0.5174367562465448,0.0841963143212183,-0.2572444603241641,2.5221530574881,-0.1106387688897626,-0.023285618559201,0.0204605457661217,-0.176334912666973,0.665664987013114,0.0799948314564986,-0.1681536049008796,0.7533920563465529,0.1148326379179602,-0.2572444603241645
SPY,250,0.01,52,18,8,AND,0.5298069603161988,0.085989615289699,-0.2290004947761532,2.5221530574881,-0.1106387688897634,-0.0146511998292417,0.0212530948008129,-0.1638729117352759,0.665664987013114,0.0799948314564986,-0.1681536049008796,0.7794156755170929,0.1189794063781621,-0.2290004947761539
SPY,250,0.02,26,8,2,AND,0.5353861382085863,0.080119824718609,-0.1926220376759967,1.845477846942512,-0.1617121810926683,0.2539258484155149,0.0466456230204539,-0.1390143801301477,0.8050424382446376,0.087140114423823,-0.1740781952991019,0.6192503940650973,0.0864429558763009,-0.1906076106599592
SPY,250,0.02,26,8,4,AND,0.5280533298803054,0.0814902194723656,-0.1952963480135316,2.276089344562432,-0.1293939459693125,0.2137482243528798,0.0433921588265229,-0.1502237518091685,0.73761000369397,0.0825235207438686,-0.1740781952991011,0.584510980730881,0.0852741555682106,-0.1643223735735626
SPY,250,0.02,26,8,6,AND,0.5285690920377545,0.082953495031206,-0.243185114743813,2.768216770413768,-0.1494407704989908,0.1852833510085089,0.040791015779841,-0.1765286844082774,0.6975302970441254,0.0797921384454232,-0.1930857692612861,0.6064258953569233,0.0907689875136534,-0.1930857692612867
SPY,250,0.02,26,8,8,AND,0.538703843988982,0.085611211497548,-0.2043956090115238,4.429146832662029,-0.1362365560346078,0.2422909029070877,0.0467236143024119,-0.1406417508565096,0.7191285135032135,0.0833588963193328,-0.1740781952991021,0.621611802403133,0.0952283935752227,-0.2043956090115234
SPY,250,0.02,26,10,2,AND,0.5988736146089697,0.0908104296504208,-0.1740781952991018,1.4148663493225926,-0.1063504450656435,0.2713380310962108,0.048899709474534,-0.1390143801301477,0.7264919578955382,0.0817292153851052,-0.1740781952991008,0.8163403220597285,0.1132264690515778,-0.1517711489559412
SPY,250,0.02,26,10,4,AND,0.5927062957837707,0.0916017125687149,-0.2217394512269151,1.6609300622482608,-0.1550662370334095,0.2471119744788159,0.0469601220244442,-0.1543751401937682,0.712284697910034,0.0818857984501686,-0.1740781952991018,0.6809117090107301,0.1005898607416198,-0.2217394512269158
SPY,250,0.02,26,10,6,AND,0.5748998740520468,0.0903405456132624,-0.2184811872860557,1.9069937751739288,-0.1407519604899827,0.2126066199037113,0.0436896823292347,-0.1797196993466973,0.7105614681066673,0.0829808678059569,-0.1811498251685513,0.653828040629048,0.0993435074613309,-0.1956819592204294
SPY,250,0.02,26,10,8,AND,0.5668371389244614,0.0904377584583608,-0.19568195922043,2.276089344562432,-0.1267764119751816,0.2752296169331046,0.0501960547460444,-0.1286087492750308,0.7142100347154452,0.0841757967685132,-0.1740781952991006,0.629910717851181,0.0986879203877597,-0.1956819592204294
SPY,250,0.02,26,12,2,AND,0.6147362798859275,0.0959099179345894,-0.1746831709394702,1.1688026363969244,-0.1063504450656444,0.3217199842958482,0.055284069247544,-0.1084095865681386,0.7189017011391349,0.0842119980997591,-0.1740781952991017,0.7602610111144879,0.1124479817098427,-0.1746831709394691
SPY,250,0.02,26,12,4,AND,0.6049466398992258,0.0952311162398846,-0.210035262983175,1.2918344928597585,-0.142359356502406,0.3217199842958482,0.055284069247544,-0.1084095865681386,0.7505730944008093,0.0885076413835896,-0.1740781952991024,0.6621551396493476,0.101694848628228,-0.2100352629831767
SPY,250,0.02,26,12,6,AND,0.6319556687045409,0.0994292136894281,-0.1859171852352249,1.2918344928597585,-0.1136440833877568,0.3217199842958482,0.055284069247544,-0.1084095865681386,0.7870438131657672,0.0933764089983153,-0.174078195299102,0.7080222471191286,0.1098623206567852,-0.1859171852352248
SPY,250,0.02,26,12,8,AND,0.5876665216273983,0.0941964454617794,-0.234646533227344,1.4763822775540096,-0.1136440833877565,0.3217199842958482,0.055284069247544,-0.1084095865681386,0.6900879124646669,0.0822058608795748,-0.1924369690330113,0.6456260527280651,0.103016620355288,-0.2346465332273444
SPY,250,0.02,26,15,2,AND,0.5471232749189144,0.0887682223976131,-0.1929033134150006,1.2918344928597585,-0.1136440833877577,0.3217199842958482,0.055284069247544,-0.1084095865681386,0.6084558425457005,0.0717174775017486,-0.1929033134150006,0.6710047093191556,0.1053635371088037,-0.1894840077089638
SPY,250,0.02,26,15,4,AND,0.5566845084990822,0.0904258306292118,-0.1986083102997791,1.3533504210911755,-0.113644083387758,0.3217199842958482,0.055284069247544,-0.1084095865681386,0.6401924155357899,0.075963617548588,-0.198608310299779,0.6406256858905897,0.1023432284914991,-0.1909600922914931
SPY,250,0.02,26,15,6,AND,0.575642917811776,0.0934972741248345,-0.2076539300636189,1.3533504210911755,-0.1136440833877571,0.3217199842958482,0.055284069247544,-0.1084095865681386,0.676532962705422,0.0807762772090054,-0.1941696854013757,0.6607967368977123,0.1068555179872594,-0.2076539300636192
SPY,250,0.02,26,15,8,AND,0.5803928110728767,0.0943115626190216,-0.2205702297533484,1.4148663493225926,-0.1136440833877574,0.3217199842958482,0.055284069247544,-0.1084095865681386,0.6541557114450827,0.0783692352139131,-0.2205702297533471,0.6885591250619749,0.1110040005497761,-0.189484007708964
SPY,250,0.02,26,18,2,AND,0.549570876905993,0.0892440599899211,-0.2205702297533472,1.3533504210911755,-0.1136440833877582,0.3217199842958482,0.055284069247544,-0.1084095865681386,0.6160187824509415,0.0732434617983226,-0.2205702297533471,0.6710047093191556,0.1053635371088037,-0.1894840077089638
SPY,250,0.02,26,18,4,AND,0.5579932100712166,0.0907318624424289,-0.2205702297533478,1.4148663493225926,-0.1136440833877565,0.3217199842958482,0.055284069247544,-0.1084095865681386,0.6437648645815379,0.0769472613356576,-0.2205702297533471,0.6406256858905897,0.1023432284914991,-0.1909600922914931
SPY,250,0.02,26,18,6,AND,0.5694630953846008,0.0927488140379442,-0.220570229753348,1.4148663493225926,-0.1136440833877568,0.3217199842958482,0.055284069247544,-0.1084095865681386,0.6541557114450827,0.0783692352139131,-0.2205702297533471,0.6607967368977123,0.1068555179872594,-0.2076539300636192
SPY,250,0.02,26,18,8,AND,0.5803928110728767,0.0943115626190216,-0.2205702297533484,1.4148663493225926,-0.1136440833877574,0.3217199842958482,0.055284069247544,-0.1084095865681386,0.6541557114450827,0.0783692352139131,-0.2205702297533471,0.6885591250619749,0.1110040005497761,-0.189484007708964
SPY,250,0.02,39,8,2,AND,0.5126335363758574,0.0771667661374206,-0.1906076106599588,1.845477846942512,-0.1474883659174797,0.2425045776842422,0.0453951242357133,-0.1349442857759283,0.7580451964789511,0.0816936552875937,-0.1814892211299066,0.603327077138545,0.0840368938199356,-0.1906076106599593
SPY,250,0.02,39,8,4,AND,0.5350359018546659,0.0822301284077686,-0.1817809591448064,2.276089344562432,-0.1146217647164894,0.2322661599067136,0.0451986869980507,-0.135951346784842,0.7158174168824726,0.0799408335643951,-0.1740781952991027,0.614653280185124,0.0884617985830513,-0.1643223735735626
SPY,250,0.02,39,8,6,AND,0.5287454773630196,0.0829449701626565,-0.2304740409831471,2.829732698645185,-0.1350087377256376,0.2033373508411107,0.0425930403348218,-0.1626980835094383,0.6975302970441254,0.0797921384454232,-0.1930857692612861,0.5917211010671736,0.0889029650869273,-0.1930857692612867
SPY,250,0.02,39,8,8,AND,0.5389593804583954,0.0856127934902142,-0.2176328838987927,4.490662760893446,-0.1362365560346085,0.2602101276191914,0.048535910552719,-0.1262084114699542,0.7191285135032135,0.0833588963193328,-0.1740781952991021,0.6077686233917344,0.0933879842374802,-0.2176328838987914
SPY,250,0.02,39,10,2,AND,0.5766489465773629,0.0878086979774379,-0.1814892211299059,1.4148663493225926,-0.1063504450656439,0.2442259820049616,0.0461814161445175,-0.1390143801301477,0.6814278352094604,0.0763098642914479,-0.1814892211299056,0.8029350503031364,0.110761091598635,-0.1517711489559412
SPY,250,0.02,39,10,4,AND,0.58607600880827,0.0907280422150258,-0.2234364738930006,1.6609300622482608,-0.1550662370334111,0.2471119744788159,0.0469601220244442,-0.1543751401937682,0.6911569095021259,0.0793046327500535,-0.1740781952991019,0.679557889524255,0.1003490644380831,-0.2234364738930003
SPY,250,0.02,39,10,6,AND,0.5748998740520468,0.0903405456132624,-0.2184811872860557,1.9069937751739288,-0.1407519604899827,0.2126066199037113,0.0436896823292347,-0.1797196993466973,0.7105614681066673,0.0829808678059569,-0.1811498251685513,0.653828040629048,0.0993435074613309,-0.1956819592204294
SPY,250,0.02,39,10,8,AND,0.5668371389244614,0.0904377584583608,-0.19568195922043,2.276089344562432,-0.1267764119751816,0.2752296169331046,0.0501960547460444,-0.1286087492750308,0.7142100347154452,0.0841757967685132,-0.1740781952991006,0.629910717851181,0.0986879203877597,-0.1956819592204294
SPY,250,0.02,39,12,2,AND,0.5935293829025767,0.0928941533049327,-0.1814892211299066,1.1688026363969244,-0.1063504450656434,0.2963783111189952,0.0525492304247305,-0.1084095865681388,0.675790438393611,0.0787802085223958,-0.1814892211299061,0.7467755528973127,0.1099843283132289,-0.1746831709394698
SPY,250,0.02,39,12,4,AND,0.5989520735666374,0.0944280206667442,-0.2100352629831756,1.2918344928597585,-0.1423593565024068,0.3217199842958482,0.055284069247544,-0.1084095865681386,0.7299910774121839,0.0859106772749216,-0.1740781952991023,0.6621551396493476,0.101694848628228,-0.2100352629831767
SPY,250,0.02,39,12,6,AND,0.6319556687045409,0.0994292136894281,-0.1859171852352249,1.2918344928597585,-0.1136440833877568,0.3217199842958482,0.055284069247544,-0.1084095865681386,0.7870438131657672,0.0933764089983153,-0.174078195299102,0.7080222471191286,0.1098623206567852,-0.1859171852352248
SPY,250,0.02,39,12,8,AND,0.5876665216273983,0.0941964454617794,-0.234646533227344,1.4763822775540096,-0.1136440833877565,0.3217199842958482,0.055284069247544,-0.1084095865681386,0.6900879124646669,0.0822058608795748,-0.1924369690330113,0.6456260527280651,0.103016620355288,-0.2346465332273444
SPY,250,0.02,39,15,2,AND,0.5284702477667536,0.0860731695761194,-0.2137414217496649,1.2918344928597585,-0.1136440833877582,0.2963783111189952,0.0525492304247305,-0.1084095865681388,0.573565132336149,0.0673114037739839,-0.2137414217496649,0.6572594359074929,0.1029155730893933,-0.1894840077089639
SPY,250,0.02,39,15,4,AND,0.5508400206681481,0.0896262586078997,-0.1986083102997791,1.3533504210911755,-0.1136440833877568,0.3217199842958482,0.055284069247544,-0.1084095865681386,0.6198803638181144,0.0733965810016927,-0.198608310299779,0.6406256858905897,0.1023432284914991,-0.1909600922914931
SPY,250,0.02,39,15,6,AND,0.575642917811776,0.0934972741248345,-0.2076539300636189,1.3533504210911755,-0.1136440833877571,0.3217199842958482,0.055284069247544,-0.1084095865681386,0.676532962705422,0.0807762772090054,-0.1941696854013757,0.6607967368977123,0.1068555179872594,-0.2076539300636192
SPY,250,0.02,39,15,8,AND,0.5803928110728767,0.0943115626190216,-0.2205702297533484,1.4148663493225926,-0.1136440833877574,0.3217199842958482,0.055284069247544,-0.1084095865681386,0.6541557114450827,0.0783692352139131,-0.2205702297533471,0.6885591250619749,0.1110040005497761,-0.189484007708964
SPY,250,0.02,39,18,2,AND,0.5339057883722369,0.0869454762120662,-0.2205702297533476,1.3533504210911755,-0.1136440833877577,0.2963783111189952,0.0525492304247305,-0.1084095865681388,0.5915646996956713,0.0701054078702734,-0.2205702297533471,0.6572594359074929,0.1029155730893933,-0.1894840077089639
SPY,250,0.02,39,18,4,AND,0.5521615255530385,0.0899320660184395,-0.2205702297533478,1.4148663493225926,-0.1136440833877578,0.3217199842958482,0.055284069247544,-0.1084095865681386,0.6236163612815624,0.074377878009086,-0.2205702297533471,0.6406256858905897,0.1023432284914991,-0.1909600922914931
SPY,250,0.02,39,18,6,AND,0.5694630953846008,0.0927488140379442,-0.220570229753348,1.4148663493225926,-0.1136440833877568,0.3217199842958482,0.055284069247544,-0.1084095865681386,0.6541557114450827,0.0783692352139131,-0.2205702297533471,0.6607967368977123,0.1068555179872594,-0.2076539300636192
SPY,250,0.02,39,18,8,AND,0.5803928110728767,0.0943115626190216,-0.2205702297533484,1.4148663493225926,-0.1136440833877574,0.3217199842958482,0.055284069247544,-0.1084095865681386,0.6541557114450827,0.0783692352139131,-0.2205702297533471,0.6885591250619749,0.1110040005497761,-0.189484007708964
SPY,250,0.02,52,8,2,AND,0.4681110904637822,0.0715218441411456,-0.1906076106599593,1.845477846942512,-0.1474883659174797,0.0648982272730566,0.0290771378860614,-0.1428609180831801,0.7580451964789511,0.0816936552875937,-0.1814892211299066,0.5864710701731101,0.0821033220326905,-0.1906076106599593
SPY,250,0.02,52,8,4,AND,0.4973518907984577,0.0770029507529082,-0.1817809591448064,2.2145734163310147,-0.1146217647164894,0.0096610409507044,0.0238704409378076,-0.1637610395404777,0.7158174168824726,0.0799408335643951,-0.1740781952991027,0.6618296240481962,0.0931757252212304,-0.1643223735735626
SPY,250,0.02,52,8,6,AND,0.5102351508352733,0.0799366530373417,-0.2304740409831471,2.706700842182351,-0.1350087377256376,0.007927471217455,0.0235035242055867,-0.1626980835094383,0.6975302970441254,0.0797921384454232,-0.1930857692612861,0.6796438864698888,0.0986930645907697,-0.1930857692612867
SPY,250,0.02,52,8,8,AND,0.5140925575508476,0.0818115509579553,-0.1740781952991011,4.490662760893446,-0.1362365560346077,0.0783465608535949,0.0301370259936808,-0.1341396977474784,0.7191285135032135,0.0833588963193328,-0.1740781952991021,0.6632423948802945,0.0997790910499463,-0.169782237658956
SPY,250,0.02,52,10,2,AND,0.5350636674187936,0.0821080066453321,-0.1814892211299061,1.4148663493225926,-0.1063504450656434,0.0744343254807473,0.0298511562531804,-0.1463057251274313,0.6814278352094604,0.0763098642914479,-0.1814892211299056,0.787225527625447,0.1087798524716934,-0.1517711489559412
SPY,250,0.02,52,10,4,AND,0.5591773758568899,0.0865100603821811,-0.1801098892103864,1.5994141340168435,-0.1550662370334112,0.029787358573777,0.0255959322530867,-0.1543751401937682,0.6911569095021259,0.0793046327500535,-0.1740781952991019,0.7547893750468262,0.1086029396483998,-0.1801098892103866
SPY,250,0.02,52,10,6,AND,0.552951794332878,0.0867405764557807,-0.2184811872860557,1.845477846942512,-0.1407519604899827,0.0204546612035818,0.0245800870663093,-0.1797196993466973,0.7105614681066673,0.0829808678059569,-0.1811498251685513,0.7244635692570219,0.1073298755989222,-0.1859171852352242
SPY,250,0.02,52,10,8,AND,0.5461380677145834,0.0870804955944959,-0.1789262833614574,2.2145734163310147,-0.1267764119751812,0.0952498470462017,0.0317680392807042,-0.1302143399243599,0.7142100347154452,0.0841757967685132,-0.1740781952991006,0.694430890601372,0.1066382622888697,-0.1789262833614568
SPY,250,0.02,52,12,2,AND,0.5538649450791019,0.0871668115046344,-0.1814892211299068,1.1688026363969244,-0.1063504450656435,0.1398636356310997,0.0361195727993768,-0.1463057251274323,0.675790438393611,0.0787802085223958,-0.1814892211299061,0.7320683019512539,0.1080044746811743,-0.1746831709394691
SPY,250,0.02,52,12,4,AND,0.5724184603840321,0.0901225351122128,-0.1909600922914939,1.2303185646283414,-0.1423593565024075,0.1154632216479764,0.0337500216331037,-0.1431780028152909,0.7299910774121839,0.0859106772749216,-0.1740781952991023,0.731568306088121,0.109715972634679,-0.1909600922914945
SPY,250,0.02,52,12,6,AND,0.6111051807947543,0.0957992365450945,-0.1859171852352247,1.2303185646283414,-0.1136440833877577,0.1378691841729838,0.0359621847907321,-0.1431780028152889,0.7870438131657672,0.0933764089983153,-0.174078195299102,0.7758376852210132,0.1179251045042788,-0.1859171852352248
SPY,250,0.02,52,12,8,AND,0.5674303613652619,0.090827610272768,-0.2346465332273438,1.4148663493225926,-0.1136440833877571,0.14589622179455,0.0367667733002423,-0.1302143399243605,0.6900879124646669,0.0822058608795748,-0.1924369690330113,0.7080803171339348,0.110998285659605,-0.2346465332273444
SPY,250,0.02,52,15,2,AND,0.4892121715241641,0.0803815733282253,-0.2137414217496648,1.2918344928597585,-0.1136440833877571,0.1398636356310997,0.0361195727993768,-0.1463057251274323,0.573565132336149,0.0673114037739839,-0.2137414217496649,0.6432953306199894,0.1009483278341842,-0.1894840077089639
SPY,250,0.02,52,15,4,AND,0.5241962541380324,0.0853396632104095,-0.1986083102997788,1.2918344928597585,-0.1136440833877576,0.1154632216479764,0.0337500216331037,-0.1431780028152909,0.6198803638181144,0.0733965810016927,-0.198608310299779,0.7058217083866792,0.1103690731656497,-0.1909600922914937
SPY,250,0.02,52,15,6,AND,0.5544435281392472,0.08988688242063,-0.2076539300636194,1.2918344928597585,-0.1136440833877566,0.1378691841729838,0.0359621847907321,-0.1431780028152889,0.676532962705422,0.0807762772090054,-0.1941696854013757,0.7244383812814261,0.1148964584046758,-0.2076539300636192
SPY,250,0.02,52,15,8,AND,0.5603310811403827,0.0909423730048684,-0.2205702297533475,1.3533504210911755,-0.1136440833877571,0.14589622179455,0.0367667733002423,-0.1302143399243605,0.6541557114450827,0.0783692352139131,-0.2205702297533471,0.7496724068230728,0.1190434642536768,-0.189484007708964
SPY,250,0.02,52,18,2,AND,0.4947926350195896,0.0812493086173098,-0.220570229753348,1.3533504210911755,-0.113644083387757,0.1398636356310997,0.0361195727993768,-0.1463057251274323,0.5915646996956713,0.0701054078702734,-0.2205702297533471,0.6432953306199894,0.1009483278341842,-0.1894840077089639
SPY,250,0.02,52,18,4,AND,0.5255787773202827,0.0856442675729975,-0.2205702297533475,1.3533504210911755,-0.1136440833877582,0.1154632216479764,0.0337500216331037,-0.1431780028152909,0.6236163612815624,0.074377878009086,-0.2205702297533471,0.7058217083866792,0.1103690731656497,-0.1909600922914937
SPY,250,0.02,52,18,6,AND,0.5482112294144611,0.0891408935187647,-0.2205702297533481,1.3533504210911755,-0.1136440833877575,0.1378691841729838,0.0359621847907321,-0.1431780028152889,0.6541557114450827,0.0783692352139131,-0.2205702297533471,0.7244383812814261,0.1148964584046758,-0.2076539300636192
SPY,250,0.02,52,18,8,AND,0.5603310811403827,0.0909423730048684,-0.2205702297533475,1.3533504210911755,-0.1136440833877571,0.14589622179455,0.0367667733002423,-0.1302143399243605,0.6541557114450827,0.0783692352139131,-0.2205702297533471,0.7496724068230728,0.1190434642536768,-0.189484007708964
SPY,250,0.03,26,8,2,AND,0.573944988262656,0.0847694193568633,-0.1926220376759958,1.5994141340168435,-0.1617121810926685,0.2981762150309549,0.051167716934998,-0.1390143801301477,0.8427423067104429,0.090451680283816,-0.1486129999928958,0.6192503940650973,0.0864429558763009,-0.1906076106599592
SPY,250,0.03,26,8,4,AND,0.5638139960957692,0.0859328328826127,-0.1952963480135328,2.030025631636763,-0.1293939459693136,0.2783560724503465,0.0499824378919329,-0.1502237518091685,0.7507308075137163,0.083230469507173,-0.1486129999928952,0.5827973656385177,0.0850749229206029,-0.1643223735735626
SPY,250,0.03,26,8,6,AND,0.5660159903900897,0.0876457926084213,-0.2431851147438123,2.5221530574881,-0.1494407704989903,0.2469014993569883,0.0472359221681744,-0.1765286844082774,0.7590938124866314,0.0857888364193351,-0.1486793972088835,0.616616151545213,0.0914963883596486,-0.1859171852352242
SPY,250,0.03,26,8,8,AND,0.5885450908379196,0.0919844589997189,-0.2363327412098916,4.244599047967777,-0.1693897914766308,0.3211428839302747,0.0552326242855727,-0.1406417508565096,0.8125499466959012,0.092767257142861,-0.1486129999928958,0.6313111345813472,0.0959587682642395,-0.2363327412098924
SPY,250,0.03,26,10,2,AND,0.6423912718991202,0.0964993405388345,-0.1580585271329919,1.1072867081655071,-0.1058378894237501,0.3439760263349861,0.0566277222937403,-0.1462444409970966,0.7611878280660827,0.0850242989643954,-0.1486129999928958,0.8163403220597285,0.1132264690515778,-0.1517711489559412
SPY,250,0.03,26,10,4,AND,0.6285587888860239,0.0964283717410732,-0.2231635922570631,1.3533504210911755,-0.1550662370334109,0.3184684326640571,0.0546738444815284,-0.1614762102533684,0.7244603593799689,0.0825923307449358,-0.159514268703069,0.6792921495970399,0.100387816464825,-0.2231635922570625
SPY,250,0.03,26,10,6,AND,0.613595117873612,0.0954473874336405,-0.2279688745377206,1.537898205785427,-0.1602927495900368,0.2836237837210109,0.0513793090604248,-0.1866079404099788,0.7706532976329414,0.0889952746019795,-0.1510136830085438,0.6637961211339547,0.1000766263953321,-0.2279688745377214
SPY,250,0.03,26,10,8,AND,0.613423106662826,0.0965914361985709,-0.2279688745377196,1.845477846942512,-0.1602927495900358,0.3446446205608613,0.0579336186908596,-0.1359261906309278,0.805332464848004,0.093591251911578,-0.1486129999928955,0.6391594967530834,0.0994206021305703,-0.22796887453772
SPY,250,0.03,26,12,2,AND,0.6933105597134266,0.1066131035590094,-0.1746831709394702,0.7381911387770048,-0.080537144766618,0.3894821258549063,0.0630591203238135,-0.1159966704348857,0.810458606613461,0.0942835025829242,-0.1486129999928952,0.8168743228189443,0.119377554172513,-0.1746831709394698
SPY,250,0.03,26,12,4,AND,0.6764338966232851,0.1050544776621038,-0.2114808215382485,0.8612229952398389,-0.1423593565024073,0.3894821258549063,0.0630591203238135,-0.1159966704348857,0.8212522158808075,0.0959979611950958,-0.1486129999928955,0.7151397933571341,0.1083539315796382,-0.2114808215382483
SPY,250,0.03,26,12,6,AND,0.6897788321820237,0.1074674273673546,-0.2163583700136475,0.8612229952398389,-0.1476644700968444,0.3894821258549063,0.0630591203238135,-0.1159966704348857,0.8475620374415336,0.0994485481287252,-0.148612999992896,0.7177254404702215,0.1106024542691506,-0.2163583700136473
SPY,250,0.03,26,12,8,AND,0.6514225911549798,0.1029513320607695,-0.2346465332273443,0.9842548517026732,-0.1476644700968441,0.3894821258549063,0.0630591203238135,-0.1159966704348857,0.7717413496571852,0.0906449846283552,-0.165083505732129,0.6545541882789117,0.1037521887771799,-0.2346465332273443
SPY,250,0.03,26,15,2,AND,0.6259183586095718,0.0997639490576807,-0.1903003499453566,0.7997070670084219,-0.1476644700968441,0.3894821258549063,0.0630591203238135,-0.1159966704348857,0.7372454057478314,0.0870871708255123,-0.1516495611585345,0.6926311511582713,0.1078939831873639,-0.1894840077089639
SPY,250,0.03,26,15,4,AND,0.6286953145611526,0.1005686477923879,-0.216358370013648,0.8612229952398389,-0.1476644700968445,0.3894821258549063,0.0630591203238135,-0.1159966704348857,0.7481936702737004,0.0887903546510966,-0.1576461619267393,0.6602060671227322,0.1046639309265597,-0.2163583700136471
SPY,250,0.03,26,15,6,AND,0.6437272434332403,0.1031823253860177,-0.2163583700136476,0.8612229952398389,-0.1476644700968444,0.3894821258549063,0.0630591203238135,-0.1159966704348857,0.774120555069186,0.0922182495051384,-0.1529806621879831,0.669521146785962,0.1075936464538687,-0.2163583700136483
SPY,250,0.03,26,15,8,AND,0.6545506633100632,0.1047599950128519,-0.216358370013647,0.8612229952398389,-0.1476644700968435,0.3894821258549063,0.0630591203238135,-0.1159966704348857,0.774120555069186,0.0922182495051384,-0.1529806621879831,0.6974370284798616,0.1117448955139301,-0.2163583700136482
SPY,250,0.03,26,18,2,AND,0.6344956521439786,0.1009981864411224,-0.1903003499453566,0.7997070670084219,-0.1476644700968445,0.3894821258549063,0.0630591203238135,-0.1159966704348857,0.7668861407505657,0.0910649959680995,-0.1529806621879831,0.6926311511582713,0.1078939831873639,-0.1894840077089639
SPY,250,0.03,26,18,4,AND,0.6361425360504265,0.1016315539354408,-0.2163583700136476,0.8612229952398389,-0.1476644700968447,0.3894821258549063,0.0630591203238135,-0.1159966704348857,0.774120555069186,0.0922182495051384,-0.1529806621879831,0.6602060671227322,0.1046639309265597,-0.2163583700136471
SPY,250,0.03,26,18,6,AND,0.6437272434332403,0.1031823253860177,-0.2163583700136476,0.8612229952398389,-0.1476644700968444,0.3894821258549063,0.0630591203238135,-0.1159966704348857,0.774120555069186,0.0922182495051384,-0.1529806621879831,0.669521146785962,0.1075936464538687,-0.2163583700136483
SPY,250,0.03,26,18,8,AND,0.6545506633100632,0.1047599950128519,-0.216358370013647,0.8612229952398389,-0.1476644700968435,0.3894821258549063,0.0630591203238135,-0.1159966704348857,0.774120555069186,0.0922182495051384,-0.1529806621879831,0.6974370284798616,0.1117448955139301,-0.2163583700136482
SPY,250,0.03,39,8,2,AND,0.5587060118613153,0.0826643164664608,-0.1906076106599588,1.5994141340168435,-0.1474883659174791,0.2916041262494601,0.0503233947146672,-0.1349442857759282,0.8039998393193273,0.0859685859975349,-0.1486129999928966,0.603327077138545,0.0840368938199356,-0.1906076106599593
SPY,250,0.03,39,8,4,AND,0.5777928850258768,0.0875344534352948,-0.1817809591448074,2.030025631636763,-0.1146217647164905,0.2967767000951506,0.0518003764662415,-0.135951346784842,0.7507308075137163,0.083230469507173,-0.1486129999928952,0.614653280185124,0.0884617985830513,-0.1643223735735626
SPY,250,0.03,39,8,6,AND,0.5667041270804763,0.0876985052678656,-0.2304740409831464,2.583668985719517,-0.1350087377256363,0.264781792083353,0.0490491054278239,-0.1626980835094383,0.7590938124866314,0.0857888364193351,-0.1486793972088835,0.6034453293520441,0.0898291903915893,-0.1929267968492217
SPY,250,0.03,39,8,8,AND,0.589307744566629,0.0920475697452918,-0.2476619403301706,4.306114976199194,-0.1693897914766301,0.3388673973404484,0.0570596530275102,-0.1262084114699542,0.8125499466959012,0.092767257142861,-0.1486129999928958,0.6189513187866282,0.0943180245177295,-0.2476619403301718
SPY,250,0.03,39,10,2,AND,0.623800748884012,0.0939134054827761,-0.1580585271329919,1.1072867081655071,-0.1058378894237501,0.3217349865202025,0.0543025399893184,-0.1462444409970966,0.7240420102720827,0.0805635178742165,-0.1543191337287437,0.8029350503031364,0.110761091598635,-0.1517711489559412
SPY,250,0.03,39,10,4,AND,0.6281342425077499,0.0963547578412562,-0.2248575095368964,1.3533504210911755,-0.1550662370334109,0.3184684326640571,0.0546738444815284,-0.1614762102533684,0.7244603593799689,0.0825923307449358,-0.159514268703069,0.6779367334023397,0.1001470643662341,-0.2248575095368957
SPY,250,0.03,39,10,6,AND,0.613595117873612,0.0954473874336405,-0.2279688745377206,1.537898205785427,-0.1602927495900368,0.2836237837210109,0.0513793090604248,-0.1866079404099788,0.7706532976329414,0.0889952746019795,-0.1510136830085438,0.6637961211339547,0.1000766263953321,-0.2279688745377214
SPY,250,0.03,39,10,8,AND,0.613423106662826,0.0965914361985709,-0.2279688745377196,1.845477846942512,-0.1602927495900358,0.3446446205608613,0.0579336186908596,-0.1359261906309278,0.805332464848004,0.093591251911578,-0.1486129999928955,0.6391594967530834,0.0994206021305703,-0.22796887453772
SPY,250,0.03,39,12,2,AND,0.6756918906756499,0.1040033166561003,-0.1746831709394699,0.7381911387770048,-0.080537144766617,0.3686089718884717,0.0607197852836871,-0.1159966704348859,0.774865224555782,0.0897846548057126,-0.1543191337287462,0.8038563004683644,0.1168985543821665,-0.1746831709394695
SPY,250,0.03,39,12,4,AND,0.6764338966232851,0.1050544776621038,-0.2114808215382485,0.8612229952398389,-0.1423593565024073,0.3894821258549063,0.0630591203238135,-0.1159966704348857,0.8212522158808075,0.0959979611950958,-0.1486129999928955,0.7151397933571341,0.1083539315796382,-0.2114808215382483
SPY,250,0.03,39,12,6,AND,0.6897788321820237,0.1074674273673546,-0.2163583700136475,0.8612229952398389,-0.1476644700968444,0.3894821258549063,0.0630591203238135,-0.1159966704348857,0.8475620374415336,0.0994485481287252,-0.148612999992896,0.7177254404702215,0.1106024542691506,-0.2163583700136473
SPY,250,0.03,39,12,8,AND,0.6514225911549798,0.1029513320607695,-0.2346465332273443,0.9842548517026732,-0.1476644700968441,0.3894821258549063,0.0630591203238135,-0.1159966704348857,0.7717413496571852,0.0906449846283552,-0.165083505732129,0.6545541882789117,0.1037521887771799,-0.2346465332273443
SPY,250,0.03,39,15,2,AND,0.6085334382048477,0.0971703148947453,-0.1903003499453566,0.7997070670084219,-0.1476644700968449,0.3686089718884717,0.0607197852836871,-0.1159966704348859,0.7022861578970754,0.0826179088010372,-0.1735527837143562,0.6790069431443728,0.1054404151827075,-0.1894840077089639
SPY,250,0.03,39,15,4,AND,0.6286953145611526,0.1005686477923879,-0.216358370013648,0.8612229952398389,-0.1476644700968445,0.3894821258549063,0.0630591203238135,-0.1159966704348857,0.7481936702737004,0.0887903546510966,-0.1576461619267393,0.6602060671227322,0.1046639309265597,-0.2163583700136471
SPY,250,0.03,39,15,6,AND,0.6437272434332403,0.1031823253860177,-0.2163583700136476,0.8612229952398389,-0.1476644700968444,0.3894821258549063,0.0630591203238135,-0.1159966704348857,0.774120555069186,0.0922182495051384,-0.1529806621879831,0.669521146785962,0.1075936464538687,-0.2163583700136483
SPY,250,0.03,39,15,8,AND,0.6545506633100632,0.1047599950128519,-0.216358370013647,0.8612229952398389,-0.1476644700968435,0.3894821258549063,0.0630591203238135,-0.1159966704348857,0.774120555069186,0.0922182495051384,-0.1529806621879831,0.6974370284798616,0.1117448955139301,-0.2163583700136482
SPY,250,0.03,39,18,2,AND,0.6200722981893895,0.0988036265753971,-0.1903003499453566,0.7997070670084219,-0.1476644700968438,0.3686089718884717,0.0607197852836871,-0.1159966704348859,0.7423014647312212,0.0878748336999615,-0.1543191337287446,0.6790069431443728,0.1054404151827075,-0.1894840077089639
SPY,250,0.03,39,18,4,AND,0.6361425360504265,0.1016315539354408,-0.2163583700136476,0.8612229952398389,-0.1476644700968447,0.3894821258549063,0.0630591203238135,-0.1159966704348857,0.774120555069186,0.0922182495051384,-0.1529806621879831,0.6602060671227322,0.1046639309265597,-0.2163583700136471
SPY,250,0.03,39,18,6,AND,0.6437272434332403,0.1031823253860177,-0.2163583700136476,0.8612229952398389,-0.1476644700968444,0.3894821258549063,0.0630591203238135,-0.1159966704348857,0.774120555069186,0.0922182495051384,-0.1529806621879831,0.669521146785962,0.1075936464538687,-0.2163583700136483
SPY,250,0.03,39,18,8,AND,0.6545506633100632,0.1047599950128519,-0.216358370013647,0.8612229952398389,-0.1476644700968435,0.3894821258549063,0.0630591203238135,-0.1159966704348857,0.774120555069186,0.0922182495051384,-0.1529806621879831,0.6974370284798616,0.1117448955139301,-0.2163583700136482
SPY,250,0.03,52,8,2,AND,0.5148964585005983,0.0769905844068297,-0.1906076106599585,1.5994141340168435,-0.1474883659174791,0.120281577655077,0.0339284810400841,-0.1428609180831809,0.8039998393193273,0.0859685859975349,-0.1486129999928966,0.5864710701731101,0.0821033220326905,-0.1906076106599593
SPY,250,0.03,52,8,4,AND,0.5417626704102123,0.0824085617651944,-0.1817809591448074,1.9685097034053465,-0.1146217647164905,0.0844110017338284,0.0307413228184911,-0.1474586002178318,0.7507308075137163,0.083230469507173,-0.1486129999928952,0.6618296240481962,0.0931757252212304,-0.1643223735735626
SPY,250,0.03,52,8,6,AND,0.5497057960066409,0.0848041700539381,-0.2304740409831464,2.460637129256683,-0.1350087377256363,0.0794657312422701,0.0302450925313475,-0.1626980835094383,0.7590938124866314,0.0857888364193351,-0.1486793972088835,0.6924217432962004,0.099627617394012,-0.1859171852352242
SPY,250,0.03,52,8,8,AND,0.5659689356527581,0.0883513986923902,-0.2011034068085645,4.306114976199194,-0.16938979147663,0.1676532969085111,0.0389183107557424,-0.1262084114699542,0.8125499466959012,0.092767257142861,-0.1486129999928958,0.6750570552655233,0.1007145676317253,-0.2011034068085655
SPY,250,0.03,52,10,2,AND,0.5828971064761793,0.0881807222634705,-0.1580585271329919,1.1072867081655071,-0.1058378894237501,0.1603851687878187,0.0378455142608631,-0.1536456315119777,0.7240420102720827,0.0805635178742165,-0.1543191337287437,0.787225527625447,0.1087798524716934,-0.1517711489559412
SPY,250,0.03,52,10,4,AND,0.6033540699694065,0.0923046096830597,-0.1801098892103869,1.2918344928597585,-0.155066237033412,0.1137480625124652,0.033557258512586,-0.1614762102533684,0.7244603593799689,0.0825923307449358,-0.159514268703069,0.7547893750468262,0.1086029396483998,-0.1801098892103866
SPY,250,0.03,52,10,6,AND,0.5936186862737283,0.0920201005604721,-0.2250439317200938,1.4763822775540096,-0.1602927495900357,0.1029771820531588,0.0325335276910212,-0.1866079404099788,0.7706532976329414,0.0889952746019795,-0.1510136830085438,0.7368543845236697,0.1082717749088446,-0.1859171852352242
SPY,250,0.03,52,10,8,AND,0.5946410960137595,0.0934050111477309,-0.1851814890764526,1.7839619187110949,-0.1602927495900376,0.1754234932694824,0.039777277350508,-0.1376925970797429,0.805332464848004,0.093591251911578,-0.1486129999928955,0.7058408441959306,0.1075795733096891,-0.1851814890764517
SPY,250,0.03,52,12,2,AND,0.6370217071324524,0.0982177569804154,-0.1746831709394697,0.7381911387770048,-0.0805371447666176,0.2188955691041545,0.0441625902329456,-0.1536456315119749,0.774865224555782,0.0897846548057126,-0.1543191337287462,0.7891463022513869,0.1149063680033821,-0.1746831709394694
SPY,250,0.03,52,12,4,AND,0.6524283660710588,0.1008982720726912,-0.1909600922914942,0.7997070670084219,-0.1423593565024076,0.1945838928005804,0.0417746451072871,-0.1505448007811007,0.8212522158808075,0.0959979611950958,-0.1486129999928955,0.7872952235322749,0.1166285270837745,-0.1909600922914935
SPY,250,0.03,52,12,6,AND,0.6710987439445933,0.1040025338272185,-0.1859171852352249,0.7997070670084219,-0.1476644700968445,0.2163097431738674,0.0440039804787311,-0.1505448007811012,0.8475620374415336,0.0994485481287252,-0.148612999992896,0.787793712384498,0.1188760161591351,-0.1859171852352241
SPY,250,0.03,52,12,8,AND,0.6332703749848044,0.0997464267165157,-0.2346465332273436,0.922738923471256,-0.1476644700968442,0.2239765246708244,0.0448148147146798,-0.1376925970797446,0.7717413496571852,0.0906449846283552,-0.165083505732129,0.7190626270326419,0.1119433053340923,-0.2346465332273443
SPY,250,0.03,52,15,2,AND,0.5702264264394288,0.0914205637522946,-0.1903003499453566,0.7997070670084219,-0.1476644700968459,0.2188955691041545,0.0441625902329456,-0.1536456315119749,0.7022861578970754,0.0826179088010372,-0.1735527837143562,0.6649892134976654,0.1034686664244659,-0.1894840077089639
SPY,250,0.03,52,15,4,AND,0.6045147165751532,0.0964293137975933,-0.1909600922914938,0.7997070670084219,-0.147664470096844,0.1945838928005804,0.0417746451072871,-0.1505448007811007,0.7481936702737004,0.0887903546510966,-0.1576461619267393,0.7275732515740179,0.1129109781341237,-0.1909600922914935
SPY,250,0.03,52,15,6,AND,0.6247732432553875,0.0997308384904538,-0.2076539300636201,0.7997070670084219,-0.1476644700968448,0.2163097431738674,0.0440039804787311,-0.1505448007811012,0.774120555069186,0.0922182495051384,-0.1529806621879831,0.7352255463095844,0.1158447938808036,-0.2076539300636188
SPY,250,0.03,52,15,8,AND,0.6366478323623819,0.1015498341388276,-0.1903003499453566,0.7997070670084219,-0.1476644700968445,0.2239765246708244,0.0448148147146798,-0.1376925970797446,0.774120555069186,0.0922182495051384,-0.1529806621879831,0.7605299555955589,0.1199953271898988,-0.1894840077089638
SPY,250,0.03,52,18,2,AND,0.5819077910835545,0.0930453160182644,-0.1903003499453566,0.7997070670084219,-0.1476644700968438,0.2188955691041545,0.0441625902329456,-0.1536456315119749,0.7423014647312212,0.0878748336999615,-0.1543191337287446,0.6649892134976654,0.1034686664244659,-0.1894840077089639
SPY,250,0.03,52,18,4,AND,0.61206547374429,0.0974882222585931,-0.190960092291494,0.7997070670084219,-0.1476644700968448,0.1945838928005804,0.0417746451072871,-0.1505448007811007,0.774120555069186,0.0922182495051384,-0.1529806621879831,0.7275732515740179,0.1129109781341237,-0.1909600922914935
SPY,250,0.03,52,18,6,AND,0.6247732432553875,0.0997308384904538,-0.2076539300636201,0.7997070670084219,-0.1476644700968448,0.2163097431738674,0.0440039804787311,-0.1505448007811012,0.774120555069186,0.0922182495051384,-0.1529806621879831,0.7352255463095844,0.1158447938808036,-0.2076539300636188
SPY,250,0.03,52,18,8,AND,0.6366478323623819,0.1015498341388276,-0.1903003499453566,0.7997070670084219,-0.1476644700968445,0.2239765246708244,0.0448148147146798,-0.1376925970797446,0.774120555069186,0.0922182495051384,-0.1529806621879831,0.7605299555955589,0.1199953271898988,-0.1894840077089638
SPY,250,0.05,26,8,2,AND,0.5498288158325575,0.0815046098690142,-0.1926220376759965,1.5994141340168435,-0.1617121810926686,0.2468697911005464,0.0460542581822422,-0.1390143801301477,0.7910318718656228,0.0829994852251441,-0.1451122573770588,0.6070033127864263,0.0848000928423262,-0.1906076106599593
SPY,250,0.05,26,8,4,AND,0.5477758163630241,0.0833910928839021,-0.1952963480135339,2.030025631636763,-0.1293939459693148,0.2060455584480633,0.0426835841708268,-0.1502237518091685,0.694340968147566,0.0751132245735537,-0.1629995169627661,0.6291225765057341,0.0890606827354694,-0.1643223735735629
SPY,250,0.05,26,8,6,AND,0.5357256151637706,0.083469187464038,-0.2431851147438118,2.645184913950934,-0.1494407704989896,0.2015416165348755,0.0425635018150702,-0.1765286844082774,0.5881460914181943,0.0648242331431387,-0.2367642198163326,0.6019087908578369,0.0889379772088387,-0.2367642198163322
SPY,250,0.05,26,8,8,AND,0.5581748148298519,0.0878196814926337,-0.2001955410632161,4.6136946173562805,-0.1376971047494566,0.2871661321674342,0.0516427897839792,-0.1406417508565096,0.6496127854086489,0.0728238304002528,-0.1866420422250454,0.5901373633758003,0.0902980922375258,-0.2001955410632153
SPY,250,0.05,26,10,2,AND,0.6196896611643395,0.0937537928123126,-0.1790649364076516,0.9842548517026732,-0.1282938572921176,0.2840893293565443,0.0508303701103947,-0.1675456112932469,0.6994447039048063,0.0766481041494144,-0.1543191337287451,0.7955136230552703,0.1105509615892685,-0.1526942436034263
SPY,250,0.05,26,10,4,AND,0.6241831013924638,0.095641734793767,-0.1937111584218617,1.1688026363969244,-0.1550662370334113,0.2605885190976668,0.0488872125524035,-0.1823973484578759,0.6591251220181424,0.0735215679803156,-0.1843153449715634,0.7148696985315185,0.103444029892572,-0.1843153449715653
SPY,250,0.05,26,10,6,AND,0.5859760672636646,0.091758358772644,-0.2443790575747876,1.4763822775540096,-0.1695060169183321,0.2271175491603996,0.0456107531118126,-0.206902042856701,0.5989304221990934,0.0675545620499462,-0.2284682875102308,0.6454206183742225,0.0970721136522134,-0.228468287510232
SPY,250,0.05,26,10,8,AND,0.5762782556109707,0.0916423518817428,-0.2081033269724544,1.7839619187110949,-0.1282529569692709,0.2877035903117544,0.0521291015040128,-0.1574848009002535,0.6407190752713918,0.0732163914211498,-0.1819442428431448,0.595199267380607,0.0933175135200818,-0.2081033269724549
SPY,250,0.05,26,12,2,AND,0.6458531947438739,0.1015190382483566,-0.1746831709394701,0.6151592823141707,-0.1065070895364386,0.3639522199167692,0.0607783736638289,-0.124856155493522,0.6593235886292437,0.0779829669329201,-0.1730809066996074,0.7122033241896472,0.1078540414109412,-0.1746831709394695
SPY,250,0.05,26,12,4,AND,0.6394910768628609,0.1010353733063142,-0.2101536789575711,0.6766752105455878,-0.1884839399517097,0.3639522199167692,0.0607783736638289,-0.124856155493522,0.6664748042763391,0.0789549341114221,-0.173080906699607,0.6428090013966661,0.0997012279679918,-0.2101536789575713
SPY,250,0.05,26,12,6,AND,0.6523500052160485,0.1033311130434755,-0.1859171852352247,0.6766752105455878,-0.1613129966459233,0.3639522199167692,0.0607783736638289,-0.124856155493522,0.6664748042763391,0.0789549341114221,-0.173080906699607,0.6694397465684407,0.1050502602201199,-0.1859171852352238
SPY,250,0.05,26,12,8,AND,0.6034019331775614,0.0972055667517464,-0.2626836678832225,0.7997070670084219,-0.1627311432848753,0.3639522199167692,0.0607783736638289,-0.124856155493522,0.5938064690179038,0.0703154681785653,-0.1866158577652852,0.5781263442925852,0.0939478494523466,-0.2626836678832231
SPY,250,0.05,26,15,2,AND,0.5976043570068387,0.0971929170557774,-0.1903003499453565,0.6151592823141707,-0.1022922220875072,0.3639522199167692,0.0607783736638289,-0.124856155493522,0.5880823701816646,0.0704143400413412,-0.1858653642678579,0.6538188678788032,0.1051377797830583,-0.189484007708964
SPY,250,0.05,26,15,4,AND,0.6166819905750004,0.0999621915367618,-0.1903003499453565,0.6151592823141707,-0.1022922220875068,0.3639522199167692,0.0607783736638289,-0.124856155493522,0.595181554491865,0.071379482940471,-0.178506586241416,0.6704438273251108,0.107638297299605,-0.189484007708964
SPY,250,0.05,26,15,6,AND,0.6217377208679898,0.1011397132122389,-0.2076539300636198,0.6151592823141707,-0.1022922220875067,0.3639522199167692,0.0607783736638289,-0.124856155493522,0.595181554491865,0.071379482940471,-0.178506586241416,0.6713174272310904,0.1093576729799774,-0.2076539300636188
SPY,250,0.05,26,15,8,AND,0.6217377208679898,0.1011397132122389,-0.2076539300636198,0.6151592823141707,-0.1022922220875067,0.3639522199167692,0.0607783736638289,-0.124856155493522,0.595181554491865,0.071379482940471,-0.178506586241416,0.6713174272310904,0.1093576729799774,-0.2076539300636188
SPY,250,0.05,26,18,2,AND,0.5996474127155024,0.0974966240269077,-0.1903003499453565,0.6151592823141707,-0.1022922220875071,0.3639522199167692,0.0607783736638289,-0.124856155493522,0.595181554491865,0.071379482940471,-0.178506586241416,0.6538188678788032,0.1051377797830583,-0.189484007708964
SPY,250,0.05,26,18,4,AND,0.6166819905750004,0.0999621915367618,-0.1903003499453565,0.6151592823141707,-0.1022922220875068,0.3639522199167692,0.0607783736638289,-0.124856155493522,0.595181554491865,0.071379482940471,-0.178506586241416,0.6704438273251108,0.107638297299605,-0.189484007708964
SPY,250,0.05,26,18,6,AND,0.6217377208679898,0.1011397132122389,-0.2076539300636198,0.6151592823141707,-0.1022922220875067,0.3639522199167692,0.0607783736638289,-0.124856155493522,0.595181554491865,0.071379482940471,-0.178506586241416,0.6713174272310904,0.1093576729799774,-0.2076539300636188
SPY,250,0.05,26,18,8,AND,0.6217377208679898,0.1011397132122389,-0.2076539300636198,0.6151592823141707,-0.1022922220875067,0.3639522199167692,0.0607783736638289,-0.124856155493522,0.595181554491865,0.071379482940471,-0.178506586241416,0.6713174272310904,0.1093576729799774,-0.2076539300636188
SPY,250,0.05,39,8,2,AND,0.5440945762821917,0.080640531733598,-0.1906076106599593,1.5994141340168435,-0.1474883659174796,0.2635505131640553,0.0475191815414342,-0.1349442857759283,0.7793797679484722,0.0817098373464553,-0.1451122573770604,0.603327077138545,0.0840368938199356,-0.1906076106599593
SPY,250,0.05,39,8,4,AND,0.549006063486876,0.0835151009822965,-0.1817809591448076,2.030025631636763,-0.1146217647164897,0.224463098495652,0.0444888855168839,-0.1372404619767244,0.694340968147566,0.0751132245735537,-0.1629995169627661,0.6291225765057341,0.0890606827354694,-0.1643223735735629
SPY,250,0.05,39,8,6,AND,0.5403715897641959,0.084030042695518,-0.2367642198163326,2.645184913950934,-0.1430816722858932,0.2193883924161681,0.0443685952506531,-0.1626980835094383,0.5881460914181943,0.0648242331431387,-0.2367642198163326,0.6019087908578369,0.0889379772088387,-0.2367642198163322
SPY,250,0.05,39,8,8,AND,0.5626958971982478,0.0883827887469341,-0.2001955410632162,4.6136946173562805,-0.1376971047494566,0.304863197193842,0.0534636030899431,-0.1262084114699542,0.6496127854086489,0.0728238304002528,-0.1866420422250454,0.5901373633758003,0.0902980922375258,-0.2001955410632153
SPY,250,0.05,39,10,2,AND,0.6226677665484235,0.0939730679022214,-0.1580585271329909,0.9842548517026732,-0.1058378894237481,0.3118119998482055,0.0535819663831902,-0.1462444409970966,0.6883496826965811,0.0753660195662235,-0.1543191337287437,0.7929154428355603,0.1097696458299948,-0.1526942436034263
SPY,250,0.05,39,10,4,AND,0.6312493528421669,0.0964992126817851,-0.1843153449715645,1.1688026363969244,-0.1550662370334109,0.2874677320186402,0.051633720672777,-0.1614762102533684,0.6591251220181424,0.0735215679803156,-0.1843153449715634,0.7148696985315185,0.103444029892572,-0.1843153449715653
SPY,250,0.05,39,10,6,AND,0.5928911145864509,0.0926127974289829,-0.2284682875102313,1.4763822775540096,-0.1481117129376097,0.2534507919059185,0.0483486818326543,-0.1866079404099788,0.5989304221990934,0.0675545620499462,-0.2284682875102308,0.6454206183742225,0.0970721136522134,-0.228468287510232
SPY,250,0.05,39,10,8,AND,0.5830473565832532,0.092496699748054,-0.208103326972455,1.7839619187110949,-0.1282529569692704,0.314107998569528,0.0548840985011922,-0.1359261906309278,0.6407190752713918,0.0732163914211498,-0.1819442428431448,0.595199267380607,0.0933175135200818,-0.2081033269724549
SPY,250,0.05,39,12,2,AND,0.6418486599329807,0.1008782939536847,-0.1746831709394696,0.6151592823141707,-0.1065070895364383,0.3639522199167692,0.0607783736638289,-0.124856155493522,0.6491544044963579,0.076699292780223,-0.1730809066996081,0.7090701096784819,0.1070746230398191,-0.174683170939469
SPY,250,0.05,39,12,4,AND,0.6394910768628609,0.1010353733063142,-0.2101536789575711,0.6766752105455878,-0.1884839399517097,0.3639522199167692,0.0607783736638289,-0.124856155493522,0.6664748042763391,0.0789549341114221,-0.173080906699607,0.6428090013966661,0.0997012279679918,-0.2101536789575713
SPY,250,0.05,39,12,6,AND,0.6523500052160485,0.1033311130434755,-0.1859171852352247,0.6766752105455878,-0.1613129966459233,0.3639522199167692,0.0607783736638289,-0.124856155493522,0.6664748042763391,0.0789549341114221,-0.173080906699607,0.6694397465684407,0.1050502602201199,-0.1859171852352238
SPY,250,0.05,39,12,8,AND,0.6034019331775614,0.0972055667517464,-0.2626836678832225,0.7997070670084219,-0.1627311432848753,0.3639522199167692,0.0607783736638289,-0.124856155493522,0.5938064690179038,0.0703154681785653,-0.1866158577652852,0.5781263442925852,0.0939478494523466,-0.2626836678832231
SPY,250,0.05,39,15,2,AND,0.5936367319430739,0.0965546892291608,-0.1954931684440355,0.6151592823141707,-0.1022922220875062,0.3639522199167692,0.0607783736638289,-0.124856155493522,0.5781028273418345,0.0691396786940501,-0.1954931684440363,0.6504466462571536,0.1043602724075503,-0.189484007708964
SPY,250,0.05,39,15,4,AND,0.6166819905750004,0.0999621915367618,-0.1903003499453565,0.6151592823141707,-0.1022922220875068,0.3639522199167692,0.0607783736638289,-0.124856155493522,0.595181554491865,0.071379482940471,-0.178506586241416,0.6704438273251108,0.107638297299605,-0.189484007708964
SPY,250,0.05,39,15,6,AND,0.6217377208679898,0.1011397132122389,-0.2076539300636198,0.6151592823141707,-0.1022922220875067,0.3639522199167692,0.0607783736638289,-0.124856155493522,0.595181554491865,0.071379482940471,-0.178506586241416,0.6713174272310904,0.1093576729799774,-0.2076539300636188
SPY,250,0.05,39,15,8,AND,0.6217377208679898,0.1011397132122389,-0.2076539300636198,0.6151592823141707,-0.1022922220875067,0.3639522199167692,0.0607783736638289,-0.124856155493522,0.595181554491865,0.071379482940471,-0.178506586241416,0.6713174272310904,0.1093576729799774,-0.2076539300636188
SPY,250,0.05,39,18,2,AND,0.5985431813305894,0.0972596397536509,-0.1903003499453565,0.6151592823141707,-0.1022922220875071,0.3639522199167692,0.0607783736638289,-0.124856155493522,0.595181554491865,0.071379482940471,-0.178506586241416,0.6504466462571536,0.1043602724075503,-0.189484007708964
SPY,250,0.05,39,18,4,AND,0.6166819905750004,0.0999621915367618,-0.1903003499453565,0.6151592823141707,-0.1022922220875068,0.3639522199167692,0.0607783736638289,-0.124856155493522,0.595181554491865,0.071379482940471,-0.178506586241416,0.6704438273251108,0.107638297299605,-0.189484007708964
SPY,250,0.05,39,18,6,AND,0.6217377208679898,0.1011397132122389,-0.2076539300636198,0.6151592823141707,-0.1022922220875067,0.3639522199167692,0.0607783736638289,-0.124856155493522,0.595181554491865,0.071379482940471,-0.178506586241416,0.6713174272310904,0.1093576729799774,-0.2076539300636188
SPY,250,0.05,39,18,8,AND,0.6217377208679898,0.1011397132122389,-0.2076539300636198,0.6151592823141707,-0.1022922220875067,0.3639522199167692,0.0607783736638289,-0.124856155493522,0.595181554491865,0.071379482940471,-0.178506586241416,0.6713174272310904,0.1093576729799774,-0.2076539300636188
SPY,250,0.05,52,8,2,AND,0.506743567211748,0.0758374911337242,-0.1906076106599588,1.5994141340168435,-0.1474883659174796,0.120281577655077,0.0339284810400841,-0.1428609180831809,0.7793797679484722,0.0817098373464553,-0.1451122573770604,0.5864710701731101,0.0821033220326905,-0.1906076106599593
SPY,250,0.05,52,8,4,AND,0.5135629778686145,0.0788064878386896,-0.1817809591448076,2.030025631636763,-0.1146217647164897,0.0614204471285602,0.0285798005773241,-0.16468910165839,0.694340968147566,0.0751132245735537,-0.1629995169627661,0.6378514494357359,0.0899004408376242,-0.1643223735735629
SPY,250,0.05,52,8,6,AND,0.5111488296451091,0.0800043545183348,-0.2367642198163319,2.645184913950934,-0.1430816722858925,0.0838848886595761,0.0306621882077318,-0.1626980835094383,0.5881460914181943,0.0648242331431387,-0.2367642198163326,0.6099161484673042,0.0897602840966296,-0.2367642198163322
SPY,250,0.05,52,8,8,AND,0.533866421639012,0.0843416150803393,-0.2001955410632158,4.6136946173562805,-0.1376971047494551,0.1822624520032364,0.0404452754059849,-0.1262084114699542,0.6496127854086489,0.0728238304002528,-0.1866420422250454,0.5901373633758003,0.0902980922375258,-0.2001955410632153
SPY,250,0.05,52,10,2,AND,0.5882168990852994,0.0891107691951076,-0.1580585271329909,0.9842548517026732,-0.1058378894237481,0.1804317187913369,0.039912606231077,-0.1462444409970966,0.6883496826965811,0.0753660195662235,-0.1543191337287437,0.7772286858952274,0.1077901751221699,-0.1526942436034263
SPY,250,0.05,52,10,4,AND,0.5978943747409912,0.0917341747048272,-0.1843153449715645,1.1688026363969244,-0.1550662370334097,0.1341455763623489,0.0356158095016021,-0.1614762102533684,0.6591251220181424,0.0735215679803156,-0.1843153449715634,0.7231760025802549,0.1042948787746094,-0.1843153449715653
SPY,250,0.05,52,10,6,AND,0.5648925960510324,0.0885552360629609,-0.2284682875102327,1.4763822775540096,-0.1481117129376097,0.1232360231969578,0.0345900397005054,-0.1866079404099788,0.5989304221990934,0.0675545620499462,-0.2284682875102308,0.6531231761698993,0.0979005629985867,-0.228468287510232
SPY,250,0.05,52,10,8,AND,0.5549668060842854,0.0884402510982673,-0.2081033269724548,1.7839619187110949,-0.1282529569692712,0.1941713893077672,0.0418482168412979,-0.1359261906309278,0.6407190752713918,0.0732163914211498,-0.1819442428431448,0.595199267380607,0.0933175135200818,-0.2081033269724549
SPY,250,0.05,52,12,2,AND,0.6094423245562165,0.0959853041146889,-0.1746831709394695,0.6151592823141707,-0.1065070895364385,0.2429811075853503,0.0470156460414485,-0.1371070184497029,0.6491544044963579,0.076699292780223,-0.1730809066996081,0.694664655054917,0.1050999593824399,-0.174683170939469
SPY,250,0.05,52,12,4,AND,0.6076289089918281,0.0962506226132908,-0.2101536789575714,0.6766752105455878,-0.1884839399517106,0.219234379087835,0.0446211761266672,-0.1339455943769153,0.6664748042763391,0.0789549341114221,-0.173080906699607,0.6502435135117389,0.1005491908324813,-0.2101536789575713
SPY,250,0.05,52,12,6,AND,0.625747220354091,0.0992337478023308,-0.1859171852352247,0.6766752105455878,-0.1613129966459218,0.2403241998266968,0.0468566029040764,-0.1339455943769157,0.6664748042763391,0.0789549341114221,-0.173080906699607,0.6765930522789987,0.1058847342299831,-0.1859171852352238
SPY,250,0.05,52,12,8,AND,0.5762020114987176,0.093131634042554,-0.2626836678832236,0.7997070670084219,-0.1627311432848747,0.2477415206025227,0.047669652652579,-0.124856155493522,0.5938064690179038,0.0703154681785653,-0.1866158577652852,0.5781263442925852,0.0939478494523466,-0.2626836678832231
SPY,250,0.05,52,15,2,AND,0.5617649732769909,0.0916809161865186,-0.1954931684440367,0.6151592823141707,-0.1022922220875059,0.2429811075853503,0.0470156460414485,-0.1371070184497029,0.5781028273418345,0.0691396786940501,-0.1954931684440363,0.6369038993293027,0.102390450275245,-0.189484007708964
SPY,250,0.05,52,15,4,AND,0.5854758232940313,0.0951821045515,-0.1903003499453565,0.6151592823141707,-0.1022922220875068,0.219234379087835,0.0446211761266672,-0.1339455943769153,0.595181554491865,0.071379482940471,-0.178506586241416,0.6774490425991301,0.1084923803173463,-0.189484007708964
SPY,250,0.05,52,15,6,AND,0.5955823786952218,0.097050486022665,-0.2076539300636197,0.6151592823141707,-0.1022922220875077,0.2403241998266968,0.0468566029040764,-0.1339455943769157,0.595181554491865,0.071379482940471,-0.178506586241416,0.6780412479866185,0.1101953997142892,-0.2076539300636188
SPY,250,0.05,52,15,8,AND,0.5951281319669305,0.0970511729869763,-0.2076539300636196,0.6151592823141707,-0.1022922220875077,0.2477415206025227,0.047669652652579,-0.124856155493522,0.595181554491865,0.071379482940471,-0.178506586241416,0.6713174272310904,0.1093576729799774,-0.2076539300636188
SPY,250,0.05,52,18,2,AND,0.5667204876521339,0.0923827334711473,-0.1903003499453565,0.6151592823141707,-0.1022922220875069,0.2429811075853503,0.0470156460414485,-0.1371070184497029,0.595181554491865,0.071379482940471,-0.178506586241416,0.6369038993293027,0.102390450275245,-0.189484007708964
SPY,250,0.05,52,18,4,AND,0.5854758232940313,0.0951821045515,-0.1903003499453565,0.6151592823141707,-0.1022922220875068,0.219234379087835,0.0446211761266672,-0.1339455943769153,0.595181554491865,0.071379482940471,-0.178506586241416,0.6774490425991301,0.1084923803173463,-0.189484007708964
SPY,250,0.05,52,18,6,AND,0.5955823786952218,0.097050486022665,-0.2076539300636197,0.6151592823141707,-0.1022922220875077,0.2403241998266968,0.0468566029040764,-0.1339455943769157,0.595181554491865,0.071379482940471,-0.178506586241416,0.6780412479866185,0.1101953997142892,-0.2076539300636188
SPY,250,0.05,52,18,8,AND,0.5951281319669305,0.0970511729869763,-0.2076539300636196,0.6151592823141707,-0.1022922220875077,0.2477415206025227,0.047669652652579,-0.124856155493522,0.595181554491865,0.071379482940471,-0.178506586241416,0.6713174272310904,0.1093576729799774,-0.2076539300636188
